pack_player_id,player_name,position,nfl_team,fbg_id,cbs_id,fantasypros_id,gsis_id,model_id,source_as_of,exported_at,scoring_fingerprint,authority,fbg_points,cbs_points,fantasypros_points,raw_consensus_points,mean_reversion_delta,within_position_delta,season_context_delta,durability_delta,availability_delta,modified_projection_points,uncertainty_low,uncertainty_high,fallback_reason,wk1,wk2,wk3,wk4,wk5,wk6,wk7,wk8,wk9,wk10,wk11,wk12,wk13,wk14,wk15,wk16,wk17,wk18
fbg:GibbJa00,Jahmyr Gibbs,RB,DET,GibbJa00,,,,tb-cbs-fbg-refresh-20260812,2026-08-12T22:55:51.496Z,2026-08-12T22:55:51.496Z,tb26-ppr-6pt-pass-td-minus2-int-2pt-sack-50fg-v1,candidate_only,339.3,386.5,372.2,365.8,0,0,0,0,0,365.8,339.3,386.5,,,,,,,,,,,,,,,,,,,
fbg:RobiBi01,Bijan Robinson,RB,ATL,RobiBi01,,,,tb-cbs-fbg-refresh-20260812,2026-08-12T22:55:51.496Z,2026-08-12T22:55:51.496Z,tb26-ppr-6pt-pass-td-minus2-int-2pt-sack-50fg-v1,candidate_only,334.7,398.8,370.3,367.7,0,0,0,0,0,367.7,334.7,398.8,,,,,,,,,,,,,,,,,,,
fbg:ChasJa00,Ja'Marr Chase,WR,CIN,ChasJa00,,,,tb-cbs-fbg-refresh-20260812,2026-08-12T22:55:51.496Z,2026-08-12T22:55:51.496Z,tb26-ppr-6pt-pass-td-minus2-int-2pt-sack-50fg-v1,candidate_only,334.7,344,335.5,338,0,0,0,0,0,338,334.7,344,,,,,,,,,,,,,,,,,,,
fbg:McCaCh00,Christian McCaffrey,RB,SF,McCaCh00,,,,tb-cbs-fbg-refresh-20260812,2026-08-12T22:55:51.496Z,2026-08-12T22:55:51.496Z,tb26-ppr-6pt-pass-td-minus2-int-2pt-sack-50fg-v1,candidate_only,327.4,318.3,334.7,326.8,0,0,0,0,0,326.8,318.3,334.7,,,,,,,,,,,,,,,,,,,
fbg:TaylJo02,Jonathan Taylor,RB,IND,TaylJo02,,,,tb-cbs-fbg-refresh-20260812,2026-08-12T22:55:51.496Z,2026-08-12T22:55:51.496Z,tb26-ppr-6pt-pass-td-minus2-int-2pt-sack-50fg-v1,candidate_only,279.3,338.1,312.9,309.9,0,0,0,0,0,309.9,279.3,338.1,,,,,,,,,,,,,,,,,,,
fbg:JeanAs00,Ashton Jeanty,RB,LV,JeanAs00,,,,tb-cbs-fbg-refresh-20260812,2026-08-12T22:55:51.496Z,2026-08-12T22:55:51.496Z,tb26-ppr-6pt-pass-td-minus2-int-2pt-sack-50fg-v1,candidate_only,283.4,286.7,276.4,282.2,0,0,0,0,0,282.2,276.4,286.7,,,,,,,,,,,,,,,,,,,
fbg:NacuPu00,Puka Nacua,WR,LAR,NacuPu00,,,,tb-cbs-fbg-refresh-20260812,2026-08-12T22:55:51.496Z,2026-08-12T22:55:51.496Z,tb26-ppr-6pt-pass-td-minus2-int-2pt-sack-50fg-v1,candidate_only,311.9,373.4,339.8,341.5,0,0,0,0,0,341.5,311.9,373.4,,,,,,,,,,,,,,,,,,,
fbg:BoweBr00,Brock Bowers,TE,LV,BoweBr00,,,,tb-cbs-fbg-refresh-20260812,2026-08-12T22:55:51.496Z,2026-08-12T22:55:51.496Z,tb26-ppr-6pt-pass-td-minus2-int-2pt-sack-50fg-v1,candidate_only,271.4,241.3,243.6,252.2,0,0,0,0,0,252.2,241.3,271.4,,,,,,,,,,,,,,,,,,,
fbg:AchaDe00,De'Von Achane,RB,MIA,AchaDe00,,,,tb-cbs-fbg-refresh-20260812,2026-08-12T22:55:51.496Z,2026-08-12T22:55:51.496Z,tb26-ppr-6pt-pass-td-minus2-int-2pt-sack-50fg-v1,candidate_only,262.1,317.6,292.1,290.4,0,0,0,0,0,290.4,262.1,317.6,,,,,,,,,,,,,,,,,,,
fbg:SmitJa02,Jaxon Smith-Njigba,WR,SEA,SmitJa02,,,,tb-cbs-fbg-refresh-20260812,2026-08-12T22:55:51.496Z,2026-08-12T22:55:51.496Z,tb26-ppr-6pt-pass-td-minus2-int-2pt-sack-50fg-v1,candidate_only,285.6,340.4,324.4,316.6,0,0,0,0,0,316.6,285.6,340.4,,,,,,,,,,,,,,,,,,,
fbg:StBrAm00,Amon-Ra St. Brown,WR,DET,StBrAm00,,,,tb-cbs-fbg-refresh-20260812,2026-08-12T22:55:51.496Z,2026-08-12T22:55:51.496Z,tb26-ppr-6pt-pass-td-minus2-int-2pt-sack-50fg-v1,candidate_only,285.4,316.7,319.4,307,0,0,0,0,0,307,285.4,319.4,,,,,,,,,,,,,,,,,,,
fbg:BrowAJ00,A.J. Brown,WR,NE,BrowAJ00,,,,tb-cbs-fbg-refresh-20260812,2026-08-12T22:55:51.496Z,2026-08-12T22:55:51.496Z,tb26-ppr-6pt-pass-td-minus2-int-2pt-sack-50fg-v1,candidate_only,272.6,280.6,257.1,270.1,0,0,0,0,0,270.1,257.1,280.6,,,,,,,,,,,,,,,,,,,
fbg:CookJa05,James Cook III,RB,BUF,CookJa05,,,,tb-cbs-fbg-refresh-20260812,2026-08-12T22:55:51.496Z,2026-08-12T22:55:51.496Z,tb26-ppr-6pt-pass-td-minus2-int-2pt-sack-50fg-v1,candidate_only,258.1,262,270.2,263.4,0,0,0,0,0,263.4,258.1,270.2,,,,,,,,,,,,,,,,,,,
fbg:LambCe00,CeeDee Lamb,WR,DAL,LambCe00,,,,tb-cbs-fbg-refresh-20260812,2026-08-12T22:55:51.496Z,2026-08-12T22:55:51.496Z,tb26-ppr-6pt-pass-td-minus2-int-2pt-sack-50fg-v1,candidate_only,266.2,272.9,272.9,270.6,0,0,0,0,0,270.6,266.2,272.9,,,,,,,,,,,,,,,,,,,
fbg:BrowCh06,Chase Brown,RB,CIN,BrowCh06,,,,tb-cbs-fbg-refresh-20260812,2026-08-12T22:55:51.496Z,2026-08-12T22:55:51.496Z,tb26-ppr-6pt-pass-td-minus2-int-2pt-sack-50fg-v1,candidate_only,261.2,301.2,277.6,279.8,0,0,0,0,0,279.8,261.2,301.2,,,,,,,,,,,,,,,,,,,
fbg:HampOm00,Omarion Hampton,RB,LAC,HampOm00,,,,tb-cbs-fbg-refresh-20260812,2026-08-12T22:55:51.496Z,2026-08-12T22:55:51.496Z,tb26-ppr-6pt-pass-td-minus2-int-2pt-sack-50fg-v1,candidate_only,225,245.4,264,244.7,0,0,0,0,0,244.7,225,264,,,,,,,,,,,,,,,,,,,
fbg:LondDr00,Drake London,WR,ATL,LondDr00,,,,tb-cbs-fbg-refresh-20260812,2026-08-12T22:55:51.496Z,2026-08-12T22:55:51.496Z,tb26-ppr-6pt-pass-td-minus2-int-2pt-sack-50fg-v1,candidate_only,261.6,327.1,287.1,291.7,0,0,0,0,0,291.7,261.6,327.1,,,,,,,,,,,,,,,,,,,
fbg:AlleJo01,Josh Allen,QB,BUF,AlleJo01,,,,tb-cbs-fbg-refresh-20260812,2026-08-12T22:55:51.496Z,2026-08-12T22:55:51.496Z,tb26-ppr-6pt-pass-td-minus2-int-2pt-sack-50fg-v1,candidate_only,407.8,419.7,415.6,414.3,0,0,0,0,0,414.3,407.8,419.7,,,,,,,,,,,,,,,,,,,
fbg:McBrTr01,Trey McBride,TE,ARI,McBrTr01,,,,tb-cbs-fbg-refresh-20260812,2026-08-12T22:55:51.496Z,2026-08-12T22:55:51.496Z,tb26-ppr-6pt-pass-td-minus2-int-2pt-sack-50fg-v1,candidate_only,241.6,270.8,254.5,255.5,0,0,0,0,0,255.5,241.6,270.8,,,,,,,,,,,,,,,,,,,
fbg:JeffJu00,Justin Jefferson,WR,MIN,JeffJu00,,,,tb-cbs-fbg-refresh-20260812,2026-08-12T22:55:51.496Z,2026-08-12T22:55:51.496Z,tb26-ppr-6pt-pass-td-minus2-int-2pt-sack-50fg-v1,candidate_only,251.6,258.5,269.6,259.9,0,0,0,0,0,259.9,251.6,269.6,,,,,,,,,,,,,,,,,,,
fbg:BarkSa00,Saquon Barkley,RB,PHI,BarkSa00,,,,tb-cbs-fbg-refresh-20260812,2026-08-12T22:55:51.496Z,2026-08-12T22:55:51.496Z,tb26-ppr-6pt-pass-td-minus2-int-2pt-sack-50fg-v1,candidate_only,249.8,259.6,265.7,258.3,0,0,0,0,0,258.3,249.8,265.7,,,,,,,,,,,,,,,,,,,
fbg:CollNi00,Nico Collins,WR,HOU,CollNi00,,,,tb-cbs-fbg-refresh-20260812,2026-08-12T22:55:51.496Z,2026-08-12T22:55:51.496Z,tb26-ppr-6pt-pass-td-minus2-int-2pt-sack-50fg-v1,candidate_only,253.3,257.1,248.6,253,0,0,0,0,0,253,248.6,257.1,,,,,,,,,,,,,,,,,,,
fbg:WalkKe01,Ken Walker III,RB,KC,WalkKe01,,,,tb-cbs-fbg-refresh-20260812,2026-08-12T22:55:51.496Z,2026-08-12T22:55:51.496Z,tb26-ppr-6pt-pass-td-minus2-int-2pt-sack-50fg-v1,candidate_only,246.8,224.4,250.8,240.8,0,0,0,0,0,240.8,224.4,250.8,,,,,,,,,,,,,,,,,,,
fbg:HallBr01,Breece Hall,RB,NYJ,HallBr01,,,,tb-cbs-fbg-refresh-20260812,2026-08-12T22:55:51.496Z,2026-08-12T22:55:51.496Z,tb26-ppr-6pt-pass-td-minus2-int-2pt-sack-50fg-v1,candidate_only,243.8,246,253.3,247.7,0,0,0,0,0,247.7,243.8,253.3,,,,,,,,,,,,,,,,,,,
fbg:PickGe00,George Pickens,WR,DAL,PickGe00,,,,tb-cbs-fbg-refresh-20260812,2026-08-12T22:55:51.496Z,2026-08-12T22:55:51.496Z,tb26-ppr-6pt-pass-td-minus2-int-2pt-sack-50fg-v1,candidate_only,233.7,291.7,252.2,259,0,0,0,0,0,259,233.7,291.7,,,,,,,,,,,,,,,,,,,
fbg:MayeDr00,Drake Maye,QB,NE,MayeDr00,,,,tb-cbs-fbg-refresh-20260812,2026-08-12T22:55:51.496Z,2026-08-12T22:55:51.496Z,tb26-ppr-6pt-pass-td-minus2-int-2pt-sack-50fg-v1,candidate_only,379.6,376.2,373.1,376.3,0,0,0,0,0,376.3,373.1,379.6,,,,,,,,,,,,,,,,,,,
fbg:LoveJe01,Jeremiyah Love,RB,ARI,LoveJe01,,,,tb-cbs-fbg-refresh-20260812,2026-08-12T22:55:51.496Z,2026-08-12T22:55:51.496Z,tb26-ppr-6pt-pass-td-minus2-int-2pt-sack-50fg-v1,candidate_only,233.1,230.3,255.6,239.7,0,0,0,0,0,239.7,230.3,255.6,,,,,,,,,,,,,,,,,,,
fbg:HenrDe00,Derrick Henry,RB,BAL,HenrDe00,,,,tb-cbs-fbg-refresh-20260812,2026-08-12T22:55:51.496Z,2026-08-12T22:55:51.496Z,tb26-ppr-6pt-pass-td-minus2-int-2pt-sack-50fg-v1,candidate_only,236.7,288.2,273.1,265.8,0,0,0,0,0,265.8,236.7,288.2,,,,,,,,,,,,,,,,,,,
fbg:WarrTy00,Tyler Warren,TE,IND,WarrTy00,,,,tb-cbs-fbg-refresh-20260812,2026-08-12T22:55:51.496Z,2026-08-12T22:55:51.496Z,tb26-ppr-6pt-pass-td-minus2-int-2pt-sack-50fg-v1,candidate_only,189.6,217.8,201.6,202.9,0,0,0,0,0,202.9,189.6,217.8,,,,,,,,,,,,,,,,,,,
fbg:JacoJo00,Josh Jacobs,RB,GB,JacoJo00,,,,tb-cbs-fbg-refresh-20260812,2026-08-12T22:55:51.496Z,2026-08-12T22:55:51.496Z,tb26-ppr-6pt-pass-td-minus2-int-2pt-sack-50fg-v1,candidate_only,233.3,243.5,256.8,244.5,0,0,0,0,0,244.5,233.3,256.8,,,,,,,,,,,,,,,,,,,
fbg:LoveCo00,Colston Loveland,TE,CHI,LoveCo00,,,,tb-cbs-fbg-refresh-20260812,2026-08-12T22:55:51.496Z,2026-08-12T22:55:51.496Z,tb26-ppr-6pt-pass-td-minus2-int-2pt-sack-50fg-v1,candidate_only,186.4,229.3,209.5,208.2,0,0,0,0,0,208.2,186.4,229.3,,,,,,,,,,,,,,,,,,,
fbg:RiceRa01,Rashee Rice,WR,KC,RiceRa01,,,,tb-cbs-fbg-refresh-20260812,2026-08-12T22:55:51.496Z,2026-08-12T22:55:51.496Z,tb26-ppr-6pt-pass-td-minus2-int-2pt-sack-50fg-v1,candidate_only,222.3,301.1,273.6,265.4,0,0,0,0,0,265.4,222.3,301.1,,,,,,,,,,,,,,,,,,,
fbg:SmitDe04,DeVonta Smith,WR,PHI,SmitDe04,,,,tb-cbs-fbg-refresh-20260812,2026-08-12T22:55:51.496Z,2026-08-12T22:55:51.496Z,tb26-ppr-6pt-pass-td-minus2-int-2pt-sack-50fg-v1,candidate_only,237.4,239.9,236.7,238,0,0,0,0,0,238,236.7,239.9,,,,,,,,,,,,,,,,,,,
fbg:WillKy02,Kyren Williams,RB,LAR,WillKy02,,,,tb-cbs-fbg-refresh-20260812,2026-08-12T22:55:51.496Z,2026-08-12T22:55:51.496Z,tb26-ppr-6pt-pass-td-minus2-int-2pt-sack-50fg-v1,candidate_only,230.7,242.3,240.1,237.7,0,0,0,0,0,237.7,230.7,242.3,,,,,,,,,,,,,,,,,,,
fbg:BurrJo01,Joe Burrow,QB,CIN,BurrJo01,,,,tb-cbs-fbg-refresh-20260812,2026-08-12T22:55:51.496Z,2026-08-12T22:55:51.496Z,tb26-ppr-6pt-pass-td-minus2-int-2pt-sack-50fg-v1,candidate_only,373.2,366,365.8,368.4,0,0,0,0,0,368.4,365.8,373.2,,,,,,,,,,,,,,,,,,,
fbg:WillJa08,Javonte Williams,RB,DAL,WillJa08,,,,tb-cbs-fbg-refresh-20260812,2026-08-12T22:55:51.496Z,2026-08-12T22:55:51.496Z,tb26-ppr-6pt-pass-td-minus2-int-2pt-sack-50fg-v1,candidate_only,225.8,213.5,234.4,224.6,0,0,0,0,0,224.6,213.5,234.4,,,,,,,,,,,,,,,,,,,
fbg:OlavCh00,Chris Olave,WR,NO,OlavCh00,,,,tb-cbs-fbg-refresh-20260812,2026-08-12T22:55:51.496Z,2026-08-12T22:55:51.496Z,tb26-ppr-6pt-pass-td-minus2-int-2pt-sack-50fg-v1,candidate_only,234,281.4,257.3,257.4,0,0,0,0,0,257.4,234,281.4,,,,,,,,,,,,,,,,,,,
fbg:SkatCa00,Cam Skattebo,RB,NYG,SkatCa00,,,,tb-cbs-fbg-refresh-20260812,2026-08-12T22:55:51.496Z,2026-08-12T22:55:51.496Z,tb26-ppr-6pt-pass-td-minus2-int-2pt-sack-50fg-v1,candidate_only,212.8,246.9,244.2,234.5,0,0,0,0,0,234.5,212.8,246.9,,,,,,,,,,,,,,,,,,,
fbg:NabeMa00,Malik Nabers,WR,NYG,NabeMa00,,,,tb-cbs-fbg-refresh-20260812,2026-08-12T22:55:51.496Z,2026-08-12T22:55:51.496Z,tb26-ppr-6pt-pass-td-minus2-int-2pt-sack-50fg-v1,candidate_only,214.7,239.3,231.2,228.3,0,0,0,0,0,228.3,214.7,239.3,,,,,,,,,,,,,,,,,,,
fbg:McCoLa00,Ladd McConkey,WR,LAC,McCoLa00,,,,tb-cbs-fbg-refresh-20260812,2026-08-12T22:55:51.496Z,2026-08-12T22:55:51.496Z,tb26-ppr-6pt-pass-td-minus2-int-2pt-sack-50fg-v1,candidate_only,227.6,232,212.4,224,0,0,0,0,0,224,212.4,232,,,,,,,,,,,,,,,,,,,
fbg:JackLa00,Lamar Jackson,QB,BAL,JackLa00,,,,tb-cbs-fbg-refresh-20260812,2026-08-12T22:55:51.496Z,2026-08-12T22:55:51.496Z,tb26-ppr-6pt-pass-td-minus2-int-2pt-sack-50fg-v1,candidate_only,363.6,380.1,371.6,371.7,0,0,0,0,0,371.7,363.6,380.1,,,,,,,,,,,,,,,,,,,
fbg:EtieTr00,Travis Etienne Jr.,RB,NO,EtieTr00,,,,tb-cbs-fbg-refresh-20260812,2026-08-12T22:55:51.496Z,2026-08-12T22:55:51.496Z,tb26-ppr-6pt-pass-td-minus2-int-2pt-sack-50fg-v1,candidate_only,213.6,228.1,232.1,224.5,0,0,0,0,0,224.5,213.6,232.1,,,,,,,,,,,,,,,,,,,
fbg:FlowZa00,Zay Flowers,WR,BAL,FlowZa00,,,,tb-cbs-fbg-refresh-20260812,2026-08-12T22:55:51.496Z,2026-08-12T22:55:51.496Z,tb26-ppr-6pt-pass-td-minus2-int-2pt-sack-50fg-v1,candidate_only,221.5,257.5,243.8,240.8,0,0,0,0,0,240.8,221.5,257.5,,,,,,,,,,,,,,,,,,,
fbg:McMiTe00,Tetairoa McMillan,WR,CAR,McMiTe00,,,,tb-cbs-fbg-refresh-20260812,2026-08-12T22:55:51.496Z,2026-08-12T22:55:51.496Z,tb26-ppr-6pt-pass-td-minus2-int-2pt-sack-50fg-v1,candidate_only,213.9,222.8,227.6,221.4,0,0,0,0,0,221.4,213.9,227.6,,,,,,,,,,,,,,,,,,,
fbg:JudkQu00,Quinshon Judkins,RB,CLE,JudkQu00,,,,tb-cbs-fbg-refresh-20260812,2026-08-12T22:55:51.496Z,2026-08-12T22:55:51.496Z,tb26-ppr-6pt-pass-td-minus2-int-2pt-sack-50fg-v1,candidate_only,216.2,196.9,213.8,209,0,0,0,0,0,209,196.9,216.2,,,,,,,,,,,,,,,,,,,
fbg:PittKy00,Kyle Pitts Sr.,TE,ATL,PittKy00,,,,tb-cbs-fbg-refresh-20260812,2026-08-12T22:55:51.496Z,2026-08-12T22:55:51.496Z,tb26-ppr-6pt-pass-td-minus2-int-2pt-sack-50fg-v1,candidate_only,181.1,215.8,195.6,197.4,0,0,0,0,0,197.4,181.1,215.8,,,,,,,,,,,,,,,,,,,
fbg:HiggTe00,Tee Higgins,WR,CIN,HiggTe00,,,,tb-cbs-fbg-refresh-20260812,2026-08-12T22:55:51.496Z,2026-08-12T22:55:51.496Z,tb26-ppr-6pt-pass-td-minus2-int-2pt-sack-50fg-v1,candidate_only,220,243.7,221.3,228.2,0,0,0,0,0,228.2,220,243.7,,,,,,,,,,,,,,,,,,,
fbg:IrviBu00,Bucky Irving,RB,TB,IrviBu00,,,,tb-cbs-fbg-refresh-20260812,2026-08-12T22:55:51.496Z,2026-08-12T22:55:51.496Z,tb26-ppr-6pt-pass-td-minus2-int-2pt-sack-50fg-v1,candidate_only,207.7,237.1,224,222.8,0,0,0,0,0,222.8,207.7,237.1,,,,,,,,,,,,,,,,,,,
fbg:FannHa00,Harold Fannin Jr.,TE,CLE,FannHa00,,,,tb-cbs-fbg-refresh-20260812,2026-08-12T22:55:51.496Z,2026-08-12T22:55:51.496Z,tb26-ppr-6pt-pass-td-minus2-int-2pt-sack-50fg-v1,candidate_only,168.7,202.9,190.3,187.2,0,0,0,0,0,187.2,168.7,202.9,,,,,,,,,,,,,,,,,,,
fbg:DaniJa00,Jayden Daniels,QB,WAS,DaniJa00,,,,tb-cbs-fbg-refresh-20260812,2026-08-12T22:55:51.496Z,2026-08-12T22:55:51.496Z,tb26-ppr-6pt-pass-td-minus2-int-2pt-sack-50fg-v1,candidate_only,346.6,369.8,361.6,359.2,0,0,0,0,0,359.2,346.6,369.8,,,,,,,,,,,,,,,,,,,
fbg:BurdLu00,Luther Burden III,WR,CHI,BurdLu00,,,,tb-cbs-fbg-refresh-20260812,2026-08-12T22:55:51.496Z,2026-08-12T22:55:51.496Z,tb26-ppr-6pt-pass-td-minus2-int-2pt-sack-50fg-v1,candidate_only,218.9,210.3,208,212.4,0,0,0,0,0,212.4,208,218.9,,,,,,,,,,,,,,,,,,,
fbg:SwifDA00,D'Andre Swift,RB,CHI,SwifDA00,,,,tb-cbs-fbg-refresh-20260812,2026-08-12T22:55:51.496Z,2026-08-12T22:55:51.496Z,tb26-ppr-6pt-pass-td-minus2-int-2pt-sack-50fg-v1,candidate_only,207.2,230.7,222.7,220.1,0,0,0,0,0,220.1,207.2,230.7,,,,,,,,,,,,,,,,,,,
fbg:WarrJa00,Jaylen Warren,RB,PIT,WarrJa00,,,,tb-cbs-fbg-refresh-20260812,2026-08-12T22:55:51.496Z,2026-08-12T22:55:51.496Z,tb26-ppr-6pt-pass-td-minus2-int-2pt-sack-50fg-v1,candidate_only,201,192.9,192.6,195.5,0,0,0,0,0,195.5,192.6,201,,,,,,,,,,,,,,,,,,,
cbs:1759407,Michael Burton,RB,CLE,,,,,tb-cbs-fbg-refresh-20260812,2026-08-12T22:55:51.496Z,2026-08-12T22:55:51.496Z,tb26-ppr-6pt-pass-td-minus2-int-2pt-sack-50fg-v1,candidate_only,,22.6,16.9,19.7,0,0,0,0,0,19.7,16.9,22.6,,,,,,,,,,,,,,,,,,,
fbg:KelcTr00,Travis Kelce,TE,KC,KelcTr00,,,,tb-cbs-fbg-refresh-20260812,2026-08-12T22:55:51.496Z,2026-08-12T22:55:51.496Z,tb26-ppr-6pt-pass-td-minus2-int-2pt-sack-50fg-v1,candidate_only,177.8,194.6,181.5,184.6,0,0,0,0,0,184.6,177.8,194.6,,,,,,,,,,,,,,,,,,,
fbg:HurtJa00,Jalen Hurts,QB,PHI,HurtJa00,,,,tb-cbs-fbg-refresh-20260812,2026-08-12T22:55:51.496Z,2026-08-12T22:55:51.496Z,tb26-ppr-6pt-pass-td-minus2-int-2pt-sack-50fg-v1,candidate_only,353.4,366.2,361.8,360.4,0,0,0,0,0,360.4,353.4,366.2,,,,,,,,,,,,,,,,,,,
fbg:WilsGa00,Garrett Wilson,WR,NYJ,WilsGa00,,,,tb-cbs-fbg-refresh-20260812,2026-08-12T22:55:51.496Z,2026-08-12T22:55:51.496Z,tb26-ppr-6pt-pass-td-minus2-int-2pt-sack-50fg-v1,candidate_only,217.5,236.9,242.3,232.2,0,0,0,0,0,232.2,217.5,242.3,,,,,,,,,,,,,,,,,,,
fbg:MoorDJ00,DJ Moore,WR,BUF,MoorDJ00,,,,tb-cbs-fbg-refresh-20260812,2026-08-12T22:55:51.496Z,2026-08-12T22:55:51.496Z,tb26-ppr-6pt-pass-td-minus2-int-2pt-sack-50fg-v1,candidate_only,220.9,209.1,207.8,212.6,0,0,0,0,0,212.6,207.8,220.9,,,,,,,,,,,,,,,,,,,
fbg:WaddJa00,Jaylen Waddle,WR,DEN,WaddJa00,,,,tb-cbs-fbg-refresh-20260812,2026-08-12T22:55:51.496Z,2026-08-12T22:55:51.496Z,tb26-ppr-6pt-pass-td-minus2-int-2pt-sack-50fg-v1,candidate_only,217.1,211.9,209.6,212.9,0,0,0,0,0,212.9,209.6,217.1,,,,,,,,,,,,,,,,,,,
cbs:1824308,Ameer Abdullah,RB,JAC,,,,,tb-cbs-fbg-refresh-20260812,2026-08-12T22:55:51.496Z,2026-08-12T22:55:51.496Z,tb26-ppr-6pt-pass-td-minus2-int-2pt-sack-50fg-v1,candidate_only,,26.7,,26.7,0,0,0,0,0,26.7,26.7,26.7,Single premium source matched; carried forward,,,,,,,,,,,,,,,,,,
cbs:2010409,Dare Ogunbowale,RB,HOU,,,,,tb-cbs-fbg-refresh-20260812,2026-08-12T22:55:51.496Z,2026-08-12T22:55:51.496Z,tb26-ppr-6pt-pass-td-minus2-int-2pt-sack-50fg-v1,candidate_only,,22,,22,0,0,0,0,0,22,22,22,Single premium source matched; carried forward,,,,,,,,,,,,,,,,,,
fbg:denxxx99,Denver Broncos,DST,DEN,denxxx99,,,,tb-cbs-fbg-refresh-20260812,2026-08-12T22:55:51.496Z,2026-08-12T22:55:51.496Z,tb26-ppr-6pt-pass-td-minus2-int-2pt-sack-50fg-v1,candidate_only,177.7,281,,228.8,0,0,0,0,0,228.8,177.7,281,,,,,,,,,,,,,,,,,,,
fbg:KrafTu00,Tucker Kraft,TE,GB,KrafTu00,,,,tb-cbs-fbg-refresh-20260812,2026-08-12T22:55:51.496Z,2026-08-12T22:55:51.496Z,tb26-ppr-6pt-pass-td-minus2-int-2pt-sack-50fg-v1,candidate_only,171.8,196.6,174.9,181,0,0,0,0,0,181,171.8,196.6,,,,,,,,,,,,,,,,,,,
fbg:PresDa01,Dak Prescott,QB,DAL,PresDa01,,,,tb-cbs-fbg-refresh-20260812,2026-08-12T22:55:51.496Z,2026-08-12T22:55:51.496Z,tb26-ppr-6pt-pass-td-minus2-int-2pt-sack-50fg-v1,candidate_only,342.8,375.8,356.6,358.3,0,0,0,0,0,358.3,342.8,375.8,,,,,,,,,,,,,,,,,,,
fbg:EgbuEm00,Emeka Egbuka,WR,TB,EgbuEm00,,,,tb-cbs-fbg-refresh-20260812,2026-08-12T22:55:51.496Z,2026-08-12T22:55:51.496Z,tb26-ppr-6pt-pass-td-minus2-int-2pt-sack-50fg-v1,candidate_only,215.5,231.2,227.7,224.7,0,0,0,0,0,224.7,215.5,231.2,,,,,,,,,,,,,,,,,,,
cbs:1620002,Tyler Johnson,WR,DAL,,,,,tb-cbs-fbg-refresh-20260812,2026-08-12T22:55:51.496Z,2026-08-12T22:55:51.496Z,tb26-ppr-6pt-pass-td-minus2-int-2pt-sack-50fg-v1,candidate_only,,36.7,,36.7,0,0,0,0,0,36.7,36.7,36.7,Single premium source matched; carried forward,,,,,,,,,,,,,,,,,,
cbs:2131774,Andrew Beck,RB,NYJ,,,,,tb-cbs-fbg-refresh-20260812,2026-08-12T22:55:51.496Z,2026-08-12T22:55:51.496Z,tb26-ppr-6pt-pass-td-minus2-int-2pt-sack-50fg-v1,candidate_only,,21.6,14.8,18.2,0,0,0,0,0,18.2,14.8,21.6,,,,,,,,,,,,,,,,,,,
cbs:2131579,Nick Chubb,RB,HOU,,,,,tb-cbs-fbg-refresh-20260812,2026-08-12T22:55:51.496Z,2026-08-12T22:55:51.496Z,tb26-ppr-6pt-pass-td-minus2-int-2pt-sack-50fg-v1,candidate_only,,14.9,,14.9,0,0,0,0,0,14.9,14.9,14.9,Single premium source matched; carried forward,,,,,,,,,,,,,,,,,,
cbs:1737078,DeAndre Hopkins,WR,BAL,,,,,tb-cbs-fbg-refresh-20260812,2026-08-12T22:55:51.496Z,2026-08-12T22:55:51.496Z,tb26-ppr-6pt-pass-td-minus2-int-2pt-sack-50fg-v1,candidate_only,,20.8,,20.8,0,0,0,0,0,20.8,20.8,20.8,Single premium source matched; carried forward,,,,,,,,,,,,,,,,,,
cbs:2174957,Raheem Mostert,RB,LV,,,,,tb-cbs-fbg-refresh-20260812,2026-08-12T22:55:51.496Z,2026-08-12T22:55:51.496Z,tb26-ppr-6pt-pass-td-minus2-int-2pt-sack-50fg-v1,candidate_only,,11.8,,11.8,0,0,0,0,0,11.8,11.8,11.8,Single premium source matched; carried forward,,,,,,,,,,,,,,,,,,
fbg:htxxxx99,Houston Texans,DST,HOU,htxxxx99,,,,tb-cbs-fbg-refresh-20260812,2026-08-12T22:55:51.496Z,2026-08-12T22:55:51.496Z,tb26-ppr-6pt-pass-td-minus2-int-2pt-sack-50fg-v1,candidate_only,175.2,263.6,,218.9,0,0,0,0,0,218.9,175.2,263.6,,,,,,,,,,,,,,,,,,,
fbg:StafMa00,Matthew Stafford,QB,LAR,StafMa00,,,,tb-cbs-fbg-refresh-20260812,2026-08-12T22:55:51.496Z,2026-08-12T22:55:51.496Z,tb26-ppr-6pt-pass-td-minus2-int-2pt-sack-50fg-v1,candidate_only,341.9,351.7,353.4,349,0,0,0,0,0,349,341.9,353.4,,,,,,,,,,,,,,,,,,,
cbs:2222046,Trayveon Williams,RB,CLE,,,,,tb-cbs-fbg-refresh-20260812,2026-08-12T22:55:51.496Z,2026-08-12T22:55:51.496Z,tb26-ppr-6pt-pass-td-minus2-int-2pt-sack-50fg-v1,candidate_only,,22.9,,22.9,0,0,0,0,0,22.9,22.9,22.9,Single premium source matched; carried forward,,,,,,,,,,,,,,,,,,
cbs:1860834,Tyler Lockett,WR,LV,,,,,tb-cbs-fbg-refresh-20260812,2026-08-12T22:55:51.496Z,2026-08-12T22:55:51.496Z,tb26-ppr-6pt-pass-td-minus2-int-2pt-sack-50fg-v1,candidate_only,,24.8,,24.8,0,0,0,0,0,24.8,24.8,24.8,Single premium source matched; carried forward,,,,,,,,,,,,,,,,,,
cbs:2188826,Adam Prentice,RB,DEN,,,,,tb-cbs-fbg-refresh-20260812,2026-08-12T22:55:51.496Z,2026-08-12T22:55:51.496Z,tb26-ppr-6pt-pass-td-minus2-int-2pt-sack-50fg-v1,candidate_only,,9.2,10.6,9.9,0,0,0,0,0,9.9,9.2,10.6,,,,,,,,,,,,,,,,,,,
fbg:seaxxx99,Seattle Seahawks,DST,SEA,seaxxx99,,,,tb-cbs-fbg-refresh-20260812,2026-08-12T22:55:51.496Z,2026-08-12T22:55:51.496Z,tb26-ppr-6pt-pass-td-minus2-int-2pt-sack-50fg-v1,candidate_only,165,245.2,,204.6,0,0,0,0,0,204.6,165,245.2,,,,,,,,,,,,,,,,,,,
fbg:ramxxx99,Los Angeles Rams,DST,LAR,ramxxx99,,,,tb-cbs-fbg-refresh-20260812,2026-08-12T22:55:51.496Z,2026-08-12T22:55:51.496Z,tb26-ppr-6pt-pass-td-minus2-int-2pt-sack-50fg-v1,candidate_only,150.1,242,,195.5,0,0,0,0,0,195.5,150.1,242,,,,,,,,,,,,,,,,,,,
fbg:phixxx99,Philadelphia Eagles,DST,PHI,phixxx99,,,,tb-cbs-fbg-refresh-20260812,2026-08-12T22:55:51.496Z,2026-08-12T22:55:51.496Z,tb26-ppr-6pt-pass-td-minus2-int-2pt-sack-50fg-v1,candidate_only,145.5,233,,188.8,0,0,0,0,0,188.8,145.5,233,,,,,,,,,,,,,,,,,,,
fbg:MyerJa44,Jason Myers,K,SEA,MyerJa44,,,,tb-cbs-fbg-refresh-20260812,2026-08-12T22:55:51.496Z,2026-08-12T22:55:51.496Z,tb26-ppr-6pt-pass-td-minus2-int-2pt-sack-50fg-v1,candidate_only,140.6,167,,153.7,0,0,0,0,0,153.7,140.6,167,,,,,,,,,,,,,,,,,,,
fbg:FairKa99,Ka'imi Fairbairn,K,HOU,FairKa99,,,,tb-cbs-fbg-refresh-20260812,2026-08-12T22:55:51.496Z,2026-08-12T22:55:51.496Z,tb26-ppr-6pt-pass-td-minus2-int-2pt-sack-50fg-v1,candidate_only,138.8,156,,147.3,0,0,0,0,0,147.3,138.8,156,,,,,,,,,,,,,,,,,,,
fbg:AndrMa00,Mark Andrews,TE,BAL,AndrMa00,,,,tb-cbs-fbg-refresh-20260812,2026-08-12T22:55:51.496Z,2026-08-12T22:55:51.496Z,tb26-ppr-6pt-pass-td-minus2-int-2pt-sack-50fg-v1,candidate_only,168.7,173.3,163.3,168.4,0,0,0,0,0,168.4,163.3,173.3,,,,,,,,,,,,,,,,,,,
fbg:HerbJu00,Justin Herbert,QB,LAC,HerbJu00,,,,tb-cbs-fbg-refresh-20260812,2026-08-12T22:55:51.496Z,2026-08-12T22:55:51.496Z,tb26-ppr-6pt-pass-td-minus2-int-2pt-sack-50fg-v1,candidate_only,341.4,353,341,345.1,0,0,0,0,0,345.1,341,353,,,,,,,,,,,,,,,,,,,
fbg:WillCa01,Caleb Williams,QB,CHI,WillCa01,,,,tb-cbs-fbg-refresh-20260812,2026-08-12T22:55:51.496Z,2026-08-12T22:55:51.496Z,tb26-ppr-6pt-pass-td-minus2-int-2pt-sack-50fg-v1,candidate_only,339.1,370.9,345.3,351.6,0,0,0,0,0,351.6,339.1,370.9,,,,,,,,,,,,,,,,,,,
fbg:LapoSa00,Sam LaPorta,TE,DET,LapoSa00,,,,tb-cbs-fbg-refresh-20260812,2026-08-12T22:55:51.496Z,2026-08-12T22:55:51.496Z,tb26-ppr-6pt-pass-td-minus2-int-2pt-sack-50fg-v1,candidate_only,166.1,198.1,183.3,182.4,0,0,0,0,0,182.4,166.1,198.1,,,,,,,,,,,,,,,,,,,
fbg:LawrTr00,Trevor Lawrence,QB,JAX,LawrTr00,,,,tb-cbs-fbg-refresh-20260812,2026-08-12T22:55:51.496Z,2026-08-12T22:55:51.496Z,tb26-ppr-6pt-pass-td-minus2-int-2pt-sack-50fg-v1,candidate_only,335.4,363.9,344,347.7,0,0,0,0,0,347.7,335.4,363.9,,,,,,,,,,,,,,,,,,,
fbg:LikeIs00,Isaiah Likely,TE,NYG,LikeIs00,,,,tb-cbs-fbg-refresh-20260812,2026-08-12T22:55:51.496Z,2026-08-12T22:55:51.496Z,tb26-ppr-6pt-pass-td-minus2-int-2pt-sack-50fg-v1,candidate_only,159.2,195.4,165.5,173.2,0,0,0,0,0,173.2,159.2,195.4,,,,,,,,,,,,,,,,,,,
cbs:2071540,Marquez Valdes-Scantling,WR,DAL,,,,,tb-cbs-fbg-refresh-20260812,2026-08-12T22:55:51.496Z,2026-08-12T22:55:51.496Z,tb26-ppr-6pt-pass-td-minus2-int-2pt-sack-50fg-v1,candidate_only,,40,,40,0,0,0,0,0,40,40,40,Single premium source matched; carried forward,,,,,,,,,,,,,,,,,,
cbs:2080270,Zay Jones,WR,ARI,,,,,tb-cbs-fbg-refresh-20260812,2026-08-12T22:55:51.496Z,2026-08-12T22:55:51.496Z,tb26-ppr-6pt-pass-td-minus2-int-2pt-sack-50fg-v1,candidate_only,,33.3,,33.3,0,0,0,0,0,33.3,33.3,33.3,Single premium source matched; carried forward,,,,,,,,,,,,,,,,,,
cbs:1871375,Chris Moore,WR,BAL,,,,,tb-cbs-fbg-refresh-20260812,2026-08-12T22:55:51.496Z,2026-08-12T22:55:51.496Z,tb26-ppr-6pt-pass-td-minus2-int-2pt-sack-50fg-v1,candidate_only,,30,,30,0,0,0,0,0,30,30,30,Single premium source matched; carried forward,,,,,,,,,,,,,,,,,,
cbs:1880880,Brandin Cooks,WR,BUF,,,,,tb-cbs-fbg-refresh-20260812,2026-08-12T22:55:51.496Z,2026-08-12T22:55:51.496Z,tb26-ppr-6pt-pass-td-minus2-int-2pt-sack-50fg-v1,candidate_only,,29.7,,29.7,0,0,0,0,0,29.7,29.7,29.7,Single premium source matched; carried forward,,,,,,,,,,,,,,,,,,
cbs:2256736,Patrick Taylor,RB,SF,,,,,tb-cbs-fbg-refresh-20260812,2026-08-12T22:55:51.496Z,2026-08-12T22:55:51.496Z,tb26-ppr-6pt-pass-td-minus2-int-2pt-sack-50fg-v1,candidate_only,,19.1,,19.1,0,0,0,0,0,19.1,19.1,19.1,Single premium source matched; carried forward,,,,,,,,,,,,,,,,,,
cbs:1996786,Sterling Shepard,WR,TB,,,,,tb-cbs-fbg-refresh-20260812,2026-08-12T22:55:51.496Z,2026-08-12T22:55:51.496Z,tb26-ppr-6pt-pass-td-minus2-int-2pt-sack-50fg-v1,candidate_only,,27.7,,27.7,0,0,0,0,0,27.7,27.7,27.7,Single premium source matched; carried forward,,,,,,,,,,,,,,,,,,
cbs:2261254,Kene Nwangwu,RB,NYJ,,,,,tb-cbs-fbg-refresh-20260812,2026-08-12T22:55:51.496Z,2026-08-12T22:55:51.496Z,tb26-ppr-6pt-pass-td-minus2-int-2pt-sack-50fg-v1,candidate_only,,18.7,0,9.3,0,0,0,0,0,9.3,0,18.7,,,,,,,,,,,,,,,,,,,
cbs:2131796,Josh Reynolds,WR,NYJ,,,,,tb-cbs-fbg-refresh-20260812,2026-08-12T22:55:51.496Z,2026-08-12T22:55:51.496Z,tb26-ppr-6pt-pass-td-minus2-int-2pt-sack-50fg-v1,candidate_only,,23.8,,23.8,0,0,0,0,0,23.8,23.8,23.8,Single premium source matched; carried forward,,,,,,,,,,,,,,,,,,
cbs:2251305,Miles Sanders,RB,DAL,,,,,tb-cbs-fbg-refresh-20260812,2026-08-12T22:55:51.496Z,2026-08-12T22:55:51.496Z,tb26-ppr-6pt-pass-td-minus2-int-2pt-sack-50fg-v1,candidate_only,,9.9,,9.9,0,0,0,0,0,9.9,9.9,9.9,Single premium source matched; carried forward,,,,,,,,,,,,,,,,,,
cbs:2249831,Travis Homer,RB,PIT,,,,,tb-cbs-fbg-refresh-20260812,2026-08-12T22:55:51.496Z,2026-08-12T22:55:51.496Z,tb26-ppr-6pt-pass-td-minus2-int-2pt-sack-50fg-v1,candidate_only,,2.4,,2.4,0,0,0,0,0,2.4,2.4,2.4,Single premium source matched; carried forward,,,,,,,,,,,,,,,,,,
fbg:minxxx99,Minnesota Vikings,DST,MIN,minxxx99,,,,tb-cbs-fbg-refresh-20260812,2026-08-12T22:55:51.496Z,2026-08-12T22:55:51.496Z,tb26-ppr-6pt-pass-td-minus2-int-2pt-sack-50fg-v1,candidate_only,155.1,198.4,,176.5,0,0,0,0,0,176.5,155.1,198.4,,,,,,,,,,,,,,,,,,,
fbg:atlxxx99,Atlanta Falcons,DST,ATL,atlxxx99,,,,tb-cbs-fbg-refresh-20260812,2026-08-12T22:55:51.496Z,2026-08-12T22:55:51.496Z,tb26-ppr-6pt-pass-td-minus2-int-2pt-sack-50fg-v1,candidate_only,148.2,196.2,,171.9,0,0,0,0,0,171.9,148.2,196.2,,,,,,,,,,,,,,,,,,,
fbg:detxxx99,Detroit Lions,DST,DET,detxxx99,,,,tb-cbs-fbg-refresh-20260812,2026-08-12T22:55:51.496Z,2026-08-12T22:55:51.496Z,tb26-ppr-6pt-pass-td-minus2-int-2pt-sack-50fg-v1,candidate_only,144,188.8,,166.1,0,0,0,0,0,166.1,144,188.8,,,,,,,,,,,,,,,,,,,
fbg:sdgxxx99,Los Angeles Chargers,DST,LAC,sdgxxx99,,,,tb-cbs-fbg-refresh-20260812,2026-08-12T22:55:51.496Z,2026-08-12T22:55:51.496Z,tb26-ppr-6pt-pass-td-minus2-int-2pt-sack-50fg-v1,candidate_only,146.4,187,,166.5,0,0,0,0,0,166.5,146.4,187,,,,,,,,,,,,,,,,,,,
fbg:AubrBr00,Brandon Aubrey,K,DAL,AubrBr00,,,,tb-cbs-fbg-refresh-20260812,2026-08-12T22:55:51.496Z,2026-08-12T22:55:51.496Z,tb26-ppr-6pt-pass-td-minus2-int-2pt-sack-50fg-v1,candidate_only,146.2,154,,150.1,0,0,0,0,0,150.1,146.2,154,,,,,,,,,,,,,,,,,,,
fbg:GrupBl00,Blake Grupe,K,IND,GrupBl00,,,,tb-cbs-fbg-refresh-20260812,2026-08-12T22:55:51.496Z,2026-08-12T22:55:51.496Z,tb26-ppr-6pt-pass-td-minus2-int-2pt-sack-50fg-v1,candidate_only,71.5,153,,111.8,0,0,0,0,0,111.8,71.5,153,,,,,,,,,,,,,,,,,,,
fbg:FolkNi44,Nick Folk,K,ATL,FolkNi44,,,,tb-cbs-fbg-refresh-20260812,2026-08-12T22:55:51.496Z,2026-08-12T22:55:51.496Z,tb26-ppr-6pt-pass-td-minus2-int-2pt-sack-50fg-v1,candidate_only,119.6,151,,135.1,0,0,0,0,0,135.1,119.6,151,,,,,,,,,,,,,,,,,,,
fbg:BateJa00,Jake Bates,K,DET,BateJa00,,,,tb-cbs-fbg-refresh-20260812,2026-08-12T22:55:51.496Z,2026-08-12T22:55:51.496Z,tb26-ppr-6pt-pass-td-minus2-int-2pt-sack-50fg-v1,candidate_only,131.9,146,,138.9,0,0,0,0,0,138.9,131.9,146,,,,,,,,,,,,,,,,,,,
fbg:DickCa44,Cameron Dicker,K,LAC,DickCa44,,,,tb-cbs-fbg-refresh-20260812,2026-08-12T22:55:51.496Z,2026-08-12T22:55:51.496Z,tb26-ppr-6pt-pass-td-minus2-int-2pt-sack-50fg-v1,candidate_only,140.6,144,,142.3,0,0,0,0,0,142.3,140.6,144,,,,,,,,,,,,,,,,,,,
cbs:1850793,Darren Waller,TE,MIA,,,,,tb-cbs-fbg-refresh-20260812,2026-08-12T22:55:51.496Z,2026-08-12T22:55:51.496Z,tb26-ppr-6pt-pass-td-minus2-int-2pt-sack-50fg-v1,candidate_only,,24.5,,24.5,0,0,0,0,0,24.5,24.5,24.5,Single premium source matched; carried forward,,,,,,,,,,,,,,,,,,
cbs:1685963,Zach Ertz,TE,WAS,,,,,tb-cbs-fbg-refresh-20260812,2026-08-12T22:55:51.496Z,2026-08-12T22:55:51.496Z,tb26-ppr-6pt-pass-td-minus2-int-2pt-sack-50fg-v1,candidate_only,,23.8,,23.8,0,0,0,0,0,23.8,23.8,23.8,Single premium source matched; carried forward,,,,,,,,,,,,,,,,,,
cbs:2179491,David Sills,WR,TB,,,,,tb-cbs-fbg-refresh-20260812,2026-08-12T22:55:51.496Z,2026-08-12T22:55:51.496Z,tb26-ppr-6pt-pass-td-minus2-int-2pt-sack-50fg-v1,candidate_only,,35,,35,0,0,0,0,0,35,35,35,Single premium source matched; carried forward,,,,,,,,,,,,,,,,,,
cbs:26697211,Donovan Edwards,RB,MIA,,,,,tb-cbs-fbg-refresh-20260812,2026-08-12T22:55:51.496Z,2026-08-12T22:55:51.496Z,tb26-ppr-6pt-pass-td-minus2-int-2pt-sack-50fg-v1,candidate_only,,22.3,22.9,22.6,0,0,0,0,0,22.6,22.3,22.9,,,,,,,,,,,,,,,,,,,
cbs:2139642,Dante Pettis,WR,NO,,,,,tb-cbs-fbg-refresh-20260812,2026-08-12T22:55:51.496Z,2026-08-12T22:55:51.496Z,tb26-ppr-6pt-pass-td-minus2-int-2pt-sack-50fg-v1,candidate_only,,28,,28,0,0,0,0,0,28,28,28,Single premium source matched; carried forward,,,,,,,,,,,,,,,,,,
cbs:2139270,Noah Brown,WR,WAS,,,,,tb-cbs-fbg-refresh-20260812,2026-08-12T22:55:51.496Z,2026-08-12T22:55:51.496Z,tb26-ppr-6pt-pass-td-minus2-int-2pt-sack-50fg-v1,candidate_only,,27,,27,0,0,0,0,0,27,27,27,Single premium source matched; carried forward,,,,,,,,,,,,,,,,,,
cbs:2180075,Scott Miller,WR,CHI,,,,,tb-cbs-fbg-refresh-20260812,2026-08-12T22:55:51.496Z,2026-08-12T22:55:51.496Z,tb26-ppr-6pt-pass-td-minus2-int-2pt-sack-50fg-v1,candidate_only,,25.5,,25.5,0,0,0,0,0,25.5,25.5,25.5,Single premium source matched; carried forward,,,,,,,,,,,,,,,,,,
cbs:26698435,Carson Steele,RB,PHI,,,,,tb-cbs-fbg-refresh-20260812,2026-08-12T22:55:51.496Z,2026-08-12T22:55:51.496Z,tb26-ppr-6pt-pass-td-minus2-int-2pt-sack-50fg-v1,candidate_only,,14.7,,14.7,0,0,0,0,0,14.7,14.7,14.7,Single premium source matched; carried forward,,,,,,,,,,,,,,,,,,
cbs:26698879,Corey Kiner,RB,ARI,,,,,tb-cbs-fbg-refresh-20260812,2026-08-12T22:55:51.496Z,2026-08-12T22:55:51.496Z,tb26-ppr-6pt-pass-td-minus2-int-2pt-sack-50fg-v1,candidate_only,,14.7,,14.7,0,0,0,0,0,14.7,14.7,14.7,Single premium source matched; carried forward,,,,,,,,,,,,,,,,,,
cbs:2804075,Michael Carter,RB,TEN,,,,,tb-cbs-fbg-refresh-20260812,2026-08-12T22:55:51.496Z,2026-08-12T22:55:51.496Z,tb26-ppr-6pt-pass-td-minus2-int-2pt-sack-50fg-v1,candidate_only,,11.5,,11.5,0,0,0,0,0,11.5,11.5,11.5,Single premium source matched; carried forward,,,,,,,,,,,,,,,,,,
cbs:2174795,DeAndre Carter,WR,CLE,,,,,tb-cbs-fbg-refresh-20260812,2026-08-12T22:55:51.496Z,2026-08-12T22:55:51.496Z,tb26-ppr-6pt-pass-td-minus2-int-2pt-sack-50fg-v1,candidate_only,,18.5,,18.5,0,0,0,0,0,18.5,18.5,18.5,Single premium source matched; carried forward,,,,,,,,,,,,,,,,,,
cbs:26728625,Lucas Scott,RB,BAL,,,,,tb-cbs-fbg-refresh-20260812,2026-08-12T22:55:51.496Z,2026-08-12T22:55:51.496Z,tb26-ppr-6pt-pass-td-minus2-int-2pt-sack-50fg-v1,candidate_only,,4,,4,0,0,0,0,0,4,4,4,Single premium source matched; carried forward,,,,,,,,,,,,,,,,,,
cbs:26697728,Robbie Ouzts,RB,SEA,,,,,tb-cbs-fbg-refresh-20260812,2026-08-12T22:55:51.496Z,2026-08-12T22:55:51.496Z,tb26-ppr-6pt-pass-td-minus2-int-2pt-sack-50fg-v1,candidate_only,,2.4,,2.4,0,0,0,0,0,2.4,2.4,2.4,Single premium source matched; carried forward,,,,,,,,,,,,,,,,,,
cbs:2240307,Shane Buechele,QB,BUF,,,,,tb-cbs-fbg-refresh-20260812,2026-08-12T22:55:51.496Z,2026-08-12T22:55:51.496Z,tb26-ppr-6pt-pass-td-minus2-int-2pt-sack-50fg-v1,candidate_only,,13.9,14,14,0,0,0,0,0,14,13.9,14,,,,,,,,,,,,,,,,,,,
cbs:2071844,Joshua Dobbs,QB,NE,,,,,tb-cbs-fbg-refresh-20260812,2026-08-12T22:55:51.496Z,2026-08-12T22:55:51.496Z,tb26-ppr-6pt-pass-td-minus2-int-2pt-sack-50fg-v1,candidate_only,,13.6,,13.6,0,0,0,0,0,13.6,13.6,13.6,Single premium source matched; carried forward,,,,,,,,,,,,,,,,,,
fbg:pitxxx99,Pittsburgh Steelers,DST,PIT,pitxxx99,,,,tb-cbs-fbg-refresh-20260812,2026-08-12T22:55:51.496Z,2026-08-12T22:55:51.496Z,tb26-ppr-6pt-pass-td-minus2-int-2pt-sack-50fg-v1,candidate_only,157.1,177.2,,167,0,0,0,0,0,167,157.1,177.2,,,,,,,,,,,,,,,,,,,
fbg:norxxx99,New Orleans Saints,DST,NO,norxxx99,,,,tb-cbs-fbg-refresh-20260812,2026-08-12T22:55:51.496Z,2026-08-12T22:55:51.496Z,tb26-ppr-6pt-pass-td-minus2-int-2pt-sack-50fg-v1,candidate_only,137.1,175.6,,156.1,0,0,0,0,0,156.1,137.1,175.6,,,,,,,,,,,,,,,,,,,
fbg:MeviHa00,Harrison Mevis,K,LAR,MeviHa00,,,,tb-cbs-fbg-refresh-20260812,2026-08-12T22:55:51.496Z,2026-08-12T22:55:51.496Z,tb26-ppr-6pt-pass-td-minus2-int-2pt-sack-50fg-v1,candidate_only,122,142,,131.9,0,0,0,0,0,131.9,122,142,,,,,,,,,,,,,,,,,,,
fbg:SantCa44,Cairo Santos,K,CHI,SantCa44,,,,tb-cbs-fbg-refresh-20260812,2026-08-12T22:55:51.496Z,2026-08-12T22:55:51.496Z,tb26-ppr-6pt-pass-td-minus2-int-2pt-sack-50fg-v1,candidate_only,127.2,142,,134.5,0,0,0,0,0,134.5,127.2,142,,,,,,,,,,,,,,,,,,,
fbg:McLaCh44,Chase McLaughlin,K,TB,McLaCh44,,,,tb-cbs-fbg-refresh-20260812,2026-08-12T22:55:51.496Z,2026-08-12T22:55:51.496Z,tb26-ppr-6pt-pass-td-minus2-int-2pt-sack-50fg-v1,candidate_only,132.2,141,,136.6,0,0,0,0,0,136.6,132.2,141,,,,,,,,,,,,,,,,,,,
fbg:ReicWi00,Will Reichard,K,MIN,ReicWi00,,,,tb-cbs-fbg-refresh-20260812,2026-08-12T22:55:51.496Z,2026-08-12T22:55:51.496Z,tb26-ppr-6pt-pass-td-minus2-int-2pt-sack-50fg-v1,candidate_only,125,138,,131.4,0,0,0,0,0,131.4,125,138,,,,,,,,,,,,,,,,,,,
fbg:KittGe00,George Kittle,TE,SF,KittGe00,,,,tb-cbs-fbg-refresh-20260812,2026-08-12T22:55:51.496Z,2026-08-12T22:55:51.496Z,tb26-ppr-6pt-pass-td-minus2-int-2pt-sack-50fg-v1,candidate_only,156.4,197.3,170.9,174.7,0,0,0,0,0,174.7,156.4,197.3,,,,,,,,,,,,,,,,,,,
fbg:LoopTy00,Tyler Loop,K,BAL,LoopTy00,,,,tb-cbs-fbg-refresh-20260812,2026-08-12T22:55:51.496Z,2026-08-12T22:55:51.496Z,tb26-ppr-6pt-pass-td-minus2-int-2pt-sack-50fg-v1,candidate_only,136,137,,136.5,0,0,0,0,0,136.5,136,137,,,,,,,,,,,,,,,,,,,
fbg:McLaTe00,Terry McLaurin,WR,WAS,McLaTe00,,,,tb-cbs-fbg-refresh-20260812,2026-08-12T22:55:51.496Z,2026-08-12T22:55:51.496Z,tb26-ppr-6pt-pass-td-minus2-int-2pt-sack-50fg-v1,candidate_only,204.8,216.5,214.5,211.9,0,0,0,0,0,211.9,204.8,216.5,,,,,,,,,,,,,,,,,,,
fbg:MontDa01,David Montgomery,RB,HOU,MontDa01,,,,tb-cbs-fbg-refresh-20260812,2026-08-12T22:55:51.496Z,2026-08-12T22:55:51.496Z,tb26-ppr-6pt-pass-td-minus2-int-2pt-sack-50fg-v1,candidate_only,201.3,197.7,191.6,196.9,0,0,0,0,0,196.9,191.6,201.3,,,,,,,,,,,,,,,,,,,
fbg:NixxBo00,Bo Nix,QB,DEN,NixxBo00,,,,tb-cbs-fbg-refresh-20260812,2026-08-12T22:55:51.496Z,2026-08-12T22:55:51.496Z,tb26-ppr-6pt-pass-td-minus2-int-2pt-sack-50fg-v1,candidate_only,333.1,328.7,340.3,334,0,0,0,0,0,334,328.7,340.3,,,,,,,,,,,,,,,,,,,
fbg:clexxx99,Cleveland Browns,DST,CLE,clexxx99,,,,tb-cbs-fbg-refresh-20260812,2026-08-12T22:55:51.496Z,2026-08-12T22:55:51.496Z,tb26-ppr-6pt-pass-td-minus2-int-2pt-sack-50fg-v1,candidate_only,141,168.6,,154.6,0,0,0,0,0,154.6,141,168.6,,,,,,,,,,,,,,,,,,,
fbg:WillJa09,Jameson Williams,WR,DET,WillJa09,,,,tb-cbs-fbg-refresh-20260812,2026-08-12T22:55:51.496Z,2026-08-12T22:55:51.496Z,tb26-ppr-6pt-pass-td-minus2-int-2pt-sack-50fg-v1,candidate_only,211.1,222,217.3,216.8,0,0,0,0,0,216.8,211.1,222,,,,,,,,,,,,,,,,,,,
fbg:bufxxx99,Buffalo Bills,DST,BUF,bufxxx99,,,,tb-cbs-fbg-refresh-20260812,2026-08-12T22:55:51.496Z,2026-08-12T22:55:51.496Z,tb26-ppr-6pt-pass-td-minus2-int-2pt-sack-50fg-v1,candidate_only,142.7,167.8,,155.1,0,0,0,0,0,155.1,142.7,167.8,,,,,,,,,,,,,,,,,,,
fbg:miaxxx99,Miami Dolphins,DST,MIA,miaxxx99,,,,tb-cbs-fbg-refresh-20260812,2026-08-12T22:55:51.496Z,2026-08-12T22:55:51.496Z,tb26-ppr-6pt-pass-td-minus2-int-2pt-sack-50fg-v1,candidate_only,118.3,167.2,,142.5,0,0,0,0,0,142.5,118.3,167.2,,,,,,,,,,,,,,,,,,,
fbg:ravxxx99,Baltimore Ravens,DST,BAL,ravxxx99,,,,tb-cbs-fbg-refresh-20260812,2026-08-12T22:55:51.496Z,2026-08-12T22:55:51.496Z,tb26-ppr-6pt-pass-td-minus2-int-2pt-sack-50fg-v1,candidate_only,142,167.2,,154.5,0,0,0,0,0,154.5,142,167.2,,,,,,,,,,,,,,,,,,,
fbg:otixxx99,Tennessee Titans,DST,TEN,otixxx99,,,,tb-cbs-fbg-refresh-20260812,2026-08-12T22:55:51.496Z,2026-08-12T22:55:51.496Z,tb26-ppr-6pt-pass-td-minus2-int-2pt-sack-50fg-v1,candidate_only,123.6,166.6,,144.9,0,0,0,0,0,144.9,123.6,166.6,,,,,,,,,,,,,,,,,,,
fbg:PurdBr00,Brock Purdy,QB,SF,PurdBr00,,,,tb-cbs-fbg-refresh-20260812,2026-08-12T22:55:51.496Z,2026-08-12T22:55:51.496Z,tb26-ppr-6pt-pass-td-minus2-int-2pt-sack-50fg-v1,candidate_only,329.9,366.6,348.3,348.1,0,0,0,0,0,348.1,329.9,366.6,,,,,,,,,,,,,,,,,,,
fbg:MahoPa00,Patrick Mahomes II,QB,KC,MahoPa00,,,,tb-cbs-fbg-refresh-20260812,2026-08-12T22:55:51.496Z,2026-08-12T22:55:51.496Z,tb26-ppr-6pt-pass-td-minus2-int-2pt-sack-50fg-v1,candidate_only,327.3,361.4,346.8,345,0,0,0,0,0,345,327.3,361.4,,,,,,,,,,,,,,,,,,,
fbg:ButkHa99,Harrison Butker,K,KC,ButkHa99,,,,tb-cbs-fbg-refresh-20260812,2026-08-12T22:55:51.496Z,2026-08-12T22:55:51.496Z,tb26-ppr-6pt-pass-td-minus2-int-2pt-sack-50fg-v1,candidate_only,124.8,134,,129.3,0,0,0,0,0,129.3,124.8,134,,,,,,,,,,,,,,,,,,,
fbg:LutzWi44,Wil Lutz,K,DEN,LutzWi44,,,,tb-cbs-fbg-refresh-20260812,2026-08-12T22:55:51.496Z,2026-08-12T22:55:51.496Z,tb26-ppr-6pt-pass-td-minus2-int-2pt-sack-50fg-v1,candidate_only,127.4,134,,130.7,0,0,0,0,0,130.7,127.4,134,,,,,,,,,,,,,,,,,,,
fbg:McPhEv44,Evan McPherson,K,CIN,McPhEv44,,,,tb-cbs-fbg-refresh-20260812,2026-08-12T22:55:51.496Z,2026-08-12T22:55:51.496Z,tb26-ppr-6pt-pass-td-minus2-int-2pt-sack-50fg-v1,candidate_only,126.4,134,,130.2,0,0,0,0,0,130.2,126.4,134,,,,,,,,,,,,,,,,,,,
fbg:GoedDa00,Dallas Goedert,TE,PHI,GoedDa00,,,,tb-cbs-fbg-refresh-20260812,2026-08-12T22:55:51.496Z,2026-08-12T22:55:51.496Z,tb26-ppr-6pt-pass-td-minus2-int-2pt-sack-50fg-v1,candidate_only,153.6,212.1,179.6,181.5,0,0,0,0,0,181.5,153.6,212.1,,,,,,,,,,,,,,,,,,,
fbg:GoffJa00,Jared Goff,QB,DET,GoffJa00,,,,tb-cbs-fbg-refresh-20260812,2026-08-12T22:55:51.496Z,2026-08-12T22:55:51.496Z,tb26-ppr-6pt-pass-td-minus2-int-2pt-sack-50fg-v1,candidate_only,328.6,348.5,340.8,339.2,0,0,0,0,0,339.2,328.6,348.5,,,,,,,,,,,,,,,,,,,
fbg:cinxxx99,Cincinnati Bengals,DST,CIN,cinxxx99,,,,tb-cbs-fbg-refresh-20260812,2026-08-12T22:55:51.496Z,2026-08-12T22:55:51.496Z,tb26-ppr-6pt-pass-td-minus2-int-2pt-sack-50fg-v1,candidate_only,127.5,163.6,,145.3,0,0,0,0,0,145.3,127.5,163.6,,,,,,,,,,,,,,,,,,,
fbg:PittMi01,Michael Pittman Jr,WR,PIT,PittMi01,,,,tb-cbs-fbg-refresh-20260812,2026-08-12T22:55:51.496Z,2026-08-12T22:55:51.496Z,tb26-ppr-6pt-pass-td-minus2-int-2pt-sack-50fg-v1,candidate_only,198.6,179.3,190.2,189.4,0,0,0,0,0,189.4,179.3,198.6,,,,,,,,,,,,,,,,,,,
fbg:LittCa00,Cam Little,K,JAX,LittCa00,,,,tb-cbs-fbg-refresh-20260812,2026-08-12T22:55:51.496Z,2026-08-12T22:55:51.496Z,tb26-ppr-6pt-pass-td-minus2-int-2pt-sack-50fg-v1,candidate_only,131.7,131,,131.4,0,0,0,0,0,131.4,131,131.7,,,,,,,,,,,,,,,,,,,
fbg:PineEd44,Eddy Piñeiro,K,SF,PineEd44,,,,tb-cbs-fbg-refresh-20260812,2026-08-12T22:55:51.496Z,2026-08-12T22:55:51.496Z,tb26-ppr-6pt-pass-td-minus2-int-2pt-sack-50fg-v1,candidate_only,130.3,130,,130.2,0,0,0,0,0,130.2,130,130.3,,,,,,,,,,,,,,,,,,,
fbg:EvanMi00,Mike Evans,WR,SF,EvanMi00,,,,tb-cbs-fbg-refresh-20260812,2026-08-12T22:55:51.496Z,2026-08-12T22:55:51.496Z,tb26-ppr-6pt-pass-td-minus2-int-2pt-sack-50fg-v1,candidate_only,195.9,222.6,204,207.4,0,0,0,0,0,207.4,195.9,222.6,,,,,,,,,,,,,,,,,,,
fbg:MurrKy00,Kyler Murray,QB,MIN,MurrKy00,,,,tb-cbs-fbg-refresh-20260812,2026-08-12T22:55:51.496Z,2026-08-12T22:55:51.496Z,tb26-ppr-6pt-pass-td-minus2-int-2pt-sack-50fg-v1,candidate_only,312.3,330.3,313.3,318.6,0,0,0,0,0,318.6,312.3,330.3,,,,,,,,,,,,,,,,,,,
fbg:chixxx99,Chicago Bears,DST,CHI,chixxx99,,,,tb-cbs-fbg-refresh-20260812,2026-08-12T22:55:51.496Z,2026-08-12T22:55:51.496Z,tb26-ppr-6pt-pass-td-minus2-int-2pt-sack-50fg-v1,candidate_only,145.4,160.6,,152.9,0,0,0,0,0,152.9,145.4,160.6,,,,,,,,,,,,,,,,,,,
fbg:nwexxx99,New England Patriots,DST,NE,nwexxx99,,,,tb-cbs-fbg-refresh-20260812,2026-08-12T22:55:51.496Z,2026-08-12T22:55:51.496Z,tb26-ppr-6pt-pass-td-minus2-int-2pt-sack-50fg-v1,candidate_only,137,158.8,,147.8,0,0,0,0,0,147.8,137,158.8,,,,,,,,,,,,,,,,,,,
fbg:DartJa00,Jaxson Dart,QB,NYG,DartJa00,,,,tb-cbs-fbg-refresh-20260812,2026-08-12T22:55:51.496Z,2026-08-12T22:55:51.496Z,tb26-ppr-6pt-pass-td-minus2-int-2pt-sack-50fg-v1,candidate_only,318.3,365.5,345.3,342.9,0,0,0,0,0,342.9,318.3,365.5,,,,,,,,,,,,,,,,,,,
fbg:MoodJa44,Jake Moody,K,WAS,MoodJa44,,,,tb-cbs-fbg-refresh-20260812,2026-08-12T22:55:51.496Z,2026-08-12T22:55:51.496Z,tb26-ppr-6pt-pass-td-minus2-int-2pt-sack-50fg-v1,candidate_only,90.2,127,,108.4,0,0,0,0,0,108.4,90.2,127,,,,,,,,,,,,,,,,,,,
fbg:SmytCh00,Charlie Smyth,K,NO,SmytCh00,,,,tb-cbs-fbg-refresh-20260812,2026-08-12T22:55:51.496Z,2026-08-12T22:55:51.496Z,tb26-ppr-6pt-pass-td-minus2-int-2pt-sack-50fg-v1,candidate_only,112.3,127,,119.6,0,0,0,0,0,119.6,112.3,127,,,,,,,,,,,,,,,,,,,
fbg:FergJa01,Jake Ferguson,TE,DAL,FergJa01,,,,tb-cbs-fbg-refresh-20260812,2026-08-12T22:55:51.496Z,2026-08-12T22:55:51.496Z,tb26-ppr-6pt-pass-td-minus2-int-2pt-sack-50fg-v1,candidate_only,141.4,179.6,167.4,162.7,0,0,0,0,0,162.7,141.4,179.6,,,,,,,,,,,,,,,,,,,
fbg:AdamDa01,Davante Adams,WR,LAR,AdamDa01,,,,tb-cbs-fbg-refresh-20260812,2026-08-12T22:55:51.496Z,2026-08-12T22:55:51.496Z,tb26-ppr-6pt-pass-td-minus2-int-2pt-sack-50fg-v1,candidate_only,200.4,213,221.9,211.7,0,0,0,0,0,211.7,200.4,221.9,,,,,,,,,,,,,,,,,,,
fbg:HendTr00,TreVeyon Henderson,RB,NE,HendTr00,,,,tb-cbs-fbg-refresh-20260812,2026-08-12T22:55:51.496Z,2026-08-12T22:55:51.496Z,tb26-ppr-6pt-pass-td-minus2-int-2pt-sack-50fg-v1,candidate_only,189.2,199.9,201.6,196.9,0,0,0,0,0,196.9,189.2,201.6,,,,,,,,,,,,,,,,,,,
fbg:BorrAn00,Andy Borregales,K,NE,BorrAn00,,,,tb-cbs-fbg-refresh-20260812,2026-08-12T22:55:51.496Z,2026-08-12T22:55:51.496Z,tb26-ppr-6pt-pass-td-minus2-int-2pt-sack-50fg-v1,candidate_only,125.5,125,,125.3,0,0,0,0,0,125.3,125,125.5,,,,,,,,,,,,,,,,,,,
fbg:TateCa00,Carnell Tate,WR,TEN,TateCa00,,,,tb-cbs-fbg-refresh-20260812,2026-08-12T22:55:51.496Z,2026-08-12T22:55:51.496Z,tb26-ppr-6pt-pass-td-minus2-int-2pt-sack-50fg-v1,candidate_only,201.8,153.2,181,178.9,0,0,0,0,0,178.9,153.2,201.8,,,,,,,,,,,,,,,,,,,
fbg:BassTy44,Tyler Bass,K,BUF,BassTy44,,,,tb-cbs-fbg-refresh-20260812,2026-08-12T22:55:51.496Z,2026-08-12T22:55:51.496Z,tb26-ppr-6pt-pass-td-minus2-int-2pt-sack-50fg-v1,candidate_only,109.3,124,,116.6,0,0,0,0,0,116.6,109.3,124,,,,,,,,,,,,,,,,,,,
fbg:raixxx99,Las Vegas Raiders,DST,LV,raixxx99,,,,tb-cbs-fbg-refresh-20260812,2026-08-12T22:55:51.496Z,2026-08-12T22:55:51.496Z,tb26-ppr-6pt-pass-td-minus2-int-2pt-sack-50fg-v1,candidate_only,116.1,154.8,,135.2,0,0,0,0,0,135.2,116.1,154.8,,,,,,,,,,,,,,,,,,,
fbg:KincDa00,Dalton Kincaid,TE,BUF,KincDa00,,,,tb-cbs-fbg-refresh-20260812,2026-08-12T22:55:51.496Z,2026-08-12T22:55:51.496Z,tb26-ppr-6pt-pass-td-minus2-int-2pt-sack-50fg-v1,candidate_only,143.9,178.5,159.5,160.5,0,0,0,0,0,160.5,143.9,178.5,,,,,,,,,,,,,,,,,,,
fbg:OdunRo00,Rome Odunze,WR,CHI,OdunRo00,,,,tb-cbs-fbg-refresh-20260812,2026-08-12T22:55:51.496Z,2026-08-12T22:55:51.496Z,tb26-ppr-6pt-pass-td-minus2-int-2pt-sack-50fg-v1,candidate_only,192.3,217.6,209.6,206.4,0,0,0,0,0,206.4,192.3,217.6,,,,,,,,,,,,,,,,,,,
fbg:SmacTr00,Trey Smack,K,GB,SmacTr00,,,,tb-cbs-fbg-refresh-20260812,2026-08-12T22:55:51.496Z,2026-08-12T22:55:51.496Z,tb26-ppr-6pt-pass-td-minus2-int-2pt-sack-50fg-v1,candidate_only,56,122,,88.6,0,0,0,0,0,88.6,56,122,,,,,,,,,,,,,,,,,,,
fbg:MetcDK00,DK Metcalf,WR,PIT,MetcDK00,,,,tb-cbs-fbg-refresh-20260812,2026-08-12T22:55:51.496Z,2026-08-12T22:55:51.496Z,tb26-ppr-6pt-pass-td-minus2-int-2pt-sack-50fg-v1,candidate_only,200.2,192.1,194.8,195.7,0,0,0,0,0,195.7,192.1,200.2,,,,,,,,,,,,,,,,,,,
fbg:SandJa44,Jason Sanders,K,NYJ,SandJa44,,,,tb-cbs-fbg-refresh-20260812,2026-08-12T22:55:51.496Z,2026-08-12T22:55:51.496Z,tb26-ppr-6pt-pass-td-minus2-int-2pt-sack-50fg-v1,candidate_only,76.8,121,,98.6,0,0,0,0,0,98.6,76.8,121,,,,,,,,,,,,,,,,,,,
fbg:SlyeJo44,Joey Slye,K,TEN,SlyeJo44,,,,tb-cbs-fbg-refresh-20260812,2026-08-12T22:55:51.496Z,2026-08-12T22:55:51.496Z,tb26-ppr-6pt-pass-td-minus2-int-2pt-sack-50fg-v1,candidate_only,93.8,121,,107.2,0,0,0,0,0,107.2,93.8,121,,,,,,,,,,,,,,,,,,,
fbg:MayfBa00,Baker Mayfield,QB,TB,MayfBa00,,,,tb-cbs-fbg-refresh-20260812,2026-08-12T22:55:51.496Z,2026-08-12T22:55:51.496Z,tb26-ppr-6pt-pass-td-minus2-int-2pt-sack-50fg-v1,candidate_only,316.3,348.9,321.7,328.8,0,0,0,0,0,328.8,316.3,348.9,,,,,,,,,,,,,,,,,,,
fbg:PierAl00,Alec Pierce,WR,IND,PierAl00,,,,tb-cbs-fbg-refresh-20260812,2026-08-12T22:55:51.496Z,2026-08-12T22:55:51.496Z,tb26-ppr-6pt-pass-td-minus2-int-2pt-sack-50fg-v1,candidate_only,191.5,217.1,207.1,205.1,0,0,0,0,0,205.1,191.5,217.1,,,,,,,,,,,,,,,,,,,
fbg:ElliJa98,Jake Elliott,K,PHI,ElliJa98,,,,tb-cbs-fbg-refresh-20260812,2026-08-12T22:55:51.496Z,2026-08-12T22:55:51.496Z,tb26-ppr-6pt-pass-td-minus2-int-2pt-sack-50fg-v1,candidate_only,119.6,119,,119.3,0,0,0,0,0,119.3,119,119.6,,,,,,,,,,,,,,,,,,,
fbg:PattRi44,Riley Patterson,K,MIA,PattRi44,,,,tb-cbs-fbg-refresh-20260812,2026-08-12T22:55:51.496Z,2026-08-12T22:55:51.496Z,tb26-ppr-6pt-pass-td-minus2-int-2pt-sack-50fg-v1,candidate_only,30,119,,74,0,0,0,0,0,74,30,119,,,,,,,,,,,,,,,,,,,
fbg:wasxxx99,Washington Commanders,DST,WAS,wasxxx99,,,,tb-cbs-fbg-refresh-20260812,2026-08-12T22:55:51.496Z,2026-08-12T22:55:51.496Z,tb26-ppr-6pt-pass-td-minus2-int-2pt-sack-50fg-v1,candidate_only,125.9,150.6,,138.1,0,0,0,0,0,138.1,125.9,150.6,,,,,,,,,,,,,,,,,,,
fbg:StraBr00,Brenton Strange,TE,JAX,StraBr00,,,,tb-cbs-fbg-refresh-20260812,2026-08-12T22:55:51.496Z,2026-08-12T22:55:51.496Z,tb26-ppr-6pt-pass-td-minus2-int-2pt-sack-50fg-v1,candidate_only,137.1,179.9,151.2,155.9,0,0,0,0,0,155.9,137.1,179.9,,,,,,,,,,,,,,,,,,,
fbg:StevRh00,Rhamondre Stevenson,RB,NE,StevRh00,,,,tb-cbs-fbg-refresh-20260812,2026-08-12T22:55:51.496Z,2026-08-12T22:55:51.496Z,tb26-ppr-6pt-pass-td-minus2-int-2pt-sack-50fg-v1,candidate_only,185,187.4,185.5,186,0,0,0,0,0,186,185,187.4,,,,,,,,,,,,,,,,,,,
fbg:GonzZa99,Zane Gonzalez,K,MIA,GonzZa99,,,,tb-cbs-fbg-refresh-20260812,2026-08-12T22:55:51.496Z,2026-08-12T22:55:51.496Z,tb26-ppr-6pt-pass-td-minus2-int-2pt-sack-50fg-v1,candidate_only,63.9,118,,90.6,0,0,0,0,0,90.6,63.9,118,,,,,,,,,,,,,,,,,,,
fbg:tamxxx99,Tampa Bay Buccaneers,DST,TB,tamxxx99,,,,tb-cbs-fbg-refresh-20260812,2026-08-12T22:55:51.496Z,2026-08-12T22:55:51.496Z,tb26-ppr-6pt-pass-td-minus2-int-2pt-sack-50fg-v1,candidate_only,138.9,149.2,,144,0,0,0,0,0,144,138.9,149.2,,,,,,,,,,,,,,,,,,,
fbg:TuteBh00,Bhayshul Tuten,RB,JAX,TuteBh00,,,,tb-cbs-fbg-refresh-20260812,2026-08-12T22:55:51.496Z,2026-08-12T22:55:51.496Z,tb26-ppr-6pt-pass-td-minus2-int-2pt-sack-50fg-v1,candidate_only,177.2,194.4,208,193.1,0,0,0,0,0,193.1,177.2,208,,,,,,,,,,,,,,,,,,,
fbg:kanxxx99,Kansas City Chiefs,DST,KC,kanxxx99,,,,tb-cbs-fbg-refresh-20260812,2026-08-12T22:55:51.496Z,2026-08-12T22:55:51.496Z,tb26-ppr-6pt-pass-td-minus2-int-2pt-sack-50fg-v1,candidate_only,125,146.8,,135.8,0,0,0,0,0,135.8,125,146.8,,,,,,,,,,,,,,,,,,,
fbg:RylaCh00,Chad Ryland,K,ARI,RylaCh00,,,,tb-cbs-fbg-refresh-20260812,2026-08-12T22:55:51.496Z,2026-08-12T22:55:51.496Z,tb26-ppr-6pt-pass-td-minus2-int-2pt-sack-50fg-v1,candidate_only,108.2,115,,111.6,0,0,0,0,0,111.6,108.2,115,,,,,,,,,,,,,,,,,,,
fbg:JohnJu00,Juwan Johnson,TE,NO,JohnJu00,,,,tb-cbs-fbg-refresh-20260812,2026-08-12T22:55:51.496Z,2026-08-12T22:55:51.496Z,tb26-ppr-6pt-pass-td-minus2-int-2pt-sack-50fg-v1,candidate_only,134.1,176.7,154.3,154.9,0,0,0,0,0,154.9,134.1,176.7,,,,,,,,,,,,,,,,,,,
fbg:gnbxxx99,Green Bay Packers,DST,GB,gnbxxx99,,,,tb-cbs-fbg-refresh-20260812,2026-08-12T22:55:51.496Z,2026-08-12T22:55:51.496Z,tb26-ppr-6pt-pass-td-minus2-int-2pt-sack-50fg-v1,candidate_only,133.5,144.6,,139,0,0,0,0,0,139,133.5,144.6,,,,,,,,,,,,,,,,,,,
fbg:cltxxx99,Indianapolis Colts,DST,IND,cltxxx99,,,,tb-cbs-fbg-refresh-20260812,2026-08-12T22:55:51.496Z,2026-08-12T22:55:51.496Z,tb26-ppr-6pt-pass-td-minus2-int-2pt-sack-50fg-v1,candidate_only,137.6,144.2,,140.9,0,0,0,0,0,140.9,137.6,144.2,,,,,,,,,,,,,,,,,,,
fbg:HenrHu00,Hunter Henry,TE,NE,HenrHu00,,,,tb-cbs-fbg-refresh-20260812,2026-08-12T22:55:51.496Z,2026-08-12T22:55:51.496Z,tb26-ppr-6pt-pass-td-minus2-int-2pt-sack-50fg-v1,candidate_only,131.1,163.7,153.7,149.4,0,0,0,0,0,149.4,131.1,163.7,,,,,,,,,,,,,,,,,,,
fbg:BoswCh44,Chris Boswell,K,PIT,BoswCh44,,,,tb-cbs-fbg-refresh-20260812,2026-08-12T22:55:51.496Z,2026-08-12T22:55:51.496Z,tb26-ppr-6pt-pass-td-minus2-int-2pt-sack-50fg-v1,candidate_only,125.5,111,,118.3,0,0,0,0,0,118.3,111,125.5,,,,,,,,,,,,,,,,,,,
fbg:PricJa00,Jadarian Price,RB,SEA,PricJa00,,,,tb-cbs-fbg-refresh-20260812,2026-08-12T22:55:51.496Z,2026-08-12T22:55:51.496Z,tb26-ppr-6pt-pass-td-minus2-int-2pt-sack-50fg-v1,candidate_only,174.6,187,187.4,183,0,0,0,0,0,183,174.6,187.4,,,,,,,,,,,,,,,,,,,
fbg:ThomBr01,Brian Thomas Jr.,WR,JAX,ThomBr01,,,,tb-cbs-fbg-refresh-20260812,2026-08-12T22:55:51.496Z,2026-08-12T22:55:51.496Z,tb26-ppr-6pt-pass-td-minus2-int-2pt-sack-50fg-v1,candidate_only,183.2,196.1,175.1,184.8,0,0,0,0,0,184.8,175.1,196.1,,,,,,,,,,,,,,,,,,,
fbg:LoveJo01,Jordan Love,QB,GB,LoveJo01,,,,tb-cbs-fbg-refresh-20260812,2026-08-12T22:55:51.496Z,2026-08-12T22:55:51.496Z,tb26-ppr-6pt-pass-td-minus2-int-2pt-sack-50fg-v1,candidate_only,306.8,313.9,310.5,310.4,0,0,0,0,0,310.4,306.8,313.9,,,,,,,,,,,,,,,,,,,
fbg:carxxx99,Carolina Panthers,DST,CAR,carxxx99,,,,tb-cbs-fbg-refresh-20260812,2026-08-12T22:55:51.496Z,2026-08-12T22:55:51.496Z,tb26-ppr-6pt-pass-td-minus2-int-2pt-sack-50fg-v1,candidate_only,122.8,142.4,,132.5,0,0,0,0,0,132.5,122.8,142.4,,,,,,,,,,,,,,,,,,,
fbg:HockTJ00,T.J. Hockenson,TE,MIN,HockTJ00,,,,tb-cbs-fbg-refresh-20260812,2026-08-12T22:55:51.496Z,2026-08-12T22:55:51.496Z,tb26-ppr-6pt-pass-td-minus2-int-2pt-sack-50fg-v1,candidate_only,129.8,130,140.7,133.5,0,0,0,0,0,133.5,129.8,140.7,,,,,,,,,,,,,,,,,,,
fbg:PollTo01,Tony Pollard,RB,TEN,PollTo01,,,,tb-cbs-fbg-refresh-20260812,2026-08-12T22:55:51.496Z,2026-08-12T22:55:51.496Z,tb26-ppr-6pt-pass-td-minus2-int-2pt-sack-50fg-v1,candidate_only,175.5,189,191.4,185.2,0,0,0,0,0,185.2,175.5,191.4,,,,,,,,,,,,,,,,,,,
fbg:SadiKe00,Kenyon Sadiq,TE,NYJ,SadiKe00,,,,tb-cbs-fbg-refresh-20260812,2026-08-12T22:55:51.496Z,2026-08-12T22:55:51.496Z,tb26-ppr-6pt-pass-td-minus2-int-2pt-sack-50fg-v1,candidate_only,121.2,133.7,130.1,128.3,0,0,0,0,0,128.3,121.2,133.7,,,,,,,,,,,,,,,,,,,
fbg:SchuDa00,Dalton Schultz,TE,HOU,SchuDa00,,,,tb-cbs-fbg-refresh-20260812,2026-08-12T22:55:51.496Z,2026-08-12T22:55:51.496Z,tb26-ppr-6pt-pass-td-minus2-int-2pt-sack-50fg-v1,candidate_only,128.1,163,148.8,146.5,0,0,0,0,0,146.5,128.1,163,,,,,,,,,,,,,,,,,,,
fbg:dalxxx99,Dallas Cowboys,DST,DAL,dalxxx99,,,,tb-cbs-fbg-refresh-20260812,2026-08-12T22:55:51.496Z,2026-08-12T22:55:51.496Z,tb26-ppr-6pt-pass-td-minus2-int-2pt-sack-50fg-v1,candidate_only,134,141,,137.5,0,0,0,0,0,137.5,134,141,,,,,,,,,,,,,,,,,,,
fbg:nygxxx99,New York Giants,DST,NYG,nygxxx99,,,,tb-cbs-fbg-refresh-20260812,2026-08-12T22:55:51.496Z,2026-08-12T22:55:51.496Z,tb26-ppr-6pt-pass-td-minus2-int-2pt-sack-50fg-v1,candidate_only,139.1,141,,140,0,0,0,0,0,140,139.1,141,,,,,,,,,,,,,,,,,,,
fbg:SuttCo00,Courtland Sutton,WR,DEN,SuttCo00,,,,tb-cbs-fbg-refresh-20260812,2026-08-12T22:55:51.496Z,2026-08-12T22:55:51.496Z,tb26-ppr-6pt-pass-td-minus2-int-2pt-sack-50fg-v1,candidate_only,180.5,202.1,204.3,195.6,0,0,0,0,0,195.6,180.5,204.3,,,,,,,,,,,,,,,,,,,
fbg:WatsCh00,Christian Watson,WR,GB,WatsCh00,,,,tb-cbs-fbg-refresh-20260812,2026-08-12T22:55:51.496Z,2026-08-12T22:55:51.496Z,tb26-ppr-6pt-pass-td-minus2-int-2pt-sack-50fg-v1,candidate_only,183.8,195.2,190.7,189.9,0,0,0,0,0,189.9,183.8,195.2,,,,,,,,,,,,,,,,,,,
fbg:OkonCh00,Chig Okonkwo,TE,WAS,OkonCh00,,,,tb-cbs-fbg-refresh-20260812,2026-08-12T22:55:51.496Z,2026-08-12T22:55:51.496Z,tb26-ppr-6pt-pass-td-minus2-int-2pt-sack-50fg-v1,candidate_only,120.1,129.2,126.4,125.2,0,0,0,0,0,125.2,120.1,129.2,,,,,,,,,,,,,,,,,,,
fbg:DowdDa00,Rico Dowdle,RB,PIT,DowdDa00,,,,tb-cbs-fbg-refresh-20260812,2026-08-12T22:55:51.496Z,2026-08-12T22:55:51.496Z,tb26-ppr-6pt-pass-td-minus2-int-2pt-sack-50fg-v1,candidate_only,174.2,186.4,185.8,182.1,0,0,0,0,0,182.1,174.2,186.4,,,,,,,,,,,,,,,,,,,
fbg:WashPa01,Parker Washington,WR,JAX,WashPa01,,,,tb-cbs-fbg-refresh-20260812,2026-08-12T22:55:51.496Z,2026-08-12T22:55:51.496Z,tb26-ppr-6pt-pass-td-minus2-int-2pt-sack-50fg-v1,candidate_only,181,193.8,178.9,184.5,0,0,0,0,0,184.5,178.9,193.8,,,,,,,,,,,,,,,,,,,
fbg:StroCJ00,C.J. Stroud,QB,HOU,StroCJ00,,,,tb-cbs-fbg-refresh-20260812,2026-08-12T22:55:51.496Z,2026-08-12T22:55:51.496Z,tb26-ppr-6pt-pass-td-minus2-int-2pt-sack-50fg-v1,candidate_only,301.8,324.2,296.1,307.3,0,0,0,0,0,307.3,296.1,324.2,,,,,,,,,,,,,,,,,,,
fbg:HarrMa05,Marvin Harrison Jr.,WR,ARI,HarrMa05,,,,tb-cbs-fbg-refresh-20260812,2026-08-12T22:55:51.496Z,2026-08-12T22:55:51.496Z,tb26-ppr-6pt-pass-td-minus2-int-2pt-sack-50fg-v1,candidate_only,176.9,204.5,197.2,192.8,0,0,0,0,0,192.8,176.9,204.5,,,,,,,,,,,,,,,,,,,
fbg:ShouTy00,Tyler Shough,QB,NO,ShouTy00,,,,tb-cbs-fbg-refresh-20260812,2026-08-12T22:55:51.496Z,2026-08-12T22:55:51.496Z,tb26-ppr-6pt-pass-td-minus2-int-2pt-sack-50fg-v1,candidate_only,300.8,324.1,319.2,314.6,0,0,0,0,0,314.6,300.8,324.1,,,,,,,,,,,,,,,,,,,
fbg:jaxxxx99,Jacksonville Jaguars,DST,JAX,jaxxxx99,,,,tb-cbs-fbg-refresh-20260812,2026-08-12T22:55:51.496Z,2026-08-12T22:55:51.496Z,tb26-ppr-6pt-pass-td-minus2-int-2pt-sack-50fg-v1,candidate_only,138.4,136.2,,137.3,0,0,0,0,0,137.3,136.2,138.4,,,,,,,,,,,,,,,,,,,
fbg:FitzRy01,Ryan Fitzgerald,K,CAR,FitzRy01,,,,tb-cbs-fbg-refresh-20260812,2026-08-12T22:55:51.496Z,2026-08-12T22:55:51.496Z,tb26-ppr-6pt-pass-td-minus2-int-2pt-sack-50fg-v1,candidate_only,108.9,104,,106.5,0,0,0,0,0,106.5,104,108.9,,,,,,,,,,,,,,,,,,,
fbg:GayxMa44,Matt Gay,K,LV,GayxMa44,,,,tb-cbs-fbg-refresh-20260812,2026-08-12T22:55:51.496Z,2026-08-12T22:55:51.496Z,tb26-ppr-6pt-pass-td-minus2-int-2pt-sack-50fg-v1,candidate_only,40.7,103,,71.5,0,0,0,0,0,71.5,40.7,103,,,,,,,,,,,,,,,,,,,
fbg:crdxxx99,Arizona Cardinals,DST,ARI,crdxxx99,,,,tb-cbs-fbg-refresh-20260812,2026-08-12T22:55:51.496Z,2026-08-12T22:55:51.496Z,tb26-ppr-6pt-pass-td-minus2-int-2pt-sack-50fg-v1,candidate_only,115.5,133.8,,124.5,0,0,0,0,0,124.5,115.5,133.8,,,,,,,,,,,,,,,,,,,
fbg:RobiWa00,Wan'Dale Robinson,WR,TEN,RobiWa00,,,,tb-cbs-fbg-refresh-20260812,2026-08-12T22:55:51.496Z,2026-08-12T22:55:51.496Z,tb26-ppr-6pt-pass-td-minus2-int-2pt-sack-50fg-v1,candidate_only,173.1,188.6,188.9,183.5,0,0,0,0,0,183.5,173.1,188.9,,,,,,,,,,,,,,,,,,,
fbg:BarnAJ00,AJ Barner,TE,SEA,BarnAJ00,,,,tb-cbs-fbg-refresh-20260812,2026-08-12T22:55:51.496Z,2026-08-12T22:55:51.496Z,tb26-ppr-6pt-pass-td-minus2-int-2pt-sack-50fg-v1,candidate_only,119.5,141.6,124.6,128.5,0,0,0,0,0,128.5,119.5,141.6,,,,,,,,,,,,,,,,,,,
fbg:SzmyAn44,Andre Szmyt,K,CLE,SzmyAn44,,,,tb-cbs-fbg-refresh-20260812,2026-08-12T22:55:51.496Z,2026-08-12T22:55:51.496Z,tb26-ppr-6pt-pass-td-minus2-int-2pt-sack-50fg-v1,candidate_only,107.7,101,,104.4,0,0,0,0,0,104.4,101,107.7,,,,,,,,,,,,,,,,,,,
fbg:WilsMi01,Michael Wilson,WR,ARI,WilsMi01,,,,tb-cbs-fbg-refresh-20260812,2026-08-12T22:55:51.496Z,2026-08-12T22:55:51.496Z,tb26-ppr-6pt-pass-td-minus2-int-2pt-sack-50fg-v1,candidate_only,176,180.9,176.8,177.9,0,0,0,0,0,177.9,176,180.9,,,,,,,,,,,,,,,,,,,
fbg:WhitRa00,Rachaad White,RB,WAS,WhitRa00,,,,tb-cbs-fbg-refresh-20260812,2026-08-12T22:55:51.496Z,2026-08-12T22:55:51.496Z,tb26-ppr-6pt-pass-td-minus2-int-2pt-sack-50fg-v1,candidate_only,145.7,150,167.4,154.3,0,0,0,0,0,154.3,145.7,167.4,,,,,,,,,,,,,,,,,,,
fbg:nyjxxx99,New York Jets,DST,NYJ,nyjxxx99,,,,tb-cbs-fbg-refresh-20260812,2026-08-12T22:55:51.496Z,2026-08-12T22:55:51.496Z,tb26-ppr-6pt-pass-td-minus2-int-2pt-sack-50fg-v1,candidate_only,117.9,130.2,,124,0,0,0,0,0,124,117.9,130.2,,,,,,,,,,,,,,,,,,,
fbg:GainKe00,Kenny Gainwell,RB,TB,GainKe00,,,,tb-cbs-fbg-refresh-20260812,2026-08-12T22:55:51.496Z,2026-08-12T22:55:51.496Z,tb26-ppr-6pt-pass-td-minus2-int-2pt-sack-50fg-v1,candidate_only,163.3,188.2,168,173.1,0,0,0,0,0,173.1,163.3,188.2,,,,,,,,,,,,,,,,,,,
fbg:FreiPa00,Pat Freiermuth,TE,PIT,FreiPa00,,,,tb-cbs-fbg-refresh-20260812,2026-08-12T22:55:51.496Z,2026-08-12T22:55:51.496Z,tb26-ppr-6pt-pass-td-minus2-int-2pt-sack-50fg-v1,candidate_only,120.8,127,134.2,127.3,0,0,0,0,0,127.3,120.8,134.2,,,,,,,,,,,,,,,,,,,
fbg:JoneAa00,Aaron Jones Sr.,RB,MIN,JoneAa00,,,,tb-cbs-fbg-refresh-20260812,2026-08-12T22:55:51.496Z,2026-08-12T22:55:51.496Z,tb26-ppr-6pt-pass-td-minus2-int-2pt-sack-50fg-v1,candidate_only,157.1,159.5,168.2,161.6,0,0,0,0,0,161.6,157.1,168.2,,,,,,,,,,,,,,,,,,,
fbg:JoneDa05,Daniel Jones,QB,IND,JoneDa05,,,,tb-cbs-fbg-refresh-20260812,2026-08-12T22:55:51.496Z,2026-08-12T22:55:51.496Z,tb26-ppr-6pt-pass-td-minus2-int-2pt-sack-50fg-v1,candidate_only,293.4,339,310.1,314,0,0,0,0,0,314,293.4,339,,,,,,,,,,,,,,,,,,,
fbg:GadsOr01,Oronde Gadsden,TE,LAC,GadsOr01,,,,tb-cbs-fbg-refresh-20260812,2026-08-12T22:55:51.496Z,2026-08-12T22:55:51.496Z,tb26-ppr-6pt-pass-td-minus2-int-2pt-sack-50fg-v1,candidate_only,114.2,133,118.8,121.9,0,0,0,0,0,121.9,114.2,133,,,,,,,,,,,,,,,,,,,
fbg:HelmGu00,Gunnar Helm,TE,TEN,HelmGu00,,,,tb-cbs-fbg-refresh-20260812,2026-08-12T22:55:51.496Z,2026-08-12T22:55:51.496Z,tb26-ppr-6pt-pass-td-minus2-int-2pt-sack-50fg-v1,candidate_only,114.2,99.4,111.4,108.4,0,0,0,0,0,108.4,99.4,114.2,,,,,,,,,,,,,,,,,,,
fbg:GodwCh00,Chris Godwin Jr.,WR,TB,GodwCh00,,,,tb-cbs-fbg-refresh-20260812,2026-08-12T22:55:51.496Z,2026-08-12T22:55:51.496Z,tb26-ppr-6pt-pass-td-minus2-int-2pt-sack-50fg-v1,candidate_only,173.1,195,175.4,181.1,0,0,0,0,0,181.1,173.1,195,,,,,,,,,,,,,,,,,,,
fbg:TysoJo00,Jordyn Tyson,WR,NO,TysoJo00,,,,tb-cbs-fbg-refresh-20260812,2026-08-12T22:55:51.496Z,2026-08-12T22:55:51.496Z,tb26-ppr-6pt-pass-td-minus2-int-2pt-sack-50fg-v1,candidate_only,171.5,168.4,172.3,170.7,0,0,0,0,0,170.7,168.4,172.3,,,,,,,,,,,,,,,,,,,
fbg:JohnQu01,Quentin Johnston,WR,LAC,JohnQu01,,,,tb-cbs-fbg-refresh-20260812,2026-08-12T22:55:51.496Z,2026-08-12T22:55:51.496Z,tb26-ppr-6pt-pass-td-minus2-int-2pt-sack-50fg-v1,candidate_only,168.2,188.9,169.8,175.6,0,0,0,0,0,175.6,168.2,188.9,,,,,,,,,,,,,,,,,,,
fbg:OttoCa00,Cade Otton,TE,TB,OttoCa00,,,,tb-cbs-fbg-refresh-20260812,2026-08-12T22:55:51.496Z,2026-08-12T22:55:51.496Z,tb26-ppr-6pt-pass-td-minus2-int-2pt-sack-50fg-v1,candidate_only,114.1,161.7,129,134.8,0,0,0,0,0,134.8,114.1,161.7,,,,,,,,,,,,,,,,,,,
fbg:sfoxxx99,San Francisco 49ers,DST,SF,sfoxxx99,,,,tb-cbs-fbg-refresh-20260812,2026-08-12T22:55:51.496Z,2026-08-12T22:55:51.496Z,tb26-ppr-6pt-pass-td-minus2-int-2pt-sack-50fg-v1,candidate_only,123.6,125.4,,124.5,0,0,0,0,0,124.5,123.6,125.4,,,,,,,,,,,,,,,,,,,
fbg:GoldMa00,Matthew Golden,WR,GB,GoldMa00,,,,tb-cbs-fbg-refresh-20260812,2026-08-12T22:55:51.496Z,2026-08-12T22:55:51.496Z,tb26-ppr-6pt-pass-td-minus2-int-2pt-sack-50fg-v1,candidate_only,172,146.2,155.7,158.1,0,0,0,0,0,158.1,146.2,172,,,,,,,,,,,,,,,,,,,
fbg:HarvRj00,RJ Harvey,RB,DEN,HarvRj00,,,,tb-cbs-fbg-refresh-20260812,2026-08-12T22:55:51.496Z,2026-08-12T22:55:51.496Z,tb26-ppr-6pt-pass-td-minus2-int-2pt-sack-50fg-v1,candidate_only,138.5,202.8,177.6,172.7,0,0,0,0,0,172.7,138.5,202.8,,,,,,,,,,,,,,,,,,,
fbg:ReedJa01,Jayden Reed,WR,GB,ReedJa01,,,,tb-cbs-fbg-refresh-20260812,2026-08-12T22:55:51.496Z,2026-08-12T22:55:51.496Z,tb26-ppr-6pt-pass-td-minus2-int-2pt-sack-50fg-v1,candidate_only,160.9,173.4,175.8,170,0,0,0,0,0,170,160.9,175.8,,,,,,,,,,,,,,,,,,,
fbg:MonaKy00,Kyle Monangai,RB,CHI,MonaKy00,,,,tb-cbs-fbg-refresh-20260812,2026-08-12T22:55:51.496Z,2026-08-12T22:55:51.496Z,tb26-ppr-6pt-pass-td-minus2-int-2pt-sack-50fg-v1,candidate_only,154,151.3,156.1,153.8,0,0,0,0,0,153.8,151.3,156.1,,,,,,,,,,,,,,,,,,,
fbg:DownJo00,Josh Downs,WR,IND,DownJo00,,,,tb-cbs-fbg-refresh-20260812,2026-08-12T22:55:51.496Z,2026-08-12T22:55:51.496Z,tb26-ppr-6pt-pass-td-minus2-int-2pt-sack-50fg-v1,candidate_only,167,184.1,174.2,175,0,0,0,0,0,175,167,184.1,,,,,,,,,,,,,,,,,,,
fbg:DobbJ.00,J.K. Dobbins,RB,DEN,DobbJ.00,,,,tb-cbs-fbg-refresh-20260812,2026-08-12T22:55:51.496Z,2026-08-12T22:55:51.496Z,tb26-ppr-6pt-pass-td-minus2-int-2pt-sack-50fg-v1,candidate_only,157.4,168.3,171,165.5,0,0,0,0,0,165.5,157.4,171,,,,,,,,,,,,,,,,,,,
fbg:AddiJo00,Jordan Addison,WR,MIN,AddiJo00,,,,tb-cbs-fbg-refresh-20260812,2026-08-12T22:55:51.496Z,2026-08-12T22:55:51.496Z,tb26-ppr-6pt-pass-td-minus2-int-2pt-sack-50fg-v1,candidate_only,160.2,172.3,169.1,167.2,0,0,0,0,0,167.2,160.2,172.3,,,,,,,,,,,,,,,,,,,
fbg:HubbCh00,Chuba Hubbard,RB,CAR,HubbCh00,,,,tb-cbs-fbg-refresh-20260812,2026-08-12T22:55:51.496Z,2026-08-12T22:55:51.496Z,tb26-ppr-6pt-pass-td-minus2-int-2pt-sack-50fg-v1,candidate_only,153.3,184,186.2,174.4,0,0,0,0,0,174.4,153.3,186.2,,,,,,,,,,,,,,,,,,,
fbg:DulcGr00,Greg Dulcich,TE,MIA,DulcGr00,,,,tb-cbs-fbg-refresh-20260812,2026-08-12T22:55:51.496Z,2026-08-12T22:55:51.496Z,tb26-ppr-6pt-pass-td-minus2-int-2pt-sack-50fg-v1,candidate_only,103.8,144.3,133.4,127,0,0,0,0,0,127,103.8,144.3,,,,,,,,,,,,,,,,,,,
fbg:HiggJa00,Jayden Higgins,WR,HOU,HiggJa00,,,,tb-cbs-fbg-refresh-20260812,2026-08-12T22:55:51.496Z,2026-08-12T22:55:51.496Z,tb26-ppr-6pt-pass-td-minus2-int-2pt-sack-50fg-v1,candidate_only,162.1,150.5,137.9,150.2,0,0,0,0,0,150.2,137.9,162.1,,,,,,,,,,,,,,,,,,,
fbg:MeyeJa00,Jakobi Meyers,WR,JAX,MeyeJa00,,,,tb-cbs-fbg-refresh-20260812,2026-08-12T22:55:51.496Z,2026-08-12T22:55:51.496Z,tb26-ppr-6pt-pass-td-minus2-int-2pt-sack-50fg-v1,candidate_only,155.5,177.6,185.8,172.9,0,0,0,0,0,172.9,155.5,185.8,,,,,,,,,,,,,,,,,,,
fbg:FergTe00,Terrance Ferguson,TE,LAR,FergTe00,,,,tb-cbs-fbg-refresh-20260812,2026-08-12T22:55:51.496Z,2026-08-12T22:55:51.496Z,tb26-ppr-6pt-pass-td-minus2-int-2pt-sack-50fg-v1,candidate_only,106.3,111.7,112.9,110.3,0,0,0,0,0,110.3,106.3,112.9,,,,,,,,,,,,,,,,,,,
fbg:SaulBe00,Ben Sauls,K,NYG,SaulBe00,,,,tb-cbs-fbg-refresh-20260812,2026-08-12T22:55:51.496Z,2026-08-12T22:55:51.496Z,tb26-ppr-6pt-pass-td-minus2-int-2pt-sack-50fg-v1,candidate_only,79.3,85,,82.1,0,0,0,0,0,82.1,79.3,85,,,,,,,,,,,,,,,,,,,
fbg:BrooJo00,Jonathon Brooks,RB,CAR,BrooJo00,,,,tb-cbs-fbg-refresh-20260812,2026-08-12T22:55:51.496Z,2026-08-12T22:55:51.496Z,tb26-ppr-6pt-pass-td-minus2-int-2pt-sack-50fg-v1,candidate_only,145.4,161,144.4,150.2,0,0,0,0,0,150.2,144.4,161,,,,,,,,,,,,,,,,,,,
fbg:NjokDa00,David Njoku,TE,LAC,NjokDa00,,,,tb-cbs-fbg-refresh-20260812,2026-08-12T22:55:51.496Z,2026-08-12T22:55:51.496Z,tb26-ppr-6pt-pass-td-minus2-int-2pt-sack-50fg-v1,candidate_only,78.7,117.1,90.3,95.2,0,0,0,0,0,95.2,78.7,117.1,,,,,,,,,,,,,,,,,,,
fbg:ShakKh00,Khalil Shakir,WR,BUF,ShakKh00,,,,tb-cbs-fbg-refresh-20260812,2026-08-12T22:55:51.496Z,2026-08-12T22:55:51.496Z,tb26-ppr-6pt-pass-td-minus2-int-2pt-sack-50fg-v1,candidate_only,149.8,154.3,171.4,158.5,0,0,0,0,0,158.5,149.8,171.4,,,,,,,,,,,,,,,,,,,
fbg:WillMa05,Malik Willis,QB,MIA,WillMa05,,,,tb-cbs-fbg-refresh-20260812,2026-08-12T22:55:51.496Z,2026-08-12T22:55:51.496Z,tb26-ppr-6pt-pass-td-minus2-int-2pt-sack-50fg-v1,candidate_only,277.1,329.2,292.4,299.4,0,0,0,0,0,299.4,277.1,329.2,,,,,,,,,,,,,,,,,,,
fbg:RodgAa00,Aaron Rodgers,QB,PIT,RodgAa00,,,,tb-cbs-fbg-refresh-20260812,2026-08-12T22:55:51.496Z,2026-08-12T22:55:51.496Z,tb26-ppr-6pt-pass-td-minus2-int-2pt-sack-50fg-v1,candidate_only,274.7,249.8,257,260.6,0,0,0,0,0,260.6,249.8,274.7,,,,,,,,,,,,,,,,,,,
fbg:GesiMi00,Mike Gesicki,TE,CIN,GesiMi00,,,,tb-cbs-fbg-refresh-20260812,2026-08-12T22:55:51.496Z,2026-08-12T22:55:51.496Z,tb26-ppr-6pt-pass-td-minus2-int-2pt-sack-50fg-v1,candidate_only,93.1,119.7,113.3,108.6,0,0,0,0,0,108.6,93.1,119.7,,,,,,,,,,,,,,,,,,,
fbg:WortXa00,Xavier Worthy,WR,KC,WortXa00,,,,tb-cbs-fbg-refresh-20260812,2026-08-12T22:55:51.496Z,2026-08-12T22:55:51.496Z,tb26-ppr-6pt-pass-td-minus2-int-2pt-sack-50fg-v1,candidate_only,153.3,159.6,167.5,160.1,0,0,0,0,0,160.1,153.3,167.5,,,,,,,,,,,,,,,,,,,
fbg:DarnSa00,Sam Darnold,QB,SEA,DarnSa00,,,,tb-cbs-fbg-refresh-20260812,2026-08-12T22:55:51.496Z,2026-08-12T22:55:51.496Z,tb26-ppr-6pt-pass-td-minus2-int-2pt-sack-50fg-v1,candidate_only,271.8,332.3,307.9,303.8,0,0,0,0,0,303.8,271.8,332.3,,,,,,,,,,,,,,,,,,,
fbg:ConcKC00,KC Concepcion,WR,CLE,ConcKC00,,,,tb-cbs-fbg-refresh-20260812,2026-08-12T22:55:51.496Z,2026-08-12T22:55:51.496Z,tb26-ppr-6pt-pass-td-minus2-int-2pt-sack-50fg-v1,candidate_only,144.4,157.9,144.8,149,0,0,0,0,0,149,144.4,157.9,,,,,,,,,,,,,,,,,,,
fbg:DoubRo00,Romeo Doubs,WR,NE,DoubRo00,,,,tb-cbs-fbg-refresh-20260812,2026-08-12T22:55:51.496Z,2026-08-12T22:55:51.496Z,tb26-ppr-6pt-pass-td-minus2-int-2pt-sack-50fg-v1,candidate_only,153.1,159.1,160.8,157.6,0,0,0,0,0,157.6,153.1,160.8,,,,,,,,,,,,,,,,,,,
fbg:EngrEv00,Evan Engram,TE,DEN,EngrEv00,,,,tb-cbs-fbg-refresh-20260812,2026-08-12T22:55:51.496Z,2026-08-12T22:55:51.496Z,tb26-ppr-6pt-pass-td-minus2-int-2pt-sack-50fg-v1,candidate_only,92.6,122.3,116.6,110.4,0,0,0,0,0,110.4,92.6,122.3,,,,,,,,,,,,,,,,,,,
fbg:LemoMa00,Makai Lemon,WR,PHI,LemoMa00,,,,tb-cbs-fbg-refresh-20260812,2026-08-12T22:55:51.496Z,2026-08-12T22:55:51.496Z,tb26-ppr-6pt-pass-td-minus2-int-2pt-sack-50fg-v1,candidate_only,138.3,147.8,162.3,149.4,0,0,0,0,0,149.4,138.3,162.3,,,,,,,,,,,,,,,,,,,
fbg:CrosJa00,Jacory Croskey-Merritt,RB,WAS,CrosJa00,,,,tb-cbs-fbg-refresh-20260812,2026-08-12T22:55:51.496Z,2026-08-12T22:55:51.496Z,tb26-ppr-6pt-pass-td-minus2-int-2pt-sack-50fg-v1,candidate_only,138.6,145.2,144.1,142.6,0,0,0,0,0,142.6,138.6,145.2,,,,,,,,,,,,,,,,,,,
cbs:3124276,Theo Wease Jr.,WR,MIA,,,,,tb-cbs-fbg-refresh-20260812,2026-08-12T22:55:51.496Z,2026-08-12T22:55:51.496Z,tb26-ppr-6pt-pass-td-minus2-int-2pt-sack-50fg-v1,candidate_only,,144.7,145.3,145,0,0,0,0,0,145,144.7,145.3,,,,,,,,,,,,,,,,,,,
fbg:YounBr01,Bryce Young,QB,CAR,YounBr01,,,,tb-cbs-fbg-refresh-20260812,2026-08-12T22:55:51.496Z,2026-08-12T22:55:51.496Z,tb26-ppr-6pt-pass-td-minus2-int-2pt-sack-50fg-v1,candidate_only,265.2,289,280.2,278,0,0,0,0,0,278,265.2,289,,,,,,,,,,,,,,,,,,,
fbg:CoruBl00,Blake Corum,RB,LAR,CoruBl00,,,,tb-cbs-fbg-refresh-20260812,2026-08-12T22:55:51.496Z,2026-08-12T22:55:51.496Z,tb26-ppr-6pt-pass-td-minus2-int-2pt-sack-50fg-v1,candidate_only,133.7,119.5,138.3,130.6,0,0,0,0,0,130.6,119.5,138.3,,,,,,,,,,,,,,,,,,,
fbg:CokeJa01,Jalen Coker,WR,CAR,CokeJa01,,,,tb-cbs-fbg-refresh-20260812,2026-08-12T22:55:51.496Z,2026-08-12T22:55:51.496Z,tb26-ppr-6pt-pass-td-minus2-int-2pt-sack-50fg-v1,candidate_only,145.5,157.7,153.3,152.1,0,0,0,0,0,152.1,145.5,157.7,,,,,,,,,,,,,,,,,,,
fbg:MasoJo00,Jordan Mason,RB,MIN,MasoJo00,,,,tb-cbs-fbg-refresh-20260812,2026-08-12T22:55:51.496Z,2026-08-12T22:55:51.496Z,tb26-ppr-6pt-pass-td-minus2-int-2pt-sack-50fg-v1,candidate_only,140.8,155.3,138.3,144.7,0,0,0,0,0,144.7,138.3,155.3,,,,,,,,,,,,,,,,,,,
fbg:CarlDa44,Daniel Carlson,K,FA,CarlDa44,,,,tb-cbs-fbg-refresh-20260812,2026-08-12T22:55:51.496Z,2026-08-12T22:55:51.496Z,tb26-ppr-6pt-pass-td-minus2-int-2pt-sack-50fg-v1,candidate_only,65.3,0,,33,0,0,0,0,0,33,0,65.3,,,,,,,,,,,,,,,,,,,
fbg:WardCa00,Cam Ward,QB,TEN,WardCa00,,,,tb-cbs-fbg-refresh-20260812,2026-08-12T22:55:51.496Z,2026-08-12T22:55:51.496Z,tb26-ppr-6pt-pass-td-minus2-int-2pt-sack-50fg-v1,candidate_only,259.5,277,261.2,265.8,0,0,0,0,0,265.8,259.5,277,,,,,,,,,,,,,,,,,,,
fbg:McMaBr44,Brandon McManus,K,FA,McMaBr44,,,,tb-cbs-fbg-refresh-20260812,2026-08-12T22:55:51.496Z,2026-08-12T22:55:51.496Z,tb26-ppr-6pt-pass-td-minus2-int-2pt-sack-50fg-v1,candidate_only,63.7,0,,32.2,0,0,0,0,0,32.2,0,63.7,,,,,,,,,,,,,,,,,,,
fbg:SpeaTy00,Tyjae Spears,RB,TEN,SpeaTy00,,,,tb-cbs-fbg-refresh-20260812,2026-08-12T22:55:51.496Z,2026-08-12T22:55:51.496Z,tb26-ppr-6pt-pass-td-minus2-int-2pt-sack-50fg-v1,candidate_only,127.5,144.3,136.4,136,0,0,0,0,0,136,127.5,144.3,,,,,,,,,,,,,,,,,,,
fbg:GrayNo00,Noah Gray,TE,KC,GrayNo00,,,,tb-cbs-fbg-refresh-20260812,2026-08-12T22:55:51.496Z,2026-08-12T22:55:51.496Z,tb26-ppr-6pt-pass-td-minus2-int-2pt-sack-50fg-v1,candidate_only,79,34.7,50.9,55,0,0,0,0,0,55,34.7,79,,,,,,,,,,,,,,,,,,,
fbg:JohnTh00,Theo Johnson,TE,NYG,JohnTh00,,,,tb-cbs-fbg-refresh-20260812,2026-08-12T22:55:51.496Z,2026-08-12T22:55:51.496Z,tb26-ppr-6pt-pass-td-minus2-int-2pt-sack-50fg-v1,candidate_only,70.5,100.4,76.3,82.3,0,0,0,0,0,82.3,70.5,100.4,,,,,,,,,,,,,,,,,,,
fbg:ParkCo00,Colby Parkinson,TE,LAR,ParkCo00,,,,tb-cbs-fbg-refresh-20260812,2026-08-12T22:55:51.496Z,2026-08-12T22:55:51.496Z,tb26-ppr-6pt-pass-td-minus2-int-2pt-sack-50fg-v1,candidate_only,76.4,117.5,91.9,95.1,0,0,0,0,0,95.1,76.4,117.5,,,,,,,,,,,,,,,,,,,
fbg:NailJa00,Jalen Nailor,WR,LV,NailJa00,,,,tb-cbs-fbg-refresh-20260812,2026-08-12T22:55:51.496Z,2026-08-12T22:55:51.496Z,tb26-ppr-6pt-pass-td-minus2-int-2pt-sack-50fg-v1,candidate_only,134.3,135.8,130,133.4,0,0,0,0,0,133.4,130,135.8,,,,,,,,,,,,,,,,,,,
fbg:BostDe00,Denzel Boston,WR,CLE,BostDe00,,,,tb-cbs-fbg-refresh-20260812,2026-08-12T22:55:51.496Z,2026-08-12T22:55:51.496Z,tb26-ppr-6pt-pass-td-minus2-int-2pt-sack-50fg-v1,candidate_only,138.2,157.9,125.5,140.5,0,0,0,0,0,140.5,125.5,157.9,,,,,,,,,,,,,,,,,,,
fbg:TuckTr00,Tre Tucker,WR,LV,TuckTr00,,,,tb-cbs-fbg-refresh-20260812,2026-08-12T22:55:51.496Z,2026-08-12T22:55:51.496Z,tb26-ppr-6pt-pass-td-minus2-int-2pt-sack-50fg-v1,candidate_only,135.1,145.4,142.6,141,0,0,0,0,0,141,135.1,145.4,,,,,,,,,,,,,,,,,,,
cbs:2804128,Marquise Brown,WR,PHI,,,,,tb-cbs-fbg-refresh-20260812,2026-08-12T22:55:51.496Z,2026-08-12T22:55:51.496Z,tb26-ppr-6pt-pass-td-minus2-int-2pt-sack-50fg-v1,candidate_only,,128.4,,128.4,0,0,0,0,0,128.4,128.4,128.4,Single premium source matched; carried forward,,,,,,,,,,,,,,,,,,
fbg:JeudJe00,Jerry Jeudy,WR,CLE,JeudJe00,,,,tb-cbs-fbg-refresh-20260812,2026-08-12T22:55:51.496Z,2026-08-12T22:55:51.496Z,tb26-ppr-6pt-pass-td-minus2-int-2pt-sack-50fg-v1,candidate_only,122.7,144.8,144.6,137.3,0,0,0,0,0,137.3,122.7,144.8,,,,,,,,,,,,,,,,,,,
fbg:ShahRa00,Rashid Shaheed,WR,SEA,ShahRa00,,,,tb-cbs-fbg-refresh-20260812,2026-08-12T22:55:51.496Z,2026-08-12T22:55:51.496Z,tb26-ppr-6pt-pass-td-minus2-int-2pt-sack-50fg-v1,candidate_only,126.2,172.8,157.3,151.9,0,0,0,0,0,151.9,126.2,172.8,,,,,,,,,,,,,,,,,,,
fbg:McMiJa00,Jalen McMillan,WR,TB,McMiJa00,,,,tb-cbs-fbg-refresh-20260812,2026-08-12T22:55:51.496Z,2026-08-12T22:55:51.496Z,tb26-ppr-6pt-pass-td-minus2-int-2pt-sack-50fg-v1,candidate_only,119.8,133.5,133.5,128.9,0,0,0,0,0,128.9,119.8,133.5,,,,,,,,,,,,,,,,,,,
fbg:SandJa00,Ja'Tavion Sanders,TE,CAR,SandJa00,,,,tb-cbs-fbg-refresh-20260812,2026-08-12T22:55:51.496Z,2026-08-12T22:55:51.496Z,tb26-ppr-6pt-pass-td-minus2-int-2pt-sack-50fg-v1,candidate_only,70.1,66.8,67.7,68.2,0,0,0,0,0,68.2,66.8,70.1,,,,,,,,,,,,,,,,,,,
fbg:TracTy00,Tyrone Tracy Jr.,RB,NYG,TracTy00,,,,tb-cbs-fbg-refresh-20260812,2026-08-12T22:55:51.496Z,2026-08-12T22:55:51.496Z,tb26-ppr-6pt-pass-td-minus2-int-2pt-sack-50fg-v1,candidate_only,116.2,144,119.4,126.4,0,0,0,0,0,126.4,116.2,144,,,,,,,,,,,,,,,,,,,
fbg:JennJa00,Jauan Jennings,WR,MIN,JennJa00,,,,tb-cbs-fbg-refresh-20260812,2026-08-12T22:55:51.496Z,2026-08-12T22:55:51.496Z,tb26-ppr-6pt-pass-td-minus2-int-2pt-sack-50fg-v1,candidate_only,117.3,152.2,134.2,134.4,0,0,0,0,0,134.4,117.3,152.2,,,,,,,,,,,,,,,,,,,
fbg:PachIs00,Isiah Pacheco,RB,DET,PachIs00,,,,tb-cbs-fbg-refresh-20260812,2026-08-12T22:55:51.496Z,2026-08-12T22:55:51.496Z,tb26-ppr-6pt-pass-td-minus2-int-2pt-sack-50fg-v1,candidate_only,105.8,124.5,115.9,115.3,0,0,0,0,0,115.3,105.8,124.5,,,,,,,,,,,,,,,,,,,
fbg:TaylMa01,Mason Taylor,TE,NYJ,TaylMa01,,,,tb-cbs-fbg-refresh-20260812,2026-08-12T22:55:51.496Z,2026-08-12T22:55:51.496Z,tb26-ppr-6pt-pass-td-minus2-int-2pt-sack-50fg-v1,candidate_only,67.6,125.9,97.8,96.9,0,0,0,0,0,96.9,67.6,125.9,,,,,,,,,,,,,,,,,,,
fbg:SampDy00,Dylan Sampson,RB,CLE,SampDy00,,,,tb-cbs-fbg-refresh-20260812,2026-08-12T22:55:51.496Z,2026-08-12T22:55:51.496Z,tb26-ppr-6pt-pass-td-minus2-int-2pt-sack-50fg-v1,candidate_only,101.4,119.8,107.6,109.5,0,0,0,0,0,109.5,101.4,119.8,,,,,,,,,,,,,,,,,,,
fbg:KmetCo00,Cole Kmet,TE,CHI,KmetCo00,,,,tb-cbs-fbg-refresh-20260812,2026-08-12T22:55:51.496Z,2026-08-12T22:55:51.496Z,tb26-ppr-6pt-pass-td-minus2-int-2pt-sack-50fg-v1,candidate_only,63.8,55.8,66,61.9,0,0,0,0,0,61.9,55.8,66,,,,,,,,,,,,,,,,,,,
fbg:MarkWo00,Woody Marks,RB,HOU,MarkWo00,,,,tb-cbs-fbg-refresh-20260812,2026-08-12T22:55:51.496Z,2026-08-12T22:55:51.496Z,tb26-ppr-6pt-pass-td-minus2-int-2pt-sack-50fg-v1,candidate_only,109.8,128.1,124.7,120.8,0,0,0,0,0,120.8,109.8,128.1,,,,,,,,,,,,,,,,,,,
fbg:CharZa00,Zach Charbonnet,RB,SEA,CharZa00,,,,tb-cbs-fbg-refresh-20260812,2026-08-12T22:55:51.496Z,2026-08-12T22:55:51.496Z,tb26-ppr-6pt-pass-td-minus2-int-2pt-sack-50fg-v1,candidate_only,117.8,124.6,123,121.8,0,0,0,0,0,121.8,117.8,124.6,,,,,,,,,,,,,,,,,,,
fbg:BateRa00,Rashod Bateman,WR,BAL,BateRa00,,,,tb-cbs-fbg-refresh-20260812,2026-08-12T22:55:51.496Z,2026-08-12T22:55:51.496Z,tb26-ppr-6pt-pass-td-minus2-int-2pt-sack-50fg-v1,candidate_only,118.3,159.9,133.6,137.1,0,0,0,0,0,137.1,118.3,159.9,,,,,,,,,,,,,,,,,,,
fbg:HigbTy01,Tyler Higbee,TE,LAR,HigbTy01,,,,tb-cbs-fbg-refresh-20260812,2026-08-12T22:55:51.496Z,2026-08-12T22:55:51.496Z,tb26-ppr-6pt-pass-td-minus2-int-2pt-sack-50fg-v1,candidate_only,59.7,113.3,71.2,81.2,0,0,0,0,0,81.2,59.7,113.3,,,,,,,,,,,,,,,,,,,
fbg:KnoxDa00,Dawson Knox,TE,BUF,KnoxDa00,,,,tb-cbs-fbg-refresh-20260812,2026-08-12T22:55:51.496Z,2026-08-12T22:55:51.496Z,tb26-ppr-6pt-pass-td-minus2-int-2pt-sack-50fg-v1,candidate_only,60.6,92.1,78.8,77,0,0,0,0,0,77,60.6,92.1,,,,,,,,,,,,,,,,,,,
fbg:KamaAl00,Alvin Kamara,RB,NO,KamaAl00,,,,tb-cbs-fbg-refresh-20260812,2026-08-12T22:55:51.496Z,2026-08-12T22:55:51.496Z,tb26-ppr-6pt-pass-td-minus2-int-2pt-sack-50fg-v1,candidate_only,112.2,143.9,131.6,129.1,0,0,0,0,0,129.1,112.2,143.9,,,,,,,,,,,,,,,,,,,
fbg:BrisJa00,Jacoby Brissett,QB,ARI,BrisJa00,,,,tb-cbs-fbg-refresh-20260812,2026-08-12T22:55:51.496Z,2026-08-12T22:55:51.496Z,tb26-ppr-6pt-pass-td-minus2-int-2pt-sack-50fg-v1,candidate_only,235.1,300.1,261.3,265.3,0,0,0,0,0,265.3,235.1,300.1,,,,,,,,,,,,,,,,,,,
fbg:RodrCh01,Chris Rodriguez Jr.,RB,JAX,RodrCh01,,,,tb-cbs-fbg-refresh-20260812,2026-08-12T22:55:51.496Z,2026-08-12T22:55:51.496Z,tb26-ppr-6pt-pass-td-minus2-int-2pt-sack-50fg-v1,candidate_only,102.9,118.3,95,105.3,0,0,0,0,0,105.3,95,118.3,,,,,,,,,,,,,,,,,,,
fbg:AllxEr00,Erick All Jr.,TE,CIN,AllxEr00,,,,tb-cbs-fbg-refresh-20260812,2026-08-12T22:55:51.496Z,2026-08-12T22:55:51.496Z,tb26-ppr-6pt-pass-td-minus2-int-2pt-sack-50fg-v1,candidate_only,59.7,76.9,58.3,64.9,0,0,0,0,0,64.9,58.3,76.9,,,,,,,,,,,,,,,,,,,
fbg:SmitGe01,Geno Smith,QB,NYJ,SmitGe01,,,,tb-cbs-fbg-refresh-20260812,2026-08-12T22:55:51.496Z,2026-08-12T22:55:51.496Z,tb26-ppr-6pt-pass-td-minus2-int-2pt-sack-50fg-v1,candidate_only,237.1,262.8,263.8,254.5,0,0,0,0,0,254.5,237.1,263.8,,,,,,,,,,,,,,,,,,,
fbg:MayeMi00,Michael Mayer,TE,LV,MayeMi00,,,,tb-cbs-fbg-refresh-20260812,2026-08-12T22:55:51.496Z,2026-08-12T22:55:51.496Z,tb26-ppr-6pt-pass-td-minus2-int-2pt-sack-50fg-v1,candidate_only,56.6,86,90.1,77.5,0,0,0,0,0,77.5,56.6,90.1,,,,,,,,,,,,,,,,,,,
fbg:StowEl00,Eli Stowers,TE,PHI,StowEl00,,,,tb-cbs-fbg-refresh-20260812,2026-08-12T22:55:51.496Z,2026-08-12T22:55:51.496Z,tb26-ppr-6pt-pass-td-minus2-int-2pt-sack-50fg-v1,candidate_only,45.8,71.6,53.8,57,0,0,0,0,0,57,45.8,71.6,,,,,,,,,,,,,,,,,,,
fbg:FantNo00,Noah Fant,TE,NO,FantNo00,,,,tb-cbs-fbg-refresh-20260812,2026-08-12T22:55:51.496Z,2026-08-12T22:55:51.496Z,tb26-ppr-6pt-pass-td-minus2-int-2pt-sack-50fg-v1,candidate_only,55.7,90.8,65.9,70.7,0,0,0,0,0,70.7,55.7,90.8,,,,,,,,,,,,,,,,,,,
fbg:ShraSp00,Spencer Shrader,K,IND,ShraSp00,,,,tb-cbs-fbg-refresh-20260812,2026-08-12T22:55:51.496Z,2026-08-12T22:55:51.496Z,tb26-ppr-6pt-pass-td-minus2-int-2pt-sack-50fg-v1,candidate_only,35.7,0,,18.1,0,0,0,0,0,18.1,0,35.7,,,,,,,,,,,,,,,,,,,
fbg:ArroEl00,Elijah Arroyo,TE,SEA,ArroEl00,,,,tb-cbs-fbg-refresh-20260812,2026-08-12T22:55:51.496Z,2026-08-12T22:55:51.496Z,tb26-ppr-6pt-pass-td-minus2-int-2pt-sack-50fg-v1,candidate_only,62.1,26.4,48.3,45.7,0,0,0,0,0,45.7,26.4,62.1,,,,,,,,,,,,,,,,,,,
fbg:WashMa01,Malik Washington,WR,MIA,WashMa01,,,,tb-cbs-fbg-refresh-20260812,2026-08-12T22:55:51.496Z,2026-08-12T22:55:51.496Z,tb26-ppr-6pt-pass-td-minus2-int-2pt-sack-50fg-v1,candidate_only,110.8,109.2,106.9,109,0,0,0,0,0,109,106.9,110.8,,,,,,,,,,,,,,,,,,,
fbg:CoopOm00,Omar Cooper Jr.,WR,NYJ,CoopOm00,,,,tb-cbs-fbg-refresh-20260812,2026-08-12T22:55:51.496Z,2026-08-12T22:55:51.496Z,tb26-ppr-6pt-pass-td-minus2-int-2pt-sack-50fg-v1,candidate_only,105.8,134.9,120.6,120.3,0,0,0,0,0,120.3,105.8,134.9,,,,,,,,,,,,,,,,,,,
fbg:RidlCa00,Calvin Ridley,WR,TEN,RidlCa00,,,,tb-cbs-fbg-refresh-20260812,2026-08-12T22:55:51.496Z,2026-08-12T22:55:51.496Z,tb26-ppr-6pt-pass-td-minus2-int-2pt-sack-50fg-v1,candidate_only,107,159.6,152.3,139.4,0,0,0,0,0,139.4,107,159.6,,,,,,,,,,,,,,,,,,,
fbg:AllgTy00,Tyler Allgeier,RB,ARI,AllgTy00,,,,tb-cbs-fbg-refresh-20260812,2026-08-12T22:55:51.496Z,2026-08-12T22:55:51.496Z,tb26-ppr-6pt-pass-td-minus2-int-2pt-sack-50fg-v1,candidate_only,99.4,98.7,96,98,0,0,0,0,0,98,96,99.4,,,,,,,,,,,,,,,,,,,
cbs:3123413,Bub Means,WR,NO,,,,,tb-cbs-fbg-refresh-20260812,2026-08-12T22:55:51.496Z,2026-08-12T22:55:51.496Z,tb26-ppr-6pt-pass-td-minus2-int-2pt-sack-50fg-v1,candidate_only,,105.7,106.2,106,0,0,0,0,0,106,105.7,106.2,,,,,,,,,,,,,,,,,,,
fbg:SamuDe00,Deebo Samuel Sr.,WR,SF,SamuDe00,,,,tb-cbs-fbg-refresh-20260812,2026-08-12T22:55:51.496Z,2026-08-12T22:55:51.496Z,tb26-ppr-6pt-pass-td-minus2-int-2pt-sack-50fg-v1,candidate_only,143.6,176,174.4,164.5,0,0,0,0,0,164.5,143.6,176,,,,,,,,,,,,,,,,,,,
fbg:ZvadDo00,Dominic Zvada,K,NYG,ZvadDo00,,,,tb-cbs-fbg-refresh-20260812,2026-08-12T22:55:51.496Z,2026-08-12T22:55:51.496Z,tb26-ppr-6pt-pass-td-minus2-int-2pt-sack-50fg-v1,candidate_only,5.8,30,,17.8,0,0,0,0,0,17.8,5.8,30,,,,,,,,,,,,,,,,,,,
fbg:FlouRy00,Ryan Flournoy,WR,DAL,FlouRy00,,,,tb-cbs-fbg-refresh-20260812,2026-08-12T22:55:51.496Z,2026-08-12T22:55:51.496Z,tb26-ppr-6pt-pass-td-minus2-int-2pt-sack-50fg-v1,candidate_only,112.2,81.6,89.6,94.6,0,0,0,0,0,94.6,81.6,112.2,,,,,,,,,,,,,,,,,,,
fbg:HillJu00,Justice Hill,RB,BAL,HillJu00,,,,tb-cbs-fbg-refresh-20260812,2026-08-12T22:55:51.496Z,2026-08-12T22:55:51.496Z,tb26-ppr-6pt-pass-td-minus2-int-2pt-sack-50fg-v1,candidate_only,88.9,116.1,116,106.9,0,0,0,0,0,106.9,88.9,116.1,,,,,,,,,,,,,,,,,,,
fbg:DellNa00,Tank Dell,WR,HOU,DellNa00,,,,tb-cbs-fbg-refresh-20260812,2026-08-12T22:55:51.496Z,2026-08-12T22:55:51.496Z,tb26-ppr-6pt-pass-td-minus2-int-2pt-sack-50fg-v1,candidate_only,104.4,177.4,141.1,140.7,0,0,0,0,0,140.7,104.4,177.4,,,,,,,,,,,,,,,,,,,
fbg:RobiBr01,Brian Robinson Jr,RB,ATL,RobiBr01,,,,tb-cbs-fbg-refresh-20260812,2026-08-12T22:55:51.496Z,2026-08-12T22:55:51.496Z,tb26-ppr-6pt-pass-td-minus2-int-2pt-sack-50fg-v1,candidate_only,90.8,91.4,92.7,91.6,0,0,0,0,0,91.6,90.8,92.7,,,,,,,,,,,,,,,,,,,
cbs:2867599,Connor Heyward,TE,LV,,,,,tb-cbs-fbg-refresh-20260812,2026-08-12T22:55:51.496Z,2026-08-12T22:55:51.496Z,tb26-ppr-6pt-pass-td-minus2-int-2pt-sack-50fg-v1,candidate_only,,46.3,36.3,41.3,0,0,0,0,0,41.3,36.3,46.3,,,,,,,,,,,,,,,,,,,
fbg:WashDa02,Darnell Washington,TE,PIT,WashDa02,,,,tb-cbs-fbg-refresh-20260812,2026-08-12T22:55:51.496Z,2026-08-12T22:55:51.496Z,tb26-ppr-6pt-pass-td-minus2-int-2pt-sack-50fg-v1,candidate_only,54.4,82.4,74.3,70.3,0,0,0,0,0,70.3,54.4,82.4,,,,,,,,,,,,,,,,,,,
fbg:DiggSt00,Stefon Diggs,WR,FA,DiggSt00,,,,tb-cbs-fbg-refresh-20260812,2026-08-12T22:55:51.496Z,2026-08-12T22:55:51.496Z,tb26-ppr-6pt-pass-td-minus2-int-2pt-sack-50fg-v1,candidate_only,160,167.5,,163.7,0,0,0,0,0,163.7,160,167.5,,,,,,,,,,,,,,,,,,,
fbg:StriDe00,De'Zhaun Stribling,WR,SF,StriDe00,,,,tb-cbs-fbg-refresh-20260812,2026-08-12T22:55:51.496Z,2026-08-12T22:55:51.496Z,tb26-ppr-6pt-pass-td-minus2-int-2pt-sack-50fg-v1,candidate_only,98.7,146.1,129,124.4,0,0,0,0,0,124.4,98.7,146.1,,,,,,,,,,,,,,,,,,,
fbg:HarrTr03,Tre' Harris,WR,LAC,HarrTr03,,,,tb-cbs-fbg-refresh-20260812,2026-08-12T22:55:51.496Z,2026-08-12T22:55:51.496Z,tb26-ppr-6pt-pass-td-minus2-int-2pt-sack-50fg-v1,candidate_only,116,58.9,89.5,88.3,0,0,0,0,0,88.3,58.9,116,,,,,,,,,,,,,,,,,,,
fbg:BoutKa00,Kayshon Boutte,WR,NE,BoutKa00,,,,tb-cbs-fbg-refresh-20260812,2026-08-12T22:55:51.496Z,2026-08-12T22:55:51.496Z,tb26-ppr-6pt-pass-td-minus2-int-2pt-sack-50fg-v1,candidate_only,106.3,132.5,105.6,114.7,0,0,0,0,0,114.7,105.6,132.5,,,,,,,,,,,,,,,,,,,
fbg:BernGe00,Germie Bernard,WR,PIT,BernGe00,,,,tb-cbs-fbg-refresh-20260812,2026-08-12T22:55:51.496Z,2026-08-12T22:55:51.496Z,tb26-ppr-6pt-pass-td-minus2-int-2pt-sack-50fg-v1,candidate_only,71.5,109.7,117.7,99.5,0,0,0,0,0,99.5,71.5,117.7,,,,,,,,,,,,,,,,,,,
fbg:KuppCo00,Cooper Kupp,WR,SEA,KuppCo00,,,,tb-cbs-fbg-refresh-20260812,2026-08-12T22:55:51.496Z,2026-08-12T22:55:51.496Z,tb26-ppr-6pt-pass-td-minus2-int-2pt-sack-50fg-v1,candidate_only,96.9,149.4,124.9,123.5,0,0,0,0,0,123.5,96.9,149.4,,,,,,,,,,,,,,,,,,,
fbg:KlarMa00,Max Klare,TE,LAR,KlarMa00,,,,tb-cbs-fbg-refresh-20260812,2026-08-12T22:55:51.496Z,2026-08-12T22:55:51.496Z,tb26-ppr-6pt-pass-td-minus2-int-2pt-sack-50fg-v1,candidate_only,40.6,29,20,29.9,0,0,0,0,0,29.9,20,40.6,,,,,,,,,,,,,,,,,,,
fbg:TeSlIs00,Isaac TeSlaa,WR,DET,TeSlIs00,,,,tb-cbs-fbg-refresh-20260812,2026-08-12T22:55:51.496Z,2026-08-12T22:55:51.496Z,tb26-ppr-6pt-pass-td-minus2-int-2pt-sack-50fg-v1,candidate_only,95.3,96.1,85,92.1,0,0,0,0,0,92.1,85,96.1,,,,,,,,,,,,,,,,,,,
fbg:AlleBr01,Braelon Allen,RB,NYJ,AlleBr01,,,,tb-cbs-fbg-refresh-20260812,2026-08-12T22:55:51.496Z,2026-08-12T22:55:51.496Z,tb26-ppr-6pt-pass-td-minus2-int-2pt-sack-50fg-v1,candidate_only,86.1,94.3,86.2,88.8,0,0,0,0,0,88.8,86.1,94.3,,,,,,,,,,,,,,,,,,,
fbg:EvanMi01,Mitchell Evans,TE,CAR,EvanMi01,,,,tb-cbs-fbg-refresh-20260812,2026-08-12T22:55:51.496Z,2026-08-12T22:55:51.496Z,tb26-ppr-6pt-pass-td-minus2-int-2pt-sack-50fg-v1,candidate_only,40.2,39.7,37.7,39.2,0,0,0,0,0,39.2,37.7,40.2,,,,,,,,,,,,,,,,,,,
fbg:TongJa00,Jake Tonges,TE,SF,TongJa00,,,,tb-cbs-fbg-refresh-20260812,2026-08-12T22:55:51.496Z,2026-08-12T22:55:51.496Z,tb26-ppr-6pt-pass-td-minus2-int-2pt-sack-50fg-v1,candidate_only,40.3,28.2,47.9,38.8,0,0,0,0,0,38.8,28.2,47.9,,,,,,,,,,,,,,,,,,,
fbg:MoonDa00,Darnell Mooney,WR,NYG,MoonDa00,,,,tb-cbs-fbg-refresh-20260812,2026-08-12T22:55:51.496Z,2026-08-12T22:55:51.496Z,tb26-ppr-6pt-pass-td-minus2-int-2pt-sack-50fg-v1,candidate_only,33.9,118.5,105.1,85.5,0,0,0,0,0,85.5,33.9,118.5,,,,,,,,,,,,,,,,,,,
cbs:2867325,Josh Palmer,WR,BUF,,,,,tb-cbs-fbg-refresh-20260812,2026-08-12T22:55:51.496Z,2026-08-12T22:55:51.496Z,tb26-ppr-6pt-pass-td-minus2-int-2pt-sack-50fg-v1,candidate_only,,94.6,,94.6,0,0,0,0,0,94.6,94.6,94.6,Single premium source matched; carried forward,,,,,,,,,,,,,,,,,,
fbg:TrauAd00,Adam Trautman,TE,DEN,TrauAd00,,,,tb-cbs-fbg-refresh-20260812,2026-08-12T22:55:51.496Z,2026-08-12T22:55:51.496Z,tb26-ppr-6pt-pass-td-minus2-int-2pt-sack-50fg-v1,candidate_only,40.8,66.2,47.8,51.5,0,0,0,0,0,51.5,40.8,66.2,,,,,,,,,,,,,,,,,,,
fbg:OlivJo00,Josh Oliver,TE,MIN,OlivJo00,,,,tb-cbs-fbg-refresh-20260812,2026-08-12T22:55:51.496Z,2026-08-12T22:55:51.496Z,tb26-ppr-6pt-pass-td-minus2-int-2pt-sack-50fg-v1,candidate_only,37.8,69.8,52.2,53.1,0,0,0,0,0,53.1,37.8,69.8,,,,,,,,,,,,,,,,,,,
fbg:WickDo00,Dontayvion Wicks,WR,PHI,WickDo00,,,,tb-cbs-fbg-refresh-20260812,2026-08-12T22:55:51.496Z,2026-08-12T22:55:51.496Z,tb26-ppr-6pt-pass-td-minus2-int-2pt-sack-50fg-v1,candidate_only,100.6,95.8,81,92.5,0,0,0,0,0,92.5,81,100.6,,,,,,,,,,,,,,,,,,,
fbg:BellDa03,Daniel Bellinger,TE,TEN,BellDa03,,,,tb-cbs-fbg-refresh-20260812,2026-08-12T22:55:51.496Z,2026-08-12T22:55:51.496Z,tb26-ppr-6pt-pass-td-minus2-int-2pt-sack-50fg-v1,candidate_only,34.8,76.3,51.7,54.1,0,0,0,0,0,54.1,34.8,76.3,,,,,,,,,,,,,,,,,,,
fbg:MitcAd00,Adonai Mitchell,WR,NYJ,MitcAd00,,,,tb-cbs-fbg-refresh-20260812,2026-08-12T22:55:51.496Z,2026-08-12T22:55:51.496Z,tb26-ppr-6pt-pass-td-minus2-int-2pt-sack-50fg-v1,candidate_only,92.2,76.7,124.3,97.8,0,0,0,0,0,97.8,76.7,124.3,,,,,,,,,,,,,,,,,,,
fbg:BigsTa00,Tank Bigsby,RB,PHI,BigsTa00,,,,tb-cbs-fbg-refresh-20260812,2026-08-12T22:55:51.496Z,2026-08-12T22:55:51.496Z,tb26-ppr-6pt-pass-td-minus2-int-2pt-sack-50fg-v1,candidate_only,87,100.5,67.6,85,0,0,0,0,0,85,67.6,100.5,,,,,,,,,,,,,,,,,,,
fbg:SampDr00,Drew Sample,TE,CIN,SampDr00,,,,tb-cbs-fbg-refresh-20260812,2026-08-12T22:55:51.496Z,2026-08-12T22:55:51.496Z,tb26-ppr-6pt-pass-td-minus2-int-2pt-sack-50fg-v1,candidate_only,33,28.5,33.8,31.8,0,0,0,0,0,31.8,28.5,33.8,,,,,,,,,,,,,,,,,,,
fbg:TremTo00,Tommy Tremble,TE,CAR,TremTo00,,,,tb-cbs-fbg-refresh-20260812,2026-08-12T22:55:51.496Z,2026-08-12T22:55:51.496Z,tb26-ppr-6pt-pass-td-minus2-int-2pt-sack-50fg-v1,candidate_only,33,66.5,63.8,54.3,0,0,0,0,0,54.3,33,66.5,,,,,,,,,,,,,,,,,,,
fbg:DelpOs00,Oscar Delp,TE,NO,DelpOs00,,,,tb-cbs-fbg-refresh-20260812,2026-08-12T22:55:51.496Z,2026-08-12T22:55:51.496Z,tb26-ppr-6pt-pass-td-minus2-int-2pt-sack-50fg-v1,candidate_only,32.4,27.4,8.8,22.9,0,0,0,0,0,22.9,8.8,32.4,,,,,,,,,,,,,,,,,,,
fbg:DotsJa00,Jahan Dotson,WR,ATL,DotsJa00,,,,tb-cbs-fbg-refresh-20260812,2026-08-12T22:55:51.496Z,2026-08-12T22:55:51.496Z,tb26-ppr-6pt-pass-td-minus2-int-2pt-sack-50fg-v1,candidate_only,88.9,54.6,75.5,73.1,0,0,0,0,0,73.1,54.6,88.9,,,,,,,,,,,,,,,,,,,
fbg:AiyuBr00,Brandon Aiyuk,WR,SF,AiyuBr00,,,,tb-cbs-fbg-refresh-20260812,2026-08-12T22:55:51.496Z,2026-08-12T22:55:51.496Z,tb26-ppr-6pt-pass-td-minus2-int-2pt-sack-50fg-v1,candidate_only,33.8,0,,17.1,0,0,0,0,0,17.1,0,33.8,,,,,,,,,,,,,,,,,,,
fbg:DougCa00,Caleb Douglas,WR,MIA,DougCa00,,,,tb-cbs-fbg-refresh-20260812,2026-08-12T22:55:51.496Z,2026-08-12T22:55:51.496Z,tb26-ppr-6pt-pass-td-minus2-int-2pt-sack-50fg-v1,candidate_only,87.8,94.2,87.9,89.9,0,0,0,0,0,89.9,87.8,94.2,,,,,,,,,,,,,,,,,,,
fbg:IosiAn00,Andrei Iosivas,WR,CIN,IosiAn00,,,,tb-cbs-fbg-refresh-20260812,2026-08-12T22:55:51.496Z,2026-08-12T22:55:51.496Z,tb26-ppr-6pt-pass-td-minus2-int-2pt-sack-50fg-v1,candidate_only,87.3,99.6,88.7,91.8,0,0,0,0,0,91.8,87.3,99.6,,,,,,,,,,,,,,,,,,,
cbs:2969073,Kevin Austin Jr.,WR,NO,,,,,tb-cbs-fbg-refresh-20260812,2026-08-12T22:55:51.496Z,2026-08-12T22:55:51.496Z,tb26-ppr-6pt-pass-td-minus2-int-2pt-sack-50fg-v1,candidate_only,,86.8,,86.8,0,0,0,0,0,86.8,86.8,86.8,Single premium source matched; carried forward,,,,,,,,,,,,,,,,,,
fbg:BrowDy00,Dyami Brown,WR,WAS,BrowDy00,,,,tb-cbs-fbg-refresh-20260812,2026-08-12T22:55:51.496Z,2026-08-12T22:55:51.496Z,tb26-ppr-6pt-pass-td-minus2-int-2pt-sack-50fg-v1,candidate_only,44.7,38.9,84.4,56,0,0,0,0,0,56,38.9,84.4,,,,,,,,,,,,,,,,,,,
fbg:MusgLu00,Luke Musgrave,TE,GB,MusgLu00,,,,tb-cbs-fbg-refresh-20260812,2026-08-12T22:55:51.496Z,2026-08-12T22:55:51.496Z,tb26-ppr-6pt-pass-td-minus2-int-2pt-sack-50fg-v1,candidate_only,31.6,63.5,50.1,48.3,0,0,0,0,0,48.3,31.6,63.5,,,,,,,,,,,,,,,,,,,
fbg:HiggEl00,Elijah Higgins,TE,ARI,HiggEl00,,,,tb-cbs-fbg-refresh-20260812,2026-08-12T22:55:51.496Z,2026-08-12T22:55:51.496Z,tb26-ppr-6pt-pass-td-minus2-int-2pt-sack-50fg-v1,candidate_only,31,47.4,45.2,41.1,0,0,0,0,0,41.1,31,47.4,,,,,,,,,,,,,,,,,,,
cbs:1871322,Nick Vannett,TE,LAR,,,,,tb-cbs-fbg-refresh-20260812,2026-08-12T22:55:51.496Z,2026-08-12T22:55:51.496Z,tb26-ppr-6pt-pass-td-minus2-int-2pt-sack-50fg-v1,candidate_only,,30.8,31.5,31.2,0,0,0,0,0,31.2,30.8,31.5,,,,,,,,,,,,,,,,,,,
fbg:BryaPa00,Pat Bryant,WR,DEN,BryaPa00,,,,tb-cbs-fbg-refresh-20260812,2026-08-12T22:55:51.496Z,2026-08-12T22:55:51.496Z,tb26-ppr-6pt-pass-td-minus2-int-2pt-sack-50fg-v1,candidate_only,93.5,58.9,72.4,75.1,0,0,0,0,0,75.1,58.9,93.5,,,,,,,,,,,,,,,,,,,
fbg:SinnBe00,Ben Sinnott,TE,WAS,SinnBe00,,,,tb-cbs-fbg-refresh-20260812,2026-08-12T22:55:51.496Z,2026-08-12T22:55:51.496Z,tb26-ppr-6pt-pass-td-minus2-int-2pt-sack-50fg-v1,candidate_only,30.9,35,31.8,32.6,0,0,0,0,0,32.6,30.9,35,,,,,,,,,,,,,,,,,,,
fbg:HoopAu00,Austin Hooper,TE,ATL,HoopAu00,,,,tb-cbs-fbg-refresh-20260812,2026-08-12T22:55:51.496Z,2026-08-12T22:55:51.496Z,tb26-ppr-6pt-pass-td-minus2-int-2pt-sack-50fg-v1,candidate_only,29,64.2,55.6,49.5,0,0,0,0,0,49.5,29,64.2,,,,,,,,,,,,,,,,,,,
cbs:2962073,Will Mallory,TE,IND,,,,,tb-cbs-fbg-refresh-20260812,2026-08-12T22:55:51.496Z,2026-08-12T22:55:51.496Z,tb26-ppr-6pt-pass-td-minus2-int-2pt-sack-50fg-v1,candidate_only,,29,29.5,29.3,0,0,0,0,0,29.3,29,29.5,,,,,,,,,,,,,,,,,,,
fbg:ThorTy00,Tyquan Thornton,WR,KC,ThorTy00,,,,tb-cbs-fbg-refresh-20260812,2026-08-12T22:55:51.496Z,2026-08-12T22:55:51.496Z,tb26-ppr-6pt-pass-td-minus2-int-2pt-sack-50fg-v1,candidate_only,97.8,107.1,92.8,99.2,0,0,0,0,0,99.2,92.8,107.1,,,,,,,,,,,,,,,,,,,
cbs:2818971,Anthony Firkser,TE,WAS,,,,,tb-cbs-fbg-refresh-20260812,2026-08-12T22:55:51.496Z,2026-08-12T22:55:51.496Z,tb26-ppr-6pt-pass-td-minus2-int-2pt-sack-50fg-v1,candidate_only,,28.4,,28.4,0,0,0,0,0,28.4,28.4,28.4,Single premium source matched; carried forward,,,,,,,,,,,,,,,,,,
cbs:2870478,Travis Vokolek,TE,ARI,,,,,tb-cbs-fbg-refresh-20260812,2026-08-12T22:55:51.496Z,2026-08-12T22:55:51.496Z,tb26-ppr-6pt-pass-td-minus2-int-2pt-sack-50fg-v1,candidate_only,,28.4,,28.4,0,0,0,0,0,28.4,28.4,28.4,Single premium source matched; carried forward,,,,,,,,,,,,,,,,,,
cbs:29164633,Dallen Bentley,TE,DEN,,,,,tb-cbs-fbg-refresh-20260812,2026-08-12T22:55:51.496Z,2026-08-12T22:55:51.496Z,tb26-ppr-6pt-pass-td-minus2-int-2pt-sack-50fg-v1,candidate_only,,28.4,28.5,28.5,0,0,0,0,0,28.5,28.4,28.5,,,,,,,,,,,,,,,,,,,
cbs:2965963,Teagan Quitoriano,TE,ARI,,,,,tb-cbs-fbg-refresh-20260812,2026-08-12T22:55:51.496Z,2026-08-12T22:55:51.496Z,tb26-ppr-6pt-pass-td-minus2-int-2pt-sack-50fg-v1,candidate_only,,28.4,,28.4,0,0,0,0,0,28.4,28.4,28.4,Single premium source matched; carried forward,,,,,,,,,,,,,,,,,,
cbs:3131519,Hayden Rucci,TE,SF,,,,,tb-cbs-fbg-refresh-20260812,2026-08-12T22:55:51.496Z,2026-08-12T22:55:51.496Z,tb26-ppr-6pt-pass-td-minus2-int-2pt-sack-50fg-v1,candidate_only,,28.4,29.8,29.1,0,0,0,0,0,29.1,28.4,29.8,,,,,,,,,,,,,,,,,,,
cbs:3165468,Rivaldo Fairweather,TE,ARI,,,,,tb-cbs-fbg-refresh-20260812,2026-08-12T22:55:51.496Z,2026-08-12T22:55:51.496Z,tb26-ppr-6pt-pass-td-minus2-int-2pt-sack-50fg-v1,candidate_only,,28.4,28.8,28.6,0,0,0,0,0,28.6,28.4,28.8,,,,,,,,,,,,,,,,,,,
fbg:BechJa00,Jack Bech,WR,LV,BechJa00,,,,tb-cbs-fbg-refresh-20260812,2026-08-12T22:55:51.496Z,2026-08-12T22:55:51.496Z,tb26-ppr-6pt-pass-td-minus2-int-2pt-sack-50fg-v1,candidate_only,57.8,59.2,82.5,66.5,0,0,0,0,0,66.5,57.8,82.5,,,,,,,,,,,,,,,,,,,
fbg:VeleDe00,Devaughn Vele,WR,NO,VeleDe00,,,,tb-cbs-fbg-refresh-20260812,2026-08-12T22:55:51.496Z,2026-08-12T22:55:51.496Z,tb26-ppr-6pt-pass-td-minus2-int-2pt-sack-50fg-v1,candidate_only,82.9,126.8,94,101.1,0,0,0,0,0,101.1,82.9,126.8,,,,,,,,,,,,,,,,,,,
cbs:29148608,Cam Grandy,TE,CIN,,,,,tb-cbs-fbg-refresh-20260812,2026-08-12T22:55:51.496Z,2026-08-12T22:55:51.496Z,tb26-ppr-6pt-pass-td-minus2-int-2pt-sack-50fg-v1,candidate_only,,27.8,29,28.4,0,0,0,0,0,28.4,27.8,29,,,,,,,,,,,,,,,,,,,
cbs:26695325,Zaire Mitchell-Paden,TE,NO,,,,,tb-cbs-fbg-refresh-20260812,2026-08-12T22:55:51.496Z,2026-08-12T22:55:51.496Z,tb26-ppr-6pt-pass-td-minus2-int-2pt-sack-50fg-v1,candidate_only,,27.4,27.7,27.6,0,0,0,0,0,27.6,27.4,27.7,,,,,,,,,,,,,,,,,,,
fbg:StevDr01,Drew Stevens,K,WAS,StevDr01,,,,tb-cbs-fbg-refresh-20260812,2026-08-12T22:55:51.496Z,2026-08-12T22:55:51.496Z,tb26-ppr-6pt-pass-td-minus2-int-2pt-sack-50fg-v1,candidate_only,8,0,,4,0,0,0,0,0,4,0,8,,,,,,,,,,,,,,,,,,,
fbg:JohnTy00,Ty Johnson,RB,BUF,JohnTy00,,,,tb-cbs-fbg-refresh-20260812,2026-08-12T22:55:51.496Z,2026-08-12T22:55:51.496Z,tb26-ppr-6pt-pass-td-minus2-int-2pt-sack-50fg-v1,candidate_only,62,103.3,96,86.9,0,0,0,0,0,86.9,62,103.3,,,,,,,,,,,,,,,,,,,
fbg:RariEl00,Eli Raridon,TE,NE,RariEl00,,,,tb-cbs-fbg-refresh-20260812,2026-08-12T22:55:51.496Z,2026-08-12T22:55:51.496Z,tb26-ppr-6pt-pass-td-minus2-int-2pt-sack-50fg-v1,candidate_only,27,55.8,46.2,42.9,0,0,0,0,0,42.9,27,55.8,,,,,,,,,,,,,,,,,,,
cbs:2961761,Lucas Krull,TE,DEN,,,,,tb-cbs-fbg-refresh-20260812,2026-08-12T22:55:51.496Z,2026-08-12T22:55:51.496Z,tb26-ppr-6pt-pass-td-minus2-int-2pt-sack-50fg-v1,candidate_only,,26.8,0,13.3,0,0,0,0,0,13.3,0,26.8,,,,,,,,,,,,,,,,,,,
fbg:MitcKe01,Keaton Mitchell,RB,LAC,MitcKe01,,,,tb-cbs-fbg-refresh-20260812,2026-08-12T22:55:51.496Z,2026-08-12T22:55:51.496Z,tb26-ppr-6pt-pass-td-minus2-int-2pt-sack-50fg-v1,candidate_only,96.9,77.5,70.5,81.7,0,0,0,0,0,81.7,70.5,96.9,,,,,,,,,,,,,,,,,,,
fbg:PeriSa00,Samaje Perine,RB,CIN,PeriSa00,,,,tb-cbs-fbg-refresh-20260812,2026-08-12T22:55:51.496Z,2026-08-12T22:55:51.496Z,tb26-ppr-6pt-pass-td-minus2-int-2pt-sack-50fg-v1,candidate_only,75.4,91.2,96.6,87.7,0,0,0,0,0,87.7,75.4,96.6,,,,,,,,,,,,,,,,,,,
cbs:2260697,Tanner Conner,TE,NYG,,,,,tb-cbs-fbg-refresh-20260812,2026-08-12T22:55:51.496Z,2026-08-12T22:55:51.496Z,tb26-ppr-6pt-pass-td-minus2-int-2pt-sack-50fg-v1,candidate_only,,26.4,27.3,26.9,0,0,0,0,0,26.9,26.4,27.3,,,,,,,,,,,,,,,,,,,
fbg:YorkCa44,Cade York,K,NYJ,YorkCa44,,,,tb-cbs-fbg-refresh-20260812,2026-08-12T22:55:51.496Z,2026-08-12T22:55:51.496Z,tb26-ppr-6pt-pass-td-minus2-int-2pt-sack-50fg-v1,candidate_only,6.9,0,,3.5,0,0,0,0,0,3.5,0,6.9,,,,,,,,,,,,,,,,,,,
fbg:WrigBr00,Brock Wright,TE,DET,WrigBr00,,,,tb-cbs-fbg-refresh-20260812,2026-08-12T22:55:51.496Z,2026-08-12T22:55:51.496Z,tb26-ppr-6pt-pass-td-minus2-int-2pt-sack-50fg-v1,candidate_only,25.1,82.2,50.7,52.5,0,0,0,0,0,52.5,25.1,82.2,,,,,,,,,,,,,,,,,,,
cbs:2183713,Donald Parham Jr.,TE,PIT,,,,,tb-cbs-fbg-refresh-20260812,2026-08-12T22:55:51.496Z,2026-08-12T22:55:51.496Z,tb26-ppr-6pt-pass-td-minus2-int-2pt-sack-50fg-v1,candidate_only,,24.8,,24.8,0,0,0,0,0,24.8,24.8,24.8,Single premium source matched; carried forward,,,,,,,,,,,,,,,,,,
cbs:2253359,Ian Thomas,TE,LV,,,,,tb-cbs-fbg-refresh-20260812,2026-08-12T22:55:51.496Z,2026-08-12T22:55:51.496Z,tb26-ppr-6pt-pass-td-minus2-int-2pt-sack-50fg-v1,candidate_only,,24.8,8.6,16.7,0,0,0,0,0,16.7,8.6,24.8,,,,,,,,,,,,,,,,,,,
cbs:28875704,Jaren Kanak,TE,TEN,,,,,tb-cbs-fbg-refresh-20260812,2026-08-12T22:55:51.496Z,2026-08-12T22:55:51.496Z,tb26-ppr-6pt-pass-td-minus2-int-2pt-sack-50fg-v1,candidate_only,,24.8,25.6,25.2,0,0,0,0,0,25.2,24.8,25.6,,,,,,,,,,,,,,,,,,,
cbs:2963243,Zack Kuntz,TE,MIA,,,,,tb-cbs-fbg-refresh-20260812,2026-08-12T22:55:51.496Z,2026-08-12T22:55:51.496Z,tb26-ppr-6pt-pass-td-minus2-int-2pt-sack-50fg-v1,candidate_only,,30,,30,0,0,0,0,0,30,30,30,Single premium source matched; carried forward,,,,,,,,,,,,,,,,,,
cbs:3169583,Jaheim Bell,TE,PIT,,,,,tb-cbs-fbg-refresh-20260812,2026-08-12T22:55:51.496Z,2026-08-12T22:55:51.496Z,tb26-ppr-6pt-pass-td-minus2-int-2pt-sack-50fg-v1,candidate_only,,24.8,,24.8,0,0,0,0,0,24.8,24.8,24.8,Single premium source matched; carried forward,,,,,,,,,,,,,,,,,,
fbg:LegeXa00,Xavier Legette,WR,CAR,LegeXa00,,,,tb-cbs-fbg-refresh-20260812,2026-08-12T22:55:51.496Z,2026-08-12T22:55:51.496Z,tb26-ppr-6pt-pass-td-minus2-int-2pt-sack-50fg-v1,candidate_only,79.7,80.3,111.8,90.6,0,0,0,0,0,90.6,79.7,111.8,,,,,,,,,,,,,,,,,,,
fbg:SmytDu00,Durham Smythe,TE,BAL,SmytDu00,,,,tb-cbs-fbg-refresh-20260812,2026-08-12T22:55:51.496Z,2026-08-12T22:55:51.496Z,tb26-ppr-6pt-pass-td-minus2-int-2pt-sack-50fg-v1,candidate_only,24.6,21.2,23.2,23,0,0,0,0,0,23,21.2,24.6,,,,,,,,,,,,,,,,,,,
fbg:HuntTr00,Travis Hunter,WR,JAX,HuntTr00,,,,tb-cbs-fbg-refresh-20260812,2026-08-12T22:55:51.496Z,2026-08-12T22:55:51.496Z,tb26-ppr-6pt-pass-td-minus2-int-2pt-sack-50fg-v1,candidate_only,83.8,61.9,111.9,85.9,0,0,0,0,0,85.9,61.9,111.9,,,,,,,,,,,,,,,,,,,
fbg:KolaCh00,Charlie Kolar,TE,LAC,KolaCh00,,,,tb-cbs-fbg-refresh-20260812,2026-08-12T22:55:51.496Z,2026-08-12T22:55:51.496Z,tb26-ppr-6pt-pass-td-minus2-int-2pt-sack-50fg-v1,candidate_only,32.5,82,55,56.3,0,0,0,0,0,56.3,32.5,82,,,,,,,,,,,,,,,,,,,
fbg:KleiMa00,Marlin Klein,TE,HOU,KleiMa00,,,,tb-cbs-fbg-refresh-20260812,2026-08-12T22:55:51.496Z,2026-08-12T22:55:51.496Z,tb26-ppr-6pt-pass-td-minus2-int-2pt-sack-50fg-v1,candidate_only,24,79,44.5,49,0,0,0,0,0,49,24,79,,,,,,,,,,,,,,,,,,,
cbs:2167520,Chris Manhertz,TE,NYG,,,,,tb-cbs-fbg-refresh-20260812,2026-08-12T22:55:51.496Z,2026-08-12T22:55:51.496Z,tb26-ppr-6pt-pass-td-minus2-int-2pt-sack-50fg-v1,candidate_only,,23.5,14.1,18.8,0,0,0,0,0,18.8,14.1,23.5,,,,,,,,,,,,,,,,,,,
cbs:2961855,Cole Turner,TE,MIA,,,,,tb-cbs-fbg-refresh-20260812,2026-08-12T22:55:51.496Z,2026-08-12T22:55:51.496Z,tb26-ppr-6pt-pass-td-minus2-int-2pt-sack-50fg-v1,candidate_only,,23.8,0,11.8,0,0,0,0,0,11.8,0,23.8,,,,,,,,,,,,,,,,,,,
cbs:2975736,John FitzPatrick,TE,GB,,,,,tb-cbs-fbg-refresh-20260812,2026-08-12T22:55:51.496Z,2026-08-12T22:55:51.496Z,tb26-ppr-6pt-pass-td-minus2-int-2pt-sack-50fg-v1,candidate_only,,23.8,,23.8,0,0,0,0,0,23.8,23.8,23.8,Single premium source matched; carried forward,,,,,,,,,,,,,,,,,,
cbs:3168310,Drake Dabney,TE,GB,,,,,tb-cbs-fbg-refresh-20260812,2026-08-12T22:55:51.496Z,2026-08-12T22:55:51.496Z,tb26-ppr-6pt-pass-td-minus2-int-2pt-sack-50fg-v1,candidate_only,,23.8,24.4,24.1,0,0,0,0,0,24.1,23.8,24.4,,,,,,,,,,,,,,,,,,,
fbg:AlieMo00,Mo Alie-Cox,TE,IND,AlieMo00,,,,tb-cbs-fbg-refresh-20260812,2026-08-12T22:55:51.496Z,2026-08-12T22:55:51.496Z,tb26-ppr-6pt-pass-td-minus2-int-2pt-sack-50fg-v1,candidate_only,24,0,27.1,17.1,0,0,0,0,0,17.1,0,27.1,,,,,,,,,,,,,,,,,,,
cbs:29184228,Carter Runyon,TE,LV,,,,,tb-cbs-fbg-refresh-20260812,2026-08-12T22:55:51.496Z,2026-08-12T22:55:51.496Z,tb26-ppr-6pt-pass-td-minus2-int-2pt-sack-50fg-v1,candidate_only,,23.2,,23.2,0,0,0,0,0,23.2,23.2,23.2,Single premium source matched; carried forward,,,,,,,,,,,,,,,,,,
fbg:WestNi00,Nick Westbrook-Ikhine,WR,IND,WestNi00,,,,tb-cbs-fbg-refresh-20260812,2026-08-12T22:55:51.496Z,2026-08-12T22:55:51.496Z,tb26-ppr-6pt-pass-td-minus2-int-2pt-sack-50fg-v1,candidate_only,77.2,58.4,60.3,65.4,0,0,0,0,0,65.4,58.4,77.2,,,,,,,,,,,,,,,,,,,
fbg:MatsKa00,Kansei Matsuzawa,K,LV,MatsKa00,,,,tb-cbs-fbg-refresh-20260812,2026-08-12T22:55:51.496Z,2026-08-12T22:55:51.496Z,tb26-ppr-6pt-pass-td-minus2-int-2pt-sack-50fg-v1,candidate_only,1.9,0,,1,0,0,0,0,0,1,0,1.9,,,,,,,,,,,,,,,,,,,
cbs:2239763,Ko Kieft,TE,TB,,,,,tb-cbs-fbg-refresh-20260812,2026-08-12T22:55:51.496Z,2026-08-12T22:55:51.496Z,tb26-ppr-6pt-pass-td-minus2-int-2pt-sack-50fg-v1,candidate_only,,21.2,9.1,15.1,0,0,0,0,0,15.1,9.1,21.2,,,,,,,,,,,,,,,,,,,
cbs:26725942,Andrew Ogletree,TE,IND,,,,,tb-cbs-fbg-refresh-20260812,2026-08-12T22:55:51.496Z,2026-08-12T22:55:51.496Z,tb26-ppr-6pt-pass-td-minus2-int-2pt-sack-50fg-v1,candidate_only,,21.2,9,15.1,0,0,0,0,0,15.1,9,21.2,,,,,,,,,,,,,,,,,,,
fbg:HavrLu44,Lucas Havrisik,K,FA,HavrLu44,,,,tb-cbs-fbg-refresh-20260812,2026-08-12T22:55:51.496Z,2026-08-12T22:55:51.496Z,tb26-ppr-6pt-pass-td-minus2-int-2pt-sack-50fg-v1,candidate_only,1.4,0,,0.7,0,0,0,0,0,0.7,0,1.4,,,,,,,,,,,,,,,,,,,
fbg:ColeKE02,Kevin Coleman Jr.,WR,MIA,ColeKE02,,,,tb-cbs-fbg-refresh-20260812,2026-08-12T22:55:51.496Z,2026-08-12T22:55:51.496Z,tb26-ppr-6pt-pass-td-minus2-int-2pt-sack-50fg-v1,candidate_only,59.1,26.1,52,45.9,0,0,0,0,0,45.9,26.1,59.1,,,,,,,,,,,,,,,,,,,
fbg:SchoLu00,Luke Schoonmaker,TE,DAL,SchoLu00,,,,tb-cbs-fbg-refresh-20260812,2026-08-12T22:55:51.496Z,2026-08-12T22:55:51.496Z,tb26-ppr-6pt-pass-td-minus2-int-2pt-sack-50fg-v1,candidate_only,11.9,33,30.8,25.2,0,0,0,0,0,25.2,11.9,33,,,,,,,,,,,,,,,,,,,
fbg:KartJo00,Joshua Karty,K,FA,KartJo00,,,,tb-cbs-fbg-refresh-20260812,2026-08-12T22:55:51.496Z,2026-08-12T22:55:51.496Z,tb26-ppr-6pt-pass-td-minus2-int-2pt-sack-50fg-v1,candidate_only,0.6,0,,0.3,0,0,0,0,0,0.3,0,0.6,,,,,,,,,,,,,,,,,,,
fbg:PratMa44,Matt Prater,K,FA,PratMa44,,,,tb-cbs-fbg-refresh-20260812,2026-08-12T22:55:51.496Z,2026-08-12T22:55:51.496Z,tb26-ppr-6pt-pass-td-minus2-int-2pt-sack-50fg-v1,candidate_only,0.6,0,,0.3,0,0,0,0,0,0.3,0,0.6,,,,,,,,,,,,,,,,,,,
fbg:GanoGr44,Graham Gano,K,FA,GanoGr44,,,,tb-cbs-fbg-refresh-20260812,2026-08-12T22:55:51.496Z,2026-08-12T22:55:51.496Z,tb26-ppr-6pt-pass-td-minus2-int-2pt-sack-50fg-v1,candidate_only,0.5,0,,0.3,0,0,0,0,0,0.3,0,0.5,,,,,,,,,,,,,,,,,,,
fbg:JohnEm00,Emmett Johnson,RB,KC,JohnEm00,,,,tb-cbs-fbg-refresh-20260812,2026-08-12T22:55:51.496Z,2026-08-12T22:55:51.496Z,tb26-ppr-6pt-pass-td-minus2-int-2pt-sack-50fg-v1,candidate_only,41.7,22.3,34.6,32.9,0,0,0,0,0,32.9,22.3,41.7,,,,,,,,,,,,,,,,,,,
fbg:HibnMa00,Matt Hibner,TE,BAL,HibnMa00,,,,tb-cbs-fbg-refresh-20260812,2026-08-12T22:55:51.496Z,2026-08-12T22:55:51.496Z,tb26-ppr-6pt-pass-td-minus2-int-2pt-sack-50fg-v1,candidate_only,15.2,47.7,,31.3,0,0,0,0,0,31.3,15.2,47.7,,,,,,,,,,,,,,,,,,,
fbg:ZaccOl00,Olamide Zaccheaus,WR,ATL,ZaccOl00,,,,tb-cbs-fbg-refresh-20260812,2026-08-12T22:55:51.496Z,2026-08-12T22:55:51.496Z,tb26-ppr-6pt-pass-td-minus2-int-2pt-sack-50fg-v1,candidate_only,55.8,107.1,69.4,77.2,0,0,0,0,0,77.2,55.8,107.1,,,,,,,,,,,,,,,,,,,
fbg:SimsBe00,Ben Sims,TE,MIA,SimsBe00,,,,tb-cbs-fbg-refresh-20260812,2026-08-12T22:55:51.496Z,2026-08-12T22:55:51.496Z,tb26-ppr-6pt-pass-td-minus2-int-2pt-sack-50fg-v1,candidate_only,17.9,72.9,45.1,45.1,0,0,0,0,0,45.1,17.9,72.9,,,,,,,,,,,,,,,,,,,
fbg:TolbJa00,Jalen Tolbert,WR,MIA,TolbJa00,,,,tb-cbs-fbg-refresh-20260812,2026-08-12T22:55:51.496Z,2026-08-12T22:55:51.496Z,tb26-ppr-6pt-pass-td-minus2-int-2pt-sack-50fg-v1,candidate_only,80.8,83,89.8,84.5,0,0,0,0,0,84.5,80.8,89.8,,,,,,,,,,,,,,,,,,,
fbg:BourKe00,Kendrick Bourne,WR,ARI,BourKe00,,,,tb-cbs-fbg-refresh-20260812,2026-08-12T22:55:51.496Z,2026-08-12T22:55:51.496Z,tb26-ppr-6pt-pass-td-minus2-int-2pt-sack-50fg-v1,candidate_only,73.3,86.5,50.5,70.1,0,0,0,0,0,70.1,50.5,86.5,,,,,,,,,,,,,,,,,,,
fbg:HillTy00,Tyreek Hill,WR,FA,HillTy00,,,,tb-cbs-fbg-refresh-20260812,2026-08-12T22:55:51.496Z,2026-08-12T22:55:51.496Z,tb26-ppr-6pt-pass-td-minus2-int-2pt-sack-50fg-v1,candidate_only,31,0,,15.7,0,0,0,0,0,15.7,0,31,,,,,,,,,,,,,,,,,,,
fbg:NoelJa00,Jaylin Noel,WR,HOU,NoelJa00,,,,tb-cbs-fbg-refresh-20260812,2026-08-12T22:55:51.496Z,2026-08-12T22:55:51.496Z,tb26-ppr-6pt-pass-td-minus2-int-2pt-sack-50fg-v1,candidate_only,70.5,74.6,74.1,73.1,0,0,0,0,0,73.1,70.5,74.6,,,,,,,,,,,,,,,,,,,
fbg:BoerNa00,Nate Boerkircher,TE,JAX,BoerNa00,,,,tb-cbs-fbg-refresh-20260812,2026-08-12T22:55:51.496Z,2026-08-12T22:55:51.496Z,tb26-ppr-6pt-pass-td-minus2-int-2pt-sack-50fg-v1,candidate_only,18.5,54.1,37.3,36.5,0,0,0,0,0,36.5,18.5,54.1,,,,,,,,,,,,,,,,,,,
cbs:3117113,Tom Kennedy,WR,DET,,,,,tb-cbs-fbg-refresh-20260812,2026-08-12T22:55:51.496Z,2026-08-12T22:55:51.496Z,tb26-ppr-6pt-pass-td-minus2-int-2pt-sack-50fg-v1,candidate_only,,71.4,,71.4,0,0,0,0,0,71.4,71.4,71.4,Single premium source matched; carried forward,,,,,,,,,,,,,,,,,,
fbg:SpanBr00,Brevyn Spann-Ford,TE,DAL,SpanBr00,,,,tb-cbs-fbg-refresh-20260812,2026-08-12T22:55:51.496Z,2026-08-12T22:55:51.496Z,tb26-ppr-6pt-pass-td-minus2-int-2pt-sack-50fg-v1,candidate_only,23.8,27.4,9.4,20.2,0,0,0,0,0,20.2,9.4,27.4,,,,,,,,,,,,,,,,,,,
fbg:DurhPa00,Payne Durham,TE,TB,DurhPa00,,,,tb-cbs-fbg-refresh-20260812,2026-08-12T22:55:51.496Z,2026-08-12T22:55:51.496Z,tb26-ppr-6pt-pass-td-minus2-int-2pt-sack-50fg-v1,candidate_only,16.9,22.8,20.4,20,0,0,0,0,0,20,16.9,22.8,,,,,,,,,,,,,,,,,,,
fbg:StovCa00,Cade Stover,TE,HOU,StovCa00,,,,tb-cbs-fbg-refresh-20260812,2026-08-12T22:55:51.496Z,2026-08-12T22:55:51.496Z,tb26-ppr-6pt-pass-td-minus2-int-2pt-sack-50fg-v1,candidate_only,9.5,34.7,33.2,25.7,0,0,0,0,0,25.7,9.5,34.7,,,,,,,,,,,,,,,,,,,
fbg:StolJa00,Jack Stoll,TE,CLE,StolJa00,,,,tb-cbs-fbg-refresh-20260812,2026-08-12T22:55:51.496Z,2026-08-12T22:55:51.496Z,tb26-ppr-6pt-pass-td-minus2-int-2pt-sack-50fg-v1,candidate_only,14.2,25.8,7.8,15.9,0,0,0,0,0,15.9,7.8,25.8,,,,,,,,,,,,,,,,,,,
fbg:BlueJa01,Jaydon Blue,RB,DAL,BlueJa01,,,,tb-cbs-fbg-refresh-20260812,2026-08-12T22:55:51.496Z,2026-08-12T22:55:51.496Z,tb26-ppr-6pt-pass-td-minus2-int-2pt-sack-50fg-v1,candidate_only,72,19.7,46.5,46.3,0,0,0,0,0,46.3,19.7,72,,,,,,,,,,,,,,,,,,,
fbg:TagoTu00,Tua Tagovailoa,QB,ATL,TagoTu00,,,,tb-cbs-fbg-refresh-20260812,2026-08-12T22:55:51.496Z,2026-08-12T22:55:51.496Z,tb26-ppr-6pt-pass-td-minus2-int-2pt-sack-50fg-v1,candidate_only,185,263.5,187.8,211.8,0,0,0,0,0,211.8,185,263.5,,,,,,,,,,,,,,,,,,,
cbs:2787078,Jelani Woods,TE,NYJ,,,,,tb-cbs-fbg-refresh-20260812,2026-08-12T22:55:51.496Z,2026-08-12T22:55:51.496Z,tb26-ppr-6pt-pass-td-minus2-int-2pt-sack-50fg-v1,candidate_only,,15.9,0,7.9,0,0,0,0,0,7.9,0,15.9,,,,,,,,,,,,,,,,,,,
cbs:2964419,Blake Whiteheart,TE,CLE,,,,,tb-cbs-fbg-refresh-20260812,2026-08-12T22:55:51.496Z,2026-08-12T22:55:51.496Z,tb26-ppr-6pt-pass-td-minus2-int-2pt-sack-50fg-v1,candidate_only,,15.9,0,7.9,0,0,0,0,0,7.9,0,15.9,,,,,,,,,,,,,,,,,,,
fbg:ColeKe01,Keon Coleman,WR,BUF,ColeKe01,,,,tb-cbs-fbg-refresh-20260812,2026-08-12T22:55:51.496Z,2026-08-12T22:55:51.496Z,tb26-ppr-6pt-pass-td-minus2-int-2pt-sack-50fg-v1,candidate_only,73.3,63.2,59.4,65.3,0,0,0,0,0,65.3,59.4,73.3,,,,,,,,,,,,,,,,,,,
fbg:JolyJu00,Justin Joly,TE,DEN,JolyJu00,,,,tb-cbs-fbg-refresh-20260812,2026-08-12T22:55:51.496Z,2026-08-12T22:55:51.496Z,tb26-ppr-6pt-pass-td-minus2-int-2pt-sack-50fg-v1,candidate_only,17.6,28.4,19.3,21.7,0,0,0,0,0,21.7,17.6,28.4,,,,,,,,,,,,,,,,,,,
fbg:WhylJo00,Josh Whyle,TE,GB,WhylJo00,,,,tb-cbs-fbg-refresh-20260812,2026-08-12T22:55:51.496Z,2026-08-12T22:55:51.496Z,tb26-ppr-6pt-pass-td-minus2-int-2pt-sack-50fg-v1,candidate_only,15.6,23.8,23.6,21,0,0,0,0,0,21,15.6,23.8,,,,,,,,,,,,,,,,,,,
fbg:AtweTu00,Tutu Atwell,WR,MIA,AtweTu00,,,,tb-cbs-fbg-refresh-20260812,2026-08-12T22:55:51.496Z,2026-08-12T22:55:51.496Z,tb26-ppr-6pt-pass-td-minus2-int-2pt-sack-50fg-v1,candidate_only,66,76.8,53.9,65.5,0,0,0,0,0,65.5,53.9,76.8,,,,,,,,,,,,,,,,,,,
fbg:HaweJa00,Jackson Hawes,TE,BUF,HaweJa00,,,,tb-cbs-fbg-refresh-20260812,2026-08-12T22:55:51.496Z,2026-08-12T22:55:51.496Z,tb26-ppr-6pt-pass-td-minus2-int-2pt-sack-50fg-v1,candidate_only,15.4,34,30.5,26.6,0,0,0,0,0,26.6,15.4,34,,,,,,,,,,,,,,,,,,,
fbg:MoreFo00,Foster Moreau,TE,HOU,MoreFo00,,,,tb-cbs-fbg-refresh-20260812,2026-08-12T22:55:51.496Z,2026-08-12T22:55:51.496Z,tb26-ppr-6pt-pass-td-minus2-int-2pt-sack-50fg-v1,candidate_only,15.2,35,27.7,25.9,0,0,0,0,0,25.9,15.2,35,,,,,,,,,,,,,,,,,,,
fbg:WalkDe01,Devontez Walker,WR,BAL,WalkDe01,,,,tb-cbs-fbg-refresh-20260812,2026-08-12T22:55:51.496Z,2026-08-12T22:55:51.496Z,tb26-ppr-6pt-pass-td-minus2-int-2pt-sack-50fg-v1,candidate_only,57.3,68.4,35.2,53.6,0,0,0,0,0,53.6,35.2,68.4,,,,,,,,,,,,,,,,,,,
fbg:LloyMa00,MarShawn Lloyd,RB,GB,LloyMa00,,,,tb-cbs-fbg-refresh-20260812,2026-08-12T22:55:51.496Z,2026-08-12T22:55:51.496Z,tb26-ppr-6pt-pass-td-minus2-int-2pt-sack-50fg-v1,candidate_only,72.1,21.4,43.5,45.9,0,0,0,0,0,45.9,21.4,72.1,,,,,,,,,,,,,,,,,,,
fbg:RuckJe00,Jeremy Ruckert,TE,NYJ,RuckJe00,,,,tb-cbs-fbg-refresh-20260812,2026-08-12T22:55:51.496Z,2026-08-12T22:55:51.496Z,tb26-ppr-6pt-pass-td-minus2-int-2pt-sack-50fg-v1,candidate_only,8.7,57.7,42.1,36,0,0,0,0,0,36,8.7,57.7,,,,,,,,,,,,,,,,,,,
fbg:RousSa00,Sam Roush,TE,CHI,RousSa00,,,,tb-cbs-fbg-refresh-20260812,2026-08-12T22:55:51.496Z,2026-08-12T22:55:51.496Z,tb26-ppr-6pt-pass-td-minus2-int-2pt-sack-50fg-v1,candidate_only,14.7,26.4,17.5,19.5,0,0,0,0,0,19.5,14.7,26.4,,,,,,,,,,,,,,,,,,,
fbg:KacmWi00,Will Kacmarek,TE,MIA,KacmWi00,,,,tb-cbs-fbg-refresh-20260812,2026-08-12T22:55:51.496Z,2026-08-12T22:55:51.496Z,tb26-ppr-6pt-pass-td-minus2-int-2pt-sack-50fg-v1,candidate_only,13.9,83.3,61.9,52.8,0,0,0,0,0,52.8,13.9,83.3,,,,,,,,,,,,,,,,,,,
fbg:FarrLu00,Luke Farrell,TE,SF,FarrLu00,,,,tb-cbs-fbg-refresh-20260812,2026-08-12T22:55:51.496Z,2026-08-12T22:55:51.496Z,tb26-ppr-6pt-pass-td-minus2-int-2pt-sack-50fg-v1,candidate_only,12.6,15.9,10.1,12.9,0,0,0,0,0,12.9,10.1,15.9,,,,,,,,,,,,,,,,,,,
fbg:BrooCh01,Chris Brooks,RB,GB,BrooCh01,,,,tb-cbs-fbg-refresh-20260812,2026-08-12T22:55:51.496Z,2026-08-12T22:55:51.496Z,tb26-ppr-6pt-pass-td-minus2-int-2pt-sack-50fg-v1,candidate_only,47.3,89.8,66.9,67.8,0,0,0,0,0,67.8,47.3,89.8,,,,,,,,,,,,,,,,,,,
fbg:DaviRa02,Ray Davis,RB,BUF,DaviRa02,,,,tb-cbs-fbg-refresh-20260812,2026-08-12T22:55:51.496Z,2026-08-12T22:55:51.496Z,tb26-ppr-6pt-pass-td-minus2-int-2pt-sack-50fg-v1,candidate_only,66.1,19.6,36.2,40.8,0,0,0,0,0,40.8,19.6,66.1,,,,,,,,,,,,,,,,,,,
fbg:WashMi00,Mike Washington Jr.,RB,LV,WashMi00,,,,tb-cbs-fbg-refresh-20260812,2026-08-12T22:55:51.496Z,2026-08-12T22:55:51.496Z,tb26-ppr-6pt-pass-td-minus2-int-2pt-sack-50fg-v1,candidate_only,55.6,100.8,77.4,77.8,0,0,0,0,0,77.8,55.6,100.8,,,,,,,,,,,,,,,,,,,
fbg:SaubEr00,Eric Saubert,TE,SEA,SaubEr00,,,,tb-cbs-fbg-refresh-20260812,2026-08-12T22:55:51.496Z,2026-08-12T22:55:51.496Z,tb26-ppr-6pt-pass-td-minus2-int-2pt-sack-50fg-v1,candidate_only,9.8,0,8.6,6.2,0,0,0,0,0,6.2,0,9.8,,,,,,,,,,,,,,,,,,,
fbg:ConkTy00,Tyler Conklin,TE,DET,ConkTy00,,,,tb-cbs-fbg-refresh-20260812,2026-08-12T22:55:51.496Z,2026-08-12T22:55:51.496Z,tb26-ppr-6pt-pass-td-minus2-int-2pt-sack-50fg-v1,candidate_only,11.1,19.9,9.3,13.4,0,0,0,0,0,13.4,9.3,19.9,,,,,,,,,,,,,,,,,,,
fbg:HolaGe01,George Holani,RB,SEA,HolaGe01,,,,tb-cbs-fbg-refresh-20260812,2026-08-12T22:55:51.496Z,2026-08-12T22:55:51.496Z,tb26-ppr-6pt-pass-td-minus2-int-2pt-sack-50fg-v1,candidate_only,51.8,22.7,41,38.6,0,0,0,0,0,38.6,22.7,51.8,,,,,,,,,,,,,,,,,,,
fbg:BateJo00,John Bates,TE,WAS,BateJo00,,,,tb-cbs-fbg-refresh-20260812,2026-08-12T22:55:51.496Z,2026-08-12T22:55:51.496Z,tb26-ppr-6pt-pass-td-minus2-int-2pt-sack-50fg-v1,candidate_only,6.6,50.4,43.5,33.3,0,0,0,0,0,33.3,6.6,50.4,,,,,,,,,,,,,,,,,,,
cbs:2864800,Stone Smartt,TE,PHI,,,,,tb-cbs-fbg-refresh-20260812,2026-08-12T22:55:51.496Z,2026-08-12T22:55:51.496Z,tb26-ppr-6pt-pass-td-minus2-int-2pt-sack-50fg-v1,candidate_only,,10.5,,10.5,0,0,0,0,0,10.5,10.5,10.5,Single premium source matched; carried forward,,,,,,,,,,,,,,,,,,
fbg:WoerCh00,Charlie Woerner,TE,ATL,WoerCh00,,,,tb-cbs-fbg-refresh-20260812,2026-08-12T22:55:51.496Z,2026-08-12T22:55:51.496Z,tb26-ppr-6pt-pass-td-minus2-int-2pt-sack-50fg-v1,candidate_only,10.5,53.1,30.8,31.3,0,0,0,0,0,31.3,10.5,53.1,,,,,,,,,,,,,,,,,,,
fbg:AdkiNa00,Nate Adkins,TE,DEN,AdkiNa00,,,,tb-cbs-fbg-refresh-20260812,2026-08-12T22:55:51.496Z,2026-08-12T22:55:51.496Z,tb26-ppr-6pt-pass-td-minus2-int-2pt-sack-50fg-v1,candidate_only,10,44.4,31.5,28.5,0,0,0,0,0,28.5,10,44.4,,,,,,,,,,,,,,,,,,,
fbg:SlayDa00,Darius Slayton,WR,NYG,SlayDa00,,,,tb-cbs-fbg-refresh-20260812,2026-08-12T22:55:51.496Z,2026-08-12T22:55:51.496Z,tb26-ppr-6pt-pass-td-minus2-int-2pt-sack-50fg-v1,candidate_only,60.2,117.9,100.5,92.6,0,0,0,0,0,92.6,60.2,117.9,,,,,,,,,,,,,,,,,,,
fbg:FranTr00,Troy Franklin,WR,DEN,FranTr00,,,,tb-cbs-fbg-refresh-20260812,2026-08-12T22:55:51.496Z,2026-08-12T22:55:51.496Z,tb26-ppr-6pt-pass-td-minus2-int-2pt-sack-50fg-v1,candidate_only,60.8,149.5,96.4,101.9,0,0,0,0,0,101.9,60.8,149.5,,,,,,,,,,,,,,,,,,,
cbs:2866424,Tylan Wallace,WR,CLE,,,,,tb-cbs-fbg-refresh-20260812,2026-08-12T22:55:51.496Z,2026-08-12T22:55:51.496Z,tb26-ppr-6pt-pass-td-minus2-int-2pt-sack-50fg-v1,candidate_only,,61.2,,61.2,0,0,0,0,0,61.2,61.2,61.2,Single premium source matched; carried forward,,,,,,,,,,,,,,,,,,
fbg:ReimTi00,Tip Reiman,TE,ARI,ReimTi00,,,,tb-cbs-fbg-refresh-20260812,2026-08-12T22:55:51.496Z,2026-08-12T22:55:51.496Z,tb26-ppr-6pt-pass-td-minus2-int-2pt-sack-50fg-v1,candidate_only,9.2,26.8,8.4,14.7,0,0,0,0,0,14.7,8.4,26.8,,,,,,,,,,,,,,,,,,,
fbg:WillAn02,Antonio Williams,WR,WAS,WillAn02,,,,tb-cbs-fbg-refresh-20260812,2026-08-12T22:55:51.496Z,2026-08-12T22:55:51.496Z,tb26-ppr-6pt-pass-td-minus2-int-2pt-sack-50fg-v1,candidate_only,43.8,130.3,125.7,99.6,0,0,0,0,0,99.6,43.8,130.3,,,,,,,,,,,,,,,,,,,
fbg:WileJa00,Jared Wiley,TE,KC,WileJa00,,,,tb-cbs-fbg-refresh-20260812,2026-08-12T22:55:51.496Z,2026-08-12T22:55:51.496Z,tb26-ppr-6pt-pass-td-minus2-int-2pt-sack-50fg-v1,candidate_only,9.2,25.8,,17.4,0,0,0,0,0,17.4,9.2,25.8,,,,,,,,,,,,,,,,,,,
cbs:26688308,Shane Zylstra,TE,BUF,,,,,tb-cbs-fbg-refresh-20260812,2026-08-12T22:55:51.496Z,2026-08-12T22:55:51.496Z,tb26-ppr-6pt-pass-td-minus2-int-2pt-sack-50fg-v1,candidate_only,,8.9,,8.9,0,0,0,0,0,8.9,8.9,8.9,Single premium source matched; carried forward,,,,,,,,,,,,,,,,,,
fbg:AlleDa01,Davis Allen,TE,LAR,AlleDa01,,,,tb-cbs-fbg-refresh-20260812,2026-08-12T22:55:51.496Z,2026-08-12T22:55:51.496Z,tb26-ppr-6pt-pass-td-minus2-int-2pt-sack-50fg-v1,candidate_only,8.9,67.8,44,40,0,0,0,0,0,40,8.9,67.8,,,,,,,,,,,,,,,,,,,
fbg:HudsTa00,Tanner Hudson,TE,CIN,HudsTa00,,,,tb-cbs-fbg-refresh-20260812,2026-08-12T22:55:51.496Z,2026-08-12T22:55:51.496Z,tb26-ppr-6pt-pass-td-minus2-int-2pt-sack-50fg-v1,candidate_only,6.5,22.2,29.3,19.3,0,0,0,0,0,19.3,6.5,29.3,,,,,,,,,,,,,,,,,,,
fbg:GalbJJ00,JJ Galbreath,TE,PIT,GalbJJ00,,,,tb-cbs-fbg-refresh-20260812,2026-08-12T22:55:51.496Z,2026-08-12T22:55:51.496Z,tb26-ppr-6pt-pass-td-minus2-int-2pt-sack-50fg-v1,candidate_only,2.6,0,,1.3,0,0,0,0,0,1.3,0,2.6,,,,,,,,,,,,,,,,,,,
fbg:BateBr00,Brenden Bates,TE,CLE,BateBr00,,,,tb-cbs-fbg-refresh-20260812,2026-08-12T22:55:51.496Z,2026-08-12T22:55:51.496Z,tb26-ppr-6pt-pass-td-minus2-int-2pt-sack-50fg-v1,candidate_only,4.7,19.4,,12,0,0,0,0,0,12,4.7,19.4,,,,,,,,,,,,,,,,,,,
fbg:CalcGr00,Grant Calcaterra,TE,PHI,CalcGr00,,,,tb-cbs-fbg-refresh-20260812,2026-08-12T22:55:51.496Z,2026-08-12T22:55:51.496Z,tb26-ppr-6pt-pass-td-minus2-int-2pt-sack-50fg-v1,candidate_only,6.1,56.1,28.5,30,0,0,0,0,0,30,6.1,56.1,,,,,,,,,,,,,,,,,,,
fbg:JameJo02,Jordan James,RB,SF,JameJo02,,,,tb-cbs-fbg-refresh-20260812,2026-08-12T22:55:51.496Z,2026-08-12T22:55:51.496Z,tb26-ppr-6pt-pass-td-minus2-int-2pt-sack-50fg-v1,candidate_only,51.1,121.4,92,87.9,0,0,0,0,0,87.9,51.1,121.4,,,,,,,,,,,,,,,,,,,
fbg:KoziTa00,Tanner Koziol,TE,JAX,KoziTa00,,,,tb-cbs-fbg-refresh-20260812,2026-08-12T22:55:51.496Z,2026-08-12T22:55:51.496Z,tb26-ppr-6pt-pass-td-minus2-int-2pt-sack-50fg-v1,candidate_only,7.3,26.4,9.4,14.3,0,0,0,0,0,14.3,7.3,26.4,,,,,,,,,,,,,,,,,,,
cbs:3162481,Mitchell Tinsley,WR,CIN,,,,,tb-cbs-fbg-refresh-20260812,2026-08-12T22:55:51.496Z,2026-08-12T22:55:51.496Z,tb26-ppr-6pt-pass-td-minus2-int-2pt-sack-50fg-v1,candidate_only,,61.5,,61.5,0,0,0,0,0,61.5,61.5,61.5,Single premium source matched; carried forward,,,,,,,,,,,,,,,,,,
fbg:YuroBe00,Ben Yurosek,TE,MIN,YuroBe00,,,,tb-cbs-fbg-refresh-20260812,2026-08-12T22:55:51.496Z,2026-08-12T22:55:51.496Z,tb26-ppr-6pt-pass-td-minus2-int-2pt-sack-50fg-v1,candidate_only,7.2,0,,3.6,0,0,0,0,0,3.6,0,7.2,,,,,,,,,,,,,,,,,,,
fbg:AlleLe01,LeQuint Allen Jr.,RB,JAX,AlleLe01,,,,tb-cbs-fbg-refresh-20260812,2026-08-12T22:55:51.496Z,2026-08-12T22:55:51.496Z,tb26-ppr-6pt-pass-td-minus2-int-2pt-sack-50fg-v1,candidate_only,56.4,39.3,45.7,47.2,0,0,0,0,0,47.2,39.3,56.4,,,,,,,,,,,,,,,,,,,
fbg:CulpDe00,Devin Culp,TE,TB,CulpDe00,,,,tb-cbs-fbg-refresh-20260812,2026-08-12T22:55:51.496Z,2026-08-12T22:55:51.496Z,tb26-ppr-6pt-pass-td-minus2-int-2pt-sack-50fg-v1,candidate_only,6.5,33.4,17.4,19,0,0,0,0,0,19,6.5,33.4,,,,,,,,,,,,,,,,,,,
fbg:MorrQu00,Quintin Morris,TE,JAX,MorrQu00,,,,tb-cbs-fbg-refresh-20260812,2026-08-12T22:55:51.496Z,2026-08-12T22:55:51.496Z,tb26-ppr-6pt-pass-td-minus2-int-2pt-sack-50fg-v1,candidate_only,6.8,0,0,2.3,0,0,0,0,0,2.3,0,6.8,,,,,,,,,,,,,,,,,,,
fbg:BartGa00,Gavin Bartholomew,TE,MIN,BartGa00,,,,tb-cbs-fbg-refresh-20260812,2026-08-12T22:55:51.496Z,2026-08-12T22:55:51.496Z,tb26-ppr-6pt-pass-td-minus2-int-2pt-sack-50fg-v1,candidate_only,6.5,0,,3.3,0,0,0,0,0,3.3,0,6.5,,,,,,,,,,,,,,,,,,,
fbg:VidaKi00,Kimani Vidal,RB,LAC,VidaKi00,,,,tb-cbs-fbg-refresh-20260812,2026-08-12T22:55:51.496Z,2026-08-12T22:55:51.496Z,tb26-ppr-6pt-pass-td-minus2-int-2pt-sack-50fg-v1,candidate_only,64.2,81.7,61,68.9,0,0,0,0,0,68.9,61,81.7,,,,,,,,,,,,,,,,,,,
fbg:MimsMa00,Marvin Mims Jr.,WR,DEN,MimsMa00,,,,tb-cbs-fbg-refresh-20260812,2026-08-12T22:55:51.496Z,2026-08-12T22:55:51.496Z,tb26-ppr-6pt-pass-td-minus2-int-2pt-sack-50fg-v1,candidate_only,53.4,78,66.5,65.9,0,0,0,0,0,65.9,53.4,78,,,,,,,,,,,,,,,,,,,
cbs:2961827,Colson Yankoff,TE,WAS,,,,,tb-cbs-fbg-refresh-20260812,2026-08-12T22:55:51.496Z,2026-08-12T22:55:51.496Z,tb26-ppr-6pt-pass-td-minus2-int-2pt-sack-50fg-v1,candidate_only,,5.3,,5.3,0,0,0,0,0,5.3,5.3,5.3,Single premium source matched; carried forward,,,,,,,,,,,,,,,,,,
fbg:WrigJa04,Jaylen Wright,RB,MIA,WrigJa04,,,,tb-cbs-fbg-refresh-20260812,2026-08-12T22:55:51.496Z,2026-08-12T22:55:51.496Z,tb26-ppr-6pt-pass-td-minus2-int-2pt-sack-50fg-v1,candidate_only,39.4,56.3,50.4,48.6,0,0,0,0,0,48.6,39.4,56.3,,,,,,,,,,,,,,,,,,,
fbg:FidoTh00,Thomas Fidone II,TE,NYG,FidoTh00,,,,tb-cbs-fbg-refresh-20260812,2026-08-12T22:55:51.496Z,2026-08-12T22:55:51.496Z,tb26-ppr-6pt-pass-td-minus2-int-2pt-sack-50fg-v1,candidate_only,4.4,26.2,26.1,18.8,0,0,0,0,0,18.8,4.4,26.2,,,,,,,,,,,,,,,,,,,
fbg:McKeSe00,Sean McKeon,TE,IND,McKeSe00,,,,tb-cbs-fbg-refresh-20260812,2026-08-12T22:55:51.496Z,2026-08-12T22:55:51.496Z,tb26-ppr-6pt-pass-td-minus2-int-2pt-sack-50fg-v1,candidate_only,5,0,,2.5,0,0,0,0,0,2.5,0,5,,,,,,,,,,,,,,,,,,,
fbg:BlacKa00,Kaelon Black,RB,SF,BlacKa00,,,,tb-cbs-fbg-refresh-20260812,2026-08-12T22:55:51.496Z,2026-08-12T22:55:51.496Z,tb26-ppr-6pt-pass-td-minus2-int-2pt-sack-50fg-v1,candidate_only,52,114.8,72.8,79.6,0,0,0,0,0,79.6,52,114.8,,,,,,,,,,,,,,,,,,,
fbg:TurpKa00,KaVontae Turpin,WR,DAL,TurpKa00,,,,tb-cbs-fbg-refresh-20260812,2026-08-12T22:55:51.496Z,2026-08-12T22:55:51.496Z,tb26-ppr-6pt-pass-td-minus2-int-2pt-sack-50fg-v1,candidate_only,63.2,73,63.2,66.4,0,0,0,0,0,66.4,63.2,73,,,,,,,,,,,,,,,,,,,
cbs:2964293,Jack Westover,TE,NE,,,,,tb-cbs-fbg-refresh-20260812,2026-08-12T22:55:51.496Z,2026-08-12T22:55:51.496Z,tb26-ppr-6pt-pass-td-minus2-int-2pt-sack-50fg-v1,candidate_only,,4.4,,4.4,0,0,0,0,0,4.4,4.4,4.4,Single premium source matched; carried forward,,,,,,,,,,,,,,,,,,
fbg:RoyeJo00,Joe Royer,TE,CLE,RoyeJo00,,,,tb-cbs-fbg-refresh-20260812,2026-08-12T22:55:51.496Z,2026-08-12T22:55:51.496Z,tb26-ppr-6pt-pass-td-minus2-int-2pt-sack-50fg-v1,candidate_only,4.1,23.8,15.8,14.5,0,0,0,0,0,14.5,4.1,23.8,,,,,,,,,,,,,,,,,,,
cbs:3165078,Jalen Brooks,WR,ARI,,,,,tb-cbs-fbg-refresh-20260812,2026-08-12T22:55:51.496Z,2026-08-12T22:55:51.496Z,tb26-ppr-6pt-pass-td-minus2-int-2pt-sack-50fg-v1,candidate_only,,62.4,0,31,0,0,0,0,0,31,0,62.4,,,,,,,,,,,,,,,,,,,
cbs:26727130,Max Bredeson,TE,MIN,,,,,tb-cbs-fbg-refresh-20260812,2026-08-12T22:55:51.496Z,2026-08-12T22:55:51.496Z,tb26-ppr-6pt-pass-td-minus2-int-2pt-sack-50fg-v1,candidate_only,,4,,4,0,0,0,0,0,4,4,4,Single premium source matched; carried forward,,,,,,,,,,,,,,,,,,
fbg:GranKy00,Kylen Granson,TE,TEN,GranKy00,,,,tb-cbs-fbg-refresh-20260812,2026-08-12T22:55:51.496Z,2026-08-12T22:55:51.496Z,tb26-ppr-6pt-pass-td-minus2-int-2pt-sack-50fg-v1,candidate_only,4.1,23.2,,13.5,0,0,0,0,0,13.5,4.1,23.2,,,,,,,,,,,,,,,,,,,
fbg:TraoSe00,Seydou Traore,TE,MIA,TraoSe00,,,,tb-cbs-fbg-refresh-20260812,2026-08-12T22:55:51.496Z,2026-08-12T22:55:51.496Z,tb26-ppr-6pt-pass-td-minus2-int-2pt-sack-50fg-v1,candidate_only,3.9,23.8,23.7,17.1,0,0,0,0,0,17.1,3.9,23.8,,,,,,,,,,,,,,,,,,,
fbg:EndrJa00,Jack Endries,TE,CIN,EndrJa00,,,,tb-cbs-fbg-refresh-20260812,2026-08-12T22:55:51.496Z,2026-08-12T22:55:51.496Z,tb26-ppr-6pt-pass-td-minus2-int-2pt-sack-50fg-v1,candidate_only,3.7,31,31.2,21.9,0,0,0,0,0,21.9,3.7,31.2,,,,,,,,,,,,,,,,,,,
fbg:BellCh01,Chris Bell,WR,MIA,BellCh01,,,,tb-cbs-fbg-refresh-20260812,2026-08-12T22:55:51.496Z,2026-08-12T22:55:51.496Z,tb26-ppr-6pt-pass-td-minus2-int-2pt-sack-50fg-v1,candidate_only,56.6,76.4,88.5,73.8,0,0,0,0,0,73.8,56.6,88.5,,,,,,,,,,,,,,,,,,,
cbs:3175781,Riley Nowakowski,TE,PIT,,,,,tb-cbs-fbg-refresh-20260812,2026-08-12T22:55:51.496Z,2026-08-12T22:55:51.496Z,tb26-ppr-6pt-pass-td-minus2-int-2pt-sack-50fg-v1,candidate_only,,3.4,,3.4,0,0,0,0,0,3.4,3.4,3.4,Single premium source matched; carried forward,,,,,,,,,,,,,,,,,,
fbg:CuevJo00,Josh Cuevas,TE,BAL,CuevJo00,,,,tb-cbs-fbg-refresh-20260812,2026-08-12T22:55:51.496Z,2026-08-12T22:55:51.496Z,tb26-ppr-6pt-pass-td-minus2-int-2pt-sack-50fg-v1,candidate_only,3.3,22.8,8.7,11.5,0,0,0,0,0,11.5,3.3,22.8,,,,,,,,,,,,,,,,,,,
fbg:MundJo00,Johnny Mundt,TE,PHI,MundJo00,,,,tb-cbs-fbg-refresh-20260812,2026-08-12T22:55:51.496Z,2026-08-12T22:55:51.496Z,tb26-ppr-6pt-pass-td-minus2-int-2pt-sack-50fg-v1,candidate_only,8.4,14.2,8.2,10.2,0,0,0,0,0,10.2,8.2,14.2,,,,,,,,,,,,,,,,,,,
fbg:ArkiTa00,Tanner Arkin,TE,NE,ArkiTa00,,,,tb-cbs-fbg-refresh-20260812,2026-08-12T22:55:51.496Z,2026-08-12T22:55:51.496Z,tb26-ppr-6pt-pass-td-minus2-int-2pt-sack-50fg-v1,candidate_only,3,0,,1.5,0,0,0,0,0,1.5,0,3,,,,,,,,,,,,,,,,,,,
fbg:KirkCh00,Christian Kirk,WR,SF,KirkCh00,,,,tb-cbs-fbg-refresh-20260812,2026-08-12T22:55:51.496Z,2026-08-12T22:55:51.496Z,tb26-ppr-6pt-pass-td-minus2-int-2pt-sack-50fg-v1,candidate_only,40.8,142.9,94.3,92.3,0,0,0,0,0,92.3,40.8,142.9,,,,,,,,,,,,,,,,,,,
cbs:2221829,Feleipe Franks,TE,CAR,,,,,tb-cbs-fbg-refresh-20260812,2026-08-12T22:55:51.496Z,2026-08-12T22:55:51.496Z,tb26-ppr-6pt-pass-td-minus2-int-2pt-sack-50fg-v1,candidate_only,,2.4,,2.4,0,0,0,0,0,2.4,2.4,2.4,Single premium source matched; carried forward,,,,,,,,,,,,,,,,,,
fbg:DaviMa02,Malik Davis,RB,DAL,DaviMa02,,,,tb-cbs-fbg-refresh-20260812,2026-08-12T22:55:51.496Z,2026-08-12T22:55:51.496Z,tb26-ppr-6pt-pass-td-minus2-int-2pt-sack-50fg-v1,candidate_only,28.5,94.6,65.7,62.7,0,0,0,0,0,62.7,28.5,94.6,,,,,,,,,,,,,,,,,,,
fbg:LongHu00,Hunter Long,TE,JAX,LongHu00,,,,tb-cbs-fbg-refresh-20260812,2026-08-12T22:55:51.496Z,2026-08-12T22:55:51.496Z,tb26-ppr-6pt-pass-td-minus2-int-2pt-sack-50fg-v1,candidate_only,2.1,30.8,15.4,16,0,0,0,0,0,16,2.1,30.8,,,,,,,,,,,,,,,,,,,
cbs:2741208,Tyrell Shavers,WR,BUF,,,,,tb-cbs-fbg-refresh-20260812,2026-08-12T22:55:51.496Z,2026-08-12T22:55:51.496Z,tb26-ppr-6pt-pass-td-minus2-int-2pt-sack-50fg-v1,candidate_only,,56.2,11,33.5,0,0,0,0,0,33.5,11,56.2,,,,,,,,,,,,,,,,,,,
fbg:SharBa00,Bauer Sharp,TE,TB,SharBa00,,,,tb-cbs-fbg-refresh-20260812,2026-08-12T22:55:51.496Z,2026-08-12T22:55:51.496Z,tb26-ppr-6pt-pass-td-minus2-int-2pt-sack-50fg-v1,candidate_only,1,27.4,28.2,18.8,0,0,0,0,0,18.8,1,28.2,,,,,,,,,,,,,,,,,,,
fbg:GiddDJ00,DJ Giddens,RB,IND,GiddDJ00,,,,tb-cbs-fbg-refresh-20260812,2026-08-12T22:55:51.496Z,2026-08-12T22:55:51.496Z,tb26-ppr-6pt-pass-td-minus2-int-2pt-sack-50fg-v1,candidate_only,44.2,19.7,35.8,33.3,0,0,0,0,0,33.3,19.7,44.2,,,,,,,,,,,,,,,,,,,
fbg:BranZa00,Zachariah Branch,WR,ATL,BranZa00,,,,tb-cbs-fbg-refresh-20260812,2026-08-12T22:55:51.496Z,2026-08-12T22:55:51.496Z,tb26-ppr-6pt-pass-td-minus2-int-2pt-sack-50fg-v1,candidate_only,67.2,91,98.4,85.4,0,0,0,0,0,85.4,67.2,98.4,,,,,,,,,,,,,,,,,,,
fbg:ColeJo00,Jonah Coleman,RB,DEN,ColeJo00,,,,tb-cbs-fbg-refresh-20260812,2026-08-12T22:55:51.496Z,2026-08-12T22:55:51.496Z,tb26-ppr-6pt-pass-td-minus2-int-2pt-sack-50fg-v1,candidate_only,61.3,23.3,32.8,39.3,0,0,0,0,0,39.3,23.3,61.3,,,,,,,,,,,,,,,,,,,
fbg:DougDe00,DeMario Douglas,WR,NE,DougDe00,,,,tb-cbs-fbg-refresh-20260812,2026-08-12T22:55:51.496Z,2026-08-12T22:55:51.496Z,tb26-ppr-6pt-pass-td-minus2-int-2pt-sack-50fg-v1,candidate_only,52.9,58.1,61.6,57.5,0,0,0,0,0,57.5,52.9,61.6,,,,,,,,,,,,,,,,,,,
fbg:HortTo00,Tory Horton,WR,SEA,HortTo00,,,,tb-cbs-fbg-refresh-20260812,2026-08-12T22:55:51.496Z,2026-08-12T22:55:51.496Z,tb26-ppr-6pt-pass-td-minus2-int-2pt-sack-50fg-v1,candidate_only,46.7,122,94.7,87.5,0,0,0,0,0,87.5,46.7,122,,,,,,,,,,,,,,,,,,,
fbg:HursTe00,Ted Hurst,WR,TB,HursTe00,,,,tb-cbs-fbg-refresh-20260812,2026-08-12T22:55:51.496Z,2026-08-12T22:55:51.496Z,tb26-ppr-6pt-pass-td-minus2-int-2pt-sack-50fg-v1,candidate_only,52.6,99.3,82.9,78.1,0,0,0,0,0,78.1,52.6,99.3,,,,,,,,,,,,,,,,,,,
fbg:JeffVa00,Van Jefferson,WR,WAS,JeffVa00,,,,tb-cbs-fbg-refresh-20260812,2026-08-12T22:55:51.496Z,2026-08-12T22:55:51.496Z,tb26-ppr-6pt-pass-td-minus2-int-2pt-sack-50fg-v1,candidate_only,3.2,27,,15,0,0,0,0,0,15,3.2,27,,,,,,,,,,,,,,,,,,,
fbg:LaneJa01,Ja'Kobi Lane,WR,BAL,LaneJa01,,,,tb-cbs-fbg-refresh-20260812,2026-08-12T22:55:51.496Z,2026-08-12T22:55:51.496Z,tb26-ppr-6pt-pass-td-minus2-int-2pt-sack-50fg-v1,candidate_only,64.7,126.2,96.5,95.6,0,0,0,0,0,95.6,64.7,126.2,,,,,,,,,,,,,,,,,,,
fbg:JuszKy00,Kyle Juszczyk,RB,SF,JuszKy00,,,,tb-cbs-fbg-refresh-20260812,2026-08-12T22:55:51.496Z,2026-08-12T22:55:51.496Z,tb26-ppr-6pt-pass-td-minus2-int-2pt-sack-50fg-v1,candidate_only,37.3,65.2,55,52.4,0,0,0,0,0,52.4,37.3,65.2,,,,,,,,,,,,,,,,,,,
fbg:WilsEm00,Emanuel Wilson,RB,SEA,WilsEm00,,,,tb-cbs-fbg-refresh-20260812,2026-08-12T22:55:51.496Z,2026-08-12T22:55:51.496Z,tb26-ppr-6pt-pass-td-minus2-int-2pt-sack-50fg-v1,candidate_only,34.3,91.5,51.1,58.8,0,0,0,0,0,58.8,34.3,91.5,,,,,,,,,,,,,,,,,,,
fbg:DaviIs00,Isaiah Davis,RB,NYJ,DaviIs00,,,,tb-cbs-fbg-refresh-20260812,2026-08-12T22:55:51.496Z,2026-08-12T22:55:51.496Z,tb26-ppr-6pt-pass-td-minus2-int-2pt-sack-50fg-v1,candidate_only,34.4,35.5,43.4,37.8,0,0,0,0,0,37.8,34.4,43.4,,,,,,,,,,,,,,,,,,,
cbs:2867472,Ty Chandler,RB,NO,,,,,tb-cbs-fbg-refresh-20260812,2026-08-12T22:55:51.496Z,2026-08-12T22:55:51.496Z,tb26-ppr-6pt-pass-td-minus2-int-2pt-sack-50fg-v1,candidate_only,,37.2,37.5,37.4,0,0,0,0,0,37.4,37.2,37.5,,,,,,,,,,,,,,,,,,,
fbg:PalmJo01,Joshua Palmer,WR,BUF,PalmJo01,,,,tb-cbs-fbg-refresh-20260812,2026-08-12T22:55:51.496Z,2026-08-12T22:55:51.496Z,tb26-ppr-6pt-pass-td-minus2-int-2pt-sack-50fg-v1,candidate_only,51.1,,69,60,0,0,0,0,0,60,51.1,69,,,,,,,,,,,,,,,,,,,
fbg:BrooTa00,Tahj Brooks,RB,CIN,BrooTa00,,,,tb-cbs-fbg-refresh-20260812,2026-08-12T22:55:51.496Z,2026-08-12T22:55:51.496Z,tb26-ppr-6pt-pass-td-minus2-int-2pt-sack-50fg-v1,candidate_only,19.6,10.5,18.1,16.1,0,0,0,0,0,16.1,10.5,19.6,,,,,,,,,,,,,,,,,,,
fbg:RandAd00,Adam Randall,RB,BAL,RandAd00,,,,tb-cbs-fbg-refresh-20260812,2026-08-12T22:55:51.496Z,2026-08-12T22:55:51.496Z,tb26-ppr-6pt-pass-td-minus2-int-2pt-sack-50fg-v1,candidate_only,41,99.2,66.2,68.6,0,0,0,0,0,68.6,41,99.2,,,,,,,,,,,,,,,,,,,
cbs:3172189,Frank Gore Jr.,RB,BUF,,,,,tb-cbs-fbg-refresh-20260812,2026-08-12T22:55:51.496Z,2026-08-12T22:55:51.496Z,tb26-ppr-6pt-pass-td-minus2-int-2pt-sack-50fg-v1,candidate_only,,34.3,35,34.7,0,0,0,0,0,34.7,34.3,35,,,,,,,,,,,,,,,,,,,
cbs:26694592,Beaux Collins,WR,NYG,,,,,tb-cbs-fbg-refresh-20260812,2026-08-12T22:55:51.496Z,2026-08-12T22:55:51.496Z,tb26-ppr-6pt-pass-td-minus2-int-2pt-sack-50fg-v1,candidate_only,,0,,0,0,0,0,0,0,0,0,0,Single premium source matched; carried forward,,,,,,,,,,,,,,,,,,
fbg:ClaiDe00,Demond Claiborne,RB,MIN,ClaiDe00,,,,tb-cbs-fbg-refresh-20260812,2026-08-12T22:55:51.496Z,2026-08-12T22:55:51.496Z,tb26-ppr-6pt-pass-td-minus2-int-2pt-sack-50fg-v1,candidate_only,26.8,22.3,23.8,24.3,0,0,0,0,0,24.3,22.3,26.8,,,,,,,,,,,,,,,,,,,
fbg:SingNi00,Nicholas Singleton,RB,TEN,SingNi00,,,,tb-cbs-fbg-refresh-20260812,2026-08-12T22:55:51.496Z,2026-08-12T22:55:51.496Z,tb26-ppr-6pt-pass-td-minus2-int-2pt-sack-50fg-v1,candidate_only,33.9,20.7,20.2,25,0,0,0,0,0,25,20.2,33.9,,,,,,,,,,,,,,,,,,,
fbg:SmitBr00,Brashard Smith,RB,KC,SmitBr00,,,,tb-cbs-fbg-refresh-20260812,2026-08-12T22:55:51.496Z,2026-08-12T22:55:51.496Z,tb26-ppr-6pt-pass-td-minus2-int-2pt-sack-50fg-v1,candidate_only,47.8,63.7,32.5,47.9,0,0,0,0,0,47.9,32.5,63.7,,,,,,,,,,,,,,,,,,,
fbg:MumpKo00,Konata Mumpfield,WR,LAR,MumpKo00,,,,tb-cbs-fbg-refresh-20260812,2026-08-12T22:55:51.496Z,2026-08-12T22:55:51.496Z,tb26-ppr-6pt-pass-td-minus2-int-2pt-sack-50fg-v1,candidate_only,42.2,61.8,29.6,44.5,0,0,0,0,0,44.5,29.6,61.8,,,,,,,,,,,,,,,,,,,
fbg:EtieTr01,Trevor Etienne,RB,CAR,EtieTr01,,,,tb-cbs-fbg-refresh-20260812,2026-08-12T22:55:51.496Z,2026-08-12T22:55:51.496Z,tb26-ppr-6pt-pass-td-minus2-int-2pt-sack-50fg-v1,candidate_only,32.7,12.7,15.1,20.2,0,0,0,0,0,20.2,12.7,32.7,,,,,,,,,,,,,,,,,,,
fbg:FordJe00,Jerome Ford,RB,WAS,FordJe00,,,,tb-cbs-fbg-refresh-20260812,2026-08-12T22:55:51.496Z,2026-08-12T22:55:51.496Z,tb26-ppr-6pt-pass-td-minus2-int-2pt-sack-50fg-v1,candidate_only,17.1,36.6,19.1,24.2,0,0,0,0,0,24.2,17.1,36.6,,,,,,,,,,,,,,,,,,,
cbs:2820090,Austin Ekeler,RB,WAS,,,,,tb-cbs-fbg-refresh-20260812,2026-08-12T22:55:51.496Z,2026-08-12T22:55:51.496Z,tb26-ppr-6pt-pass-td-minus2-int-2pt-sack-50fg-v1,candidate_only,,31.2,,31.2,0,0,0,0,0,31.2,31.2,31.2,Single premium source matched; carried forward,,,,,,,,,,,,,,,,,,
cbs:2246849,Devin Duvernay,WR,ARI,,,,,tb-cbs-fbg-refresh-20260812,2026-08-12T22:55:51.496Z,2026-08-12T22:55:51.496Z,tb26-ppr-6pt-pass-td-minus2-int-2pt-sack-50fg-v1,candidate_only,,40,0,19.9,0,0,0,0,0,19.9,0,40,,,,,,,,,,,,,,,,,,,
fbg:TillCe00,Cedric Tillman,WR,CLE,TillCe00,,,,tb-cbs-fbg-refresh-20260812,2026-08-12T22:55:51.496Z,2026-08-12T22:55:51.496Z,tb26-ppr-6pt-pass-td-minus2-int-2pt-sack-50fg-v1,candidate_only,17.5,97.8,54.4,56.3,0,0,0,0,0,56.3,17.5,97.8,,,,,,,,,,,,,,,,,,,
fbg:SingDe00,Devin Singletary,RB,NYG,SingDe00,,,,tb-cbs-fbg-refresh-20260812,2026-08-12T22:55:51.496Z,2026-08-12T22:55:51.496Z,tb26-ppr-6pt-pass-td-minus2-int-2pt-sack-50fg-v1,candidate_only,28.3,19.7,19.8,22.6,0,0,0,0,0,22.6,19.7,28.3,,,,,,,,,,,,,,,,,,,
fbg:MillKe00,Kendre Miller,RB,NO,MillKe00,,,,tb-cbs-fbg-refresh-20260812,2026-08-12T22:55:51.496Z,2026-08-12T22:55:51.496Z,tb26-ppr-6pt-pass-td-minus2-int-2pt-sack-50fg-v1,candidate_only,23.5,19.7,7.3,16.8,0,0,0,0,0,16.8,7.3,23.5,,,,,,,,,,,,,,,,,,,
fbg:BellSk00,Skyler Bell,WR,BUF,BellSk00,,,,tb-cbs-fbg-refresh-20260812,2026-08-12T22:55:51.496Z,2026-08-12T22:55:51.496Z,tb26-ppr-6pt-pass-td-minus2-int-2pt-sack-50fg-v1,candidate_only,32.2,30.4,42.5,35,0,0,0,0,0,35,30.4,42.5,,,,,,,,,,,,,,,,,,,
fbg:McCaLu00,Luke McCaffrey,WR,WAS,McCaLu00,,,,tb-cbs-fbg-refresh-20260812,2026-08-12T22:55:51.496Z,2026-08-12T22:55:51.496Z,tb26-ppr-6pt-pass-td-minus2-int-2pt-sack-50fg-v1,candidate_only,61.5,81.7,65,69.3,0,0,0,0,0,69.3,61.5,81.7,,,,,,,,,,,,,,,,,,,
fbg:JohnTe01,Tez Johnson,WR,TB,JohnTe01,,,,tb-cbs-fbg-refresh-20260812,2026-08-12T22:55:51.496Z,2026-08-12T22:55:51.496Z,tb26-ppr-6pt-pass-td-minus2-int-2pt-sack-50fg-v1,candidate_only,36.9,82.9,21.4,46.9,0,0,0,0,0,46.9,21.4,82.9,,,,,,,,,,,,,,,,,,,
fbg:GordOl00,Ollie Gordon II,RB,MIA,GordOl00,,,,tb-cbs-fbg-refresh-20260812,2026-08-12T22:55:51.496Z,2026-08-12T22:55:51.496Z,tb26-ppr-6pt-pass-td-minus2-int-2pt-sack-50fg-v1,candidate_only,43.5,14.9,34.4,31,0,0,0,0,0,31,14.9,43.5,,,,,,,,,,,,,,,,,,,
fbg:LuepHu01,Hunter Luepke,RB,DAL,LuepHu01,,,,tb-cbs-fbg-refresh-20260812,2026-08-12T22:55:51.496Z,2026-08-12T22:55:51.496Z,tb26-ppr-6pt-pass-td-minus2-int-2pt-sack-50fg-v1,candidate_only,31,20.7,25,25.6,0,0,0,0,0,25.6,20.7,31,,,,,,,,,,,,,,,,,,,
cbs:2967463,Brycen Tremayne,WR,CAR,,,,,tb-cbs-fbg-refresh-20260812,2026-08-12T22:55:51.496Z,2026-08-12T22:55:51.496Z,tb26-ppr-6pt-pass-td-minus2-int-2pt-sack-50fg-v1,candidate_only,,36.3,8.2,22.2,0,0,0,0,0,22.2,8.2,36.3,,,,,,,,,,,,,,,,,,,
fbg:DemeEm00,Emari Demercado,RB,KC,DemeEm00,,,,tb-cbs-fbg-refresh-20260812,2026-08-12T22:55:51.496Z,2026-08-12T22:55:51.496Z,tb26-ppr-6pt-pass-td-minus2-int-2pt-sack-50fg-v1,candidate_only,36,100.5,82.4,72.7,0,0,0,0,0,72.7,36,100.5,,,,,,,,,,,,,,,,,,,
fbg:ShipWi00,Will Shipley,RB,PHI,ShipWi00,,,,tb-cbs-fbg-refresh-20260812,2026-08-12T22:55:51.496Z,2026-08-12T22:55:51.496Z,tb26-ppr-6pt-pass-td-minus2-int-2pt-sack-50fg-v1,candidate_only,26.7,20.3,27.6,24.9,0,0,0,0,0,24.9,20.3,27.6,,,,,,,,,,,,,,,,,,,
cbs:2869402,Zavier Scott,RB,MIN,,,,,tb-cbs-fbg-refresh-20260812,2026-08-12T22:55:51.496Z,2026-08-12T22:55:51.496Z,tb26-ppr-6pt-pass-td-minus2-int-2pt-sack-50fg-v1,candidate_only,,26.3,0,13.1,0,0,0,0,0,13.1,0,26.3,,,,,,,,,,,,,,,,,,,
fbg:WalkJa01,Jahdae Walker,WR,CHI,WalkJa01,,,,tb-cbs-fbg-refresh-20260812,2026-08-12T22:55:51.496Z,2026-08-12T22:55:51.496Z,tb26-ppr-6pt-pass-td-minus2-int-2pt-sack-50fg-v1,candidate_only,20.7,102.5,56.2,59.5,0,0,0,0,0,59.5,20.7,102.5,,,,,,,,,,,,,,,,,,,
cbs:2819876,Elijah Mitchell,RB,PHI,,,,,tb-cbs-fbg-refresh-20260812,2026-08-12T22:55:51.496Z,2026-08-12T22:55:51.496Z,tb26-ppr-6pt-pass-td-minus2-int-2pt-sack-50fg-v1,candidate_only,,0,26.1,13.1,0,0,0,0,0,13.1,0,26.1,,,,,,,,,,,,,,,,,,,
cbs:2964863,Nikko Remigio,WR,KC,,,,,tb-cbs-fbg-refresh-20260812,2026-08-12T22:55:51.496Z,2026-08-12T22:55:51.496Z,tb26-ppr-6pt-pass-td-minus2-int-2pt-sack-50fg-v1,candidate_only,,34.6,0,17.2,0,0,0,0,0,17.2,0,34.6,,,,,,,,,,,,,,,,,,,
fbg:ThorDo00,Dont'e Thornton Jr.,WR,LV,ThorDo00,,,,tb-cbs-fbg-refresh-20260812,2026-08-12T22:55:51.496Z,2026-08-12T22:55:51.496Z,tb26-ppr-6pt-pass-td-minus2-int-2pt-sack-50fg-v1,candidate_only,30.2,54.9,32.3,39,0,0,0,0,0,39,30.2,54.9,,,,,,,,,,,,,,,,,,,
fbg:ConnJa00,James Conner,RB,ARI,ConnJa00,,,,tb-cbs-fbg-refresh-20260812,2026-08-12T22:55:51.496Z,2026-08-12T22:55:51.496Z,tb26-ppr-6pt-pass-td-minus2-int-2pt-sack-50fg-v1,candidate_only,25.9,122.1,61.6,69.5,0,0,0,0,0,69.5,25.9,122.1,,,,,,,,,,,,,,,,,,,
fbg:AyomEl00,Elic Ayomanor,WR,TEN,AyomEl00,,,,tb-cbs-fbg-refresh-20260812,2026-08-12T22:55:51.496Z,2026-08-12T22:55:51.496Z,tb26-ppr-6pt-pass-td-minus2-int-2pt-sack-50fg-v1,candidate_only,41,134.1,75.4,83.1,0,0,0,0,0,83.1,41,134.1,,,,,,,,,,,,,,,,,,,
fbg:BrowMa05,Hollywood Brown,WR,PHI,BrowMa05,,,,tb-cbs-fbg-refresh-20260812,2026-08-12T22:55:51.496Z,2026-08-12T22:55:51.496Z,tb26-ppr-6pt-pass-td-minus2-int-2pt-sack-50fg-v1,candidate_only,22.2,,89.8,55.8,0,0,0,0,0,55.8,22.2,89.8,,,,,,,,,,,,,,,,,,,
fbg:BurkTr00,Treylon Burks,WR,WAS,BurkTr00,,,,tb-cbs-fbg-refresh-20260812,2026-08-12T22:55:51.496Z,2026-08-12T22:55:51.496Z,tb26-ppr-6pt-pass-td-minus2-int-2pt-sack-50fg-v1,candidate_only,18.6,67.9,81.1,55.7,0,0,0,0,0,55.7,18.6,81.1,,,,,,,,,,,,,,,,,,,
cbs:26696063,Dominic Lovett,WR,DET,,,,,tb-cbs-fbg-refresh-20260812,2026-08-12T22:55:51.496Z,2026-08-12T22:55:51.496Z,tb26-ppr-6pt-pass-td-minus2-int-2pt-sack-50fg-v1,candidate_only,,34,,34,0,0,0,0,0,34,34,34,Single premium source matched; carried forward,,,,,,,,,,,,,,,,,,
cbs:2828751,Colton Dowell,WR,SF,,,,,tb-cbs-fbg-refresh-20260812,2026-08-12T22:55:51.496Z,2026-08-12T22:55:51.496Z,tb26-ppr-6pt-pass-td-minus2-int-2pt-sack-50fg-v1,candidate_only,,28.7,,28.7,0,0,0,0,0,28.7,28.7,28.7,Single premium source matched; carried forward,,,,,,,,,,,,,,,,,,
cbs:3122273,Trey Palmer,WR,NO,,,,,tb-cbs-fbg-refresh-20260812,2026-08-12T22:55:51.496Z,2026-08-12T22:55:51.496Z,tb26-ppr-6pt-pass-td-minus2-int-2pt-sack-50fg-v1,candidate_only,,34,,34,0,0,0,0,0,34,34,34,Single premium source matched; carried forward,,,,,,,,,,,,,,,,,,
fbg:RoyaJa00,Jalen Royals,WR,KC,RoyaJa00,,,,tb-cbs-fbg-refresh-20260812,2026-08-12T22:55:51.496Z,2026-08-12T22:55:51.496Z,tb26-ppr-6pt-pass-td-minus2-int-2pt-sack-50fg-v1,candidate_only,29.9,29.6,18,25.8,0,0,0,0,0,25.8,18,29.9,,,,,,,,,,,,,,,,,,,
cbs:2868959,Charlie Jones,WR,CIN,,,,,tb-cbs-fbg-refresh-20260812,2026-08-12T22:55:51.496Z,2026-08-12T22:55:51.496Z,tb26-ppr-6pt-pass-td-minus2-int-2pt-sack-50fg-v1,candidate_only,,33,0,16.4,0,0,0,0,0,16.4,0,33,,,,,,,,,,,,,,,,,,,
fbg:DuliAs00,Ashton Dulin,WR,IND,DuliAs00,,,,tb-cbs-fbg-refresh-20260812,2026-08-12T22:55:51.496Z,2026-08-12T22:55:51.496Z,tb26-ppr-6pt-pass-td-minus2-int-2pt-sack-50fg-v1,candidate_only,33,99.9,78.7,70.3,0,0,0,0,0,70.3,33,99.9,,,,,,,,,,,,,,,,,,,
fbg:WilsRo02,Roman Wilson,WR,PIT,WilsRo02,,,,tb-cbs-fbg-refresh-20260812,2026-08-12T22:55:51.496Z,2026-08-12T22:55:51.496Z,tb26-ppr-6pt-pass-td-minus2-int-2pt-sack-50fg-v1,candidate_only,64.3,78.4,,71.3,0,0,0,0,0,71.3,64.3,78.4,,,,,,,,,,,,,,,,,,,
fbg:CousKi00,Kirk Cousins,QB,LV,CousKi00,,,,tb-cbs-fbg-refresh-20260812,2026-08-12T22:55:51.496Z,2026-08-12T22:55:51.496Z,tb26-ppr-6pt-pass-td-minus2-int-2pt-sack-50fg-v1,candidate_only,154.9,47.2,53.8,85.7,0,0,0,0,0,85.7,47.2,154.9,,,,,,,,,,,,,,,,,,,
cbs:2865894,Ihmir Smith-Marsette,WR,ARI,,,,,tb-cbs-fbg-refresh-20260812,2026-08-12T22:55:51.496Z,2026-08-12T22:55:51.496Z,tb26-ppr-6pt-pass-td-minus2-int-2pt-sack-50fg-v1,candidate_only,,32.4,,32.4,0,0,0,0,0,32.4,32.4,32.4,Single premium source matched; carried forward,,,,,,,,,,,,,,,,,,
fbg:AlleKa01,Kaytron Allen,RB,WAS,AlleKa01,,,,tb-cbs-fbg-refresh-20260812,2026-08-12T22:55:51.496Z,2026-08-12T22:55:51.496Z,tb26-ppr-6pt-pass-td-minus2-int-2pt-sack-50fg-v1,candidate_only,44.4,27.3,21.5,31.1,0,0,0,0,0,31.1,21.5,44.4,,,,,,,,,,,,,,,,,,,
fbg:TuckSe00,Sean Tucker,RB,TB,TuckSe00,,,,tb-cbs-fbg-refresh-20260812,2026-08-12T22:55:51.496Z,2026-08-12T22:55:51.496Z,tb26-ppr-6pt-pass-td-minus2-int-2pt-sack-50fg-v1,candidate_only,24.4,33.4,31.9,29.9,0,0,0,0,0,29.9,24.4,33.4,,,,,,,,,,,,,,,,,,,
cbs:26695655,Lewis Bond,WR,HOU,,,,,tb-cbs-fbg-refresh-20260812,2026-08-12T22:55:51.496Z,2026-08-12T22:55:51.496Z,tb26-ppr-6pt-pass-td-minus2-int-2pt-sack-50fg-v1,candidate_only,,31.4,,31.4,0,0,0,0,0,31.4,31.4,31.4,Single premium source matched; carried forward,,,,,,,,,,,,,,,,,,
cbs:2804732,Elijah Cooks,WR,NO,,,,,tb-cbs-fbg-refresh-20260812,2026-08-12T22:55:51.496Z,2026-08-12T22:55:51.496Z,tb26-ppr-6pt-pass-td-minus2-int-2pt-sack-50fg-v1,candidate_only,,28.6,,28.6,0,0,0,0,0,28.6,28.6,28.6,Single premium source matched; carried forward,,,,,,,,,,,,,,,,,,
cbs:3171149,Ke'Shawn Williams,WR,CIN,,,,,tb-cbs-fbg-refresh-20260812,2026-08-12T22:55:51.496Z,2026-08-12T22:55:51.496Z,tb26-ppr-6pt-pass-td-minus2-int-2pt-sack-50fg-v1,candidate_only,,31.4,0,15.6,0,0,0,0,0,15.6,0,31.4,,,,,,,,,,,,,,,,,,,
cbs:2867377,Carlos Washington Jr.,RB,MIA,,,,,tb-cbs-fbg-refresh-20260812,2026-08-12T22:55:51.496Z,2026-08-12T22:55:51.496Z,tb26-ppr-6pt-pass-td-minus2-int-2pt-sack-50fg-v1,candidate_only,,22.3,22.9,22.6,0,0,0,0,0,22.6,22.3,22.9,,,,,,,,,,,,,,,,,,,
fbg:WillKy01,Kyle Williams,WR,NE,WillKy01,,,,tb-cbs-fbg-refresh-20260812,2026-08-12T22:55:51.496Z,2026-08-12T22:55:51.496Z,tb26-ppr-6pt-pass-td-minus2-int-2pt-sack-50fg-v1,candidate_only,18.5,41.4,22.4,27.3,0,0,0,0,0,27.3,18.5,41.4,,,,,,,,,,,,,,,,,,,
cbs:29380891,Kameron Johnson,WR,TB,,,,,tb-cbs-fbg-refresh-20260812,2026-08-12T22:55:51.496Z,2026-08-12T22:55:51.496Z,tb26-ppr-6pt-pass-td-minus2-int-2pt-sack-50fg-v1,candidate_only,,31,1.8,16.3,0,0,0,0,0,16.3,1.8,31,,,,,,,,,,,,,,,,,,,
fbg:RaymKa00,Kalif Raymond,WR,CHI,RaymKa00,,,,tb-cbs-fbg-refresh-20260812,2026-08-12T22:55:51.496Z,2026-08-12T22:55:51.496Z,tb26-ppr-6pt-pass-td-minus2-int-2pt-sack-50fg-v1,candidate_only,61.7,55.8,46.8,54.8,0,0,0,0,0,54.8,46.8,61.7,,,,,,,,,,,,,,,,,,,
cbs:3159102,Andre Baccellia,WR,ARI,,,,,tb-cbs-fbg-refresh-20260812,2026-08-12T22:55:51.496Z,2026-08-12T22:55:51.496Z,tb26-ppr-6pt-pass-td-minus2-int-2pt-sack-50fg-v1,candidate_only,,30.7,,30.7,0,0,0,0,0,30.7,30.7,30.7,Single premium source matched; carried forward,,,,,,,,,,,,,,,,,,
fbg:DikeCh00,Chimere Dike,WR,TEN,DikeCh00,,,,tb-cbs-fbg-refresh-20260812,2026-08-12T22:55:51.496Z,2026-08-12T22:55:51.496Z,tb26-ppr-6pt-pass-td-minus2-int-2pt-sack-50fg-v1,candidate_only,25.8,123.2,75.1,74.3,0,0,0,0,0,74.3,25.8,123.2,,,,,,,,,,,,,,,,,,,
cbs:26726935,Josh Cameron,WR,JAC,,,,,tb-cbs-fbg-refresh-20260812,2026-08-12T22:55:51.496Z,2026-08-12T22:55:51.496Z,tb26-ppr-6pt-pass-td-minus2-int-2pt-sack-50fg-v1,candidate_only,,30.4,0,15.1,0,0,0,0,0,15.1,0,30.4,,,,,,,,,,,,,,,,,,,
cbs:2815163,Salvon Ahmed,RB,CHI,,,,,tb-cbs-fbg-refresh-20260812,2026-08-12T22:55:51.496Z,2026-08-12T22:55:51.496Z,tb26-ppr-6pt-pass-td-minus2-int-2pt-sack-50fg-v1,candidate_only,,21.4,,21.4,0,0,0,0,0,21.4,21.4,21.4,Single premium source matched; carried forward,,,,,,,,,,,,,,,,,,
cbs:3163291,Israel Abanikanda,RB,DAL,,,,,tb-cbs-fbg-refresh-20260812,2026-08-12T22:55:51.496Z,2026-08-12T22:55:51.496Z,tb26-ppr-6pt-pass-td-minus2-int-2pt-sack-50fg-v1,candidate_only,,21.4,23.1,22.3,0,0,0,0,0,22.3,21.4,23.1,,,,,,,,,,,,,,,,,,,
cbs:3168666,Deuce Vaughn,RB,DEN,,,,,tb-cbs-fbg-refresh-20260812,2026-08-12T22:55:51.496Z,2026-08-12T22:55:51.496Z,tb26-ppr-6pt-pass-td-minus2-int-2pt-sack-50fg-v1,candidate_only,,21.4,,21.4,0,0,0,0,0,21.4,21.4,21.4,Single premium source matched; carried forward,,,,,,,,,,,,,,,,,,
cbs:2964236,Dameon Pierce,RB,PHI,,,,,tb-cbs-fbg-refresh-20260812,2026-08-12T22:55:51.496Z,2026-08-12T22:55:51.496Z,tb26-ppr-6pt-pass-td-minus2-int-2pt-sack-50fg-v1,candidate_only,,21.3,22.1,21.7,0,0,0,0,0,21.7,21.3,22.1,,,,,,,,,,,,,,,,,,,
fbg:HollMa00,Mack Hollins,WR,NE,HollMa00,,,,tb-cbs-fbg-refresh-20260812,2026-08-12T22:55:51.496Z,2026-08-12T22:55:51.496Z,tb26-ppr-6pt-pass-td-minus2-int-2pt-sack-50fg-v1,candidate_only,30,77.4,28.1,45,0,0,0,0,0,45,28.1,77.4,,,,,,,,,,,,,,,,,,,
cbs:2240685,Cedrick Wilson Jr.,WR,DET,,,,,tb-cbs-fbg-refresh-20260812,2026-08-12T22:55:51.496Z,2026-08-12T22:55:51.496Z,tb26-ppr-6pt-pass-td-minus2-int-2pt-sack-50fg-v1,candidate_only,,30,,30,0,0,0,0,0,30,30,30,Single premium source matched; carried forward,,,,,,,,,,,,,,,,,,
fbg:VakiSi99,Sione Vaki,RB,DET,VakiSi99,,,,tb-cbs-fbg-refresh-20260812,2026-08-12T22:55:51.496Z,2026-08-12T22:55:51.496Z,tb26-ppr-6pt-pass-td-minus2-int-2pt-sack-50fg-v1,candidate_only,27.6,5,,16.4,0,0,0,0,0,16.4,5,27.6,,,,,,,,,,,,,,,,,,,
cbs:28901170,Eli Heidenreich,RB,PIT,,,,,tb-cbs-fbg-refresh-20260812,2026-08-12T22:55:51.496Z,2026-08-12T22:55:51.496Z,tb26-ppr-6pt-pass-td-minus2-int-2pt-sack-50fg-v1,candidate_only,,20.7,,20.7,0,0,0,0,0,20.7,20.7,20.7,Single premium source matched; carried forward,,,,,,,,,,,,,,,,,,
cbs:2968474,Ronnie Bell,WR,NO,,,,,tb-cbs-fbg-refresh-20260812,2026-08-12T22:55:51.496Z,2026-08-12T22:55:51.496Z,tb26-ppr-6pt-pass-td-minus2-int-2pt-sack-50fg-v1,candidate_only,,29.7,,29.7,0,0,0,0,0,29.7,29.7,29.7,Single premium source matched; carried forward,,,,,,,,,,,,,,,,,,
fbg:JohnKa01,Kaleb Johnson,RB,PIT,JohnKa01,,,,tb-cbs-fbg-refresh-20260812,2026-08-12T22:55:51.496Z,2026-08-12T22:55:51.496Z,tb26-ppr-6pt-pass-td-minus2-int-2pt-sack-50fg-v1,candidate_only,19.8,9.5,4.8,11.4,0,0,0,0,0,11.4,4.8,19.8,,,,,,,,,,,,,,,,,,,
cbs:3122024,Jakobie Keeney-James,WR,GB,,,,,tb-cbs-fbg-refresh-20260812,2026-08-12T22:55:51.496Z,2026-08-12T22:55:51.496Z,tb26-ppr-6pt-pass-td-minus2-int-2pt-sack-50fg-v1,candidate_only,,28.7,,28.7,0,0,0,0,0,28.7,28.7,28.7,Single premium source matched; carried forward,,,,,,,,,,,,,,,,,,
cbs:3166803,Brenden Rice,WR,GB,,,,,tb-cbs-fbg-refresh-20260812,2026-08-12T22:55:51.496Z,2026-08-12T22:55:51.496Z,tb26-ppr-6pt-pass-td-minus2-int-2pt-sack-50fg-v1,candidate_only,,29.4,,29.4,0,0,0,0,0,29.4,29.4,29.4,Single premium source matched; carried forward,,,,,,,,,,,,,,,,,,
cbs:3121860,Zonovan Knight,RB,ARI,,,,,tb-cbs-fbg-refresh-20260812,2026-08-12T22:55:51.496Z,2026-08-12T22:55:51.496Z,tb26-ppr-6pt-pass-td-minus2-int-2pt-sack-50fg-v1,candidate_only,,20.1,,20.1,0,0,0,0,0,20.1,20.1,20.1,Single premium source matched; carried forward,,,,,,,,,,,,,,,,,,
cbs:3171033,Malik Heath,WR,ATL,,,,,tb-cbs-fbg-refresh-20260812,2026-08-12T22:55:51.496Z,2026-08-12T22:55:51.496Z,tb26-ppr-6pt-pass-td-minus2-int-2pt-sack-50fg-v1,candidate_only,,29,,29,0,0,0,0,0,29,29,29,Single premium source matched; carried forward,,,,,,,,,,,,,,,,,,
fbg:SandRa00,Raheim Sanders,RB,CLE,SandRa00,,,,tb-cbs-fbg-refresh-20260812,2026-08-12T22:55:51.496Z,2026-08-12T22:55:51.496Z,tb26-ppr-6pt-pass-td-minus2-int-2pt-sack-50fg-v1,candidate_only,19.9,19.1,,19.5,0,0,0,0,0,19.5,19.1,19.9,,,,,,,,,,,,,,,,,,,
cbs:2818351,David Moore,WR,CAR,,,,,tb-cbs-fbg-refresh-20260812,2026-08-12T22:55:51.496Z,2026-08-12T22:55:51.496Z,tb26-ppr-6pt-pass-td-minus2-int-2pt-sack-50fg-v1,candidate_only,,28.7,0,14.3,0,0,0,0,0,14.3,0,28.7,,,,,,,,,,,,,,,,,,,
cbs:2865783,Brandon Smith,WR,PIT,,,,,tb-cbs-fbg-refresh-20260812,2026-08-12T22:55:51.496Z,2026-08-12T22:55:51.496Z,tb26-ppr-6pt-pass-td-minus2-int-2pt-sack-50fg-v1,candidate_only,,28.7,,28.7,0,0,0,0,0,28.7,28.7,28.7,Single premium source matched; carried forward,,,,,,,,,,,,,,,,,,
cbs:2963723,Bryce Ford-Wheaton,WR,NYG,,,,,tb-cbs-fbg-refresh-20260812,2026-08-12T22:55:51.496Z,2026-08-12T22:55:51.496Z,tb26-ppr-6pt-pass-td-minus2-int-2pt-sack-50fg-v1,candidate_only,,28.7,,28.7,0,0,0,0,0,28.7,28.7,28.7,Single premium source matched; carried forward,,,,,,,,,,,,,,,,,,
cbs:3126493,Casey Washington,WR,ATL,,,,,tb-cbs-fbg-refresh-20260812,2026-08-12T22:55:51.496Z,2026-08-12T22:55:51.496Z,tb26-ppr-6pt-pass-td-minus2-int-2pt-sack-50fg-v1,candidate_only,,28.7,,28.7,0,0,0,0,0,28.7,28.7,28.7,Single premium source matched; carried forward,,,,,,,,,,,,,,,,,,
cbs:3133899,Terrell Jennings,RB,NE,,,,,tb-cbs-fbg-refresh-20260812,2026-08-12T22:55:51.496Z,2026-08-12T22:55:51.496Z,tb26-ppr-6pt-pass-td-minus2-int-2pt-sack-50fg-v1,candidate_only,,19.7,,19.7,0,0,0,0,0,19.7,19.7,19.7,Single premium source matched; carried forward,,,,,,,,,,,,,,,,,,
cbs:3123569,Eric Gray,RB,NYG,,,,,tb-cbs-fbg-refresh-20260812,2026-08-12T22:55:51.496Z,2026-08-12T22:55:51.496Z,tb26-ppr-6pt-pass-td-minus2-int-2pt-sack-50fg-v1,candidate_only,,18.3,,18.3,0,0,0,0,0,18.3,18.3,18.3,Single premium source matched; carried forward,,,,,,,,,,,,,,,,,,
fbg:LaubDy00,Dylan Laube,RB,LV,LaubDy00,,,,tb-cbs-fbg-refresh-20260812,2026-08-12T22:55:51.496Z,2026-08-12T22:55:51.496Z,tb26-ppr-6pt-pass-td-minus2-int-2pt-sack-50fg-v1,candidate_only,18.4,5.6,0,8,0,0,0,0,0,8,0,18.4,,,,,,,,,,,,,,,,,,,
cbs:2963426,Blake Watson,RB,TEN,,,,,tb-cbs-fbg-refresh-20260812,2026-08-12T22:55:51.496Z,2026-08-12T22:55:51.496Z,tb26-ppr-6pt-pass-td-minus2-int-2pt-sack-50fg-v1,candidate_only,,19.1,,19.1,0,0,0,0,0,19.1,19.1,19.1,Single premium source matched; carried forward,,,,,,,,,,,,,,,,,,
cbs:3162613,Malachi Corley,WR,CLE,,,,,tb-cbs-fbg-refresh-20260812,2026-08-12T22:55:51.496Z,2026-08-12T22:55:51.496Z,tb26-ppr-6pt-pass-td-minus2-int-2pt-sack-50fg-v1,candidate_only,,27.8,9.3,18.5,0,0,0,0,0,18.5,9.3,27.8,,,,,,,,,,,,,,,,,,,
fbg:BurkDe00,Deion Burks,WR,IND,BurkDe00,,,,tb-cbs-fbg-refresh-20260812,2026-08-12T22:55:51.496Z,2026-08-12T22:55:51.496Z,tb26-ppr-6pt-pass-td-minus2-int-2pt-sack-50fg-v1,candidate_only,28.3,31.4,,29.8,0,0,0,0,0,29.8,28.3,31.4,,,,,,,,,,,,,,,,,,,
cbs:2184383,K.J. Osborn,WR,TEN,,,,,tb-cbs-fbg-refresh-20260812,2026-08-12T22:55:51.496Z,2026-08-12T22:55:51.496Z,tb26-ppr-6pt-pass-td-minus2-int-2pt-sack-50fg-v1,candidate_only,,27.1,,27.1,0,0,0,0,0,27.1,27.1,27.1,Single premium source matched; carried forward,,,,,,,,,,,,,,,,,,
fbg:GoulAn00,Anthony Gould,WR,IND,GoulAn00,,,,tb-cbs-fbg-refresh-20260812,2026-08-12T22:55:51.496Z,2026-08-12T22:55:51.496Z,tb26-ppr-6pt-pass-td-minus2-int-2pt-sack-50fg-v1,candidate_only,27.5,29.7,16.1,24.4,0,0,0,0,0,24.4,16.1,29.7,,,,,,,,,,,,,,,,,,,
cbs:3165205,Darius Cooper,WR,PHI,,,,,tb-cbs-fbg-refresh-20260812,2026-08-12T22:55:51.496Z,2026-08-12T22:55:51.496Z,tb26-ppr-6pt-pass-td-minus2-int-2pt-sack-50fg-v1,candidate_only,,27.1,8.9,17.9,0,0,0,0,0,17.9,8.9,27.1,,,,,,,,,,,,,,,,,,,
cbs:2968506,Hassan Haskins,RB,LAC,,,,,tb-cbs-fbg-refresh-20260812,2026-08-12T22:55:51.496Z,2026-08-12T22:55:51.496Z,tb26-ppr-6pt-pass-td-minus2-int-2pt-sack-50fg-v1,candidate_only,,16.9,,16.9,0,0,0,0,0,16.9,16.9,16.9,Single premium source matched; carried forward,,,,,,,,,,,,,,,,,,
fbg:FielMa00,Malachi Fields,WR,NYG,FielMa00,,,,tb-cbs-fbg-refresh-20260812,2026-08-12T22:55:51.496Z,2026-08-12T22:55:51.496Z,tb26-ppr-6pt-pass-td-minus2-int-2pt-sack-50fg-v1,candidate_only,74.1,61.6,34.1,56.6,0,0,0,0,0,56.6,34.1,74.1,,,,,,,,,,,,,,,,,,,
fbg:LaneJa00,Jaylin Lane,WR,WAS,LaneJa00,,,,tb-cbs-fbg-refresh-20260812,2026-08-12T22:55:51.496Z,2026-08-12T22:55:51.496Z,tb26-ppr-6pt-pass-td-minus2-int-2pt-sack-50fg-v1,candidate_only,9.3,53.6,61,41.1,0,0,0,0,0,41.1,9.3,61,,,,,,,,,,,,,,,,,,,
cbs:3170389,LaJohntay Wester,WR,BAL,,,,,tb-cbs-fbg-refresh-20260812,2026-08-12T22:55:51.496Z,2026-08-12T22:55:51.496Z,tb26-ppr-6pt-pass-td-minus2-int-2pt-sack-50fg-v1,candidate_only,,24.7,0,12.3,0,0,0,0,0,12.3,0,24.7,,,,,,,,,,,,,,,,,,,
fbg:ThomZa01,Zavion Thomas,WR,CHI,ThomZa01,,,,tb-cbs-fbg-refresh-20260812,2026-08-12T22:55:51.496Z,2026-08-12T22:55:51.496Z,tb26-ppr-6pt-pass-td-minus2-int-2pt-sack-50fg-v1,candidate_only,24.3,91.9,34.9,50.1,0,0,0,0,0,50.1,24.3,91.9,,,,,,,,,,,,,,,,,,,
cbs:2964726,Ryan Miller,WR,NYG,,,,,tb-cbs-fbg-refresh-20260812,2026-08-12T22:55:51.496Z,2026-08-12T22:55:51.496Z,tb26-ppr-6pt-pass-td-minus2-int-2pt-sack-50fg-v1,candidate_only,,24.4,,24.4,0,0,0,0,0,24.4,24.4,24.4,Single premium source matched; carried forward,,,,,,,,,,,,,,,,,,
fbg:WhitJo04,Jordan Whittington,WR,LAR,WhitJo04,,,,tb-cbs-fbg-refresh-20260812,2026-08-12T22:55:51.496Z,2026-08-12T22:55:51.496Z,tb26-ppr-6pt-pass-td-minus2-int-2pt-sack-50fg-v1,candidate_only,24.5,67.6,40.8,44.1,0,0,0,0,0,44.1,24.5,67.6,,,,,,,,,,,,,,,,,,,
cbs:3122529,Tahj Washington,WR,MIA,,,,,tb-cbs-fbg-refresh-20260812,2026-08-12T22:55:51.496Z,2026-08-12T22:55:51.496Z,tb26-ppr-6pt-pass-td-minus2-int-2pt-sack-50fg-v1,candidate_only,,24.1,,24.1,0,0,0,0,0,24.1,24.1,24.1,Single premium source matched; carried forward,,,,,,,,,,,,,,,,,,
fbg:WatsDe00,Deshaun Watson,QB,CLE,WatsDe00,,,,tb-cbs-fbg-refresh-20260812,2026-08-12T22:55:51.496Z,2026-08-12T22:55:51.496Z,tb26-ppr-6pt-pass-td-minus2-int-2pt-sack-50fg-v1,candidate_only,136.5,143.8,117.6,132.6,0,0,0,0,0,132.6,117.6,143.8,,,,,,,,,,,,,,,,,,,
fbg:HutcXa00,Xavier Hutchinson,WR,HOU,HutcXa00,,,,tb-cbs-fbg-refresh-20260812,2026-08-12T22:55:51.496Z,2026-08-12T22:55:51.496Z,tb26-ppr-6pt-pass-td-minus2-int-2pt-sack-50fg-v1,candidate_only,23.8,91.8,63.9,59.6,0,0,0,0,0,59.6,23.8,91.8,,,,,,,,,,,,,,,,,,,
fbg:HarrNa00,Najee Harris,RB,FA,HarrNa00,,,,tb-cbs-fbg-refresh-20260812,2026-08-12T22:55:51.496Z,2026-08-12T22:55:51.496Z,tb26-ppr-6pt-pass-td-minus2-int-2pt-sack-50fg-v1,candidate_only,14.7,22.3,22.4,19.8,0,0,0,0,0,19.8,14.7,22.4,,,,,,,,,,,,,,,,,,,
cbs:3161133,Mason Kinsey,WR,TEN,,,,,tb-cbs-fbg-refresh-20260812,2026-08-12T22:55:51.496Z,2026-08-12T22:55:51.496Z,tb26-ppr-6pt-pass-td-minus2-int-2pt-sack-50fg-v1,candidate_only,,23.4,0,11.6,0,0,0,0,0,11.6,0,23.4,,,,,,,,,,,,,,,,,,,
fbg:JordJa00,Jawhar Jordan,RB,HOU,JordJa00,,,,tb-cbs-fbg-refresh-20260812,2026-08-12T22:55:51.496Z,2026-08-12T22:55:51.496Z,tb26-ppr-6pt-pass-td-minus2-int-2pt-sack-50fg-v1,candidate_only,14.9,92.4,50.1,52.2,0,0,0,0,0,52.2,14.9,92.4,,,,,,,,,,,,,,,,,,,
fbg:SarrEl00,Elijah Sarratt,WR,BAL,SarrEl00,,,,tb-cbs-fbg-refresh-20260812,2026-08-12T22:55:51.496Z,2026-08-12T22:55:51.496Z,tb26-ppr-6pt-pass-td-minus2-int-2pt-sack-50fg-v1,candidate_only,19.6,26.7,59.4,35.2,0,0,0,0,0,35.2,19.6,59.4,,,,,,,,,,,,,,,,,,,
fbg:AlixRa00,Rasheen Ali,RB,BAL,AlixRa00,,,,tb-cbs-fbg-refresh-20260812,2026-08-12T22:55:51.496Z,2026-08-12T22:55:51.496Z,tb26-ppr-6pt-pass-td-minus2-int-2pt-sack-50fg-v1,candidate_only,13.9,22.4,0,12.1,0,0,0,0,0,12.1,0,22.4,,,,,,,,,,,,,,,,,,,
cbs:2963569,Elijah Moore,WR,PHI,,,,,tb-cbs-fbg-refresh-20260812,2026-08-12T22:55:51.496Z,2026-08-12T22:55:51.496Z,tb26-ppr-6pt-pass-td-minus2-int-2pt-sack-50fg-v1,candidate_only,,22.5,,22.5,0,0,0,0,0,22.5,22.5,22.5,Single premium source matched; carried forward,,,,,,,,,,,,,,,,,,
fbg:LambKe00,Keandre Lambert-Smith,WR,LAC,LambKe00,,,,tb-cbs-fbg-refresh-20260812,2026-08-12T22:55:51.496Z,2026-08-12T22:55:51.496Z,tb26-ppr-6pt-pass-td-minus2-int-2pt-sack-50fg-v1,candidate_only,8,35.7,26.9,23.4,0,0,0,0,0,23.4,8,35.7,,,,,,,,,,,,,,,,,,,
cbs:2961993,British Brooks,RB,HOU,,,,,tb-cbs-fbg-refresh-20260812,2026-08-12T22:55:51.496Z,2026-08-12T22:55:51.496Z,tb26-ppr-6pt-pass-td-minus2-int-2pt-sack-50fg-v1,candidate_only,,12.7,2.4,7.5,0,0,0,0,0,7.5,2.4,12.7,,,,,,,,,,,,,,,,,,,
fbg:BondIs00,Isaiah Bond,WR,CLE,BondIs00,,,,tb-cbs-fbg-refresh-20260812,2026-08-12T22:55:51.496Z,2026-08-12T22:55:51.496Z,tb26-ppr-6pt-pass-td-minus2-int-2pt-sack-50fg-v1,candidate_only,33.4,73.9,30.5,45.8,0,0,0,0,0,45.8,30.5,73.9,,,,,,,,,,,,,,,,,,,
cbs:3124679,Evan Hull,RB,HOU,,,,,tb-cbs-fbg-refresh-20260812,2026-08-12T22:55:51.496Z,2026-08-12T22:55:51.496Z,tb26-ppr-6pt-pass-td-minus2-int-2pt-sack-50fg-v1,candidate_only,,10.5,,10.5,0,0,0,0,0,10.5,10.5,10.5,Single premium source matched; carried forward,,,,,,,,,,,,,,,,,,
fbg:HornJi00,Jimmy Horn Jr.,WR,CAR,HornJi00,,,,tb-cbs-fbg-refresh-20260812,2026-08-12T22:55:51.496Z,2026-08-12T22:55:51.496Z,tb26-ppr-6pt-pass-td-minus2-int-2pt-sack-50fg-v1,candidate_only,19.5,33.3,21.3,24.6,0,0,0,0,0,24.6,19.5,33.3,,,,,,,,,,,,,,,,,,,
fbg:TinsMi00,Mitch Tinsley,WR,CIN,TinsMi00,,,,tb-cbs-fbg-refresh-20260812,2026-08-12T22:55:51.496Z,2026-08-12T22:55:51.496Z,tb26-ppr-6pt-pass-td-minus2-int-2pt-sack-50fg-v1,candidate_only,17.2,,19.6,18.4,0,0,0,0,0,18.4,17.2,19.6,,,,,,,,,,,,,,,,,,,
fbg:YounCo00,Colbie Young,WR,CIN,YounCo00,,,,tb-cbs-fbg-refresh-20260812,2026-08-12T22:55:51.496Z,2026-08-12T22:55:51.496Z,tb26-ppr-6pt-pass-td-minus2-int-2pt-sack-50fg-v1,candidate_only,27.1,35,9.6,23.9,0,0,0,0,0,23.9,9.6,35,,,,,,,,,,,,,,,,,,,
fbg:IngoAl00,Alec Ingold,RB,LAC,IngoAl00,,,,tb-cbs-fbg-refresh-20260812,2026-08-12T22:55:51.496Z,2026-08-12T22:55:51.496Z,tb26-ppr-6pt-pass-td-minus2-int-2pt-sack-50fg-v1,candidate_only,13.9,11.2,16.2,13.8,0,0,0,0,0,13.8,11.2,16.2,,,,,,,,,,,,,,,,,,,
fbg:ThomBr02,Brenen Thompson,WR,LAC,ThomBr02,,,,tb-cbs-fbg-refresh-20260812,2026-08-12T22:55:51.496Z,2026-08-12T22:55:51.496Z,tb26-ppr-6pt-pass-td-minus2-int-2pt-sack-50fg-v1,candidate_only,25,31.4,27.3,27.9,0,0,0,0,0,27.9,25,31.4,,,,,,,,,,,,,,,,,,,
fbg:HuntJa02,Jarquez Hunter,RB,LAR,HuntJa02,,,,tb-cbs-fbg-refresh-20260812,2026-08-12T22:55:51.496Z,2026-08-12T22:55:51.496Z,tb26-ppr-6pt-pass-td-minus2-int-2pt-sack-50fg-v1,candidate_only,11.2,21.4,23.2,18.6,0,0,0,0,0,18.6,11.2,23.2,,,,,,,,,,,,,,,,,,,
fbg:McLaJa00,Jaleel McLaughlin,RB,DEN,McLaJa00,,,,tb-cbs-fbg-refresh-20260812,2026-08-12T22:55:51.496Z,2026-08-12T22:55:51.496Z,tb26-ppr-6pt-pass-td-minus2-int-2pt-sack-50fg-v1,candidate_only,5.9,0,,3,0,0,0,0,0,3,0,5.9,,,,,,,,,,,,,,,,,,,
cbs:2963641,Zamir White,RB,LV,,,,,tb-cbs-fbg-refresh-20260812,2026-08-12T22:55:51.496Z,2026-08-12T22:55:51.496Z,tb26-ppr-6pt-pass-td-minus2-int-2pt-sack-50fg-v1,candidate_only,,10.9,,10.9,0,0,0,0,0,10.9,10.9,10.9,Single premium source matched; carried forward,,,,,,,,,,,,,,,,,,
fbg:NealDe00,Devin Neal,RB,NO,NealDe00,,,,tb-cbs-fbg-refresh-20260812,2026-08-12T22:55:51.496Z,2026-08-12T22:55:51.496Z,tb26-ppr-6pt-pass-td-minus2-int-2pt-sack-50fg-v1,candidate_only,10.3,37.9,19.2,22.4,0,0,0,0,0,22.4,10.3,37.9,,,,,,,,,,,,,,,,,,,
fbg:AlleCy00,Cyrus Allen,WR,KC,AlleCy00,,,,tb-cbs-fbg-refresh-20260812,2026-08-12T22:55:51.496Z,2026-08-12T22:55:51.496Z,tb26-ppr-6pt-pass-td-minus2-int-2pt-sack-50fg-v1,candidate_only,30.7,31.4,43.9,35.3,0,0,0,0,0,35.3,30.7,43.9,,,,,,,,,,,,,,,,,,,
cbs:26718347,Gage Larvadain,WR,CLE,,,,,tb-cbs-fbg-refresh-20260812,2026-08-12T22:55:51.496Z,2026-08-12T22:55:51.496Z,tb26-ppr-6pt-pass-td-minus2-int-2pt-sack-50fg-v1,candidate_only,,18.1,0,9,0,0,0,0,0,9,0,18.1,,,,,,,,,,,,,,,,,,,
fbg:McGoSe00,Seth McGowan,RB,IND,McGoSe00,,,,tb-cbs-fbg-refresh-20260812,2026-08-12T22:55:51.496Z,2026-08-12T22:55:51.496Z,tb26-ppr-6pt-pass-td-minus2-int-2pt-sack-50fg-v1,candidate_only,22.3,30,23.4,25.2,0,0,0,0,0,25.2,22.3,30,,,,,,,,,,,,,,,,,,,
fbg:AustCa00,Calvin Austin III,WR,NYG,AustCa00,,,,tb-cbs-fbg-refresh-20260812,2026-08-12T22:55:51.496Z,2026-08-12T22:55:51.496Z,tb26-ppr-6pt-pass-td-minus2-int-2pt-sack-50fg-v1,candidate_only,55,101.2,60,71.9,0,0,0,0,0,71.9,55,101.2,,,,,,,,,,,,,,,,,,,
fbg:FeltTa00,Tai Felton,WR,MIN,FeltTa00,,,,tb-cbs-fbg-refresh-20260812,2026-08-12T22:55:51.496Z,2026-08-12T22:55:51.496Z,tb26-ppr-6pt-pass-td-minus2-int-2pt-sack-50fg-v1,candidate_only,25.4,53.2,8.6,29,0,0,0,0,0,29,8.6,53.2,,,,,,,,,,,,,,,,,,,
fbg:RicaPa00,Patrick Ricard,RB,NYG,RicaPa00,,,,tb-cbs-fbg-refresh-20260812,2026-08-12T22:55:51.496Z,2026-08-12T22:55:51.496Z,tb26-ppr-6pt-pass-td-minus2-int-2pt-sack-50fg-v1,candidate_only,8.4,7.6,7.3,7.8,0,0,0,0,0,7.8,7.3,8.4,,,,,,,,,,,,,,,,,,,
fbg:GuerIs00,Isaac Guerendo,RB,SF,GuerIs00,,,,tb-cbs-fbg-refresh-20260812,2026-08-12T22:55:51.496Z,2026-08-12T22:55:51.496Z,tb26-ppr-6pt-pass-td-minus2-int-2pt-sack-50fg-v1,candidate_only,8,29.2,14.8,17.3,0,0,0,0,0,17.3,8,29.2,,,,,,,,,,,,,,,,,,,
fbg:AlleKe00,Keenan Allen,WR,FA,AlleKe00,,,,tb-cbs-fbg-refresh-20260812,2026-08-12T22:55:51.496Z,2026-08-12T22:55:51.496Z,tb26-ppr-6pt-pass-td-minus2-int-2pt-sack-50fg-v1,candidate_only,17.8,21.2,,19.5,0,0,0,0,0,19.5,17.8,21.2,,,,,,,,,,,,,,,,,,,
fbg:DillA.00,AJ Dillon,RB,CAR,DillA.00,,,,tb-cbs-fbg-refresh-20260812,2026-08-12T22:55:51.496Z,2026-08-12T22:55:51.496Z,tb26-ppr-6pt-pass-td-minus2-int-2pt-sack-50fg-v1,candidate_only,9.1,96.3,94.5,66.3,0,0,0,0,0,66.3,9.1,96.3,,,,,,,,,,,,,,,,,,,
fbg:BrazCh01,Chris Brazzell II,WR,CAR,BrazCh01,,,,tb-cbs-fbg-refresh-20260812,2026-08-12T22:55:51.496Z,2026-08-12T22:55:51.496Z,tb26-ppr-6pt-pass-td-minus2-int-2pt-sack-50fg-v1,candidate_only,16.9,0,,8.5,0,0,0,0,0,8.5,0,16.9,,,,,,,,,,,,,,,,,,,
cbs:2186388,Alex Bachman,WR,LV,,,,,tb-cbs-fbg-refresh-20260812,2026-08-12T22:55:51.496Z,2026-08-12T22:55:51.496Z,tb26-ppr-6pt-pass-td-minus2-int-2pt-sack-50fg-v1,candidate_only,,16.9,,16.9,0,0,0,0,0,16.9,16.9,16.9,Single premium source matched; carried forward,,,,,,,,,,,,,,,,,,
fbg:SkowBe00,Ben Skowronek,WR,PIT,SkowBe00,,,,tb-cbs-fbg-refresh-20260812,2026-08-12T22:55:51.496Z,2026-08-12T22:55:51.496Z,tb26-ppr-6pt-pass-td-minus2-int-2pt-sack-50fg-v1,candidate_only,12.4,76.7,11.7,33.4,0,0,0,0,0,33.4,11.7,76.7,,,,,,,,,,,,,,,,,,,
fbg:StroPi00,Pierre Strong Jr,RB,GB,StroPi00,,,,tb-cbs-fbg-refresh-20260812,2026-08-12T22:55:51.496Z,2026-08-12T22:55:51.496Z,tb26-ppr-6pt-pass-td-minus2-int-2pt-sack-50fg-v1,candidate_only,2.1,0,,1.1,0,0,0,0,0,1.1,0,2.1,,,,,,,,,,,,,,,,,,,
cbs:3161112,Reggie Gilliam,RB,NE,,,,,tb-cbs-fbg-refresh-20260812,2026-08-12T22:55:51.496Z,2026-08-12T22:55:51.496Z,tb26-ppr-6pt-pass-td-minus2-int-2pt-sack-50fg-v1,candidate_only,,7.6,8.3,8,0,0,0,0,0,8,7.6,8.3,,,,,,,,,,,,,,,,,,,
cbs:2804813,Gabe Davis,WR,BUF,,,,,tb-cbs-fbg-refresh-20260812,2026-08-12T22:55:51.496Z,2026-08-12T22:55:51.496Z,tb26-ppr-6pt-pass-td-minus2-int-2pt-sack-50fg-v1,candidate_only,,16.5,,16.5,0,0,0,0,0,16.5,16.5,16.5,Single premium source matched; carried forward,,,,,,,,,,,,,,,,,,
fbg:JohnRo07,Roschon Johnson,RB,CHI,JohnRo07,,,,tb-cbs-fbg-refresh-20260812,2026-08-12T22:55:51.496Z,2026-08-12T22:55:51.496Z,tb26-ppr-6pt-pass-td-minus2-int-2pt-sack-50fg-v1,candidate_only,8.2,33.1,34.2,25.1,0,0,0,0,0,25.1,8.2,34.2,,,,,,,,,,,,,,,,,,,
fbg:DortGr00,Greg Dortch,WR,DET,DortGr00,,,,tb-cbs-fbg-refresh-20260812,2026-08-12T22:55:51.496Z,2026-08-12T22:55:51.496Z,tb26-ppr-6pt-pass-td-minus2-int-2pt-sack-50fg-v1,candidate_only,17.5,42.7,14.5,24.8,0,0,0,0,0,24.8,14.5,42.7,,,,,,,,,,,,,,,,,,,
fbg:MillJa01,Jam Miller,RB,NE,MillJa01,,,,tb-cbs-fbg-refresh-20260812,2026-08-12T22:55:51.496Z,2026-08-12T22:55:51.496Z,tb26-ppr-6pt-pass-td-minus2-int-2pt-sack-50fg-v1,candidate_only,4.8,25.6,26.1,18.8,0,0,0,0,0,18.8,4.8,26.1,,,,,,,,,,,,,,,,,,,
fbg:WillSa00,Savion Williams,WR,GB,WillSa00,,,,tb-cbs-fbg-refresh-20260812,2026-08-12T22:55:51.496Z,2026-08-12T22:55:51.496Z,tb26-ppr-6pt-pass-td-minus2-int-2pt-sack-50fg-v1,candidate_only,17.2,27.3,69,37.8,0,0,0,0,0,37.8,17.2,69,,,,,,,,,,,,,,,,,,,
cbs:2967664,Julius Chestnut,RB,TEN,,,,,tb-cbs-fbg-refresh-20260812,2026-08-12T22:55:51.496Z,2026-08-12T22:55:51.496Z,tb26-ppr-6pt-pass-td-minus2-int-2pt-sack-50fg-v1,candidate_only,,6.2,,6.2,0,0,0,0,0,6.2,6.2,6.2,Single premium source matched; carried forward,,,,,,,,,,,,,,,,,,
cbs:2968491,Ben VanSumeren,RB,BUF,,,,,tb-cbs-fbg-refresh-20260812,2026-08-12T22:55:51.496Z,2026-08-12T22:55:51.496Z,tb26-ppr-6pt-pass-td-minus2-int-2pt-sack-50fg-v1,candidate_only,,7,,7,0,0,0,0,0,7,7,7,Single premium source matched; carried forward,,,,,,,,,,,,,,,,,,
fbg:MullKa00,Kalel Mullings,RB,TEN,MullKa00,,,,tb-cbs-fbg-refresh-20260812,2026-08-12T22:55:51.496Z,2026-08-12T22:55:51.496Z,tb26-ppr-6pt-pass-td-minus2-int-2pt-sack-50fg-v1,candidate_only,5.7,19.1,,12.3,0,0,0,0,0,12.3,5.7,19.1,,,,,,,,,,,,,,,,,,,
cbs:3127427,Xavier Gipson,WR,NYG,,,,,tb-cbs-fbg-refresh-20260812,2026-08-12T22:55:51.496Z,2026-08-12T22:55:51.496Z,tb26-ppr-6pt-pass-td-minus2-int-2pt-sack-50fg-v1,candidate_only,,13.9,,13.9,0,0,0,0,0,13.9,13.9,13.9,Single premium source matched; carried forward,,,,,,,,,,,,,,,,,,
fbg:WeavXa00,Xavier Weaver,WR,ARI,WeavXa00,,,,tb-cbs-fbg-refresh-20260812,2026-08-12T22:55:51.496Z,2026-08-12T22:55:51.496Z,tb26-ppr-6pt-pass-td-minus2-int-2pt-sack-50fg-v1,candidate_only,14.1,62.6,,38.1,0,0,0,0,0,38.1,14.1,62.6,,,,,,,,,,,,,,,,,,,
fbg:GoodTy00,Tyler Goodson,RB,ATL,GoodTy00,,,,tb-cbs-fbg-refresh-20260812,2026-08-12T22:55:51.496Z,2026-08-12T22:55:51.496Z,tb26-ppr-6pt-pass-td-minus2-int-2pt-sack-50fg-v1,candidate_only,3.7,11.5,,7.6,0,0,0,0,0,7.6,3.7,11.5,,,,,,,,,,,,,,,,,,,
fbg:SamuCu00,Curtis Samuel,WR,FA,SamuCu00,,,,tb-cbs-fbg-refresh-20260812,2026-08-12T22:55:51.496Z,2026-08-12T22:55:51.496Z,tb26-ppr-6pt-pass-td-minus2-int-2pt-sack-50fg-v1,candidate_only,10.8,0,,5.5,0,0,0,0,0,5.5,0,10.8,,,,,,,,,,,,,,,,,,,
fbg:TiptMa00,Mason Tipton,WR,NO,TiptMa00,,,,tb-cbs-fbg-refresh-20260812,2026-08-12T22:55:51.496Z,2026-08-12T22:55:51.496Z,tb26-ppr-6pt-pass-td-minus2-int-2pt-sack-50fg-v1,candidate_only,11,57.3,0,22.6,0,0,0,0,0,22.6,0,57.3,,,,,,,,,,,,,,,,,,,
fbg:HuntKa00,Kareem Hunt,RB,FA,HuntKa00,,,,tb-cbs-fbg-refresh-20260812,2026-08-12T22:55:51.496Z,2026-08-12T22:55:51.496Z,tb26-ppr-6pt-pass-td-minus2-int-2pt-sack-50fg-v1,candidate_only,1.8,19.1,,10.4,0,0,0,0,0,10.4,1.8,19.1,,,,,,,,,,,,,,,,,,,
fbg:MixoJo00,Joe Mixon,RB,FA,MixoJo00,,,,tb-cbs-fbg-refresh-20260812,2026-08-12T22:55:51.496Z,2026-08-12T22:55:51.496Z,tb26-ppr-6pt-pass-td-minus2-int-2pt-sack-50fg-v1,candidate_only,1.8,0,,0.9,0,0,0,0,0,0.9,0,1.8,,,,,,,,,,,,,,,,,,,
fbg:DallDe00,DeeJay Dallas,RB,JAX,DallDe00,,,,tb-cbs-fbg-refresh-20260812,2026-08-12T22:55:51.496Z,2026-08-12T22:55:51.496Z,tb26-ppr-6pt-pass-td-minus2-int-2pt-sack-50fg-v1,candidate_only,1.7,14.2,0,5.3,0,0,0,0,0,5.3,0,14.2,,,,,,,,,,,,,,,,,,,
fbg:McNiJe00,Jeremy McNichols,RB,WAS,McNiJe00,,,,tb-cbs-fbg-refresh-20260812,2026-08-12T22:55:51.496Z,2026-08-12T22:55:51.496Z,tb26-ppr-6pt-pass-td-minus2-int-2pt-sack-50fg-v1,candidate_only,8.7,27.3,27.2,21,0,0,0,0,0,21,8.7,27.3,,,,,,,,,,,,,,,,,,,
fbg:RobiDe01,Demarcus Robinson,WR,SF,RobiDe01,,,,tb-cbs-fbg-refresh-20260812,2026-08-12T22:55:51.496Z,2026-08-12T22:55:51.496Z,tb26-ppr-6pt-pass-td-minus2-int-2pt-sack-50fg-v1,candidate_only,8.7,96.6,52.7,52.3,0,0,0,0,0,52.3,8.7,96.6,,,,,,,,,,,,,,,,,,,
fbg:PattJa00,Jaret Patterson,RB,LAC,PattJa00,,,,tb-cbs-fbg-refresh-20260812,2026-08-12T22:55:51.496Z,2026-08-12T22:55:51.496Z,tb26-ppr-6pt-pass-td-minus2-int-2pt-sack-50fg-v1,candidate_only,4.8,20.7,,12.7,0,0,0,0,0,12.7,4.8,20.7,,,,,,,,,,,,,,,,,,,
fbg:BensTr01,Trey Benson,RB,ARI,BensTr01,,,,tb-cbs-fbg-refresh-20260812,2026-08-12T22:55:51.496Z,2026-08-12T22:55:51.496Z,tb26-ppr-6pt-pass-td-minus2-int-2pt-sack-50fg-v1,candidate_only,1.4,19.3,0,6.8,0,0,0,0,0,6.8,0,19.3,,,,,,,,,,,,,,,,,,,
fbg:MetcJo00,John Metchie III,WR,CAR,MetcJo00,,,,tb-cbs-fbg-refresh-20260812,2026-08-12T22:55:51.496Z,2026-08-12T22:55:51.496Z,tb26-ppr-6pt-pass-td-minus2-int-2pt-sack-50fg-v1,candidate_only,19.8,160.2,162.3,113.6,0,0,0,0,0,113.6,19.8,162.3,,,,,,,,,,,,,,,,,,,
fbg:MafaPh00,Phil Mafah,RB,DAL,MafaPh00,,,,tb-cbs-fbg-refresh-20260812,2026-08-12T22:55:51.496Z,2026-08-12T22:55:51.496Z,tb26-ppr-6pt-pass-td-minus2-int-2pt-sack-50fg-v1,candidate_only,7.9,33.1,27.6,22.8,0,0,0,0,0,22.8,7.9,33.1,,,,,,,,,,,,,,,,,,,
fbg:SmitXa00,Xavier Smith,WR,LAR,SmitXa00,,,,tb-cbs-fbg-refresh-20260812,2026-08-12T22:55:51.496Z,2026-08-12T22:55:51.496Z,tb26-ppr-6pt-pass-td-minus2-int-2pt-sack-50fg-v1,candidate_only,10,32.7,9.8,17.4,0,0,0,0,0,17.4,9.8,32.7,,,,,,,,,,,,,,,,,,,
fbg:BadiTy00,Tyler Badie,RB,DEN,BadiTy00,,,,tb-cbs-fbg-refresh-20260812,2026-08-12T22:55:51.496Z,2026-08-12T22:55:51.496Z,tb26-ppr-6pt-pass-td-minus2-int-2pt-sack-50fg-v1,candidate_only,0.9,18.4,19.1,12.7,0,0,0,0,0,12.7,0.9,19.1,,,,,,,,,,,,,,,,,,,
fbg:DaniCJ00,CJ Daniels,WR,LAR,DaniCJ00,,,,tb-cbs-fbg-refresh-20260812,2026-08-12T22:55:51.496Z,2026-08-12T22:55:51.496Z,tb26-ppr-6pt-pass-td-minus2-int-2pt-sack-50fg-v1,candidate_only,9.7,33,9.5,17.3,0,0,0,0,0,17.3,9.5,33,,,,,,,,,,,,,,,,,,,
fbg:EstiAu00,Audric Estimé,RB,NO,EstiAu00,,,,tb-cbs-fbg-refresh-20260812,2026-08-12T22:55:51.496Z,2026-08-12T22:55:51.496Z,tb26-ppr-6pt-pass-td-minus2-int-2pt-sack-50fg-v1,candidate_only,0.7,23.3,,11.9,0,0,0,0,0,11.9,0.7,23.3,,,,,,,,,,,,,,,,,,,
fbg:KnigZo00,Bam Knight,RB,ARI,KnigZo00,,,,tb-cbs-fbg-refresh-20260812,2026-08-12T22:55:51.496Z,2026-08-12T22:55:51.496Z,tb26-ppr-6pt-pass-td-minus2-int-2pt-sack-50fg-v1,candidate_only,0.5,,0,0.3,0,0,0,0,0,0.3,0,0.5,,,,,,,,,,,,,,,,,,,
fbg:WatkJo00,Jordan Watkins,WR,SF,WatkJo00,,,,tb-cbs-fbg-refresh-20260812,2026-08-12T22:55:51.496Z,2026-08-12T22:55:51.496Z,tb26-ppr-6pt-pass-td-minus2-int-2pt-sack-50fg-v1,candidate_only,7.6,34,,20.7,0,0,0,0,0,20.7,7.6,34,,,,,,,,,,,,,,,,,,,
fbg:VirgRe00,Reggie Virgil,WR,ARI,VirgRe00,,,,tb-cbs-fbg-refresh-20260812,2026-08-12T22:55:51.496Z,2026-08-12T22:55:51.496Z,tb26-ppr-6pt-pass-td-minus2-int-2pt-sack-50fg-v1,candidate_only,8.6,32.4,7.9,16.2,0,0,0,0,0,16.2,7.9,32.4,,,,,,,,,,,,,,,,,,,
fbg:MingJo00,Jonathan Mingo,WR,DAL,MingJo00,,,,tb-cbs-fbg-refresh-20260812,2026-08-12T22:55:51.496Z,2026-08-12T22:55:51.496Z,tb26-ppr-6pt-pass-td-minus2-int-2pt-sack-50fg-v1,candidate_only,17.8,30.4,8.8,19,0,0,0,0,0,19,8.8,30.4,,,,,,,,,,,,,,,,,,,
fbg:BrowBa01,Barion Brown,WR,NO,BrowBa01,,,,tb-cbs-fbg-refresh-20260812,2026-08-12T22:55:51.496Z,2026-08-12T22:55:51.496Z,tb26-ppr-6pt-pass-td-minus2-int-2pt-sack-50fg-v1,candidate_only,11.7,31.4,8.5,17.1,0,0,0,0,0,17.1,8.5,31.4,,,,,,,,,,,,,,,,,,,
fbg:PricMy00,Myles Price,WR,MIN,PricMy00,,,,tb-cbs-fbg-refresh-20260812,2026-08-12T22:55:51.496Z,2026-08-12T22:55:51.496Z,tb26-ppr-6pt-pass-td-minus2-int-2pt-sack-50fg-v1,candidate_only,10.8,0,0,3.6,0,0,0,0,0,3.6,0,10.8,,,,,,,,,,,,,,,,,,,
fbg:SmitAr01,Arian Smith,WR,NYJ,SmitAr01,,,,tb-cbs-fbg-refresh-20260812,2026-08-12T22:55:51.496Z,2026-08-12T22:55:51.496Z,tb26-ppr-6pt-pass-td-minus2-int-2pt-sack-50fg-v1,candidate_only,8,37.3,3.6,16.2,0,0,0,0,0,16.2,3.6,37.3,,,,,,,,,,,,,,,,,,,
fbg:WiliIs00,Isaiah Williams,WR,NYJ,WiliIs00,,,,tb-cbs-fbg-refresh-20260812,2026-08-12T22:55:51.496Z,2026-08-12T22:55:51.496Z,tb26-ppr-6pt-pass-td-minus2-int-2pt-sack-50fg-v1,candidate_only,9,80.5,9.7,32.8,0,0,0,0,0,32.8,9,80.5,,,,,,,,,,,,,,,,,,,
fbg:LancBr00,Bryce Lance,WR,NO,LancBr00,,,,tb-cbs-fbg-refresh-20260812,2026-08-12T22:55:51.496Z,2026-08-12T22:55:51.496Z,tb26-ppr-6pt-pass-td-minus2-int-2pt-sack-50fg-v1,candidate_only,7,31.4,41.8,26.6,0,0,0,0,0,26.6,7,41.8,,,,,,,,,,,,,,,,,,,
cbs:27017067,Dareke Young,WR,LV,,,,,tb-cbs-fbg-refresh-20260812,2026-08-12T22:55:51.496Z,2026-08-12T22:55:51.496Z,tb26-ppr-6pt-pass-td-minus2-int-2pt-sack-50fg-v1,candidate_only,,6.9,0,3.4,0,0,0,0,0,3.4,0,6.9,,,,,,,,,,,,,,,,,,,
fbg:HumpLi00,Lil'Jordan Humphrey,WR,DEN,HumpLi00,,,,tb-cbs-fbg-refresh-20260812,2026-08-12T22:55:51.496Z,2026-08-12T22:55:51.496Z,tb26-ppr-6pt-pass-td-minus2-int-2pt-sack-50fg-v1,candidate_only,6.6,30,,18.2,0,0,0,0,0,18.2,6.6,30,,,,,,,,,,,,,,,,,,,
fbg:WetjKa00,Kaden Wetjen,WR,PIT,WetjKa00,,,,tb-cbs-fbg-refresh-20260812,2026-08-12T22:55:51.496Z,2026-08-12T22:55:51.496Z,tb26-ppr-6pt-pass-td-minus2-int-2pt-sack-50fg-v1,candidate_only,6.3,28.7,5.9,13.5,0,0,0,0,0,13.5,5.9,28.7,,,,,,,,,,,,,,,,,,,
fbg:MarsTe00,Terrace Marshall Jr,WR,MIA,MarsTe00,,,,tb-cbs-fbg-refresh-20260812,2026-08-12T22:55:51.496Z,2026-08-12T22:55:51.496Z,tb26-ppr-6pt-pass-td-minus2-int-2pt-sack-50fg-v1,candidate_only,5.4,0,,2.7,0,0,0,0,0,2.7,0,5.4,,,,,,,,,,,,,,,,,,,
fbg:TreaLa00,Laquon Treadwell,WR,IND,TreaLa00,,,,tb-cbs-fbg-refresh-20260812,2026-08-12T22:55:51.496Z,2026-08-12T22:55:51.496Z,tb26-ppr-6pt-pass-td-minus2-int-2pt-sack-50fg-v1,candidate_only,5.7,0,8.4,4.7,0,0,0,0,0,4.7,0,8.4,,,,,,,,,,,,,,,,,,,
fbg:HendEm00,Emmanuel Henderson Jr.,WR,SEA,HendEm00,,,,tb-cbs-fbg-refresh-20260812,2026-08-12T22:55:51.496Z,2026-08-12T22:55:51.496Z,tb26-ppr-6pt-pass-td-minus2-int-2pt-sack-50fg-v1,candidate_only,5.7,32,,18.7,0,0,0,0,0,18.7,5.7,32,,,,,,,,,,,,,,,,,,,
fbg:PolkJa00,Ja'Lynn Polk,WR,FA,PolkJa00,,,,tb-cbs-fbg-refresh-20260812,2026-08-12T22:55:51.496Z,2026-08-12T22:55:51.496Z,tb26-ppr-6pt-pass-td-minus2-int-2pt-sack-50fg-v1,candidate_only,1.8,0,,0.9,0,0,0,0,0,0.9,0,1.8,,,,,,,,,,,,,,,,,,,
fbg:CoveBr00,Britain Covey,WR,PHI,CoveBr00,,,,tb-cbs-fbg-refresh-20260812,2026-08-12T22:55:51.496Z,2026-08-12T22:55:51.496Z,tb26-ppr-6pt-pass-td-minus2-int-2pt-sack-50fg-v1,candidate_only,3.7,25.5,0,9.7,0,0,0,0,0,9.7,0,25.5,,,,,,,,,,,,,,,,,,,
fbg:PatrTi00,Tim Patrick,WR,NYJ,PatrTi00,,,,tb-cbs-fbg-refresh-20260812,2026-08-12T22:55:51.496Z,2026-08-12T22:55:51.496Z,tb26-ppr-6pt-pass-td-minus2-int-2pt-sack-50fg-v1,candidate_only,4.7,20.2,,12.4,0,0,0,0,0,12.4,4.7,20.2,,,,,,,,,,,,,,,,,,,
fbg:WatsJu01,Justin Watson,WR,HOU,WatsJu01,,,,tb-cbs-fbg-refresh-20260812,2026-08-12T22:55:51.496Z,2026-08-12T22:55:51.496Z,tb26-ppr-6pt-pass-td-minus2-int-2pt-sack-50fg-v1,candidate_only,4.6,30.7,8.5,14.5,0,0,0,0,0,14.5,4.6,30.7,,,,,,,,,,,,,,,,,,,
fbg:WilsJo02,Johnny Wilson,WR,PHI,WilsJo02,,,,tb-cbs-fbg-refresh-20260812,2026-08-12T22:55:51.496Z,2026-08-12T22:55:51.496Z,tb26-ppr-6pt-pass-td-minus2-int-2pt-sack-50fg-v1,candidate_only,2.9,58.5,,30.4,0,0,0,0,0,30.4,2.9,58.5,,,,,,,,,,,,,,,,,,,
fbg:DaviDe01,Derius Davis,WR,LAC,DaviDe01,,,,tb-cbs-fbg-refresh-20260812,2026-08-12T22:55:51.496Z,2026-08-12T22:55:51.496Z,tb26-ppr-6pt-pass-td-minus2-int-2pt-sack-50fg-v1,candidate_only,4.3,24.1,10.6,12.9,0,0,0,0,0,12.9,4.3,24.1,,,,,,,,,,,,,,,,,,,
fbg:MoorSk00,Skyy Moore,WR,GB,MoorSk00,,,,tb-cbs-fbg-refresh-20260812,2026-08-12T22:55:51.496Z,2026-08-12T22:55:51.496Z,tb26-ppr-6pt-pass-td-minus2-int-2pt-sack-50fg-v1,candidate_only,4.1,18.7,0,7.5,0,0,0,0,0,7.5,0,18.7,,,,,,,,,,,,,,,,,,,
fbg:BensMa00,Malik Benson,WR,LV,BensMa00,,,,tb-cbs-fbg-refresh-20260812,2026-08-12T22:55:51.496Z,2026-08-12T22:55:51.496Z,tb26-ppr-6pt-pass-td-minus2-int-2pt-sack-50fg-v1,candidate_only,19.5,28.6,15.9,21.3,0,0,0,0,0,21.3,15.9,28.6,,,,,,,,,,,,,,,,,,,
fbg:CampPa00,Parris Campbell,WR,FA,CampPa00,,,,tb-cbs-fbg-refresh-20260812,2026-08-12T22:55:51.496Z,2026-08-12T22:55:51.496Z,tb26-ppr-6pt-pass-td-minus2-int-2pt-sack-50fg-v1,candidate_only,3.6,0,,1.8,0,0,0,0,0,1.8,0,3.6,,,,,,,,,,,,,,,,,,,
fbg:LawxKe00,Kendrick Law,WR,DET,LawxKe00,,,,tb-cbs-fbg-refresh-20260812,2026-08-12T22:55:51.496Z,2026-08-12T22:55:51.496Z,tb26-ppr-6pt-pass-td-minus2-int-2pt-sack-50fg-v1,candidate_only,3.1,0,,1.6,0,0,0,0,0,1.6,0,3.1,,,,,,,,,,,,,,,,,,,
fbg:BoboJa00,Jake Bobo,WR,SEA,BoboJa00,,,,tb-cbs-fbg-refresh-20260812,2026-08-12T22:55:51.496Z,2026-08-12T22:55:51.496Z,tb26-ppr-6pt-pass-td-minus2-int-2pt-sack-50fg-v1,candidate_only,1.8,56.4,,28.8,0,0,0,0,0,28.8,1.8,56.4,,,,,,,,,,,,,,,,,,,
fbg:HodgIs00,Isaiah Hodgins,WR,NYG,HodgIs00,,,,tb-cbs-fbg-refresh-20260812,2026-08-12T22:55:51.496Z,2026-08-12T22:55:51.496Z,tb26-ppr-6pt-pass-td-minus2-int-2pt-sack-50fg-v1,candidate_only,2.4,27.1,,14.6,0,0,0,0,0,14.6,2.4,27.1,,,,,,,,,,,,,,,,,,,
fbg:HyatJa00,Jalin Hyatt,WR,NYG,HyatJa00,,,,tb-cbs-fbg-refresh-20260812,2026-08-12T22:55:51.496Z,2026-08-12T22:55:51.496Z,tb26-ppr-6pt-pass-td-minus2-int-2pt-sack-50fg-v1,candidate_only,1.5,23.2,,12.2,0,0,0,0,0,12.2,1.5,23.2,,,,,,,,,,,,,,,,,,,
fbg:CowiJa00,Jacob Cowing,WR,SF,CowiJa00,,,,tb-cbs-fbg-refresh-20260812,2026-08-12T22:55:51.496Z,2026-08-12T22:55:51.496Z,tb26-ppr-6pt-pass-td-minus2-int-2pt-sack-50fg-v1,candidate_only,4.6,32,0,12.1,0,0,0,0,0,12.1,0,32,,,,,,,,,,,,,,,,,,,
fbg:SmitJu00,JuJu Smith-Schuster,WR,NYG,SmitJu00,,,,tb-cbs-fbg-refresh-20260812,2026-08-12T22:55:51.496Z,2026-08-12T22:55:51.496Z,tb26-ppr-6pt-pass-td-minus2-int-2pt-sack-50fg-v1,candidate_only,2.2,26.4,1.3,9.9,0,0,0,0,0,9.9,1.3,26.4,,,,,,,,,,,,,,,,,,,
fbg:BeckOd01,Odell Beckham Jr,WR,NYG,BeckOd01,,,,tb-cbs-fbg-refresh-20260812,2026-08-12T22:55:51.496Z,2026-08-12T22:55:51.496Z,tb26-ppr-6pt-pass-td-minus2-int-2pt-sack-50fg-v1,candidate_only,1.8,55.2,35.1,30.5,0,0,0,0,0,30.5,1.8,55.2,,,,,,,,,,,,,,,,,,,
fbg:BerrBr00,Braxton Berrios,WR,NYG,BerrBr00,,,,tb-cbs-fbg-refresh-20260812,2026-08-12T22:55:51.496Z,2026-08-12T22:55:51.496Z,tb26-ppr-6pt-pass-td-minus2-int-2pt-sack-50fg-v1,candidate_only,2.1,0,0,0.7,0,0,0,0,0,0.7,0,2.1,,,,,,,,,,,,,,,,,,,
fbg:MendFe00,Fernando Mendoza,QB,LV,MendFe00,,,,tb-cbs-fbg-refresh-20260812,2026-08-12T22:55:51.496Z,2026-08-12T22:55:51.496Z,tb26-ppr-6pt-pass-td-minus2-int-2pt-sack-50fg-v1,candidate_only,116.4,214.5,212.8,180.9,0,0,0,0,0,180.9,116.4,214.5,,,,,,,,,,,,,,,,,,,
fbg:SandSh00,Shedeur Sanders,QB,CLE,SandSh00,,,,tb-cbs-fbg-refresh-20260812,2026-08-12T22:55:51.496Z,2026-08-12T22:55:51.496Z,tb26-ppr-6pt-pass-td-minus2-int-2pt-sack-50fg-v1,candidate_only,109.1,97.6,149.9,118.9,0,0,0,0,0,118.9,97.6,149.9,,,,,,,,,,,,,,,,,,,
fbg:PeniMi00,Michael Penix Jr.,QB,ATL,PeniMi00,,,,tb-cbs-fbg-refresh-20260812,2026-08-12T22:55:51.496Z,2026-08-12T22:55:51.496Z,tb26-ppr-6pt-pass-td-minus2-int-2pt-sack-50fg-v1,candidate_only,88.2,46.1,94.3,76.4,0,0,0,0,0,76.4,46.1,94.3,,,,,,,,,,,,,,,,,,,
fbg:BeckCa00,Carson Beck,QB,ARI,BeckCa00,,,,tb-cbs-fbg-refresh-20260812,2026-08-12T22:55:51.496Z,2026-08-12T22:55:51.496Z,tb26-ppr-6pt-pass-td-minus2-int-2pt-sack-50fg-v1,candidate_only,40.1,10.9,26.5,25.9,0,0,0,0,0,25.9,10.9,40.1,,,,,,,,,,,,,,,,,,,
fbg:FlacJo00,Joe Flacco,QB,CIN,FlacJo00,,,,tb-cbs-fbg-refresh-20260812,2026-08-12T22:55:51.496Z,2026-08-12T22:55:51.496Z,tb26-ppr-6pt-pass-td-minus2-int-2pt-sack-50fg-v1,candidate_only,26.1,9.6,12,16,0,0,0,0,0,16,9.6,26.1,,,,,,,,,,,,,,,,,,,
fbg:FielJu00,Justin Fields,QB,KC,FielJu00,,,,tb-cbs-fbg-refresh-20260812,2026-08-12T22:55:51.496Z,2026-08-12T22:55:51.496Z,tb26-ppr-6pt-pass-td-minus2-int-2pt-sack-50fg-v1,candidate_only,25.4,11.9,13.6,17,0,0,0,0,0,17,11.9,25.4,,,,,,,,,,,,,,,,,,,
fbg:HowaWi01,Will Howard,QB,PIT,HowaWi01,,,,tb-cbs-fbg-refresh-20260812,2026-08-12T22:55:51.496Z,2026-08-12T22:55:51.496Z,tb26-ppr-6pt-pass-td-minus2-int-2pt-sack-50fg-v1,candidate_only,24.4,10.3,7.9,14.3,0,0,0,0,0,14.3,7.9,24.4,,,,,,,,,,,,,,,,,,,
fbg:LeoaRi00,Riley Leonard,QB,IND,LeoaRi00,,,,tb-cbs-fbg-refresh-20260812,2026-08-12T22:55:51.496Z,2026-08-12T22:55:51.496Z,tb26-ppr-6pt-pass-td-minus2-int-2pt-sack-50fg-v1,candidate_only,24.4,12.5,15.5,17.5,0,0,0,0,0,17.5,12.5,24.4,,,,,,,,,,,,,,,,,,,
fbg:JoneMa04,Mac Jones,QB,SF,JoneMa04,,,,tb-cbs-fbg-refresh-20260812,2026-08-12T22:55:51.496Z,2026-08-12T22:55:51.496Z,tb26-ppr-6pt-pass-td-minus2-int-2pt-sack-50fg-v1,candidate_only,22.6,12.5,12,15.7,0,0,0,0,0,15.7,12,22.6,,,,,,,,,,,,,,,,,,,
fbg:TaylTy00,Tyrod Taylor,QB,GB,TaylTy00,,,,tb-cbs-fbg-refresh-20260812,2026-08-12T22:55:51.496Z,2026-08-12T22:55:51.496Z,tb26-ppr-6pt-pass-td-minus2-int-2pt-sack-50fg-v1,candidate_only,20,0,11.4,10.5,0,0,0,0,0,10.5,0,20,,,,,,,,,,,,,,,,,,,
fbg:McCaJJ00,J.J. McCarthy,QB,MIN,McCaJJ00,,,,tb-cbs-fbg-refresh-20260812,2026-08-12T22:55:51.496Z,2026-08-12T22:55:51.496Z,tb26-ppr-6pt-pass-td-minus2-int-2pt-sack-50fg-v1,candidate_only,26.9,11.7,24.7,21.2,0,0,0,0,0,21.2,11.7,26.9,,,,,,,,,,,,,,,,,,,
fbg:AlleKy00,Kyle Allen,QB,BUF,AlleKy00,,,,tb-cbs-fbg-refresh-20260812,2026-08-12T22:55:51.496Z,2026-08-12T22:55:51.496Z,tb26-ppr-6pt-pass-td-minus2-int-2pt-sack-50fg-v1,candidate_only,19.5,10.3,10.5,13.5,0,0,0,0,0,13.5,10.3,19.5,,,,,,,,,,,,,,,,,,,
fbg:MillDa00,Davis Mills,QB,HOU,MillDa00,,,,tb-cbs-fbg-refresh-20260812,2026-08-12T22:55:51.496Z,2026-08-12T22:55:51.496Z,tb26-ppr-6pt-pass-td-minus2-int-2pt-sack-50fg-v1,candidate_only,19.4,14.5,14.8,16.3,0,0,0,0,0,16.3,14.5,19.4,,,,,,,,,,,,,,,,,,,
fbg:BridTe00,Teddy Bridgewater,QB,DET,BridTe00,,,,tb-cbs-fbg-refresh-20260812,2026-08-12T22:55:51.496Z,2026-08-12T22:55:51.496Z,tb26-ppr-6pt-pass-td-minus2-int-2pt-sack-50fg-v1,candidate_only,12.2,0,12.4,8.2,0,0,0,0,0,8.2,0,12.4,,,,,,,,,,,,,,,,,,,
fbg:MullNi00,Nick Mullens,QB,JAX,MullNi00,,,,tb-cbs-fbg-refresh-20260812,2026-08-12T22:55:51.496Z,2026-08-12T22:55:51.496Z,tb26-ppr-6pt-pass-td-minus2-int-2pt-sack-50fg-v1,candidate_only,18.8,10.3,11.6,13.6,0,0,0,0,0,13.6,10.3,18.8,,,,,,,,,,,,,,,,,,,
fbg:EwerQu00,Quinn Ewers,QB,MIA,EwerQu00,,,,tb-cbs-fbg-refresh-20260812,2026-08-12T22:55:51.496Z,2026-08-12T22:55:51.496Z,tb26-ppr-6pt-pass-td-minus2-int-2pt-sack-50fg-v1,candidate_only,15.9,16.2,13.1,15.1,0,0,0,0,0,15.1,13.1,16.2,,,,,,,,,,,,,,,,,,,
fbg:BageTy00,Tyson Bagent,QB,CHI,BageTy00,,,,tb-cbs-fbg-refresh-20260812,2026-08-12T22:55:51.496Z,2026-08-12T22:55:51.496Z,tb26-ppr-6pt-pass-td-minus2-int-2pt-sack-50fg-v1,candidate_only,19.6,12.8,13,15.2,0,0,0,0,0,15.2,12.8,19.6,,,,,,,,,,,,,,,,,,,
fbg:SimpTy00,Ty Simpson,QB,LAR,SimpTy00,,,,tb-cbs-fbg-refresh-20260812,2026-08-12T22:55:51.496Z,2026-08-12T22:55:51.496Z,tb26-ppr-6pt-pass-td-minus2-int-2pt-sack-50fg-v1,candidate_only,18.5,42,27.6,29.3,0,0,0,0,0,29.3,18.5,42,,,,,,,,,,,,,,,,,,,
fbg:LancTr00,Trey Lance,QB,LAC,LancTr00,,,,tb-cbs-fbg-refresh-20260812,2026-08-12T22:55:51.496Z,2026-08-12T22:55:51.496Z,tb26-ppr-6pt-pass-td-minus2-int-2pt-sack-50fg-v1,candidate_only,18.9,11.9,11.5,14.1,0,0,0,0,0,14.1,11.5,18.9,,,,,,,,,,,,,,,,,,,
fbg:DeviTo00,Tommy DeVito,QB,NE,DeviTo00,,,,tb-cbs-fbg-refresh-20260812,2026-08-12T22:55:51.496Z,2026-08-12T22:55:51.496Z,tb26-ppr-6pt-pass-td-minus2-int-2pt-sack-50fg-v1,candidate_only,17.9,0,12.5,10.2,0,0,0,0,0,10.2,0,17.9,,,,,,,,,,,,,,,,,,,
fbg:StidJa00,Jarrett Stidham,QB,DEN,StidJa00,,,,tb-cbs-fbg-refresh-20260812,2026-08-12T22:55:51.496Z,2026-08-12T22:55:51.496Z,tb26-ppr-6pt-pass-td-minus2-int-2pt-sack-50fg-v1,candidate_only,17.8,13.9,13.2,15,0,0,0,0,0,15,13.2,17.8,,,,,,,,,,,,,,,,,,,
fbg:RattSp00,Spencer Rattler,QB,NO,RattSp00,,,,tb-cbs-fbg-refresh-20260812,2026-08-12T22:55:51.496Z,2026-08-12T22:55:51.496Z,tb26-ppr-6pt-pass-td-minus2-int-2pt-sack-50fg-v1,candidate_only,17.5,11.9,11.1,13.5,0,0,0,0,0,13.5,11.1,17.5,,,,,,,,,,,,,,,,,,,
fbg:WinsJa00,Jameis Winston,QB,NYG,WinsJa00,,,,tb-cbs-fbg-refresh-20260812,2026-08-12T22:55:51.496Z,2026-08-12T22:55:51.496Z,tb26-ppr-6pt-pass-td-minus2-int-2pt-sack-50fg-v1,candidate_only,17.7,9.9,12.9,13.5,0,0,0,0,0,13.5,9.9,17.7,,,,,,,,,,,,,,,,,,,
fbg:HuntTy00,Tyler Huntley,QB,BAL,HuntTy00,,,,tb-cbs-fbg-refresh-20260812,2026-08-12T22:55:51.496Z,2026-08-12T22:55:51.496Z,tb26-ppr-6pt-pass-td-minus2-int-2pt-sack-50fg-v1,candidate_only,16.5,13.2,11.7,13.8,0,0,0,0,0,13.8,11.7,16.5,,,,,,,,,,,,,,,,,,,
fbg:BrowJa01,Jake Browning,QB,TB,BrowJa01,,,,tb-cbs-fbg-refresh-20260812,2026-08-12T22:55:51.496Z,2026-08-12T22:55:51.496Z,tb26-ppr-6pt-pass-td-minus2-int-2pt-sack-50fg-v1,candidate_only,16.3,11.9,11.9,13.4,0,0,0,0,0,13.4,11.9,16.3,,,,,,,,,,,,,,,,,,,
fbg:DaltAn00,Andy Dalton,QB,PHI,DaltAn00,,,,tb-cbs-fbg-refresh-20260812,2026-08-12T22:55:51.496Z,2026-08-12T22:55:51.496Z,tb26-ppr-6pt-pass-td-minus2-int-2pt-sack-50fg-v1,candidate_only,15.8,11.9,11.9,13.2,0,0,0,0,0,13.2,11.9,15.8,,,,,,,,,,,,,,,,,,,
fbg:PickKe00,Kenny Pickett,QB,CAR,PickKe00,,,,tb-cbs-fbg-refresh-20260812,2026-08-12T22:55:51.496Z,2026-08-12T22:55:51.496Z,tb26-ppr-6pt-pass-td-minus2-int-2pt-sack-50fg-v1,candidate_only,15.7,11.2,11.5,12.8,0,0,0,0,0,12.8,11.2,15.7,,,,,,,,,,,,,,,,,,,
fbg:LockDr00,Drew Lock,QB,SEA,LockDr00,,,,tb-cbs-fbg-refresh-20260812,2026-08-12T22:55:51.496Z,2026-08-12T22:55:51.496Z,tb26-ppr-6pt-pass-td-minus2-int-2pt-sack-50fg-v1,candidate_only,15.1,12.5,10.8,12.8,0,0,0,0,0,12.8,10.8,15.1,,,,,,,,,,,,,,,,,,,
fbg:TrubMi00,Mitchell Trubisky,QB,TEN,TrubMi00,,,,tb-cbs-fbg-refresh-20260812,2026-08-12T22:55:51.496Z,2026-08-12T22:55:51.496Z,tb26-ppr-6pt-pass-td-minus2-int-2pt-sack-50fg-v1,candidate_only,14.5,11.6,9.8,12,0,0,0,0,0,12,9.8,14.5,,,,,,,,,,,,,,,,,,,
cbs:2864759,Desmond Ridder,QB,GB,,,,,tb-cbs-fbg-refresh-20260812,2026-08-12T22:55:51.496Z,2026-08-12T22:55:51.496Z,tb26-ppr-6pt-pass-td-minus2-int-2pt-sack-50fg-v1,candidate_only,,13.9,,13.9,0,0,0,0,0,13.9,13.9,13.9,Single premium source matched; carried forward,,,,,,,,,,,,,,,,,,
fbg:MiltJo00,Joe Milton III,QB,DAL,MiltJo00,,,,tb-cbs-fbg-refresh-20260812,2026-08-12T22:55:51.496Z,2026-08-12T22:55:51.496Z,tb26-ppr-6pt-pass-td-minus2-int-2pt-sack-50fg-v1,candidate_only,13.4,15.2,9.8,12.8,0,0,0,0,0,12.8,9.8,15.2,,,,,,,,,,,,,,,,,,,
fbg:MariMa01,Marcus Mariota,QB,WAS,MariMa01,,,,tb-cbs-fbg-refresh-20260812,2026-08-12T22:55:51.496Z,2026-08-12T22:55:51.496Z,tb26-ppr-6pt-pass-td-minus2-int-2pt-sack-50fg-v1,candidate_only,13.4,30.3,21.3,21.6,0,0,0,0,0,21.6,13.4,30.3,,,,,,,,,,,,,,,,,,,
cbs:2261701,Chris Oladokun,QB,KC,,,,,tb-cbs-fbg-refresh-20260812,2026-08-12T22:55:51.496Z,2026-08-12T22:55:51.496Z,tb26-ppr-6pt-pass-td-minus2-int-2pt-sack-50fg-v1,candidate_only,,11.9,11.7,11.8,0,0,0,0,0,11.8,11.7,11.9,,,,,,,,,,,,,,,,,,,
cbs:26696177,Behren Morton,QB,NE,,,,,tb-cbs-fbg-refresh-20260812,2026-08-12T22:55:51.496Z,2026-08-12T22:55:51.496Z,tb26-ppr-6pt-pass-td-minus2-int-2pt-sack-50fg-v1,candidate_only,,11.6,11.8,11.7,0,0,0,0,0,11.7,11.6,11.8,,,,,,,,,,,,,,,,,,,
cbs:26701706,Garrett Nussmeier,QB,KC,,,,,tb-cbs-fbg-refresh-20260812,2026-08-12T22:55:51.496Z,2026-08-12T22:55:51.496Z,tb26-ppr-6pt-pass-td-minus2-int-2pt-sack-50fg-v1,candidate_only,,10.9,11.2,11.1,0,0,0,0,0,11.1,10.9,11.2,,,,,,,,,,,,,,,,,,,
cbs:26725861,Cole Payton,QB,PHI,,,,,tb-cbs-fbg-refresh-20260812,2026-08-12T22:55:51.496Z,2026-08-12T22:55:51.496Z,tb26-ppr-6pt-pass-td-minus2-int-2pt-sack-50fg-v1,candidate_only,,10.9,11.2,11.1,0,0,0,0,0,11.1,10.9,11.2,,,,,,,,,,,,,,,,,,,
cbs:28876938,Drew Allar,QB,PIT,,,,,tb-cbs-fbg-refresh-20260812,2026-08-12T22:55:51.496Z,2026-08-12T22:55:51.496Z,tb26-ppr-6pt-pass-td-minus2-int-2pt-sack-50fg-v1,candidate_only,,10.3,10.5,10.4,0,0,0,0,0,10.4,10.3,10.5,,,,,,,,,,,,,,,,,,,
fbg:CookBr00,Brady Cook,QB,NYJ,CookBr00,,,,tb-cbs-fbg-refresh-20260812,2026-08-12T22:55:51.496Z,2026-08-12T22:55:51.496Z,tb26-ppr-6pt-pass-td-minus2-int-2pt-sack-50fg-v1,candidate_only,9.1,11.2,5.5,8.6,0,0,0,0,0,8.6,5.5,11.2,,,,,,,,,,,,,,,,,,,
fbg:KlubCa00,Cade Klubnik,QB,NYJ,KlubCa00,,,,tb-cbs-fbg-refresh-20260812,2026-08-12T22:55:51.496Z,2026-08-12T22:55:51.496Z,tb26-ppr-6pt-pass-td-minus2-int-2pt-sack-50fg-v1,candidate_only,6.7,10.3,10.3,9.1,0,0,0,0,0,9.1,6.7,10.3,,,,,,,,,,,,,,,,,,,
fbg:HoweSa00,Sam Howell,QB,DAL,HoweSa00,,,,tb-cbs-fbg-refresh-20260812,2026-08-12T22:55:51.496Z,2026-08-12T22:55:51.496Z,tb26-ppr-6pt-pass-td-minus2-int-2pt-sack-50fg-v1,candidate_only,8.8,0,12.1,7,0,0,0,0,0,7,0,12.1,,,,,,,,,,,,,,,,,,,
fbg:RudoMa00,Mason Rudolph,QB,PIT,RudoMa00,,,,tb-cbs-fbg-refresh-20260812,2026-08-12T22:55:51.496Z,2026-08-12T22:55:51.496Z,tb26-ppr-6pt-pass-td-minus2-int-2pt-sack-50fg-v1,candidate_only,8.5,12.6,6.5,9.2,0,0,0,0,0,9.2,6.5,12.6,,,,,,,,,,,,,,,,,,,
fbg:MinsGa00,Gardner Minshew II,QB,ARI,MinsGa00,,,,tb-cbs-fbg-refresh-20260812,2026-08-12T22:55:51.496Z,2026-08-12T22:55:51.496Z,tb26-ppr-6pt-pass-td-minus2-int-2pt-sack-50fg-v1,candidate_only,7.6,12.9,10.8,10.4,0,0,0,0,0,10.4,7.6,12.9,,,,,,,,,,,,,,,,,,,
fbg:RichAn00,Anthony Richardson Sr.,QB,IND,RichAn00,,,,tb-cbs-fbg-refresh-20260812,2026-08-12T22:55:51.496Z,2026-08-12T22:55:51.496Z,tb26-ppr-6pt-pass-td-minus2-int-2pt-sack-50fg-v1,candidate_only,5.6,8.8,24,12.8,0,0,0,0,0,12.8,5.6,24,,,,,,,,,,,,,,,,,,,
fbg:McKeTa00,Tanner McKee,QB,PHI,McKeTa00,,,,tb-cbs-fbg-refresh-20260812,2026-08-12T22:55:51.496Z,2026-08-12T22:55:51.496Z,tb26-ppr-6pt-pass-td-minus2-int-2pt-sack-50fg-v1,candidate_only,5.2,11.6,12.2,9.6,0,0,0,0,0,9.6,5.2,12.2,,,,,,,,,,,,,,,,,,,
fbg:BennSt00,Stetson Bennett IV,QB,LAR,BennSt00,,,,tb-cbs-fbg-refresh-20260812,2026-08-12T22:55:51.496Z,2026-08-12T22:55:51.496Z,tb26-ppr-6pt-pass-td-minus2-int-2pt-sack-50fg-v1,candidate_only,2.3,0,0,0.8,0,0,0,0,0,0.8,0,2.3,,,,,,,,,,,,,,,,,,,
fbg:KaliAt00,Athan Kaliakmanis,QB,WAS,KaliAt00,,,,tb-cbs-fbg-refresh-20260812,2026-08-12T22:55:51.496Z,2026-08-12T22:55:51.496Z,tb26-ppr-6pt-pass-td-minus2-int-2pt-sack-50fg-v1,candidate_only,2,0,,1,0,0,0,0,0,1,0,2,,,,,,,,,,,,,,,,,,,
fbg:LeviWi00,Will Levis,QB,TEN,LeviWi00,,,,tb-cbs-fbg-refresh-20260812,2026-08-12T22:55:51.496Z,2026-08-12T22:55:51.496Z,tb26-ppr-6pt-pass-td-minus2-int-2pt-sack-50fg-v1,candidate_only,2,13.9,13.3,9.7,0,0,0,0,0,9.7,2,13.9,,,,,,,,,,,,,,,,,,,
fbg:MartAd00,Adrian Martinez,QB,SF,MartAd00,,,,tb-cbs-fbg-refresh-20260812,2026-08-12T22:55:51.496Z,2026-08-12T22:55:51.496Z,tb26-ppr-6pt-pass-td-minus2-int-2pt-sack-50fg-v1,candidate_only,2.5,10.9,11.3,8.2,0,0,0,0,0,8.2,2.5,11.3,,,,,,,,,,,,,,,,,,,
fbg:MilrJa00,Jalen Milroe,QB,SEA,MilrJa00,,,,tb-cbs-fbg-refresh-20260812,2026-08-12T22:55:51.496Z,2026-08-12T22:55:51.496Z,tb26-ppr-6pt-pass-td-minus2-int-2pt-sack-50fg-v1,candidate_only,1.7,10.3,11,7.6,0,0,0,0,0,7.6,1.7,11,,,,,,,,,,,,,,,,,,,
fbg:ZappBa00,Bailey Zappe,QB,NYJ,ZappBa00,,,,tb-cbs-fbg-refresh-20260812,2026-08-12T22:55:51.496Z,2026-08-12T22:55:51.496Z,tb26-ppr-6pt-pass-td-minus2-int-2pt-sack-50fg-v1,candidate_only,0.8,0,,0.4,0,0,0,0,0,0.4,0,0.8,,,,,,,,,,,,,,,,,,,
