pack_player_id,player_name,position,nfl_team,fbg_id,cbs_id,fantasypros_id,gsis_id,model_id,source_as_of,exported_at,scoring_fingerprint,authority,fbg_points,cbs_points,fantasypros_points,raw_consensus_points,mean_reversion_delta,within_position_delta,season_context_delta,durability_delta,availability_delta,modified_projection_points,uncertainty_low,uncertainty_high,fallback_reason,wk1,wk2,wk3,wk4,wk5,wk6,wk7,wk8,wk9,wk10,wk11,wk12,wk13,wk14,wk15,wk16,wk17,wk18
fbg:GibbJa00,Jahmyr Gibbs,RB,DET,GibbJa00,,,,replace-with-immutable-model-id,,,tb26-ppr-6pt-pass-td-minus2-int-2pt-sack-50fg-v1,candidate_only,339.6,386.5,372.2,365.9,,,,,,,,,,,,,,,,,,,,,,,,,,,
fbg:RobiBi01,Bijan Robinson,RB,ATL,RobiBi01,,,,replace-with-immutable-model-id,,,tb26-ppr-6pt-pass-td-minus2-int-2pt-sack-50fg-v1,candidate_only,334.7,392.8,370.3,365.7,,,,,,,,,,,,,,,,,,,,,,,,,,,
fbg:ChasJa00,Ja'Marr Chase,WR,CIN,ChasJa00,,,,replace-with-immutable-model-id,,,tb26-ppr-6pt-pass-td-minus2-int-2pt-sack-50fg-v1,candidate_only,334.2,343,335.5,337.5,,,,,,,,,,,,,,,,,,,,,,,,,,,
fbg:McCaCh00,Christian McCaffrey,RB,SF,McCaCh00,,,,replace-with-immutable-model-id,,,tb26-ppr-6pt-pass-td-minus2-int-2pt-sack-50fg-v1,candidate_only,328.3,318.3,334.7,327.1,,,,,,,,,,,,,,,,,,,,,,,,,,,
fbg:TaylJo02,Jonathan Taylor,RB,IND,TaylJo02,,,,replace-with-immutable-model-id,,,tb26-ppr-6pt-pass-td-minus2-int-2pt-sack-50fg-v1,candidate_only,283.6,338.1,312.9,311.3,,,,,,,,,,,,,,,,,,,,,,,,,,,
fbg:JeanAs00,Ashton Jeanty,RB,LV,JeanAs00,,,,replace-with-immutable-model-id,,,tb26-ppr-6pt-pass-td-minus2-int-2pt-sack-50fg-v1,candidate_only,283.4,286.7,276.4,282.2,,,,,,,,,,,,,,,,,,,,,,,,,,,
fbg:NacuPu00,Puka Nacua,WR,LAR,NacuPu00,,,,replace-with-immutable-model-id,,,tb26-ppr-6pt-pass-td-minus2-int-2pt-sack-50fg-v1,candidate_only,312,372.4,339.8,341.2,,,,,,,,,,,,,,,,,,,,,,,,,,,
fbg:BoweBr00,Brock Bowers,TE,LV,BoweBr00,,,,replace-with-immutable-model-id,,,tb26-ppr-6pt-pass-td-minus2-int-2pt-sack-50fg-v1,candidate_only,271.8,241.3,243.6,252.3,,,,,,,,,,,,,,,,,,,,,,,,,,,
fbg:AchaDe00,De'Von Achane,RB,MIA,AchaDe00,,,,replace-with-immutable-model-id,,,tb26-ppr-6pt-pass-td-minus2-int-2pt-sack-50fg-v1,candidate_only,271,317.6,292.1,293.4,,,,,,,,,,,,,,,,,,,,,,,,,,,
fbg:SmitJa02,Jaxon Smith-Njigba,WR,SEA,SmitJa02,,,,replace-with-immutable-model-id,,,tb26-ppr-6pt-pass-td-minus2-int-2pt-sack-50fg-v1,candidate_only,286,340.4,324.4,316.7,,,,,,,,,,,,,,,,,,,,,,,,,,,
fbg:StBrAm00,Amon-Ra St. Brown,WR,DET,StBrAm00,,,,replace-with-immutable-model-id,,,tb26-ppr-6pt-pass-td-minus2-int-2pt-sack-50fg-v1,candidate_only,285.2,316.7,319.4,307,,,,,,,,,,,,,,,,,,,,,,,,,,,
fbg:BrowAJ00,A.J. Brown,WR,NE,BrowAJ00,,,,replace-with-immutable-model-id,,,tb26-ppr-6pt-pass-td-minus2-int-2pt-sack-50fg-v1,candidate_only,272.5,280.6,257.1,270,,,,,,,,,,,,,,,,,,,,,,,,,,,
fbg:CookJa05,James Cook III,RB,BUF,CookJa05,,,,replace-with-immutable-model-id,,,tb26-ppr-6pt-pass-td-minus2-int-2pt-sack-50fg-v1,candidate_only,263.5,260.3,270.2,264.7,,,,,,,,,,,,,,,,,,,,,,,,,,,
fbg:LambCe00,CeeDee Lamb,WR,DAL,LambCe00,,,,replace-with-immutable-model-id,,,tb26-ppr-6pt-pass-td-minus2-int-2pt-sack-50fg-v1,candidate_only,271.6,272.9,272.9,272.5,,,,,,,,,,,,,,,,,,,,,,,,,,,
fbg:BrowCh06,Chase Brown,RB,CIN,BrowCh06,,,,replace-with-immutable-model-id,,,tb26-ppr-6pt-pass-td-minus2-int-2pt-sack-50fg-v1,candidate_only,261.1,300.2,277.6,279.5,,,,,,,,,,,,,,,,,,,,,,,,,,,
fbg:HampOm00,Omarion Hampton,RB,LAC,HampOm00,,,,replace-with-immutable-model-id,,,tb26-ppr-6pt-pass-td-minus2-int-2pt-sack-50fg-v1,candidate_only,259.8,245.4,264,256.5,,,,,,,,,,,,,,,,,,,,,,,,,,,
fbg:LondDr00,Drake London,WR,ATL,LondDr00,,,,replace-with-immutable-model-id,,,tb26-ppr-6pt-pass-td-minus2-int-2pt-sack-50fg-v1,candidate_only,260.9,321.1,287.1,289.5,,,,,,,,,,,,,,,,,,,,,,,,,,,
fbg:AlleJo01,Josh Allen,QB,BUF,AlleJo01,,,,replace-with-immutable-model-id,,,tb26-ppr-6pt-pass-td-minus2-int-2pt-sack-50fg-v1,candidate_only,407.2,419.1,415.6,413.9,,,,,,,,,,,,,,,,,,,,,,,,,,,
fbg:McBrTr01,Trey McBride,TE,ARI,McBrTr01,,,,replace-with-immutable-model-id,,,tb26-ppr-6pt-pass-td-minus2-int-2pt-sack-50fg-v1,candidate_only,241.4,270.8,254.5,255.5,,,,,,,,,,,,,,,,,,,,,,,,,,,
fbg:JeffJu00,Justin Jefferson,WR,MIN,JeffJu00,,,,replace-with-immutable-model-id,,,tb26-ppr-6pt-pass-td-minus2-int-2pt-sack-50fg-v1,candidate_only,259.7,250.8,269.6,260.1,,,,,,,,,,,,,,,,,,,,,,,,,,,
fbg:BarkSa00,Saquon Barkley,RB,PHI,BarkSa00,,,,replace-with-immutable-model-id,,,tb26-ppr-6pt-pass-td-minus2-int-2pt-sack-50fg-v1,candidate_only,250.6,263.7,265.7,260,,,,,,,,,,,,,,,,,,,,,,,,,,,
fbg:CollNi00,Nico Collins,WR,HOU,CollNi00,,,,replace-with-immutable-model-id,,,tb26-ppr-6pt-pass-td-minus2-int-2pt-sack-50fg-v1,candidate_only,259.4,257.1,248.6,255,,,,,,,,,,,,,,,,,,,,,,,,,,,
fbg:WalkKe01,Ken Walker III,RB,KC,WalkKe01,,,,replace-with-immutable-model-id,,,tb26-ppr-6pt-pass-td-minus2-int-2pt-sack-50fg-v1,candidate_only,244.9,224.4,250.8,240.1,,,,,,,,,,,,,,,,,,,,,,,,,,,
fbg:HallBr01,Breece Hall,RB,NYJ,HallBr01,,,,replace-with-immutable-model-id,,,tb26-ppr-6pt-pass-td-minus2-int-2pt-sack-50fg-v1,candidate_only,241.8,246,253.3,247,,,,,,,,,,,,,,,,,,,,,,,,,,,
fbg:PickGe00,George Pickens,WR,DAL,PickGe00,,,,replace-with-immutable-model-id,,,tb26-ppr-6pt-pass-td-minus2-int-2pt-sack-50fg-v1,candidate_only,245.9,291.7,252.2,263.1,,,,,,,,,,,,,,,,,,,,,,,,,,,
fbg:MayeDr00,Drake Maye,QB,NE,MayeDr00,,,,replace-with-immutable-model-id,,,tb26-ppr-6pt-pass-td-minus2-int-2pt-sack-50fg-v1,candidate_only,379.4,376.2,373.1,376.2,,,,,,,,,,,,,,,,,,,,,,,,,,,
fbg:LoveJe01,Jeremiyah Love,RB,ARI,LoveJe01,,,,replace-with-immutable-model-id,,,tb26-ppr-6pt-pass-td-minus2-int-2pt-sack-50fg-v1,candidate_only,236.7,232,255.6,241.5,,,,,,,,,,,,,,,,,,,,,,,,,,,
fbg:HenrDe00,Derrick Henry,RB,BAL,HenrDe00,,,,replace-with-immutable-model-id,,,tb26-ppr-6pt-pass-td-minus2-int-2pt-sack-50fg-v1,candidate_only,235.3,288.2,273.1,265.3,,,,,,,,,,,,,,,,,,,,,,,,,,,
fbg:WarrTy00,Tyler Warren,TE,IND,WarrTy00,,,,replace-with-immutable-model-id,,,tb26-ppr-6pt-pass-td-minus2-int-2pt-sack-50fg-v1,candidate_only,189.2,216.8,201.6,202.4,,,,,,,,,,,,,,,,,,,,,,,,,,,
fbg:JacoJo00,Josh Jacobs,RB,GB,JacoJo00,,,,replace-with-immutable-model-id,,,tb26-ppr-6pt-pass-td-minus2-int-2pt-sack-50fg-v1,candidate_only,235.3,255.7,256.8,249.2,,,,,,,,,,,,,,,,,,,,,,,,,,,
fbg:LoveCo00,Colston Loveland,TE,CHI,LoveCo00,,,,replace-with-immutable-model-id,,,tb26-ppr-6pt-pass-td-minus2-int-2pt-sack-50fg-v1,candidate_only,187.6,227.6,209.5,208.1,,,,,,,,,,,,,,,,,,,,,,,,,,,
fbg:RiceRa01,Rashee Rice,WR,KC,RiceRa01,,,,replace-with-immutable-model-id,,,tb26-ppr-6pt-pass-td-minus2-int-2pt-sack-50fg-v1,candidate_only,239.5,301.1,273.6,271.2,,,,,,,,,,,,,,,,,,,,,,,,,,,
fbg:SmitDe04,DeVonta Smith,WR,PHI,SmitDe04,,,,replace-with-immutable-model-id,,,tb26-ppr-6pt-pass-td-minus2-int-2pt-sack-50fg-v1,candidate_only,238.8,239.9,236.7,238.5,,,,,,,,,,,,,,,,,,,,,,,,,,,
fbg:WillKy02,Kyren Williams,RB,LAR,WillKy02,,,,replace-with-immutable-model-id,,,tb26-ppr-6pt-pass-td-minus2-int-2pt-sack-50fg-v1,candidate_only,227.4,241.3,240.1,236.2,,,,,,,,,,,,,,,,,,,,,,,,,,,
fbg:BurrJo01,Joe Burrow,QB,CIN,BurrJo01,,,,replace-with-immutable-model-id,,,tb26-ppr-6pt-pass-td-minus2-int-2pt-sack-50fg-v1,candidate_only,373.2,365.3,365.8,368.1,,,,,,,,,,,,,,,,,,,,,,,,,,,
fbg:WillJa08,Javonte Williams,RB,DAL,WillJa08,,,,replace-with-immutable-model-id,,,tb26-ppr-6pt-pass-td-minus2-int-2pt-sack-50fg-v1,candidate_only,225.8,213.5,234.4,224.6,,,,,,,,,,,,,,,,,,,,,,,,,,,
fbg:OlavCh00,Chris Olave,WR,NO,OlavCh00,,,,replace-with-immutable-model-id,,,tb26-ppr-6pt-pass-td-minus2-int-2pt-sack-50fg-v1,candidate_only,233.9,280.4,257.3,257,,,,,,,,,,,,,,,,,,,,,,,,,,,
fbg:SkatCa00,Cam Skattebo,RB,NYG,SkatCa00,,,,replace-with-immutable-model-id,,,tb26-ppr-6pt-pass-td-minus2-int-2pt-sack-50fg-v1,candidate_only,218.1,246.9,244.2,236.3,,,,,,,,,,,,,,,,,,,,,,,,,,,
fbg:NabeMa00,Malik Nabers,WR,NYG,NabeMa00,,,,replace-with-immutable-model-id,,,tb26-ppr-6pt-pass-td-minus2-int-2pt-sack-50fg-v1,candidate_only,225.8,238.3,231.2,231.7,,,,,,,,,,,,,,,,,,,,,,,,,,,
fbg:McCoLa00,Ladd McConkey,WR,LAC,McCoLa00,,,,replace-with-immutable-model-id,,,tb26-ppr-6pt-pass-td-minus2-int-2pt-sack-50fg-v1,candidate_only,224.8,210.5,212.4,216,,,,,,,,,,,,,,,,,,,,,,,,,,,
fbg:JackLa00,Lamar Jackson,QB,BAL,JackLa00,,,,replace-with-immutable-model-id,,,tb26-ppr-6pt-pass-td-minus2-int-2pt-sack-50fg-v1,candidate_only,361.8,380.1,371.6,371.1,,,,,,,,,,,,,,,,,,,,,,,,,,,
fbg:EtieTr00,Travis Etienne Jr.,RB,NO,EtieTr00,,,,replace-with-immutable-model-id,,,tb26-ppr-6pt-pass-td-minus2-int-2pt-sack-50fg-v1,candidate_only,217.5,228.1,232.1,225.9,,,,,,,,,,,,,,,,,,,,,,,,,,,
fbg:FlowZa00,Zay Flowers,WR,BAL,FlowZa00,,,,replace-with-immutable-model-id,,,tb26-ppr-6pt-pass-td-minus2-int-2pt-sack-50fg-v1,candidate_only,224.1,261.2,243.8,242.9,,,,,,,,,,,,,,,,,,,,,,,,,,,
fbg:McMiTe00,Tetairoa McMillan,WR,CAR,McMiTe00,,,,replace-with-immutable-model-id,,,tb26-ppr-6pt-pass-td-minus2-int-2pt-sack-50fg-v1,candidate_only,221.4,222.8,227.6,223.9,,,,,,,,,,,,,,,,,,,,,,,,,,,
fbg:JudkQu00,Quinshon Judkins,RB,CLE,JudkQu00,,,,replace-with-immutable-model-id,,,tb26-ppr-6pt-pass-td-minus2-int-2pt-sack-50fg-v1,candidate_only,208.6,209,213.8,210.5,,,,,,,,,,,,,,,,,,,,,,,,,,,
fbg:PittKy00,Kyle Pitts Sr.,TE,ATL,PittKy00,,,,replace-with-immutable-model-id,,,tb26-ppr-6pt-pass-td-minus2-int-2pt-sack-50fg-v1,candidate_only,183.6,215.8,195.6,198.2,,,,,,,,,,,,,,,,,,,,,,,,,,,
fbg:HiggTe00,Tee Higgins,WR,CIN,HiggTe00,,,,replace-with-immutable-model-id,,,tb26-ppr-6pt-pass-td-minus2-int-2pt-sack-50fg-v1,candidate_only,220.3,242,221.3,227.8,,,,,,,,,,,,,,,,,,,,,,,,,,,
fbg:IrviBu00,Bucky Irving,RB,TB,IrviBu00,,,,replace-with-immutable-model-id,,,tb26-ppr-6pt-pass-td-minus2-int-2pt-sack-50fg-v1,candidate_only,207.8,237.1,224,222.9,,,,,,,,,,,,,,,,,,,,,,,,,,,
fbg:FannHa00,Harold Fannin Jr.,TE,CLE,FannHa00,,,,replace-with-immutable-model-id,,,tb26-ppr-6pt-pass-td-minus2-int-2pt-sack-50fg-v1,candidate_only,180.5,209.3,190.3,193.3,,,,,,,,,,,,,,,,,,,,,,,,,,,
fbg:DaniJa00,Jayden Daniels,QB,WAS,DaniJa00,,,,replace-with-immutable-model-id,,,tb26-ppr-6pt-pass-td-minus2-int-2pt-sack-50fg-v1,candidate_only,348.4,375.1,361.6,361.6,,,,,,,,,,,,,,,,,,,,,,,,,,,
fbg:BurdLu00,Luther Burden III,WR,CHI,BurdLu00,,,,replace-with-immutable-model-id,,,tb26-ppr-6pt-pass-td-minus2-int-2pt-sack-50fg-v1,candidate_only,218.4,216.7,208,214.4,,,,,,,,,,,,,,,,,,,,,,,,,,,
fbg:SwifDA00,D'Andre Swift,RB,CHI,SwifDA00,,,,replace-with-immutable-model-id,,,tb26-ppr-6pt-pass-td-minus2-int-2pt-sack-50fg-v1,candidate_only,204.5,234.1,222.7,220.3,,,,,,,,,,,,,,,,,,,,,,,,,,,
fbg:WarrJa00,Jaylen Warren,RB,PIT,WarrJa00,,,,replace-with-immutable-model-id,,,tb26-ppr-6pt-pass-td-minus2-int-2pt-sack-50fg-v1,candidate_only,202.6,186.9,192.6,194.1,,,,,,,,,,,,,,,,,,,,,,,,,,,
cbs:1759407,Michael Burton,RB,CLE,,1759407,,,replace-with-immutable-model-id,,,tb26-ppr-6pt-pass-td-minus2-int-2pt-sack-50fg-v1,candidate_only,,22.6,16.9,19.7,,,,,,,,,,,,,,,,,,,,,,,,,,,
fbg:KelcTr00,Travis Kelce,TE,KC,KelcTr00,,,,replace-with-immutable-model-id,,,tb26-ppr-6pt-pass-td-minus2-int-2pt-sack-50fg-v1,candidate_only,176.7,194.6,181.5,184.2,,,,,,,,,,,,,,,,,,,,,,,,,,,
fbg:HurtJa00,Jalen Hurts,QB,PHI,HurtJa00,,,,replace-with-immutable-model-id,,,tb26-ppr-6pt-pass-td-minus2-int-2pt-sack-50fg-v1,candidate_only,347.9,366.2,361.8,358.6,,,,,,,,,,,,,,,,,,,,,,,,,,,
fbg:WilsGa00,Garrett Wilson,WR,NYJ,WilsGa00,,,,replace-with-immutable-model-id,,,tb26-ppr-6pt-pass-td-minus2-int-2pt-sack-50fg-v1,candidate_only,218.3,236.9,242.3,232.4,,,,,,,,,,,,,,,,,,,,,,,,,,,
fbg:MoorDJ00,DJ Moore,WR,BUF,MoorDJ00,,,,replace-with-immutable-model-id,,,tb26-ppr-6pt-pass-td-minus2-int-2pt-sack-50fg-v1,candidate_only,217.4,206.4,207.8,210.6,,,,,,,,,,,,,,,,,,,,,,,,,,,
fbg:WaddJa00,Jaylen Waddle,WR,DEN,WaddJa00,,,,replace-with-immutable-model-id,,,tb26-ppr-6pt-pass-td-minus2-int-2pt-sack-50fg-v1,candidate_only,217.3,210.2,209.6,212.4,,,,,,,,,,,,,,,,,,,,,,,,,,,
cbs:1824308,Ameer Abdullah,RB,JAC,,1824308,,,replace-with-immutable-model-id,,,tb26-ppr-6pt-pass-td-minus2-int-2pt-sack-50fg-v1,candidate_only,,26.7,,26.7,,,,,,,,,Document the explicit fallback used,,,,,,,,,,,,,,,,,,
cbs:2010409,Dare Ogunbowale,RB,HOU,,2010409,,,replace-with-immutable-model-id,,,tb26-ppr-6pt-pass-td-minus2-int-2pt-sack-50fg-v1,candidate_only,,25.7,,25.7,,,,,,,,,Document the explicit fallback used,,,,,,,,,,,,,,,,,,
fbg:denxxx99,Denver Broncos,DST,DEN,denxxx99,,,,replace-with-immutable-model-id,,,tb26-ppr-6pt-pass-td-minus2-int-2pt-sack-50fg-v1,candidate_only,177.7,281,,228.8,,,,,,,,,,,,,,,,,,,,,,,,,,,
fbg:KrafTu00,Tucker Kraft,TE,GB,KrafTu00,,,,replace-with-immutable-model-id,,,tb26-ppr-6pt-pass-td-minus2-int-2pt-sack-50fg-v1,candidate_only,176.2,195.6,174.9,182.2,,,,,,,,,,,,,,,,,,,,,,,,,,,
fbg:PresDa01,Dak Prescott,QB,DAL,PresDa01,,,,replace-with-immutable-model-id,,,tb26-ppr-6pt-pass-td-minus2-int-2pt-sack-50fg-v1,candidate_only,342.6,376.5,356.6,358.4,,,,,,,,,,,,,,,,,,,,,,,,,,,
fbg:EgbuEm00,Emeka Egbuka,WR,TB,EgbuEm00,,,,replace-with-immutable-model-id,,,tb26-ppr-6pt-pass-td-minus2-int-2pt-sack-50fg-v1,candidate_only,216.2,230.2,227.7,224.6,,,,,,,,,,,,,,,,,,,,,,,,,,,
cbs:1620002,Tyler Johnson,WR,DAL,,1620002,,,replace-with-immutable-model-id,,,tb26-ppr-6pt-pass-td-minus2-int-2pt-sack-50fg-v1,candidate_only,,36.7,,36.7,,,,,,,,,Document the explicit fallback used,,,,,,,,,,,,,,,,,,
cbs:2131774,Andrew Beck,RB,NYJ,,2131774,,,replace-with-immutable-model-id,,,tb26-ppr-6pt-pass-td-minus2-int-2pt-sack-50fg-v1,candidate_only,,21.6,14.8,18.2,,,,,,,,,,,,,,,,,,,,,,,,,,,
cbs:2131579,Nick Chubb,RB,HOU,,2131579,,,replace-with-immutable-model-id,,,tb26-ppr-6pt-pass-td-minus2-int-2pt-sack-50fg-v1,candidate_only,,14.9,,14.9,,,,,,,,,Document the explicit fallback used,,,,,,,,,,,,,,,,,,
cbs:1737078,DeAndre Hopkins,WR,BAL,,1737078,,,replace-with-immutable-model-id,,,tb26-ppr-6pt-pass-td-minus2-int-2pt-sack-50fg-v1,candidate_only,,20.8,,20.8,,,,,,,,,Document the explicit fallback used,,,,,,,,,,,,,,,,,,
cbs:2174957,Raheem Mostert,RB,LV,,2174957,,,replace-with-immutable-model-id,,,tb26-ppr-6pt-pass-td-minus2-int-2pt-sack-50fg-v1,candidate_only,,11.8,,11.8,,,,,,,,,Document the explicit fallback used,,,,,,,,,,,,,,,,,,
fbg:htxxxx99,Houston Texans,DST,HOU,htxxxx99,,,,replace-with-immutable-model-id,,,tb26-ppr-6pt-pass-td-minus2-int-2pt-sack-50fg-v1,candidate_only,175.2,263.6,,218.9,,,,,,,,,,,,,,,,,,,,,,,,,,,
fbg:StafMa00,Matthew Stafford,QB,LAR,StafMa00,,,,replace-with-immutable-model-id,,,tb26-ppr-6pt-pass-td-minus2-int-2pt-sack-50fg-v1,candidate_only,341.9,351.7,353.4,349,,,,,,,,,,,,,,,,,,,,,,,,,,,
cbs:2222046,Trayveon Williams,RB,CLE,,2222046,,,replace-with-immutable-model-id,,,tb26-ppr-6pt-pass-td-minus2-int-2pt-sack-50fg-v1,candidate_only,,22.9,,22.9,,,,,,,,,Document the explicit fallback used,,,,,,,,,,,,,,,,,,
cbs:1860834,Tyler Lockett,WR,LV,,1860834,,,replace-with-immutable-model-id,,,tb26-ppr-6pt-pass-td-minus2-int-2pt-sack-50fg-v1,candidate_only,,24.8,,24.8,,,,,,,,,Document the explicit fallback used,,,,,,,,,,,,,,,,,,
cbs:2188826,Adam Prentice,RB,DEN,,2188826,,,replace-with-immutable-model-id,,,tb26-ppr-6pt-pass-td-minus2-int-2pt-sack-50fg-v1,candidate_only,,9.2,10.6,9.9,,,,,,,,,,,,,,,,,,,,,,,,,,,
fbg:seaxxx99,Seattle Seahawks,DST,SEA,seaxxx99,,,,replace-with-immutable-model-id,,,tb26-ppr-6pt-pass-td-minus2-int-2pt-sack-50fg-v1,candidate_only,165,245.2,,204.6,,,,,,,,,,,,,,,,,,,,,,,,,,,
fbg:ramxxx99,Los Angeles Rams,DST,LAR,ramxxx99,,,,replace-with-immutable-model-id,,,tb26-ppr-6pt-pass-td-minus2-int-2pt-sack-50fg-v1,candidate_only,150.1,242,,195.5,,,,,,,,,,,,,,,,,,,,,,,,,,,
fbg:phixxx99,Philadelphia Eagles,DST,PHI,phixxx99,,,,replace-with-immutable-model-id,,,tb26-ppr-6pt-pass-td-minus2-int-2pt-sack-50fg-v1,candidate_only,145.5,233,,188.8,,,,,,,,,,,,,,,,,,,,,,,,,,,
fbg:MyerJa44,Jason Myers,K,SEA,MyerJa44,,,,replace-with-immutable-model-id,,,tb26-ppr-6pt-pass-td-minus2-int-2pt-sack-50fg-v1,candidate_only,140.6,167,,153.7,,,,,,,,,,,,,,,,,,,,,,,,,,,
fbg:FairKa99,Ka'imi Fairbairn,K,HOU,FairKa99,,,,replace-with-immutable-model-id,,,tb26-ppr-6pt-pass-td-minus2-int-2pt-sack-50fg-v1,candidate_only,138.8,156,,147.3,,,,,,,,,,,,,,,,,,,,,,,,,,,
fbg:AndrMa00,Mark Andrews,TE,BAL,AndrMa00,,,,replace-with-immutable-model-id,,,tb26-ppr-6pt-pass-td-minus2-int-2pt-sack-50fg-v1,candidate_only,165,177,163.3,168.4,,,,,,,,,,,,,,,,,,,,,,,,,,,
fbg:HerbJu00,Justin Herbert,QB,LAC,HerbJu00,,,,replace-with-immutable-model-id,,,tb26-ppr-6pt-pass-td-minus2-int-2pt-sack-50fg-v1,candidate_only,341.6,353.7,341,345.4,,,,,,,,,,,,,,,,,,,,,,,,,,,
fbg:WillCa01,Caleb Williams,QB,CHI,WillCa01,,,,replace-with-immutable-model-id,,,tb26-ppr-6pt-pass-td-minus2-int-2pt-sack-50fg-v1,candidate_only,340.4,358.7,345.3,348.1,,,,,,,,,,,,,,,,,,,,,,,,,,,
fbg:LapoSa00,Sam LaPorta,TE,DET,LapoSa00,,,,replace-with-immutable-model-id,,,tb26-ppr-6pt-pass-td-minus2-int-2pt-sack-50fg-v1,candidate_only,163.2,197.1,183.3,181.1,,,,,,,,,,,,,,,,,,,,,,,,,,,
fbg:LawrTr00,Trevor Lawrence,QB,JAX,LawrTr00,,,,replace-with-immutable-model-id,,,tb26-ppr-6pt-pass-td-minus2-int-2pt-sack-50fg-v1,candidate_only,335.6,363.9,344,347.7,,,,,,,,,,,,,,,,,,,,,,,,,,,
fbg:LikeIs00,Isaiah Likely,TE,NYG,LikeIs00,,,,replace-with-immutable-model-id,,,tb26-ppr-6pt-pass-td-minus2-int-2pt-sack-50fg-v1,candidate_only,158.7,195.4,165.5,173.1,,,,,,,,,,,,,,,,,,,,,,,,,,,
cbs:2071540,Marquez Valdes-Scantling,WR,DAL,,2071540,,,replace-with-immutable-model-id,,,tb26-ppr-6pt-pass-td-minus2-int-2pt-sack-50fg-v1,candidate_only,,40,,40,,,,,,,,,Document the explicit fallback used,,,,,,,,,,,,,,,,,,
cbs:2080270,Zay Jones,WR,ARI,,2080270,,,replace-with-immutable-model-id,,,tb26-ppr-6pt-pass-td-minus2-int-2pt-sack-50fg-v1,candidate_only,,33.3,,33.3,,,,,,,,,Document the explicit fallback used,,,,,,,,,,,,,,,,,,
cbs:1871375,Chris Moore,WR,BAL,,1871375,,,replace-with-immutable-model-id,,,tb26-ppr-6pt-pass-td-minus2-int-2pt-sack-50fg-v1,candidate_only,,30,,30,,,,,,,,,Document the explicit fallback used,,,,,,,,,,,,,,,,,,
cbs:1880880,Brandin Cooks,WR,BUF,,1880880,,,replace-with-immutable-model-id,,,tb26-ppr-6pt-pass-td-minus2-int-2pt-sack-50fg-v1,candidate_only,,29.6,,29.6,,,,,,,,,Document the explicit fallback used,,,,,,,,,,,,,,,,,,
cbs:2256736,Patrick Taylor,RB,SF,,2256736,,,replace-with-immutable-model-id,,,tb26-ppr-6pt-pass-td-minus2-int-2pt-sack-50fg-v1,candidate_only,,19.1,,19.1,,,,,,,,,Document the explicit fallback used,,,,,,,,,,,,,,,,,,
cbs:1996786,Sterling Shepard,WR,TB,,1996786,,,replace-with-immutable-model-id,,,tb26-ppr-6pt-pass-td-minus2-int-2pt-sack-50fg-v1,candidate_only,,27.7,,27.7,,,,,,,,,Document the explicit fallback used,,,,,,,,,,,,,,,,,,
cbs:2261254,Kene Nwangwu,RB,NYJ,,2261254,,,replace-with-immutable-model-id,,,tb26-ppr-6pt-pass-td-minus2-int-2pt-sack-50fg-v1,candidate_only,,18.7,0,9.3,,,,,,,,,,,,,,,,,,,,,,,,,,,
cbs:2131796,Josh Reynolds,WR,NYJ,,2131796,,,replace-with-immutable-model-id,,,tb26-ppr-6pt-pass-td-minus2-int-2pt-sack-50fg-v1,candidate_only,,23.8,,23.8,,,,,,,,,Document the explicit fallback used,,,,,,,,,,,,,,,,,,
cbs:2251305,Miles Sanders,RB,DAL,,2251305,,,replace-with-immutable-model-id,,,tb26-ppr-6pt-pass-td-minus2-int-2pt-sack-50fg-v1,candidate_only,,9.9,,9.9,,,,,,,,,Document the explicit fallback used,,,,,,,,,,,,,,,,,,
cbs:2249831,Travis Homer,RB,PIT,,2249831,,,replace-with-immutable-model-id,,,tb26-ppr-6pt-pass-td-minus2-int-2pt-sack-50fg-v1,candidate_only,,2.4,,2.4,,,,,,,,,Document the explicit fallback used,,,,,,,,,,,,,,,,,,
fbg:minxxx99,Minnesota Vikings,DST,MIN,minxxx99,,,,replace-with-immutable-model-id,,,tb26-ppr-6pt-pass-td-minus2-int-2pt-sack-50fg-v1,candidate_only,155.1,198.4,,176.5,,,,,,,,,,,,,,,,,,,,,,,,,,,
fbg:atlxxx99,Atlanta Falcons,DST,ATL,atlxxx99,,,,replace-with-immutable-model-id,,,tb26-ppr-6pt-pass-td-minus2-int-2pt-sack-50fg-v1,candidate_only,148.2,196.2,,171.9,,,,,,,,,,,,,,,,,,,,,,,,,,,
fbg:detxxx99,Detroit Lions,DST,DET,detxxx99,,,,replace-with-immutable-model-id,,,tb26-ppr-6pt-pass-td-minus2-int-2pt-sack-50fg-v1,candidate_only,144,188.8,,166.1,,,,,,,,,,,,,,,,,,,,,,,,,,,
fbg:sdgxxx99,Los Angeles Chargers,DST,LAC,sdgxxx99,,,,replace-with-immutable-model-id,,,tb26-ppr-6pt-pass-td-minus2-int-2pt-sack-50fg-v1,candidate_only,146.4,187,,166.5,,,,,,,,,,,,,,,,,,,,,,,,,,,
fbg:AubrBr00,Brandon Aubrey,K,DAL,AubrBr00,,,,replace-with-immutable-model-id,,,tb26-ppr-6pt-pass-td-minus2-int-2pt-sack-50fg-v1,candidate_only,146.2,154,,150.1,,,,,,,,,,,,,,,,,,,,,,,,,,,
fbg:GrupBl00,Blake Grupe,K,IND,GrupBl00,,,,replace-with-immutable-model-id,,,tb26-ppr-6pt-pass-td-minus2-int-2pt-sack-50fg-v1,candidate_only,71.5,153,,111.8,,,,,,,,,,,,,,,,,,,,,,,,,,,
fbg:FolkNi44,Nick Folk,K,ATL,FolkNi44,,,,replace-with-immutable-model-id,,,tb26-ppr-6pt-pass-td-minus2-int-2pt-sack-50fg-v1,candidate_only,119.6,151,,135.1,,,,,,,,,,,,,,,,,,,,,,,,,,,
fbg:BateJa00,Jake Bates,K,DET,BateJa00,,,,replace-with-immutable-model-id,,,tb26-ppr-6pt-pass-td-minus2-int-2pt-sack-50fg-v1,candidate_only,131.9,146,,138.9,,,,,,,,,,,,,,,,,,,,,,,,,,,
fbg:DickCa44,Cameron Dicker,K,LAC,DickCa44,,,,replace-with-immutable-model-id,,,tb26-ppr-6pt-pass-td-minus2-int-2pt-sack-50fg-v1,candidate_only,140.6,144,,142.3,,,,,,,,,,,,,,,,,,,,,,,,,,,
cbs:1850793,Darren Waller,TE,MIA,,1850793,,,replace-with-immutable-model-id,,,tb26-ppr-6pt-pass-td-minus2-int-2pt-sack-50fg-v1,candidate_only,,24.5,,24.5,,,,,,,,,Document the explicit fallback used,,,,,,,,,,,,,,,,,,
cbs:1685963,Zach Ertz,TE,WAS,,1685963,,,replace-with-immutable-model-id,,,tb26-ppr-6pt-pass-td-minus2-int-2pt-sack-50fg-v1,candidate_only,,23.8,,23.8,,,,,,,,,Document the explicit fallback used,,,,,,,,,,,,,,,,,,
cbs:2179491,David Sills,WR,TB,,2179491,,,replace-with-immutable-model-id,,,tb26-ppr-6pt-pass-td-minus2-int-2pt-sack-50fg-v1,candidate_only,,35,,35,,,,,,,,,Document the explicit fallback used,,,,,,,,,,,,,,,,,,
cbs:26697211,Donovan Edwards,RB,MIA,,26697211,,,replace-with-immutable-model-id,,,tb26-ppr-6pt-pass-td-minus2-int-2pt-sack-50fg-v1,candidate_only,,22.3,22.9,22.6,,,,,,,,,,,,,,,,,,,,,,,,,,,
cbs:2139642,Dante Pettis,WR,NO,,2139642,,,replace-with-immutable-model-id,,,tb26-ppr-6pt-pass-td-minus2-int-2pt-sack-50fg-v1,candidate_only,,28,,28,,,,,,,,,Document the explicit fallback used,,,,,,,,,,,,,,,,,,
cbs:2139270,Noah Brown,WR,WAS,,2139270,,,replace-with-immutable-model-id,,,tb26-ppr-6pt-pass-td-minus2-int-2pt-sack-50fg-v1,candidate_only,,27,,27,,,,,,,,,Document the explicit fallback used,,,,,,,,,,,,,,,,,,
cbs:2180075,Scott Miller,WR,CHI,,2180075,,,replace-with-immutable-model-id,,,tb26-ppr-6pt-pass-td-minus2-int-2pt-sack-50fg-v1,candidate_only,,25.5,,25.5,,,,,,,,,Document the explicit fallback used,,,,,,,,,,,,,,,,,,
cbs:26698435,Carson Steele,RB,PHI,,26698435,,,replace-with-immutable-model-id,,,tb26-ppr-6pt-pass-td-minus2-int-2pt-sack-50fg-v1,candidate_only,,14.7,,14.7,,,,,,,,,Document the explicit fallback used,,,,,,,,,,,,,,,,,,
cbs:26698879,Corey Kiner,RB,ARI,,26698879,,,replace-with-immutable-model-id,,,tb26-ppr-6pt-pass-td-minus2-int-2pt-sack-50fg-v1,candidate_only,,14.7,,14.7,,,,,,,,,Document the explicit fallback used,,,,,,,,,,,,,,,,,,
cbs:2804075,Michael Carter,RB,TEN,,2804075,,,replace-with-immutable-model-id,,,tb26-ppr-6pt-pass-td-minus2-int-2pt-sack-50fg-v1,candidate_only,,11.5,,11.5,,,,,,,,,Document the explicit fallback used,,,,,,,,,,,,,,,,,,
cbs:2174795,DeAndre Carter,WR,CLE,,2174795,,,replace-with-immutable-model-id,,,tb26-ppr-6pt-pass-td-minus2-int-2pt-sack-50fg-v1,candidate_only,,19.5,,19.5,,,,,,,,,Document the explicit fallback used,,,,,,,,,,,,,,,,,,
cbs:26728625,Lucas Scott,RB,BAL,,26728625,,,replace-with-immutable-model-id,,,tb26-ppr-6pt-pass-td-minus2-int-2pt-sack-50fg-v1,candidate_only,,4,,4,,,,,,,,,Document the explicit fallback used,,,,,,,,,,,,,,,,,,
cbs:26697728,Robbie Ouzts,RB,SEA,,26697728,,,replace-with-immutable-model-id,,,tb26-ppr-6pt-pass-td-minus2-int-2pt-sack-50fg-v1,candidate_only,,2.4,,2.4,,,,,,,,,Document the explicit fallback used,,,,,,,,,,,,,,,,,,
cbs:2240307,Shane Buechele,QB,BUF,,2240307,,,replace-with-immutable-model-id,,,tb26-ppr-6pt-pass-td-minus2-int-2pt-sack-50fg-v1,candidate_only,,13.9,14,14,,,,,,,,,,,,,,,,,,,,,,,,,,,
cbs:2071844,Joshua Dobbs,QB,NE,,2071844,,,replace-with-immutable-model-id,,,tb26-ppr-6pt-pass-td-minus2-int-2pt-sack-50fg-v1,candidate_only,,12.9,,12.9,,,,,,,,,Document the explicit fallback used,,,,,,,,,,,,,,,,,,
fbg:pitxxx99,Pittsburgh Steelers,DST,PIT,pitxxx99,,,,replace-with-immutable-model-id,,,tb26-ppr-6pt-pass-td-minus2-int-2pt-sack-50fg-v1,candidate_only,157.1,177.2,,167,,,,,,,,,,,,,,,,,,,,,,,,,,,
fbg:norxxx99,New Orleans Saints,DST,NO,norxxx99,,,,replace-with-immutable-model-id,,,tb26-ppr-6pt-pass-td-minus2-int-2pt-sack-50fg-v1,candidate_only,137.1,175.6,,156.1,,,,,,,,,,,,,,,,,,,,,,,,,,,
fbg:MeviHa00,Harrison Mevis,K,LAR,MeviHa00,,,,replace-with-immutable-model-id,,,tb26-ppr-6pt-pass-td-minus2-int-2pt-sack-50fg-v1,candidate_only,122,142,,131.9,,,,,,,,,,,,,,,,,,,,,,,,,,,
fbg:SantCa44,Cairo Santos,K,CHI,SantCa44,,,,replace-with-immutable-model-id,,,tb26-ppr-6pt-pass-td-minus2-int-2pt-sack-50fg-v1,candidate_only,127.2,142,,134.5,,,,,,,,,,,,,,,,,,,,,,,,,,,
fbg:McLaCh44,Chase McLaughlin,K,TB,McLaCh44,,,,replace-with-immutable-model-id,,,tb26-ppr-6pt-pass-td-minus2-int-2pt-sack-50fg-v1,candidate_only,132.2,141,,136.6,,,,,,,,,,,,,,,,,,,,,,,,,,,
fbg:ReicWi00,Will Reichard,K,MIN,ReicWi00,,,,replace-with-immutable-model-id,,,tb26-ppr-6pt-pass-td-minus2-int-2pt-sack-50fg-v1,candidate_only,125,138,,131.4,,,,,,,,,,,,,,,,,,,,,,,,,,,
fbg:KittGe00,George Kittle,TE,SF,KittGe00,,,,replace-with-immutable-model-id,,,tb26-ppr-6pt-pass-td-minus2-int-2pt-sack-50fg-v1,candidate_only,156.5,197.3,170.9,174.7,,,,,,,,,,,,,,,,,,,,,,,,,,,
fbg:LoopTy00,Tyler Loop,K,BAL,LoopTy00,,,,replace-with-immutable-model-id,,,tb26-ppr-6pt-pass-td-minus2-int-2pt-sack-50fg-v1,candidate_only,136,137,,136.5,,,,,,,,,,,,,,,,,,,,,,,,,,,
fbg:McLaTe00,Terry McLaurin,WR,WAS,McLaTe00,,,,replace-with-immutable-model-id,,,tb26-ppr-6pt-pass-td-minus2-int-2pt-sack-50fg-v1,candidate_only,210.8,230.9,214.5,218.7,,,,,,,,,,,,,,,,,,,,,,,,,,,
fbg:MontDa01,David Montgomery,RB,HOU,MontDa01,,,,replace-with-immutable-model-id,,,tb26-ppr-6pt-pass-td-minus2-int-2pt-sack-50fg-v1,candidate_only,201.8,185.9,191.6,193.2,,,,,,,,,,,,,,,,,,,,,,,,,,,
fbg:NixxBo00,Bo Nix,QB,DEN,NixxBo00,,,,replace-with-immutable-model-id,,,tb26-ppr-6pt-pass-td-minus2-int-2pt-sack-50fg-v1,candidate_only,333.3,328.7,340.3,334.1,,,,,,,,,,,,,,,,,,,,,,,,,,,
fbg:clexxx99,Cleveland Browns,DST,CLE,clexxx99,,,,replace-with-immutable-model-id,,,tb26-ppr-6pt-pass-td-minus2-int-2pt-sack-50fg-v1,candidate_only,141,168.6,,154.6,,,,,,,,,,,,,,,,,,,,,,,,,,,
fbg:WillJa09,Jameson Williams,WR,DET,WillJa09,,,,replace-with-immutable-model-id,,,tb26-ppr-6pt-pass-td-minus2-int-2pt-sack-50fg-v1,candidate_only,210.1,222,217.3,216.4,,,,,,,,,,,,,,,,,,,,,,,,,,,
fbg:bufxxx99,Buffalo Bills,DST,BUF,bufxxx99,,,,replace-with-immutable-model-id,,,tb26-ppr-6pt-pass-td-minus2-int-2pt-sack-50fg-v1,candidate_only,142.7,167.8,,155.1,,,,,,,,,,,,,,,,,,,,,,,,,,,
fbg:miaxxx99,Miami Dolphins,DST,MIA,miaxxx99,,,,replace-with-immutable-model-id,,,tb26-ppr-6pt-pass-td-minus2-int-2pt-sack-50fg-v1,candidate_only,118.3,167.2,,142.5,,,,,,,,,,,,,,,,,,,,,,,,,,,
fbg:ravxxx99,Baltimore Ravens,DST,BAL,ravxxx99,,,,replace-with-immutable-model-id,,,tb26-ppr-6pt-pass-td-minus2-int-2pt-sack-50fg-v1,candidate_only,142,167.2,,154.5,,,,,,,,,,,,,,,,,,,,,,,,,,,
fbg:otixxx99,Tennessee Titans,DST,TEN,otixxx99,,,,replace-with-immutable-model-id,,,tb26-ppr-6pt-pass-td-minus2-int-2pt-sack-50fg-v1,candidate_only,123.6,166.6,,144.9,,,,,,,,,,,,,,,,,,,,,,,,,,,
fbg:PurdBr00,Brock Purdy,QB,SF,PurdBr00,,,,replace-with-immutable-model-id,,,tb26-ppr-6pt-pass-td-minus2-int-2pt-sack-50fg-v1,candidate_only,331.2,366.6,348.3,348.6,,,,,,,,,,,,,,,,,,,,,,,,,,,
fbg:MahoPa00,Patrick Mahomes II,QB,KC,MahoPa00,,,,replace-with-immutable-model-id,,,tb26-ppr-6pt-pass-td-minus2-int-2pt-sack-50fg-v1,candidate_only,330.9,361.4,346.8,346.3,,,,,,,,,,,,,,,,,,,,,,,,,,,
fbg:ButkHa99,Harrison Butker,K,KC,ButkHa99,,,,replace-with-immutable-model-id,,,tb26-ppr-6pt-pass-td-minus2-int-2pt-sack-50fg-v1,candidate_only,124.8,134,,129.3,,,,,,,,,,,,,,,,,,,,,,,,,,,
fbg:LutzWi44,Wil Lutz,K,DEN,LutzWi44,,,,replace-with-immutable-model-id,,,tb26-ppr-6pt-pass-td-minus2-int-2pt-sack-50fg-v1,candidate_only,127.4,134,,130.7,,,,,,,,,,,,,,,,,,,,,,,,,,,
fbg:McPhEv44,Evan McPherson,K,CIN,McPhEv44,,,,replace-with-immutable-model-id,,,tb26-ppr-6pt-pass-td-minus2-int-2pt-sack-50fg-v1,candidate_only,126.4,134,,130.2,,,,,,,,,,,,,,,,,,,,,,,,,,,
fbg:GoedDa00,Dallas Goedert,TE,PHI,GoedDa00,,,,replace-with-immutable-model-id,,,tb26-ppr-6pt-pass-td-minus2-int-2pt-sack-50fg-v1,candidate_only,152,212.1,179.6,181,,,,,,,,,,,,,,,,,,,,,,,,,,,
fbg:GoffJa00,Jared Goff,QB,DET,GoffJa00,,,,replace-with-immutable-model-id,,,tb26-ppr-6pt-pass-td-minus2-int-2pt-sack-50fg-v1,candidate_only,328.6,348.5,340.8,339.2,,,,,,,,,,,,,,,,,,,,,,,,,,,
fbg:cinxxx99,Cincinnati Bengals,DST,CIN,cinxxx99,,,,replace-with-immutable-model-id,,,tb26-ppr-6pt-pass-td-minus2-int-2pt-sack-50fg-v1,candidate_only,127.5,163.6,,145.3,,,,,,,,,,,,,,,,,,,,,,,,,,,
fbg:PittMi01,Michael Pittman Jr,WR,PIT,PittMi01,,,,replace-with-immutable-model-id,,,tb26-ppr-6pt-pass-td-minus2-int-2pt-sack-50fg-v1,candidate_only,205.4,179.3,190.2,191.7,,,,,,,,,,,,,,,,,,,,,,,,,,,
fbg:LittCa00,Cam Little,K,JAX,LittCa00,,,,replace-with-immutable-model-id,,,tb26-ppr-6pt-pass-td-minus2-int-2pt-sack-50fg-v1,candidate_only,131.7,131,,131.4,,,,,,,,,,,,,,,,,,,,,,,,,,,
fbg:PineEd44,Eddy Piñeiro,K,SF,PineEd44,,,,replace-with-immutable-model-id,,,tb26-ppr-6pt-pass-td-minus2-int-2pt-sack-50fg-v1,candidate_only,130.3,130,,130.2,,,,,,,,,,,,,,,,,,,,,,,,,,,
fbg:EvanMi00,Mike Evans,WR,SF,EvanMi00,,,,replace-with-immutable-model-id,,,tb26-ppr-6pt-pass-td-minus2-int-2pt-sack-50fg-v1,candidate_only,203.3,222.6,204,209.9,,,,,,,,,,,,,,,,,,,,,,,,,,,
fbg:MurrKy00,Kyler Murray,QB,MIN,MurrKy00,,,,replace-with-immutable-model-id,,,tb26-ppr-6pt-pass-td-minus2-int-2pt-sack-50fg-v1,candidate_only,325.3,330.3,313.3,322.9,,,,,,,,,,,,,,,,,,,,,,,,,,,
fbg:chixxx99,Chicago Bears,DST,CHI,chixxx99,,,,replace-with-immutable-model-id,,,tb26-ppr-6pt-pass-td-minus2-int-2pt-sack-50fg-v1,candidate_only,145.4,160.6,,152.9,,,,,,,,,,,,,,,,,,,,,,,,,,,
fbg:nwexxx99,New England Patriots,DST,NE,nwexxx99,,,,replace-with-immutable-model-id,,,tb26-ppr-6pt-pass-td-minus2-int-2pt-sack-50fg-v1,candidate_only,137,158.8,,147.8,,,,,,,,,,,,,,,,,,,,,,,,,,,
fbg:DartJa00,Jaxson Dart,QB,NYG,DartJa00,,,,replace-with-immutable-model-id,,,tb26-ppr-6pt-pass-td-minus2-int-2pt-sack-50fg-v1,candidate_only,323.4,365.5,345.3,344.6,,,,,,,,,,,,,,,,,,,,,,,,,,,
fbg:MoodJa44,Jake Moody,K,WAS,MoodJa44,,,,replace-with-immutable-model-id,,,tb26-ppr-6pt-pass-td-minus2-int-2pt-sack-50fg-v1,candidate_only,90.2,127,,108.4,,,,,,,,,,,,,,,,,,,,,,,,,,,
fbg:SmytCh00,Charlie Smyth,K,NO,SmytCh00,,,,replace-with-immutable-model-id,,,tb26-ppr-6pt-pass-td-minus2-int-2pt-sack-50fg-v1,candidate_only,112.3,127,,119.6,,,,,,,,,,,,,,,,,,,,,,,,,,,
fbg:FergJa01,Jake Ferguson,TE,DAL,FergJa01,,,,replace-with-immutable-model-id,,,tb26-ppr-6pt-pass-td-minus2-int-2pt-sack-50fg-v1,candidate_only,146.2,179.6,167.4,164.3,,,,,,,,,,,,,,,,,,,,,,,,,,,
fbg:AdamDa01,Davante Adams,WR,LAR,AdamDa01,,,,replace-with-immutable-model-id,,,tb26-ppr-6pt-pass-td-minus2-int-2pt-sack-50fg-v1,candidate_only,200.1,213,221.9,211.6,,,,,,,,,,,,,,,,,,,,,,,,,,,
fbg:HendTr00,TreVeyon Henderson,RB,NE,HendTr00,,,,replace-with-immutable-model-id,,,tb26-ppr-6pt-pass-td-minus2-int-2pt-sack-50fg-v1,candidate_only,190.9,199.9,201.6,197.4,,,,,,,,,,,,,,,,,,,,,,,,,,,
fbg:BorrAn00,Andy Borregales,K,NE,BorrAn00,,,,replace-with-immutable-model-id,,,tb26-ppr-6pt-pass-td-minus2-int-2pt-sack-50fg-v1,candidate_only,125.5,125,,125.3,,,,,,,,,,,,,,,,,,,,,,,,,,,
fbg:TateCa00,Carnell Tate,WR,TEN,TateCa00,,,,replace-with-immutable-model-id,,,tb26-ppr-6pt-pass-td-minus2-int-2pt-sack-50fg-v1,candidate_only,198.3,153.2,181,177.7,,,,,,,,,,,,,,,,,,,,,,,,,,,
fbg:BassTy44,Tyler Bass,K,BUF,BassTy44,,,,replace-with-immutable-model-id,,,tb26-ppr-6pt-pass-td-minus2-int-2pt-sack-50fg-v1,candidate_only,109.3,124,,116.6,,,,,,,,,,,,,,,,,,,,,,,,,,,
fbg:raixxx99,Las Vegas Raiders,DST,LV,raixxx99,,,,replace-with-immutable-model-id,,,tb26-ppr-6pt-pass-td-minus2-int-2pt-sack-50fg-v1,candidate_only,116.1,154.8,,135.2,,,,,,,,,,,,,,,,,,,,,,,,,,,
fbg:KincDa00,Dalton Kincaid,TE,BUF,KincDa00,,,,replace-with-immutable-model-id,,,tb26-ppr-6pt-pass-td-minus2-int-2pt-sack-50fg-v1,candidate_only,142.6,175.8,159.5,159.2,,,,,,,,,,,,,,,,,,,,,,,,,,,
fbg:OdunRo00,Rome Odunze,WR,CHI,OdunRo00,,,,replace-with-immutable-model-id,,,tb26-ppr-6pt-pass-td-minus2-int-2pt-sack-50fg-v1,candidate_only,196.8,215.9,209.6,207.4,,,,,,,,,,,,,,,,,,,,,,,,,,,
fbg:SmacTr00,Trey Smack,K,GB,SmacTr00,,,,replace-with-immutable-model-id,,,tb26-ppr-6pt-pass-td-minus2-int-2pt-sack-50fg-v1,candidate_only,56,122,,88.6,,,,,,,,,,,,,,,,,,,,,,,,,,,
fbg:MetcDK00,DK Metcalf,WR,PIT,MetcDK00,,,,replace-with-immutable-model-id,,,tb26-ppr-6pt-pass-td-minus2-int-2pt-sack-50fg-v1,candidate_only,195.6,192.1,194.8,194.2,,,,,,,,,,,,,,,,,,,,,,,,,,,
fbg:SandJa44,Jason Sanders,K,NYJ,SandJa44,,,,replace-with-immutable-model-id,,,tb26-ppr-6pt-pass-td-minus2-int-2pt-sack-50fg-v1,candidate_only,76.8,121,,98.6,,,,,,,,,,,,,,,,,,,,,,,,,,,
fbg:SlyeJo44,Joey Slye,K,TEN,SlyeJo44,,,,replace-with-immutable-model-id,,,tb26-ppr-6pt-pass-td-minus2-int-2pt-sack-50fg-v1,candidate_only,93.8,121,,107.2,,,,,,,,,,,,,,,,,,,,,,,,,,,
fbg:MayfBa00,Baker Mayfield,QB,TB,MayfBa00,,,,replace-with-immutable-model-id,,,tb26-ppr-6pt-pass-td-minus2-int-2pt-sack-50fg-v1,candidate_only,316.5,348.2,321.7,328.7,,,,,,,,,,,,,,,,,,,,,,,,,,,
fbg:PierAl00,Alec Pierce,WR,IND,PierAl00,,,,replace-with-immutable-model-id,,,tb26-ppr-6pt-pass-td-minus2-int-2pt-sack-50fg-v1,candidate_only,193.1,222.5,207.1,207.5,,,,,,,,,,,,,,,,,,,,,,,,,,,
fbg:ElliJa98,Jake Elliott,K,PHI,ElliJa98,,,,replace-with-immutable-model-id,,,tb26-ppr-6pt-pass-td-minus2-int-2pt-sack-50fg-v1,candidate_only,119.6,119,,119.3,,,,,,,,,,,,,,,,,,,,,,,,,,,
fbg:PattRi44,Riley Patterson,K,MIA,PattRi44,,,,replace-with-immutable-model-id,,,tb26-ppr-6pt-pass-td-minus2-int-2pt-sack-50fg-v1,candidate_only,30,119,,74,,,,,,,,,,,,,,,,,,,,,,,,,,,
fbg:wasxxx99,Washington Commanders,DST,WAS,wasxxx99,,,,replace-with-immutable-model-id,,,tb26-ppr-6pt-pass-td-minus2-int-2pt-sack-50fg-v1,candidate_only,125.9,150.6,,138.1,,,,,,,,,,,,,,,,,,,,,,,,,,,
fbg:StraBr00,Brenton Strange,TE,JAX,StraBr00,,,,replace-with-immutable-model-id,,,tb26-ppr-6pt-pass-td-minus2-int-2pt-sack-50fg-v1,candidate_only,138.1,179.9,151.2,156.2,,,,,,,,,,,,,,,,,,,,,,,,,,,
fbg:StevRh00,Rhamondre Stevenson,RB,NE,StevRh00,,,,replace-with-immutable-model-id,,,tb26-ppr-6pt-pass-td-minus2-int-2pt-sack-50fg-v1,candidate_only,182.9,187.4,185.5,185.2,,,,,,,,,,,,,,,,,,,,,,,,,,,
fbg:GonzZa99,Zane Gonzalez,K,MIA,GonzZa99,,,,replace-with-immutable-model-id,,,tb26-ppr-6pt-pass-td-minus2-int-2pt-sack-50fg-v1,candidate_only,63.9,118,,90.6,,,,,,,,,,,,,,,,,,,,,,,,,,,
fbg:tamxxx99,Tampa Bay Buccaneers,DST,TB,tamxxx99,,,,replace-with-immutable-model-id,,,tb26-ppr-6pt-pass-td-minus2-int-2pt-sack-50fg-v1,candidate_only,138.9,149.2,,144,,,,,,,,,,,,,,,,,,,,,,,,,,,
fbg:TuteBh00,Bhayshul Tuten,RB,JAX,TuteBh00,,,,replace-with-immutable-model-id,,,tb26-ppr-6pt-pass-td-minus2-int-2pt-sack-50fg-v1,candidate_only,181.3,197.8,208,195.6,,,,,,,,,,,,,,,,,,,,,,,,,,,
fbg:kanxxx99,Kansas City Chiefs,DST,KC,kanxxx99,,,,replace-with-immutable-model-id,,,tb26-ppr-6pt-pass-td-minus2-int-2pt-sack-50fg-v1,candidate_only,125,146.8,,135.8,,,,,,,,,,,,,,,,,,,,,,,,,,,
fbg:RylaCh00,Chad Ryland,K,ARI,RylaCh00,,,,replace-with-immutable-model-id,,,tb26-ppr-6pt-pass-td-minus2-int-2pt-sack-50fg-v1,candidate_only,108.2,115,,111.6,,,,,,,,,,,,,,,,,,,,,,,,,,,
fbg:JohnJu00,Juwan Johnson,TE,NO,JohnJu00,,,,replace-with-immutable-model-id,,,tb26-ppr-6pt-pass-td-minus2-int-2pt-sack-50fg-v1,candidate_only,133.8,175,154.3,154.2,,,,,,,,,,,,,,,,,,,,,,,,,,,
fbg:gnbxxx99,Green Bay Packers,DST,GB,gnbxxx99,,,,replace-with-immutable-model-id,,,tb26-ppr-6pt-pass-td-minus2-int-2pt-sack-50fg-v1,candidate_only,133.5,144.6,,139,,,,,,,,,,,,,,,,,,,,,,,,,,,
fbg:cltxxx99,Indianapolis Colts,DST,IND,cltxxx99,,,,replace-with-immutable-model-id,,,tb26-ppr-6pt-pass-td-minus2-int-2pt-sack-50fg-v1,candidate_only,137.6,144.2,,140.9,,,,,,,,,,,,,,,,,,,,,,,,,,,
fbg:HenrHu00,Hunter Henry,TE,NE,HenrHu00,,,,replace-with-immutable-model-id,,,tb26-ppr-6pt-pass-td-minus2-int-2pt-sack-50fg-v1,candidate_only,131.4,163.7,153.7,149.5,,,,,,,,,,,,,,,,,,,,,,,,,,,
fbg:BoswCh44,Chris Boswell,K,PIT,BoswCh44,,,,replace-with-immutable-model-id,,,tb26-ppr-6pt-pass-td-minus2-int-2pt-sack-50fg-v1,candidate_only,125.5,111,,118.3,,,,,,,,,,,,,,,,,,,,,,,,,,,
fbg:PricJa00,Jadarian Price,RB,SEA,PricJa00,,,,replace-with-immutable-model-id,,,tb26-ppr-6pt-pass-td-minus2-int-2pt-sack-50fg-v1,candidate_only,175.8,187,187.4,183.4,,,,,,,,,,,,,,,,,,,,,,,,,,,
fbg:ThomBr01,Brian Thomas Jr.,WR,JAX,ThomBr01,,,,replace-with-immutable-model-id,,,tb26-ppr-6pt-pass-td-minus2-int-2pt-sack-50fg-v1,candidate_only,184.8,181.6,175.1,180.5,,,,,,,,,,,,,,,,,,,,,,,,,,,
fbg:LoveJo01,Jordan Love,QB,GB,LoveJo01,,,,replace-with-immutable-model-id,,,tb26-ppr-6pt-pass-td-minus2-int-2pt-sack-50fg-v1,candidate_only,307,313.9,310.5,310.4,,,,,,,,,,,,,,,,,,,,,,,,,,,
fbg:carxxx99,Carolina Panthers,DST,CAR,carxxx99,,,,replace-with-immutable-model-id,,,tb26-ppr-6pt-pass-td-minus2-int-2pt-sack-50fg-v1,candidate_only,122.8,142.4,,132.5,,,,,,,,,,,,,,,,,,,,,,,,,,,
fbg:HockTJ00,T.J. Hockenson,TE,MIN,HockTJ00,,,,replace-with-immutable-model-id,,,tb26-ppr-6pt-pass-td-minus2-int-2pt-sack-50fg-v1,candidate_only,130,130,140.7,133.6,,,,,,,,,,,,,,,,,,,,,,,,,,,
fbg:PollTo01,Tony Pollard,RB,TEN,PollTo01,,,,replace-with-immutable-model-id,,,tb26-ppr-6pt-pass-td-minus2-int-2pt-sack-50fg-v1,candidate_only,175,189,191.4,185.1,,,,,,,,,,,,,,,,,,,,,,,,,,,
fbg:SadiKe00,Kenyon Sadiq,TE,NYJ,SadiKe00,,,,replace-with-immutable-model-id,,,tb26-ppr-6pt-pass-td-minus2-int-2pt-sack-50fg-v1,candidate_only,129.6,133.7,130.1,131.1,,,,,,,,,,,,,,,,,,,,,,,,,,,
fbg:SchuDa00,Dalton Schultz,TE,HOU,SchuDa00,,,,replace-with-immutable-model-id,,,tb26-ppr-6pt-pass-td-minus2-int-2pt-sack-50fg-v1,candidate_only,129.5,163,148.8,147,,,,,,,,,,,,,,,,,,,,,,,,,,,
fbg:dalxxx99,Dallas Cowboys,DST,DAL,dalxxx99,,,,replace-with-immutable-model-id,,,tb26-ppr-6pt-pass-td-minus2-int-2pt-sack-50fg-v1,candidate_only,134,141,,137.5,,,,,,,,,,,,,,,,,,,,,,,,,,,
fbg:nygxxx99,New York Giants,DST,NYG,nygxxx99,,,,replace-with-immutable-model-id,,,tb26-ppr-6pt-pass-td-minus2-int-2pt-sack-50fg-v1,candidate_only,139.1,141,,140,,,,,,,,,,,,,,,,,,,,,,,,,,,
fbg:SuttCo00,Courtland Sutton,WR,DEN,SuttCo00,,,,replace-with-immutable-model-id,,,tb26-ppr-6pt-pass-td-minus2-int-2pt-sack-50fg-v1,candidate_only,182.9,219.2,204.3,202,,,,,,,,,,,,,,,,,,,,,,,,,,,
fbg:WatsCh00,Christian Watson,WR,GB,WatsCh00,,,,replace-with-immutable-model-id,,,tb26-ppr-6pt-pass-td-minus2-int-2pt-sack-50fg-v1,candidate_only,182.5,181.7,190.7,185,,,,,,,,,,,,,,,,,,,,,,,,,,,
fbg:OkonCh00,Chig Okonkwo,TE,WAS,OkonCh00,,,,replace-with-immutable-model-id,,,tb26-ppr-6pt-pass-td-minus2-int-2pt-sack-50fg-v1,candidate_only,127.3,129.2,126.4,127.6,,,,,,,,,,,,,,,,,,,,,,,,,,,
fbg:DowdDa00,Rico Dowdle,RB,PIT,DowdDa00,,,,replace-with-immutable-model-id,,,tb26-ppr-6pt-pass-td-minus2-int-2pt-sack-50fg-v1,candidate_only,171,206.3,185.8,187.6,,,,,,,,,,,,,,,,,,,,,,,,,,,
fbg:WashPa01,Parker Washington,WR,JAX,WashPa01,,,,replace-with-immutable-model-id,,,tb26-ppr-6pt-pass-td-minus2-int-2pt-sack-50fg-v1,candidate_only,179.9,193.8,178.9,184.1,,,,,,,,,,,,,,,,,,,,,,,,,,,
fbg:StroCJ00,C.J. Stroud,QB,HOU,StroCJ00,,,,replace-with-immutable-model-id,,,tb26-ppr-6pt-pass-td-minus2-int-2pt-sack-50fg-v1,candidate_only,301.6,324.9,296.1,307.4,,,,,,,,,,,,,,,,,,,,,,,,,,,
fbg:HarrMa05,Marvin Harrison Jr.,WR,ARI,HarrMa05,,,,replace-with-immutable-model-id,,,tb26-ppr-6pt-pass-td-minus2-int-2pt-sack-50fg-v1,candidate_only,178.5,204.5,197.2,193.3,,,,,,,,,,,,,,,,,,,,,,,,,,,
fbg:ShouTy00,Tyler Shough,QB,NO,ShouTy00,,,,replace-with-immutable-model-id,,,tb26-ppr-6pt-pass-td-minus2-int-2pt-sack-50fg-v1,candidate_only,301,325.4,319.2,315.1,,,,,,,,,,,,,,,,,,,,,,,,,,,
fbg:jaxxxx99,Jacksonville Jaguars,DST,JAX,jaxxxx99,,,,replace-with-immutable-model-id,,,tb26-ppr-6pt-pass-td-minus2-int-2pt-sack-50fg-v1,candidate_only,138.4,136.2,,137.3,,,,,,,,,,,,,,,,,,,,,,,,,,,
fbg:FitzRy01,Ryan Fitzgerald,K,CAR,FitzRy01,,,,replace-with-immutable-model-id,,,tb26-ppr-6pt-pass-td-minus2-int-2pt-sack-50fg-v1,candidate_only,108.9,104,,106.5,,,,,,,,,,,,,,,,,,,,,,,,,,,
fbg:GayxMa44,Matt Gay,K,LV,GayxMa44,,,,replace-with-immutable-model-id,,,tb26-ppr-6pt-pass-td-minus2-int-2pt-sack-50fg-v1,candidate_only,40.7,103,,71.5,,,,,,,,,,,,,,,,,,,,,,,,,,,
fbg:crdxxx99,Arizona Cardinals,DST,ARI,crdxxx99,,,,replace-with-immutable-model-id,,,tb26-ppr-6pt-pass-td-minus2-int-2pt-sack-50fg-v1,candidate_only,115.5,133.8,,124.5,,,,,,,,,,,,,,,,,,,,,,,,,,,
fbg:RobiWa00,Wan'Dale Robinson,WR,TEN,RobiWa00,,,,replace-with-immutable-model-id,,,tb26-ppr-6pt-pass-td-minus2-int-2pt-sack-50fg-v1,candidate_only,175.8,212.1,188.9,192.1,,,,,,,,,,,,,,,,,,,,,,,,,,,
fbg:BarnAJ00,AJ Barner,TE,SEA,BarnAJ00,,,,replace-with-immutable-model-id,,,tb26-ppr-6pt-pass-td-minus2-int-2pt-sack-50fg-v1,candidate_only,121.5,141.6,124.6,129.2,,,,,,,,,,,,,,,,,,,,,,,,,,,
fbg:SzmyAn44,Andre Szmyt,K,CLE,SzmyAn44,,,,replace-with-immutable-model-id,,,tb26-ppr-6pt-pass-td-minus2-int-2pt-sack-50fg-v1,candidate_only,107.7,101,,104.4,,,,,,,,,,,,,,,,,,,,,,,,,,,
fbg:WilsMi01,Michael Wilson,WR,ARI,WilsMi01,,,,replace-with-immutable-model-id,,,tb26-ppr-6pt-pass-td-minus2-int-2pt-sack-50fg-v1,candidate_only,174.7,180.9,176.8,177.4,,,,,,,,,,,,,,,,,,,,,,,,,,,
fbg:WhitRa00,Rachaad White,RB,WAS,WhitRa00,,,,replace-with-immutable-model-id,,,tb26-ppr-6pt-pass-td-minus2-int-2pt-sack-50fg-v1,candidate_only,165.6,152.7,167.4,161.9,,,,,,,,,,,,,,,,,,,,,,,,,,,
fbg:nyjxxx99,New York Jets,DST,NYJ,nyjxxx99,,,,replace-with-immutable-model-id,,,tb26-ppr-6pt-pass-td-minus2-int-2pt-sack-50fg-v1,candidate_only,117.9,130.2,,124,,,,,,,,,,,,,,,,,,,,,,,,,,,
fbg:GainKe00,Kenny Gainwell,RB,TB,GainKe00,,,,replace-with-immutable-model-id,,,tb26-ppr-6pt-pass-td-minus2-int-2pt-sack-50fg-v1,candidate_only,163.3,188.2,168,173.1,,,,,,,,,,,,,,,,,,,,,,,,,,,
fbg:FreiPa00,Pat Freiermuth,TE,PIT,FreiPa00,,,,replace-with-immutable-model-id,,,tb26-ppr-6pt-pass-td-minus2-int-2pt-sack-50fg-v1,candidate_only,117.8,125.3,134.2,125.7,,,,,,,,,,,,,,,,,,,,,,,,,,,
fbg:JoneAa00,Aaron Jones Sr.,RB,MIN,JoneAa00,,,,replace-with-immutable-model-id,,,tb26-ppr-6pt-pass-td-minus2-int-2pt-sack-50fg-v1,candidate_only,162.9,169.6,168.2,166.9,,,,,,,,,,,,,,,,,,,,,,,,,,,
fbg:JoneDa05,Daniel Jones,QB,IND,JoneDa05,,,,replace-with-immutable-model-id,,,tb26-ppr-6pt-pass-td-minus2-int-2pt-sack-50fg-v1,candidate_only,294.2,339,310.1,314.3,,,,,,,,,,,,,,,,,,,,,,,,,,,
fbg:GadsOr01,Oronde Gadsden,TE,LAC,GadsOr01,,,,replace-with-immutable-model-id,,,tb26-ppr-6pt-pass-td-minus2-int-2pt-sack-50fg-v1,candidate_only,117.2,133,118.8,122.9,,,,,,,,,,,,,,,,,,,,,,,,,,,
fbg:HelmGu00,Gunnar Helm,TE,TEN,HelmGu00,,,,replace-with-immutable-model-id,,,tb26-ppr-6pt-pass-td-minus2-int-2pt-sack-50fg-v1,candidate_only,117.2,99.4,111.4,109.4,,,,,,,,,,,,,,,,,,,,,,,,,,,
fbg:GodwCh00,Chris Godwin Jr.,WR,TB,GodwCh00,,,,replace-with-immutable-model-id,,,tb26-ppr-6pt-pass-td-minus2-int-2pt-sack-50fg-v1,candidate_only,171.3,194,175.4,180.1,,,,,,,,,,,,,,,,,,,,,,,,,,,
fbg:TysoJo00,Jordyn Tyson,WR,NO,TysoJo00,,,,replace-with-immutable-model-id,,,tb26-ppr-6pt-pass-td-minus2-int-2pt-sack-50fg-v1,candidate_only,168.4,168.4,172.3,169.7,,,,,,,,,,,,,,,,,,,,,,,,,,,
fbg:JohnQu01,Quentin Johnston,WR,LAC,JohnQu01,,,,replace-with-immutable-model-id,,,tb26-ppr-6pt-pass-td-minus2-int-2pt-sack-50fg-v1,candidate_only,168.3,188.9,169.8,175.6,,,,,,,,,,,,,,,,,,,,,,,,,,,
fbg:OttoCa00,Cade Otton,TE,TB,OttoCa00,,,,replace-with-immutable-model-id,,,tb26-ppr-6pt-pass-td-minus2-int-2pt-sack-50fg-v1,candidate_only,113.5,160.7,129,134.2,,,,,,,,,,,,,,,,,,,,,,,,,,,
fbg:sfoxxx99,San Francisco 49ers,DST,SF,sfoxxx99,,,,replace-with-immutable-model-id,,,tb26-ppr-6pt-pass-td-minus2-int-2pt-sack-50fg-v1,candidate_only,123.6,125.4,,124.5,,,,,,,,,,,,,,,,,,,,,,,,,,,
fbg:GoldMa00,Matthew Golden,WR,GB,GoldMa00,,,,replace-with-immutable-model-id,,,tb26-ppr-6pt-pass-td-minus2-int-2pt-sack-50fg-v1,candidate_only,166.3,128.7,155.7,150.4,,,,,,,,,,,,,,,,,,,,,,,,,,,
fbg:HarvRj00,RJ Harvey,RB,DEN,HarvRj00,,,,replace-with-immutable-model-id,,,tb26-ppr-6pt-pass-td-minus2-int-2pt-sack-50fg-v1,candidate_only,157.3,202.8,177.6,179.1,,,,,,,,,,,,,,,,,,,,,,,,,,,
fbg:ReedJa01,Jayden Reed,WR,GB,ReedJa01,,,,replace-with-immutable-model-id,,,tb26-ppr-6pt-pass-td-minus2-int-2pt-sack-50fg-v1,candidate_only,164.7,172.4,175.8,170.9,,,,,,,,,,,,,,,,,,,,,,,,,,,
fbg:MonaKy00,Kyle Monangai,RB,CHI,MonaKy00,,,,replace-with-immutable-model-id,,,tb26-ppr-6pt-pass-td-minus2-int-2pt-sack-50fg-v1,candidate_only,154.9,154.7,156.1,155.2,,,,,,,,,,,,,,,,,,,,,,,,,,,
fbg:DownJo00,Josh Downs,WR,IND,DownJo00,,,,replace-with-immutable-model-id,,,tb26-ppr-6pt-pass-td-minus2-int-2pt-sack-50fg-v1,candidate_only,163.5,182.4,174.2,173.3,,,,,,,,,,,,,,,,,,,,,,,,,,,
fbg:DobbJ.00,J.K. Dobbins,RB,DEN,DobbJ.00,,,,replace-with-immutable-model-id,,,tb26-ppr-6pt-pass-td-minus2-int-2pt-sack-50fg-v1,candidate_only,153.2,168.3,171,164.1,,,,,,,,,,,,,,,,,,,,,,,,,,,
fbg:AddiJo00,Jordan Addison,WR,MIN,AddiJo00,,,,replace-with-immutable-model-id,,,tb26-ppr-6pt-pass-td-minus2-int-2pt-sack-50fg-v1,candidate_only,161.9,172.3,169.1,167.7,,,,,,,,,,,,,,,,,,,,,,,,,,,
fbg:HubbCh00,Chuba Hubbard,RB,CAR,HubbCh00,,,,replace-with-immutable-model-id,,,tb26-ppr-6pt-pass-td-minus2-int-2pt-sack-50fg-v1,candidate_only,152.5,189.4,186.2,175.9,,,,,,,,,,,,,,,,,,,,,,,,,,,
fbg:DulcGr00,Greg Dulcich,TE,MIA,DulcGr00,,,,replace-with-immutable-model-id,,,tb26-ppr-6pt-pass-td-minus2-int-2pt-sack-50fg-v1,candidate_only,106.8,144.3,133.4,128,,,,,,,,,,,,,,,,,,,,,,,,,,,
fbg:HiggJa00,Jayden Higgins,WR,HOU,HiggJa00,,,,replace-with-immutable-model-id,,,tb26-ppr-6pt-pass-td-minus2-int-2pt-sack-50fg-v1,candidate_only,160.4,134.4,137.9,144.3,,,,,,,,,,,,,,,,,,,,,,,,,,,
fbg:MeyeJa00,Jakobi Meyers,WR,JAX,MeyeJa00,,,,replace-with-immutable-model-id,,,tb26-ppr-6pt-pass-td-minus2-int-2pt-sack-50fg-v1,candidate_only,159.5,199.7,185.8,181.5,,,,,,,,,,,,,,,,,,,,,,,,,,,
fbg:FergTe00,Terrance Ferguson,TE,LAR,FergTe00,,,,replace-with-immutable-model-id,,,tb26-ppr-6pt-pass-td-minus2-int-2pt-sack-50fg-v1,candidate_only,105,97.6,112.9,105.2,,,,,,,,,,,,,,,,,,,,,,,,,,,
fbg:SaulBe00,Ben Sauls,K,NYG,SaulBe00,,,,replace-with-immutable-model-id,,,tb26-ppr-6pt-pass-td-minus2-int-2pt-sack-50fg-v1,candidate_only,79.3,85,,82.1,,,,,,,,,,,,,,,,,,,,,,,,,,,
fbg:BrooJo00,Jonathon Brooks,RB,CAR,BrooJo00,,,,replace-with-immutable-model-id,,,tb26-ppr-6pt-pass-td-minus2-int-2pt-sack-50fg-v1,candidate_only,147,143.8,144.4,145.1,,,,,,,,,,,,,,,,,,,,,,,,,,,
fbg:NjokDa00,David Njoku,TE,LAC,NjokDa00,,,,replace-with-immutable-model-id,,,tb26-ppr-6pt-pass-td-minus2-int-2pt-sack-50fg-v1,candidate_only,100.3,117.1,90.3,102.5,,,,,,,,,,,,,,,,,,,,,,,,,,,
fbg:ShakKh00,Khalil Shakir,WR,BUF,ShakKh00,,,,replace-with-immutable-model-id,,,tb26-ppr-6pt-pass-td-minus2-int-2pt-sack-50fg-v1,candidate_only,154.2,173.4,171.4,166.3,,,,,,,,,,,,,,,,,,,,,,,,,,,
fbg:WillMa05,Malik Willis,QB,MIA,WillMa05,,,,replace-with-immutable-model-id,,,tb26-ppr-6pt-pass-td-minus2-int-2pt-sack-50fg-v1,candidate_only,275.7,329.2,292.4,298.9,,,,,,,,,,,,,,,,,,,,,,,,,,,
fbg:RodgAa00,Aaron Rodgers,QB,PIT,RodgAa00,,,,replace-with-immutable-model-id,,,tb26-ppr-6pt-pass-td-minus2-int-2pt-sack-50fg-v1,candidate_only,274.2,243.2,257,258.3,,,,,,,,,,,,,,,,,,,,,,,,,,,
fbg:GesiMi00,Mike Gesicki,TE,CIN,GesiMi00,,,,replace-with-immutable-model-id,,,tb26-ppr-6pt-pass-td-minus2-int-2pt-sack-50fg-v1,candidate_only,97.2,119.7,113.3,110,,,,,,,,,,,,,,,,,,,,,,,,,,,
fbg:WortXa00,Xavier Worthy,WR,KC,WortXa00,,,,replace-with-immutable-model-id,,,tb26-ppr-6pt-pass-td-minus2-int-2pt-sack-50fg-v1,candidate_only,151.1,159.6,167.5,159.4,,,,,,,,,,,,,,,,,,,,,,,,,,,
fbg:DarnSa00,Sam Darnold,QB,SEA,DarnSa00,,,,replace-with-immutable-model-id,,,tb26-ppr-6pt-pass-td-minus2-int-2pt-sack-50fg-v1,candidate_only,272.7,332.3,307.9,304.1,,,,,,,,,,,,,,,,,,,,,,,,,,,
fbg:ConcKC00,KC Concepcion,WR,CLE,ConcKC00,,,,replace-with-immutable-model-id,,,tb26-ppr-6pt-pass-td-minus2-int-2pt-sack-50fg-v1,candidate_only,150.2,127.6,144.8,141,,,,,,,,,,,,,,,,,,,,,,,,,,,
fbg:DoubRo00,Romeo Doubs,WR,NE,DoubRo00,,,,replace-with-immutable-model-id,,,tb26-ppr-6pt-pass-td-minus2-int-2pt-sack-50fg-v1,candidate_only,149.2,159.1,160.8,156.3,,,,,,,,,,,,,,,,,,,,,,,,,,,
fbg:EngrEv00,Evan Engram,TE,DEN,EngrEv00,,,,replace-with-immutable-model-id,,,tb26-ppr-6pt-pass-td-minus2-int-2pt-sack-50fg-v1,candidate_only,93.9,120.6,116.6,110.3,,,,,,,,,,,,,,,,,,,,,,,,,,,
fbg:LemoMa00,Makai Lemon,WR,PHI,LemoMa00,,,,replace-with-immutable-model-id,,,tb26-ppr-6pt-pass-td-minus2-int-2pt-sack-50fg-v1,candidate_only,147.6,150.5,162.3,153.5,,,,,,,,,,,,,,,,,,,,,,,,,,,
fbg:CrosJa00,Jacory Croskey-Merritt,RB,WAS,CrosJa00,,,,replace-with-immutable-model-id,,,tb26-ppr-6pt-pass-td-minus2-int-2pt-sack-50fg-v1,candidate_only,137,146.2,144.1,142.4,,,,,,,,,,,,,,,,,,,,,,,,,,,
cbs:3124276,Theo Wease Jr.,WR,MIA,,3124276,,,replace-with-immutable-model-id,,,tb26-ppr-6pt-pass-td-minus2-int-2pt-sack-50fg-v1,candidate_only,,144.7,145.3,145,,,,,,,,,,,,,,,,,,,,,,,,,,,
fbg:YounBr01,Bryce Young,QB,CAR,YounBr01,,,,replace-with-immutable-model-id,,,tb26-ppr-6pt-pass-td-minus2-int-2pt-sack-50fg-v1,candidate_only,265.7,287.3,280.2,277.7,,,,,,,,,,,,,,,,,,,,,,,,,,,
fbg:CoruBl00,Blake Corum,RB,LAR,CoruBl00,,,,replace-with-immutable-model-id,,,tb26-ppr-6pt-pass-td-minus2-int-2pt-sack-50fg-v1,candidate_only,133.4,125.5,138.3,132.4,,,,,,,,,,,,,,,,,,,,,,,,,,,
fbg:CokeJa01,Jalen Coker,WR,CAR,CokeJa01,,,,replace-with-immutable-model-id,,,tb26-ppr-6pt-pass-td-minus2-int-2pt-sack-50fg-v1,candidate_only,141.5,156,153.3,150.2,,,,,,,,,,,,,,,,,,,,,,,,,,,
fbg:MasoJo00,Jordan Mason,RB,MIN,MasoJo00,,,,replace-with-immutable-model-id,,,tb26-ppr-6pt-pass-td-minus2-int-2pt-sack-50fg-v1,candidate_only,131,155.3,138.3,141.4,,,,,,,,,,,,,,,,,,,,,,,,,,,
fbg:CarlDa44,Daniel Carlson,K,FA,CarlDa44,,,,replace-with-immutable-model-id,,,tb26-ppr-6pt-pass-td-minus2-int-2pt-sack-50fg-v1,candidate_only,65.3,0,,33,,,,,,,,,,,,,,,,,,,,,,,,,,,
fbg:WardCa00,Cam Ward,QB,TEN,WardCa00,,,,replace-with-immutable-model-id,,,tb26-ppr-6pt-pass-td-minus2-int-2pt-sack-50fg-v1,candidate_only,260.6,277,261.2,266.2,,,,,,,,,,,,,,,,,,,,,,,,,,,
fbg:McMaBr44,Brandon McManus,K,FA,McMaBr44,,,,replace-with-immutable-model-id,,,tb26-ppr-6pt-pass-td-minus2-int-2pt-sack-50fg-v1,candidate_only,63.7,0,,32.2,,,,,,,,,,,,,,,,,,,,,,,,,,,
fbg:SpeaTy00,Tyjae Spears,RB,TEN,SpeaTy00,,,,replace-with-immutable-model-id,,,tb26-ppr-6pt-pass-td-minus2-int-2pt-sack-50fg-v1,candidate_only,127,144.3,136.4,135.8,,,,,,,,,,,,,,,,,,,,,,,,,,,
fbg:GrayNo00,Noah Gray,TE,KC,GrayNo00,,,,replace-with-immutable-model-id,,,tb26-ppr-6pt-pass-td-minus2-int-2pt-sack-50fg-v1,candidate_only,78.7,34.7,50.9,54.9,,,,,,,,,,,,,,,,,,,,,,,,,,,
fbg:JohnTh00,Theo Johnson,TE,NYG,JohnTh00,,,,replace-with-immutable-model-id,,,tb26-ppr-6pt-pass-td-minus2-int-2pt-sack-50fg-v1,candidate_only,78.5,100.4,76.3,85,,,,,,,,,,,,,,,,,,,,,,,,,,,
fbg:ParkCo00,Colby Parkinson,TE,LAR,ParkCo00,,,,replace-with-immutable-model-id,,,tb26-ppr-6pt-pass-td-minus2-int-2pt-sack-50fg-v1,candidate_only,77.9,126.6,91.9,98.6,,,,,,,,,,,,,,,,,,,,,,,,,,,
fbg:NailJa00,Jalen Nailor,WR,LV,NailJa00,,,,replace-with-immutable-model-id,,,tb26-ppr-6pt-pass-td-minus2-int-2pt-sack-50fg-v1,candidate_only,131.5,135.8,130,132.4,,,,,,,,,,,,,,,,,,,,,,,,,,,
fbg:BostDe00,Denzel Boston,WR,CLE,BostDe00,,,,replace-with-immutable-model-id,,,tb26-ppr-6pt-pass-td-minus2-int-2pt-sack-50fg-v1,candidate_only,130.8,119.5,125.5,125.3,,,,,,,,,,,,,,,,,,,,,,,,,,,
fbg:TuckTr00,Tre Tucker,WR,LV,TuckTr00,,,,replace-with-immutable-model-id,,,tb26-ppr-6pt-pass-td-minus2-int-2pt-sack-50fg-v1,candidate_only,129.6,145.4,142.6,139.1,,,,,,,,,,,,,,,,,,,,,,,,,,,
cbs:2804128,Marquise Brown,WR,PHI,,2804128,,,replace-with-immutable-model-id,,,tb26-ppr-6pt-pass-td-minus2-int-2pt-sack-50fg-v1,candidate_only,,128.4,,128.4,,,,,,,,,Document the explicit fallback used,,,,,,,,,,,,,,,,,,
fbg:JeudJe00,Jerry Jeudy,WR,CLE,JeudJe00,,,,replace-with-immutable-model-id,,,tb26-ppr-6pt-pass-td-minus2-int-2pt-sack-50fg-v1,candidate_only,127.5,150.2,144.6,140.7,,,,,,,,,,,,,,,,,,,,,,,,,,,
fbg:ShahRa00,Rashid Shaheed,WR,SEA,ShahRa00,,,,replace-with-immutable-model-id,,,tb26-ppr-6pt-pass-td-minus2-int-2pt-sack-50fg-v1,candidate_only,125.8,172.8,157.3,151.8,,,,,,,,,,,,,,,,,,,,,,,,,,,
fbg:McMiJa00,Jalen McMillan,WR,TB,McMiJa00,,,,replace-with-immutable-model-id,,,tb26-ppr-6pt-pass-td-minus2-int-2pt-sack-50fg-v1,candidate_only,125.5,133.5,133.5,130.8,,,,,,,,,,,,,,,,,,,,,,,,,,,
fbg:SandJa00,Ja'Tavion Sanders,TE,CAR,SandJa00,,,,replace-with-immutable-model-id,,,tb26-ppr-6pt-pass-td-minus2-int-2pt-sack-50fg-v1,candidate_only,70,65.8,67.7,67.8,,,,,,,,,,,,,,,,,,,,,,,,,,,
fbg:TracTy00,Tyrone Tracy Jr.,RB,NYG,TracTy00,,,,replace-with-immutable-model-id,,,tb26-ppr-6pt-pass-td-minus2-int-2pt-sack-50fg-v1,candidate_only,114.3,142.3,119.4,125.2,,,,,,,,,,,,,,,,,,,,,,,,,,,
fbg:JennJa00,Jauan Jennings,WR,MIN,JennJa00,,,,replace-with-immutable-model-id,,,tb26-ppr-6pt-pass-td-minus2-int-2pt-sack-50fg-v1,candidate_only,121.1,152.2,134.2,135.7,,,,,,,,,,,,,,,,,,,,,,,,,,,
fbg:PachIs00,Isiah Pacheco,RB,DET,PachIs00,,,,replace-with-immutable-model-id,,,tb26-ppr-6pt-pass-td-minus2-int-2pt-sack-50fg-v1,candidate_only,111.8,124.5,115.9,117.4,,,,,,,,,,,,,,,,,,,,,,,,,,,
fbg:TaylMa01,Mason Taylor,TE,NYJ,TaylMa01,,,,replace-with-immutable-model-id,,,tb26-ppr-6pt-pass-td-minus2-int-2pt-sack-50fg-v1,candidate_only,65.1,125.9,97.8,96,,,,,,,,,,,,,,,,,,,,,,,,,,,
fbg:SampDy00,Dylan Sampson,RB,CLE,SampDy00,,,,replace-with-immutable-model-id,,,tb26-ppr-6pt-pass-td-minus2-int-2pt-sack-50fg-v1,candidate_only,109.7,123.5,107.6,113.5,,,,,,,,,,,,,,,,,,,,,,,,,,,
fbg:KmetCo00,Cole Kmet,TE,CHI,KmetCo00,,,,replace-with-immutable-model-id,,,tb26-ppr-6pt-pass-td-minus2-int-2pt-sack-50fg-v1,candidate_only,63.3,55.8,66,61.7,,,,,,,,,,,,,,,,,,,,,,,,,,,
fbg:MarkWo00,Woody Marks,RB,HOU,MarkWo00,,,,replace-with-immutable-model-id,,,tb26-ppr-6pt-pass-td-minus2-int-2pt-sack-50fg-v1,candidate_only,108.6,126.4,124.7,119.8,,,,,,,,,,,,,,,,,,,,,,,,,,,
fbg:CharZa00,Zach Charbonnet,RB,SEA,CharZa00,,,,replace-with-immutable-model-id,,,tb26-ppr-6pt-pass-td-minus2-int-2pt-sack-50fg-v1,candidate_only,107.4,124.6,123,118.3,,,,,,,,,,,,,,,,,,,,,,,,,,,
fbg:BateRa00,Rashod Bateman,WR,BAL,BateRa00,,,,replace-with-immutable-model-id,,,tb26-ppr-6pt-pass-td-minus2-int-2pt-sack-50fg-v1,candidate_only,116.2,143.1,133.6,130.9,,,,,,,,,,,,,,,,,,,,,,,,,,,
fbg:HigbTy01,Tyler Higbee,TE,LAR,HigbTy01,,,,replace-with-immutable-model-id,,,tb26-ppr-6pt-pass-td-minus2-int-2pt-sack-50fg-v1,candidate_only,60.9,113.3,71.2,81.6,,,,,,,,,,,,,,,,,,,,,,,,,,,
fbg:KnoxDa00,Dawson Knox,TE,BUF,KnoxDa00,,,,replace-with-immutable-model-id,,,tb26-ppr-6pt-pass-td-minus2-int-2pt-sack-50fg-v1,candidate_only,60.5,92.1,78.8,77,,,,,,,,,,,,,,,,,,,,,,,,,,,
fbg:KamaAl00,Alvin Kamara,RB,NO,KamaAl00,,,,replace-with-immutable-model-id,,,tb26-ppr-6pt-pass-td-minus2-int-2pt-sack-50fg-v1,candidate_only,104.9,143.9,131.6,126.7,,,,,,,,,,,,,,,,,,,,,,,,,,,
fbg:BrisJa00,Jacoby Brissett,QB,ARI,BrisJa00,,,,replace-with-immutable-model-id,,,tb26-ppr-6pt-pass-td-minus2-int-2pt-sack-50fg-v1,candidate_only,235.5,301.8,261.3,265.9,,,,,,,,,,,,,,,,,,,,,,,,,,,
fbg:RodrCh01,Chris Rodriguez Jr.,RB,JAX,RodrCh01,,,,replace-with-immutable-model-id,,,tb26-ppr-6pt-pass-td-minus2-int-2pt-sack-50fg-v1,candidate_only,103.9,116.6,95,105.1,,,,,,,,,,,,,,,,,,,,,,,,,,,
fbg:AllxEr00,Erick All Jr.,TE,CIN,AllxEr00,,,,replace-with-immutable-model-id,,,tb26-ppr-6pt-pass-td-minus2-int-2pt-sack-50fg-v1,candidate_only,57.8,75.9,58.3,63.9,,,,,,,,,,,,,,,,,,,,,,,,,,,
fbg:SmitGe01,Geno Smith,QB,NYJ,SmitGe01,,,,replace-with-immutable-model-id,,,tb26-ppr-6pt-pass-td-minus2-int-2pt-sack-50fg-v1,candidate_only,233.6,262.8,263.8,253.3,,,,,,,,,,,,,,,,,,,,,,,,,,,
fbg:MayeMi00,Michael Mayer,TE,LV,MayeMi00,,,,replace-with-immutable-model-id,,,tb26-ppr-6pt-pass-td-minus2-int-2pt-sack-50fg-v1,candidate_only,55.8,86,90.1,77.2,,,,,,,,,,,,,,,,,,,,,,,,,,,
fbg:StowEl00,Eli Stowers,TE,PHI,StowEl00,,,,replace-with-immutable-model-id,,,tb26-ppr-6pt-pass-td-minus2-int-2pt-sack-50fg-v1,candidate_only,55.8,71.6,53.8,60.3,,,,,,,,,,,,,,,,,,,,,,,,,,,
fbg:FantNo00,Noah Fant,TE,NO,FantNo00,,,,replace-with-immutable-model-id,,,tb26-ppr-6pt-pass-td-minus2-int-2pt-sack-50fg-v1,candidate_only,55.4,89.8,65.9,70.2,,,,,,,,,,,,,,,,,,,,,,,,,,,
fbg:ShraSp00,Spencer Shrader,K,IND,ShraSp00,,,,replace-with-immutable-model-id,,,tb26-ppr-6pt-pass-td-minus2-int-2pt-sack-50fg-v1,candidate_only,35.7,0,,18.1,,,,,,,,,,,,,,,,,,,,,,,,,,,
fbg:ArroEl00,Elijah Arroyo,TE,SEA,ArroEl00,,,,replace-with-immutable-model-id,,,tb26-ppr-6pt-pass-td-minus2-int-2pt-sack-50fg-v1,candidate_only,55,26.4,48.3,43.3,,,,,,,,,,,,,,,,,,,,,,,,,,,
fbg:WashMa01,Malik Washington,WR,MIA,WashMa01,,,,replace-with-immutable-model-id,,,tb26-ppr-6pt-pass-td-minus2-int-2pt-sack-50fg-v1,candidate_only,108.8,109.2,106.9,108.3,,,,,,,,,,,,,,,,,,,,,,,,,,,
fbg:CoopOm00,Omar Cooper Jr.,WR,NYJ,CoopOm00,,,,replace-with-immutable-model-id,,,tb26-ppr-6pt-pass-td-minus2-int-2pt-sack-50fg-v1,candidate_only,107.7,134.9,120.6,121,,,,,,,,,,,,,,,,,,,,,,,,,,,
fbg:RidlCa00,Calvin Ridley,WR,TEN,RidlCa00,,,,replace-with-immutable-model-id,,,tb26-ppr-6pt-pass-td-minus2-int-2pt-sack-50fg-v1,candidate_only,106.5,159.6,152.3,139.3,,,,,,,,,,,,,,,,,,,,,,,,,,,
fbg:AllgTy00,Tyler Allgeier,RB,ARI,AllgTy00,,,,replace-with-immutable-model-id,,,tb26-ppr-6pt-pass-td-minus2-int-2pt-sack-50fg-v1,candidate_only,97.2,98.7,96,97.3,,,,,,,,,,,,,,,,,,,,,,,,,,,
cbs:3123413,Bub Means,WR,NO,,3123413,,,replace-with-immutable-model-id,,,tb26-ppr-6pt-pass-td-minus2-int-2pt-sack-50fg-v1,candidate_only,,105.7,106.2,106,,,,,,,,,,,,,,,,,,,,,,,,,,,
fbg:SamuDe00,Deebo Samuel Sr.,WR,SF,SamuDe00,,,,replace-with-immutable-model-id,,,tb26-ppr-6pt-pass-td-minus2-int-2pt-sack-50fg-v1,candidate_only,104,176,174.4,151.2,,,,,,,,,,,,,,,,,,,,,,,,,,,
fbg:ZvadDo00,Dominic Zvada,K,NYG,ZvadDo00,,,,replace-with-immutable-model-id,,,tb26-ppr-6pt-pass-td-minus2-int-2pt-sack-50fg-v1,candidate_only,5.8,30,,17.8,,,,,,,,,,,,,,,,,,,,,,,,,,,
fbg:FlouRy00,Ryan Flournoy,WR,DAL,FlouRy00,,,,replace-with-immutable-model-id,,,tb26-ppr-6pt-pass-td-minus2-int-2pt-sack-50fg-v1,candidate_only,103.6,81.6,89.6,91.7,,,,,,,,,,,,,,,,,,,,,,,,,,,
fbg:HillJu00,Justice Hill,RB,BAL,HillJu00,,,,replace-with-immutable-model-id,,,tb26-ppr-6pt-pass-td-minus2-int-2pt-sack-50fg-v1,candidate_only,93.3,117.8,116,108.9,,,,,,,,,,,,,,,,,,,,,,,,,,,
fbg:DellNa00,Tank Dell,WR,HOU,DellNa00,,,,replace-with-immutable-model-id,,,tb26-ppr-6pt-pass-td-minus2-int-2pt-sack-50fg-v1,candidate_only,101.8,177.4,141.1,139.8,,,,,,,,,,,,,,,,,,,,,,,,,,,
fbg:RobiBr01,Brian Robinson Jr,RB,ATL,RobiBr01,,,,replace-with-immutable-model-id,,,tb26-ppr-6pt-pass-td-minus2-int-2pt-sack-50fg-v1,candidate_only,92,91.4,92.7,92,,,,,,,,,,,,,,,,,,,,,,,,,,,
cbs:2867599,Connor Heyward,TE,LV,,2867599,,,replace-with-immutable-model-id,,,tb26-ppr-6pt-pass-td-minus2-int-2pt-sack-50fg-v1,candidate_only,,46.3,36.3,41.3,,,,,,,,,,,,,,,,,,,,,,,,,,,
fbg:WashDa02,Darnell Washington,TE,PIT,WashDa02,,,,replace-with-immutable-model-id,,,tb26-ppr-6pt-pass-td-minus2-int-2pt-sack-50fg-v1,candidate_only,45.9,82.4,74.3,67.4,,,,,,,,,,,,,,,,,,,,,,,,,,,
fbg:DiggSt00,Stefon Diggs,WR,FA,DiggSt00,,,,replace-with-immutable-model-id,,,tb26-ppr-6pt-pass-td-minus2-int-2pt-sack-50fg-v1,candidate_only,99.6,0,,50.4,,,,,,,,,,,,,,,,,,,,,,,,,,,
fbg:StriDe00,De'Zhaun Stribling,WR,SF,StriDe00,,,,replace-with-immutable-model-id,,,tb26-ppr-6pt-pass-td-minus2-int-2pt-sack-50fg-v1,candidate_only,98.7,146.1,129,124.4,,,,,,,,,,,,,,,,,,,,,,,,,,,
fbg:HarrTr03,Tre' Harris,WR,LAC,HarrTr03,,,,replace-with-immutable-model-id,,,tb26-ppr-6pt-pass-td-minus2-int-2pt-sack-50fg-v1,candidate_only,98.2,58.9,89.5,82.3,,,,,,,,,,,,,,,,,,,,,,,,,,,
fbg:BoutKa00,Kayshon Boutte,WR,NE,BoutKa00,,,,replace-with-immutable-model-id,,,tb26-ppr-6pt-pass-td-minus2-int-2pt-sack-50fg-v1,candidate_only,97.4,132.5,105.6,111.7,,,,,,,,,,,,,,,,,,,,,,,,,,,
fbg:BernGe00,Germie Bernard,WR,PIT,BernGe00,,,,replace-with-immutable-model-id,,,tb26-ppr-6pt-pass-td-minus2-int-2pt-sack-50fg-v1,candidate_only,95.8,108,117.7,107.1,,,,,,,,,,,,,,,,,,,,,,,,,,,
fbg:KuppCo00,Cooper Kupp,WR,SEA,KuppCo00,,,,replace-with-immutable-model-id,,,tb26-ppr-6pt-pass-td-minus2-int-2pt-sack-50fg-v1,candidate_only,95.7,147.7,124.9,122.6,,,,,,,,,,,,,,,,,,,,,,,,,,,
fbg:KlarMa00,Max Klare,TE,LAR,KlarMa00,,,,replace-with-immutable-model-id,,,tb26-ppr-6pt-pass-td-minus2-int-2pt-sack-50fg-v1,candidate_only,41.1,29,20,30.1,,,,,,,,,,,,,,,,,,,,,,,,,,,
fbg:TeSlIs00,Isaac TeSlaa,WR,DET,TeSlIs00,,,,replace-with-immutable-model-id,,,tb26-ppr-6pt-pass-td-minus2-int-2pt-sack-50fg-v1,candidate_only,95.3,96.1,85,92.1,,,,,,,,,,,,,,,,,,,,,,,,,,,
fbg:AlleBr01,Braelon Allen,RB,NYJ,AlleBr01,,,,replace-with-immutable-model-id,,,tb26-ppr-6pt-pass-td-minus2-int-2pt-sack-50fg-v1,candidate_only,85.9,94.3,86.2,88.8,,,,,,,,,,,,,,,,,,,,,,,,,,,
fbg:EvanMi01,Mitchell Evans,TE,CAR,EvanMi01,,,,replace-with-immutable-model-id,,,tb26-ppr-6pt-pass-td-minus2-int-2pt-sack-50fg-v1,candidate_only,39.9,39.7,37.7,39.1,,,,,,,,,,,,,,,,,,,,,,,,,,,
fbg:TongJa00,Jake Tonges,TE,SF,TongJa00,,,,replace-with-immutable-model-id,,,tb26-ppr-6pt-pass-td-minus2-int-2pt-sack-50fg-v1,candidate_only,39.9,28.2,47.9,38.7,,,,,,,,,,,,,,,,,,,,,,,,,,,
fbg:MoonDa00,Darnell Mooney,WR,NYG,MoonDa00,,,,replace-with-immutable-model-id,,,tb26-ppr-6pt-pass-td-minus2-int-2pt-sack-50fg-v1,candidate_only,93,118.5,105.1,105.4,,,,,,,,,,,,,,,,,,,,,,,,,,,
cbs:2867325,Josh Palmer,WR,BUF,,2867325,,,replace-with-immutable-model-id,,,tb26-ppr-6pt-pass-td-minus2-int-2pt-sack-50fg-v1,candidate_only,,92.9,,92.9,,,,,,,,,Document the explicit fallback used,,,,,,,,,,,,,,,,,,
fbg:TrauAd00,Adam Trautman,TE,DEN,TrauAd00,,,,replace-with-immutable-model-id,,,tb26-ppr-6pt-pass-td-minus2-int-2pt-sack-50fg-v1,candidate_only,38,66.2,47.8,50.6,,,,,,,,,,,,,,,,,,,,,,,,,,,
fbg:OlivJo00,Josh Oliver,TE,MIN,OlivJo00,,,,replace-with-immutable-model-id,,,tb26-ppr-6pt-pass-td-minus2-int-2pt-sack-50fg-v1,candidate_only,37.6,69.8,52.2,53.1,,,,,,,,,,,,,,,,,,,,,,,,,,,
fbg:WickDo00,Dontayvion Wicks,WR,PHI,WickDo00,,,,replace-with-immutable-model-id,,,tb26-ppr-6pt-pass-td-minus2-int-2pt-sack-50fg-v1,candidate_only,91.8,95.8,81,89.5,,,,,,,,,,,,,,,,,,,,,,,,,,,
fbg:BellDa03,Daniel Bellinger,TE,TEN,BellDa03,,,,replace-with-immutable-model-id,,,tb26-ppr-6pt-pass-td-minus2-int-2pt-sack-50fg-v1,candidate_only,36.4,76.3,51.7,54.6,,,,,,,,,,,,,,,,,,,,,,,,,,,
fbg:MitcAd00,Adonai Mitchell,WR,NYJ,MitcAd00,,,,replace-with-immutable-model-id,,,tb26-ppr-6pt-pass-td-minus2-int-2pt-sack-50fg-v1,candidate_only,89.6,76.7,124.3,96.9,,,,,,,,,,,,,,,,,,,,,,,,,,,
fbg:BigsTa00,Tank Bigsby,RB,PHI,BigsTa00,,,,replace-with-immutable-model-id,,,tb26-ppr-6pt-pass-td-minus2-int-2pt-sack-50fg-v1,candidate_only,80.5,69.2,67.6,72.5,,,,,,,,,,,,,,,,,,,,,,,,,,,
fbg:SampDr00,Drew Sample,TE,CIN,SampDr00,,,,replace-with-immutable-model-id,,,tb26-ppr-6pt-pass-td-minus2-int-2pt-sack-50fg-v1,candidate_only,35.2,28.5,33.8,32.5,,,,,,,,,,,,,,,,,,,,,,,,,,,
fbg:TremTo00,Tommy Tremble,TE,CAR,TremTo00,,,,replace-with-immutable-model-id,,,tb26-ppr-6pt-pass-td-minus2-int-2pt-sack-50fg-v1,candidate_only,32.7,66.5,63.8,54.2,,,,,,,,,,,,,,,,,,,,,,,,,,,
fbg:DelpOs00,Oscar Delp,TE,NO,DelpOs00,,,,replace-with-immutable-model-id,,,tb26-ppr-6pt-pass-td-minus2-int-2pt-sack-50fg-v1,candidate_only,32.3,27.4,8.8,22.9,,,,,,,,,,,,,,,,,,,,,,,,,,,
fbg:DotsJa00,Jahan Dotson,WR,ATL,DotsJa00,,,,replace-with-immutable-model-id,,,tb26-ppr-6pt-pass-td-minus2-int-2pt-sack-50fg-v1,candidate_only,86.4,54.6,75.5,72.3,,,,,,,,,,,,,,,,,,,,,,,,,,,
fbg:AiyuBr00,Brandon Aiyuk,WR,SF,AiyuBr00,,,,replace-with-immutable-model-id,,,tb26-ppr-6pt-pass-td-minus2-int-2pt-sack-50fg-v1,candidate_only,86,0,,43.5,,,,,,,,,,,,,,,,,,,,,,,,,,,
fbg:DougCa00,Caleb Douglas,WR,MIA,DougCa00,,,,replace-with-immutable-model-id,,,tb26-ppr-6pt-pass-td-minus2-int-2pt-sack-50fg-v1,candidate_only,85.9,94.2,87.9,89.3,,,,,,,,,,,,,,,,,,,,,,,,,,,
fbg:IosiAn00,Andrei Iosivas,WR,CIN,IosiAn00,,,,replace-with-immutable-model-id,,,tb26-ppr-6pt-pass-td-minus2-int-2pt-sack-50fg-v1,candidate_only,85.9,99.6,88.7,91.3,,,,,,,,,,,,,,,,,,,,,,,,,,,
cbs:2969073,Kevin Austin Jr.,WR,NO,,2969073,,,replace-with-immutable-model-id,,,tb26-ppr-6pt-pass-td-minus2-int-2pt-sack-50fg-v1,candidate_only,,85.8,,85.8,,,,,,,,,Document the explicit fallback used,,,,,,,,,,,,,,,,,,
fbg:BrowDy00,Dyami Brown,WR,WAS,BrowDy00,,,,replace-with-immutable-model-id,,,tb26-ppr-6pt-pass-td-minus2-int-2pt-sack-50fg-v1,candidate_only,85.5,39.9,84.4,70.1,,,,,,,,,,,,,,,,,,,,,,,,,,,
fbg:MusgLu00,Luke Musgrave,TE,GB,MusgLu00,,,,replace-with-immutable-model-id,,,tb26-ppr-6pt-pass-td-minus2-int-2pt-sack-50fg-v1,candidate_only,31.2,63.5,50.1,48.1,,,,,,,,,,,,,,,,,,,,,,,,,,,
fbg:HiggEl00,Elijah Higgins,TE,ARI,HiggEl00,,,,replace-with-immutable-model-id,,,tb26-ppr-6pt-pass-td-minus2-int-2pt-sack-50fg-v1,candidate_only,31,47.4,45.2,41.1,,,,,,,,,,,,,,,,,,,,,,,,,,,
cbs:1871322,Nick Vannett,TE,LAR,,1871322,,,replace-with-immutable-model-id,,,tb26-ppr-6pt-pass-td-minus2-int-2pt-sack-50fg-v1,candidate_only,,30.8,31.5,31.2,,,,,,,,,,,,,,,,,,,,,,,,,,,
fbg:BryaPa00,Pat Bryant,WR,DEN,BryaPa00,,,,replace-with-immutable-model-id,,,tb26-ppr-6pt-pass-td-minus2-int-2pt-sack-50fg-v1,candidate_only,84.9,58.9,72.4,72.2,,,,,,,,,,,,,,,,,,,,,,,,,,,
fbg:SinnBe00,Ben Sinnott,TE,WAS,SinnBe00,,,,replace-with-immutable-model-id,,,tb26-ppr-6pt-pass-td-minus2-int-2pt-sack-50fg-v1,candidate_only,29.7,36,31.8,32.5,,,,,,,,,,,,,,,,,,,,,,,,,,,
fbg:HoopAu00,Austin Hooper,TE,ATL,HoopAu00,,,,replace-with-immutable-model-id,,,tb26-ppr-6pt-pass-td-minus2-int-2pt-sack-50fg-v1,candidate_only,29.1,64.2,55.6,49.5,,,,,,,,,,,,,,,,,,,,,,,,,,,
cbs:2962073,Will Mallory,TE,IND,,2962073,,,replace-with-immutable-model-id,,,tb26-ppr-6pt-pass-td-minus2-int-2pt-sack-50fg-v1,candidate_only,,29,29.5,29.3,,,,,,,,,,,,,,,,,,,,,,,,,,,
fbg:ThorTy00,Tyquan Thornton,WR,KC,ThorTy00,,,,replace-with-immutable-model-id,,,tb26-ppr-6pt-pass-td-minus2-int-2pt-sack-50fg-v1,candidate_only,82.8,107.1,92.8,94.1,,,,,,,,,,,,,,,,,,,,,,,,,,,
cbs:2818971,Anthony Firkser,TE,WAS,,2818971,,,replace-with-immutable-model-id,,,tb26-ppr-6pt-pass-td-minus2-int-2pt-sack-50fg-v1,candidate_only,,28.4,,28.4,,,,,,,,,Document the explicit fallback used,,,,,,,,,,,,,,,,,,
cbs:2870478,Travis Vokolek,TE,ARI,,2870478,,,replace-with-immutable-model-id,,,tb26-ppr-6pt-pass-td-minus2-int-2pt-sack-50fg-v1,candidate_only,,28.4,,28.4,,,,,,,,,Document the explicit fallback used,,,,,,,,,,,,,,,,,,
cbs:29164633,Dallen Bentley,TE,DEN,,29164633,,,replace-with-immutable-model-id,,,tb26-ppr-6pt-pass-td-minus2-int-2pt-sack-50fg-v1,candidate_only,,28.4,28.5,28.5,,,,,,,,,,,,,,,,,,,,,,,,,,,
cbs:2965963,Teagan Quitoriano,TE,ARI,,2965963,,,replace-with-immutable-model-id,,,tb26-ppr-6pt-pass-td-minus2-int-2pt-sack-50fg-v1,candidate_only,,28.4,,28.4,,,,,,,,,Document the explicit fallback used,,,,,,,,,,,,,,,,,,
cbs:3131519,Hayden Rucci,TE,SF,,3131519,,,replace-with-immutable-model-id,,,tb26-ppr-6pt-pass-td-minus2-int-2pt-sack-50fg-v1,candidate_only,,28.4,29.8,29.1,,,,,,,,,,,,,,,,,,,,,,,,,,,
cbs:3165468,Rivaldo Fairweather,TE,ARI,,3165468,,,replace-with-immutable-model-id,,,tb26-ppr-6pt-pass-td-minus2-int-2pt-sack-50fg-v1,candidate_only,,28.4,28.8,28.6,,,,,,,,,,,,,,,,,,,,,,,,,,,
fbg:BechJa00,Jack Bech,WR,LV,BechJa00,,,,replace-with-immutable-model-id,,,tb26-ppr-6pt-pass-td-minus2-int-2pt-sack-50fg-v1,candidate_only,82.6,59.2,82.5,74.9,,,,,,,,,,,,,,,,,,,,,,,,,,,
fbg:VeleDe00,Devaughn Vele,WR,NO,VeleDe00,,,,replace-with-immutable-model-id,,,tb26-ppr-6pt-pass-td-minus2-int-2pt-sack-50fg-v1,candidate_only,82.3,126.8,94,100.9,,,,,,,,,,,,,,,,,,,,,,,,,,,
cbs:29148608,Cam Grandy,TE,CIN,,29148608,,,replace-with-immutable-model-id,,,tb26-ppr-6pt-pass-td-minus2-int-2pt-sack-50fg-v1,candidate_only,,27.8,29,28.4,,,,,,,,,,,,,,,,,,,,,,,,,,,
cbs:26695325,Zaire Mitchell-Paden,TE,NO,,26695325,,,replace-with-immutable-model-id,,,tb26-ppr-6pt-pass-td-minus2-int-2pt-sack-50fg-v1,candidate_only,,27.4,27.7,27.6,,,,,,,,,,,,,,,,,,,,,,,,,,,
fbg:StevDr01,Drew Stevens,K,WAS,StevDr01,,,,replace-with-immutable-model-id,,,tb26-ppr-6pt-pass-td-minus2-int-2pt-sack-50fg-v1,candidate_only,8,0,,4,,,,,,,,,,,,,,,,,,,,,,,,,,,
fbg:JohnTy00,Ty Johnson,RB,BUF,JohnTy00,,,,replace-with-immutable-model-id,,,tb26-ppr-6pt-pass-td-minus2-int-2pt-sack-50fg-v1,candidate_only,72.6,103.3,96,90.5,,,,,,,,,,,,,,,,,,,,,,,,,,,
fbg:RariEl00,Eli Raridon,TE,NE,RariEl00,,,,replace-with-immutable-model-id,,,tb26-ppr-6pt-pass-td-minus2-int-2pt-sack-50fg-v1,candidate_only,27.1,55.8,46.2,42.9,,,,,,,,,,,,,,,,,,,,,,,,,,,
cbs:2961761,Lucas Krull,TE,DEN,,2961761,,,replace-with-immutable-model-id,,,tb26-ppr-6pt-pass-td-minus2-int-2pt-sack-50fg-v1,candidate_only,,26.8,0,13.3,,,,,,,,,,,,,,,,,,,,,,,,,,,
fbg:MitcKe01,Keaton Mitchell,RB,LAC,MitcKe01,,,,replace-with-immutable-model-id,,,tb26-ppr-6pt-pass-td-minus2-int-2pt-sack-50fg-v1,candidate_only,72.1,77.5,70.5,73.3,,,,,,,,,,,,,,,,,,,,,,,,,,,
fbg:PeriSa00,Samaje Perine,RB,CIN,PeriSa00,,,,replace-with-immutable-model-id,,,tb26-ppr-6pt-pass-td-minus2-int-2pt-sack-50fg-v1,candidate_only,71.8,91.2,96.6,86.5,,,,,,,,,,,,,,,,,,,,,,,,,,,
cbs:2260697,Tanner Conner,TE,NYG,,2260697,,,replace-with-immutable-model-id,,,tb26-ppr-6pt-pass-td-minus2-int-2pt-sack-50fg-v1,candidate_only,,26.4,27.3,26.9,,,,,,,,,,,,,,,,,,,,,,,,,,,
fbg:YorkCa44,Cade York,K,NYJ,YorkCa44,,,,replace-with-immutable-model-id,,,tb26-ppr-6pt-pass-td-minus2-int-2pt-sack-50fg-v1,candidate_only,6.9,0,,3.5,,,,,,,,,,,,,,,,,,,,,,,,,,,
fbg:WrigBr00,Brock Wright,TE,DET,WrigBr00,,,,replace-with-immutable-model-id,,,tb26-ppr-6pt-pass-td-minus2-int-2pt-sack-50fg-v1,candidate_only,25,82.2,50.7,52.4,,,,,,,,,,,,,,,,,,,,,,,,,,,
cbs:2183713,Donald Parham Jr.,TE,PIT,,2183713,,,replace-with-immutable-model-id,,,tb26-ppr-6pt-pass-td-minus2-int-2pt-sack-50fg-v1,candidate_only,,24.8,,24.8,,,,,,,,,Document the explicit fallback used,,,,,,,,,,,,,,,,,,
cbs:2253359,Ian Thomas,TE,LV,,2253359,,,replace-with-immutable-model-id,,,tb26-ppr-6pt-pass-td-minus2-int-2pt-sack-50fg-v1,candidate_only,,24.8,8.6,16.7,,,,,,,,,,,,,,,,,,,,,,,,,,,
cbs:28875704,Jaren Kanak,TE,TEN,,28875704,,,replace-with-immutable-model-id,,,tb26-ppr-6pt-pass-td-minus2-int-2pt-sack-50fg-v1,candidate_only,,24.8,25.6,25.2,,,,,,,,,,,,,,,,,,,,,,,,,,,
cbs:2963243,Zack Kuntz,TE,MIA,,2963243,,,replace-with-immutable-model-id,,,tb26-ppr-6pt-pass-td-minus2-int-2pt-sack-50fg-v1,candidate_only,,24.8,,24.8,,,,,,,,,Document the explicit fallback used,,,,,,,,,,,,,,,,,,
cbs:3169583,Jaheim Bell,TE,PIT,,3169583,,,replace-with-immutable-model-id,,,tb26-ppr-6pt-pass-td-minus2-int-2pt-sack-50fg-v1,candidate_only,,24.8,,24.8,,,,,,,,,Document the explicit fallback used,,,,,,,,,,,,,,,,,,
fbg:LegeXa00,Xavier Legette,WR,CAR,LegeXa00,,,,replace-with-immutable-model-id,,,tb26-ppr-6pt-pass-td-minus2-int-2pt-sack-50fg-v1,candidate_only,78.9,79.3,111.8,90,,,,,,,,,,,,,,,,,,,,,,,,,,,
fbg:SmytDu00,Durham Smythe,TE,BAL,SmytDu00,,,,replace-with-immutable-model-id,,,tb26-ppr-6pt-pass-td-minus2-int-2pt-sack-50fg-v1,candidate_only,24.5,21.2,23.2,23,,,,,,,,,,,,,,,,,,,,,,,,,,,
fbg:HuntTr00,Travis Hunter,WR,JAX,HuntTr00,,,,replace-with-immutable-model-id,,,tb26-ppr-6pt-pass-td-minus2-int-2pt-sack-50fg-v1,candidate_only,78.7,61.9,111.9,84.2,,,,,,,,,,,,,,,,,,,,,,,,,,,
fbg:KolaCh00,Charlie Kolar,TE,LAC,KolaCh00,,,,replace-with-immutable-model-id,,,tb26-ppr-6pt-pass-td-minus2-int-2pt-sack-50fg-v1,candidate_only,24.3,82,55,53.5,,,,,,,,,,,,,,,,,,,,,,,,,,,
fbg:KleiMa00,Marlin Klein,TE,HOU,KleiMa00,,,,replace-with-immutable-model-id,,,tb26-ppr-6pt-pass-td-minus2-int-2pt-sack-50fg-v1,candidate_only,24.1,79,44.5,49,,,,,,,,,,,,,,,,,,,,,,,,,,,
cbs:2167520,Chris Manhertz,TE,NYG,,2167520,,,replace-with-immutable-model-id,,,tb26-ppr-6pt-pass-td-minus2-int-2pt-sack-50fg-v1,candidate_only,,23.8,14.1,18.9,,,,,,,,,,,,,,,,,,,,,,,,,,,
cbs:2961855,Cole Turner,TE,MIA,,2961855,,,replace-with-immutable-model-id,,,tb26-ppr-6pt-pass-td-minus2-int-2pt-sack-50fg-v1,candidate_only,,23.8,0,11.8,,,,,,,,,,,,,,,,,,,,,,,,,,,
cbs:2975736,John FitzPatrick,TE,GB,,2975736,,,replace-with-immutable-model-id,,,tb26-ppr-6pt-pass-td-minus2-int-2pt-sack-50fg-v1,candidate_only,,23.8,,23.8,,,,,,,,,Document the explicit fallback used,,,,,,,,,,,,,,,,,,
cbs:3168310,Drake Dabney,TE,GB,,3168310,,,replace-with-immutable-model-id,,,tb26-ppr-6pt-pass-td-minus2-int-2pt-sack-50fg-v1,candidate_only,,23.8,24.4,24.1,,,,,,,,,,,,,,,,,,,,,,,,,,,
fbg:AlieMo00,Mo Alie-Cox,TE,IND,AlieMo00,,,,replace-with-immutable-model-id,,,tb26-ppr-6pt-pass-td-minus2-int-2pt-sack-50fg-v1,candidate_only,23.7,0,27.1,17,,,,,,,,,,,,,,,,,,,,,,,,,,,
cbs:29184228,Carter Runyon,TE,LV,,29184228,,,replace-with-immutable-model-id,,,tb26-ppr-6pt-pass-td-minus2-int-2pt-sack-50fg-v1,candidate_only,,23.2,,23.2,,,,,,,,,Document the explicit fallback used,,,,,,,,,,,,,,,,,,
fbg:WestNi00,Nick Westbrook-Ikhine,WR,IND,WestNi00,,,,replace-with-immutable-model-id,,,tb26-ppr-6pt-pass-td-minus2-int-2pt-sack-50fg-v1,candidate_only,76.3,58.4,60.3,65.1,,,,,,,,,,,,,,,,,,,,,,,,,,,
fbg:MatsKa00,Kansei Matsuzawa,K,LV,MatsKa00,,,,replace-with-immutable-model-id,,,tb26-ppr-6pt-pass-td-minus2-int-2pt-sack-50fg-v1,candidate_only,1.9,0,,1,,,,,,,,,,,,,,,,,,,,,,,,,,,
cbs:2239763,Ko Kieft,TE,TB,,2239763,,,replace-with-immutable-model-id,,,tb26-ppr-6pt-pass-td-minus2-int-2pt-sack-50fg-v1,candidate_only,,21.2,9.1,15.1,,,,,,,,,,,,,,,,,,,,,,,,,,,
cbs:26725942,Andrew Ogletree,TE,IND,,26725942,,,replace-with-immutable-model-id,,,tb26-ppr-6pt-pass-td-minus2-int-2pt-sack-50fg-v1,candidate_only,,21.2,9,15.1,,,,,,,,,,,,,,,,,,,,,,,,,,,
fbg:HavrLu44,Lucas Havrisik,K,FA,HavrLu44,,,,replace-with-immutable-model-id,,,tb26-ppr-6pt-pass-td-minus2-int-2pt-sack-50fg-v1,candidate_only,1.4,0,,0.7,,,,,,,,,,,,,,,,,,,,,,,,,,,
fbg:ColeKE02,Kevin Coleman Jr.,WR,MIA,ColeKE02,,,,replace-with-immutable-model-id,,,tb26-ppr-6pt-pass-td-minus2-int-2pt-sack-50fg-v1,candidate_only,75.1,26.1,52,51.3,,,,,,,,,,,,,,,,,,,,,,,,,,,
fbg:SchoLu00,Luke Schoonmaker,TE,DAL,SchoLu00,,,,replace-with-immutable-model-id,,,tb26-ppr-6pt-pass-td-minus2-int-2pt-sack-50fg-v1,candidate_only,20.5,33,30.8,28.1,,,,,,,,,,,,,,,,,,,,,,,,,,,
fbg:KartJo00,Joshua Karty,K,FA,KartJo00,,,,replace-with-immutable-model-id,,,tb26-ppr-6pt-pass-td-minus2-int-2pt-sack-50fg-v1,candidate_only,0.6,0,,0.3,,,,,,,,,,,,,,,,,,,,,,,,,,,
fbg:PratMa44,Matt Prater,K,FA,PratMa44,,,,replace-with-immutable-model-id,,,tb26-ppr-6pt-pass-td-minus2-int-2pt-sack-50fg-v1,candidate_only,0.6,0,,0.3,,,,,,,,,,,,,,,,,,,,,,,,,,,
fbg:GanoGr44,Graham Gano,K,FA,GanoGr44,,,,replace-with-immutable-model-id,,,tb26-ppr-6pt-pass-td-minus2-int-2pt-sack-50fg-v1,candidate_only,0.5,0,,0.3,,,,,,,,,,,,,,,,,,,,,,,,,,,
fbg:JohnEm00,Emmett Johnson,RB,KC,JohnEm00,,,,replace-with-immutable-model-id,,,tb26-ppr-6pt-pass-td-minus2-int-2pt-sack-50fg-v1,candidate_only,64.9,22.3,34.6,40.8,,,,,,,,,,,,,,,,,,,,,,,,,,,
fbg:HibnMa00,Matt Hibner,TE,BAL,HibnMa00,,,,replace-with-immutable-model-id,,,tb26-ppr-6pt-pass-td-minus2-int-2pt-sack-50fg-v1,candidate_only,19.4,47.7,,33.4,,,,,,,,,,,,,,,,,,,,,,,,,,,
fbg:ZaccOl00,Olamide Zaccheaus,WR,ATL,ZaccOl00,,,,replace-with-immutable-model-id,,,tb26-ppr-6pt-pass-td-minus2-int-2pt-sack-50fg-v1,candidate_only,73.3,107.1,69.4,83.1,,,,,,,,,,,,,,,,,,,,,,,,,,,
fbg:SimsBe00,Ben Sims,TE,MIA,SimsBe00,,,,replace-with-immutable-model-id,,,tb26-ppr-6pt-pass-td-minus2-int-2pt-sack-50fg-v1,candidate_only,18.9,72.9,45.1,45.4,,,,,,,,,,,,,,,,,,,,,,,,,,,
fbg:TolbJa00,Jalen Tolbert,WR,MIA,TolbJa00,,,,replace-with-immutable-model-id,,,tb26-ppr-6pt-pass-td-minus2-int-2pt-sack-50fg-v1,candidate_only,73.2,83,89.8,82,,,,,,,,,,,,,,,,,,,,,,,,,,,
fbg:BourKe00,Kendrick Bourne,WR,ARI,BourKe00,,,,replace-with-immutable-model-id,,,tb26-ppr-6pt-pass-td-minus2-int-2pt-sack-50fg-v1,candidate_only,72.6,86.5,50.5,69.8,,,,,,,,,,,,,,,,,,,,,,,,,,,
fbg:HillTy00,Tyreek Hill,WR,FA,HillTy00,,,,replace-with-immutable-model-id,,,tb26-ppr-6pt-pass-td-minus2-int-2pt-sack-50fg-v1,candidate_only,72.4,0,,36.6,,,,,,,,,,,,,,,,,,,,,,,,,,,
fbg:NoelJa00,Jaylin Noel,WR,HOU,NoelJa00,,,,replace-with-immutable-model-id,,,tb26-ppr-6pt-pass-td-minus2-int-2pt-sack-50fg-v1,candidate_only,71.8,74.6,74.1,73.5,,,,,,,,,,,,,,,,,,,,,,,,,,,
fbg:BoerNa00,Nate Boerkircher,TE,JAX,BoerNa00,,,,replace-with-immutable-model-id,,,tb26-ppr-6pt-pass-td-minus2-int-2pt-sack-50fg-v1,candidate_only,17.3,55.8,37.3,36.7,,,,,,,,,,,,,,,,,,,,,,,,,,,
cbs:3117113,Tom Kennedy,WR,DET,,3117113,,,replace-with-immutable-model-id,,,tb26-ppr-6pt-pass-td-minus2-int-2pt-sack-50fg-v1,candidate_only,,71.4,,71.4,,,,,,,,,Document the explicit fallback used,,,,,,,,,,,,,,,,,,
fbg:SpanBr00,Brevyn Spann-Ford,TE,DAL,SpanBr00,,,,replace-with-immutable-model-id,,,tb26-ppr-6pt-pass-td-minus2-int-2pt-sack-50fg-v1,candidate_only,17.1,27.4,9.4,17.9,,,,,,,,,,,,,,,,,,,,,,,,,,,
fbg:DurhPa00,Payne Durham,TE,TB,DurhPa00,,,,replace-with-immutable-model-id,,,tb26-ppr-6pt-pass-td-minus2-int-2pt-sack-50fg-v1,candidate_only,17,22.8,20.4,20,,,,,,,,,,,,,,,,,,,,,,,,,,,
fbg:StovCa00,Cade Stover,TE,HOU,StovCa00,,,,replace-with-immutable-model-id,,,tb26-ppr-6pt-pass-td-minus2-int-2pt-sack-50fg-v1,candidate_only,17,34.7,33.2,28.2,,,,,,,,,,,,,,,,,,,,,,,,,,,
fbg:StolJa00,Jack Stoll,TE,CLE,StolJa00,,,,replace-with-immutable-model-id,,,tb26-ppr-6pt-pass-td-minus2-int-2pt-sack-50fg-v1,candidate_only,16.4,25.8,7.8,16.6,,,,,,,,,,,,,,,,,,,,,,,,,,,
fbg:BlueJa01,Jaydon Blue,RB,DAL,BlueJa01,,,,replace-with-immutable-model-id,,,tb26-ppr-6pt-pass-td-minus2-int-2pt-sack-50fg-v1,candidate_only,61.3,19.7,46.5,42.7,,,,,,,,,,,,,,,,,,,,,,,,,,,
fbg:TagoTu00,Tua Tagovailoa,QB,ATL,TagoTu00,,,,replace-with-immutable-model-id,,,tb26-ppr-6pt-pass-td-minus2-int-2pt-sack-50fg-v1,candidate_only,192.7,263.5,187.8,214.4,,,,,,,,,,,,,,,,,,,,,,,,,,,
cbs:2787078,Jelani Woods,TE,NYJ,,2787078,,,replace-with-immutable-model-id,,,tb26-ppr-6pt-pass-td-minus2-int-2pt-sack-50fg-v1,candidate_only,,15.9,0,7.9,,,,,,,,,,,,,,,,,,,,,,,,,,,
cbs:2964419,Blake Whiteheart,TE,CLE,,2964419,,,replace-with-immutable-model-id,,,tb26-ppr-6pt-pass-td-minus2-int-2pt-sack-50fg-v1,candidate_only,,15.9,0,7.9,,,,,,,,,,,,,,,,,,,,,,,,,,,
fbg:ColeKe01,Keon Coleman,WR,BUF,ColeKe01,,,,replace-with-immutable-model-id,,,tb26-ppr-6pt-pass-td-minus2-int-2pt-sack-50fg-v1,candidate_only,70.2,63.2,59.4,64.3,,,,,,,,,,,,,,,,,,,,,,,,,,,
fbg:JolyJu00,Justin Joly,TE,DEN,JolyJu00,,,,replace-with-immutable-model-id,,,tb26-ppr-6pt-pass-td-minus2-int-2pt-sack-50fg-v1,candidate_only,15.7,28.4,19.3,21.1,,,,,,,,,,,,,,,,,,,,,,,,,,,
fbg:WhylJo00,Josh Whyle,TE,GB,WhylJo00,,,,replace-with-immutable-model-id,,,tb26-ppr-6pt-pass-td-minus2-int-2pt-sack-50fg-v1,candidate_only,15.6,23.8,23.6,21,,,,,,,,,,,,,,,,,,,,,,,,,,,
fbg:AtweTu00,Tutu Atwell,WR,MIA,AtweTu00,,,,replace-with-immutable-model-id,,,tb26-ppr-6pt-pass-td-minus2-int-2pt-sack-50fg-v1,candidate_only,69.4,76.8,53.9,66.7,,,,,,,,,,,,,,,,,,,,,,,,,,,
fbg:HaweJa00,Jackson Hawes,TE,BUF,HaweJa00,,,,replace-with-immutable-model-id,,,tb26-ppr-6pt-pass-td-minus2-int-2pt-sack-50fg-v1,candidate_only,15.2,34,30.5,26.5,,,,,,,,,,,,,,,,,,,,,,,,,,,
fbg:MoreFo00,Foster Moreau,TE,HOU,MoreFo00,,,,replace-with-immutable-model-id,,,tb26-ppr-6pt-pass-td-minus2-int-2pt-sack-50fg-v1,candidate_only,15.1,35,27.7,25.9,,,,,,,,,,,,,,,,,,,,,,,,,,,
fbg:WalkDe01,Devontez Walker,WR,BAL,WalkDe01,,,,replace-with-immutable-model-id,,,tb26-ppr-6pt-pass-td-minus2-int-2pt-sack-50fg-v1,candidate_only,69.3,77.1,35.2,60.5,,,,,,,,,,,,,,,,,,,,,,,,,,,
fbg:LloyMa00,MarShawn Lloyd,RB,GB,LloyMa00,,,,replace-with-immutable-model-id,,,tb26-ppr-6pt-pass-td-minus2-int-2pt-sack-50fg-v1,candidate_only,60.1,21.4,43.5,41.8,,,,,,,,,,,,,,,,,,,,,,,,,,,
fbg:RuckJe00,Jeremy Ruckert,TE,NYJ,RuckJe00,,,,replace-with-immutable-model-id,,,tb26-ppr-6pt-pass-td-minus2-int-2pt-sack-50fg-v1,candidate_only,14.6,57.7,42.1,38,,,,,,,,,,,,,,,,,,,,,,,,,,,
fbg:RousSa00,Sam Roush,TE,CHI,RousSa00,,,,replace-with-immutable-model-id,,,tb26-ppr-6pt-pass-td-minus2-int-2pt-sack-50fg-v1,candidate_only,14.5,26.4,17.5,19.4,,,,,,,,,,,,,,,,,,,,,,,,,,,
fbg:KacmWi00,Will Kacmarek,TE,MIA,KacmWi00,,,,replace-with-immutable-model-id,,,tb26-ppr-6pt-pass-td-minus2-int-2pt-sack-50fg-v1,candidate_only,13,83.3,61.9,52.5,,,,,,,,,,,,,,,,,,,,,,,,,,,
fbg:FarrLu00,Luke Farrell,TE,SF,FarrLu00,,,,replace-with-immutable-model-id,,,tb26-ppr-6pt-pass-td-minus2-int-2pt-sack-50fg-v1,candidate_only,12.5,15.9,10.1,12.8,,,,,,,,,,,,,,,,,,,,,,,,,,,
fbg:BrooCh01,Chris Brooks,RB,GB,BrooCh01,,,,replace-with-immutable-model-id,,,tb26-ppr-6pt-pass-td-minus2-int-2pt-sack-50fg-v1,candidate_only,57.2,89.8,66.9,71.2,,,,,,,,,,,,,,,,,,,,,,,,,,,
fbg:DaviRa02,Ray Davis,RB,BUF,DaviRa02,,,,replace-with-immutable-model-id,,,tb26-ppr-6pt-pass-td-minus2-int-2pt-sack-50fg-v1,candidate_only,57.1,19.6,36.2,37.8,,,,,,,,,,,,,,,,,,,,,,,,,,,
fbg:WashMi00,Mike Washington Jr.,RB,LV,WashMi00,,,,replace-with-immutable-model-id,,,tb26-ppr-6pt-pass-td-minus2-int-2pt-sack-50fg-v1,candidate_only,57,89,77.4,74.3,,,,,,,,,,,,,,,,,,,,,,,,,,,
fbg:SaubEr00,Eric Saubert,TE,SEA,SaubEr00,,,,replace-with-immutable-model-id,,,tb26-ppr-6pt-pass-td-minus2-int-2pt-sack-50fg-v1,candidate_only,11.3,0,8.6,6.7,,,,,,,,,,,,,,,,,,,,,,,,,,,
fbg:ConkTy00,Tyler Conklin,TE,DET,ConkTy00,,,,replace-with-immutable-model-id,,,tb26-ppr-6pt-pass-td-minus2-int-2pt-sack-50fg-v1,candidate_only,11.1,19.9,9.3,13.4,,,,,,,,,,,,,,,,,,,,,,,,,,,
fbg:HolaGe01,George Holani,RB,SEA,HolaGe01,,,,replace-with-immutable-model-id,,,tb26-ppr-6pt-pass-td-minus2-int-2pt-sack-50fg-v1,candidate_only,56.1,22.7,41,40.1,,,,,,,,,,,,,,,,,,,,,,,,,,,
fbg:BateJo00,John Bates,TE,WAS,BateJo00,,,,replace-with-immutable-model-id,,,tb26-ppr-6pt-pass-td-minus2-int-2pt-sack-50fg-v1,candidate_only,10.7,52.4,43.5,35.4,,,,,,,,,,,,,,,,,,,,,,,,,,,
cbs:2864800,Stone Smartt,TE,PHI,,2864800,,,replace-with-immutable-model-id,,,tb26-ppr-6pt-pass-td-minus2-int-2pt-sack-50fg-v1,candidate_only,,10.5,,10.5,,,,,,,,,Document the explicit fallback used,,,,,,,,,,,,,,,,,,
fbg:WoerCh00,Charlie Woerner,TE,ATL,WoerCh00,,,,replace-with-immutable-model-id,,,tb26-ppr-6pt-pass-td-minus2-int-2pt-sack-50fg-v1,candidate_only,10.5,53.1,30.8,31.3,,,,,,,,,,,,,,,,,,,,,,,,,,,
fbg:AdkiNa00,Nate Adkins,TE,DEN,AdkiNa00,,,,replace-with-immutable-model-id,,,tb26-ppr-6pt-pass-td-minus2-int-2pt-sack-50fg-v1,candidate_only,10.1,44.4,31.5,28.5,,,,,,,,,,,,,,,,,,,,,,,,,,,
fbg:SlayDa00,Darius Slayton,WR,NYG,SlayDa00,,,,replace-with-immutable-model-id,,,tb26-ppr-6pt-pass-td-minus2-int-2pt-sack-50fg-v1,candidate_only,64.3,117.9,100.5,94,,,,,,,,,,,,,,,,,,,,,,,,,,,
fbg:FranTr00,Troy Franklin,WR,DEN,FranTr00,,,,replace-with-immutable-model-id,,,tb26-ppr-6pt-pass-td-minus2-int-2pt-sack-50fg-v1,candidate_only,64.3,140.8,96.4,100.2,,,,,,,,,,,,,,,,,,,,,,,,,,,
cbs:2866424,Tylan Wallace,WR,CLE,,2866424,,,replace-with-immutable-model-id,,,tb26-ppr-6pt-pass-td-minus2-int-2pt-sack-50fg-v1,candidate_only,,63.9,,63.9,,,,,,,,,Document the explicit fallback used,,,,,,,,,,,,,,,,,,
fbg:ReimTi00,Tip Reiman,TE,ARI,ReimTi00,,,,replace-with-immutable-model-id,,,tb26-ppr-6pt-pass-td-minus2-int-2pt-sack-50fg-v1,candidate_only,9.3,26.8,8.4,14.8,,,,,,,,,,,,,,,,,,,,,,,,,,,
fbg:WillAn02,Antonio Williams,WR,WAS,WillAn02,,,,replace-with-immutable-model-id,,,tb26-ppr-6pt-pass-td-minus2-int-2pt-sack-50fg-v1,candidate_only,63.5,135,125.7,107.8,,,,,,,,,,,,,,,,,,,,,,,,,,,
fbg:WileJa00,Jared Wiley,TE,KC,WileJa00,,,,replace-with-immutable-model-id,,,tb26-ppr-6pt-pass-td-minus2-int-2pt-sack-50fg-v1,candidate_only,9.1,25.8,,17.4,,,,,,,,,,,,,,,,,,,,,,,,,,,
cbs:26688308,Shane Zylstra,TE,BUF,,26688308,,,replace-with-immutable-model-id,,,tb26-ppr-6pt-pass-td-minus2-int-2pt-sack-50fg-v1,candidate_only,,8.9,,8.9,,,,,,,,,Document the explicit fallback used,,,,,,,,,,,,,,,,,,
fbg:AlleDa01,Davis Allen,TE,LAR,AlleDa01,,,,replace-with-immutable-model-id,,,tb26-ppr-6pt-pass-td-minus2-int-2pt-sack-50fg-v1,candidate_only,8.7,67.8,44,39.9,,,,,,,,,,,,,,,,,,,,,,,,,,,
fbg:HudsTa00,Tanner Hudson,TE,CIN,HudsTa00,,,,replace-with-immutable-model-id,,,tb26-ppr-6pt-pass-td-minus2-int-2pt-sack-50fg-v1,candidate_only,8.6,22.2,29.3,20,,,,,,,,,,,,,,,,,,,,,,,,,,,
fbg:GalbJJ00,JJ Galbreath,TE,PIT,GalbJJ00,,,,replace-with-immutable-model-id,,,tb26-ppr-6pt-pass-td-minus2-int-2pt-sack-50fg-v1,candidate_only,7.8,0,,3.9,,,,,,,,,,,,,,,,,,,,,,,,,,,
fbg:BateBr00,Brenden Bates,TE,CLE,BateBr00,,,,replace-with-immutable-model-id,,,tb26-ppr-6pt-pass-td-minus2-int-2pt-sack-50fg-v1,candidate_only,7.8,20.4,,14,,,,,,,,,,,,,,,,,,,,,,,,,,,
fbg:CalcGr00,Grant Calcaterra,TE,PHI,CalcGr00,,,,replace-with-immutable-model-id,,,tb26-ppr-6pt-pass-td-minus2-int-2pt-sack-50fg-v1,candidate_only,7.6,56.1,28.5,30.6,,,,,,,,,,,,,,,,,,,,,,,,,,,
fbg:JameJo02,Jordan James,RB,SF,JameJo02,,,,replace-with-immutable-model-id,,,tb26-ppr-6pt-pass-td-minus2-int-2pt-sack-50fg-v1,candidate_only,52.6,121.4,92,88.4,,,,,,,,,,,,,,,,,,,,,,,,,,,
fbg:KoziTa00,Tanner Koziol,TE,JAX,KoziTa00,,,,replace-with-immutable-model-id,,,tb26-ppr-6pt-pass-td-minus2-int-2pt-sack-50fg-v1,candidate_only,7.3,26.4,9.4,14.3,,,,,,,,,,,,,,,,,,,,,,,,,,,
cbs:3162481,Mitchell Tinsley,WR,CIN,,3162481,,,replace-with-immutable-model-id,,,tb26-ppr-6pt-pass-td-minus2-int-2pt-sack-50fg-v1,candidate_only,,61.5,,61.5,,,,,,,,,Document the explicit fallback used,,,,,,,,,,,,,,,,,,
fbg:YuroBe00,Ben Yurosek,TE,MIN,YuroBe00,,,,replace-with-immutable-model-id,,,tb26-ppr-6pt-pass-td-minus2-int-2pt-sack-50fg-v1,candidate_only,7.2,0,,3.6,,,,,,,,,,,,,,,,,,,,,,,,,,,
fbg:AlleLe01,LeQuint Allen Jr.,RB,JAX,AlleLe01,,,,replace-with-immutable-model-id,,,tb26-ppr-6pt-pass-td-minus2-int-2pt-sack-50fg-v1,candidate_only,52.1,17.1,45.7,38.4,,,,,,,,,,,,,,,,,,,,,,,,,,,
fbg:CulpDe00,Devin Culp,TE,TB,CulpDe00,,,,replace-with-immutable-model-id,,,tb26-ppr-6pt-pass-td-minus2-int-2pt-sack-50fg-v1,candidate_only,6.5,33.4,17.4,19,,,,,,,,,,,,,,,,,,,,,,,,,,,
fbg:MorrQu00,Quintin Morris,TE,JAX,MorrQu00,,,,replace-with-immutable-model-id,,,tb26-ppr-6pt-pass-td-minus2-int-2pt-sack-50fg-v1,candidate_only,6.6,0,0,2.2,,,,,,,,,,,,,,,,,,,,,,,,,,,
fbg:BartGa00,Gavin Bartholomew,TE,MIN,BartGa00,,,,replace-with-immutable-model-id,,,tb26-ppr-6pt-pass-td-minus2-int-2pt-sack-50fg-v1,candidate_only,6.3,0,,3.2,,,,,,,,,,,,,,,,,,,,,,,,,,,
fbg:VidaKi00,Kimani Vidal,RB,LAC,VidaKi00,,,,replace-with-immutable-model-id,,,tb26-ppr-6pt-pass-td-minus2-int-2pt-sack-50fg-v1,candidate_only,51.3,81.7,61,64.6,,,,,,,,,,,,,,,,,,,,,,,,,,,
fbg:MimsMa00,Marvin Mims Jr.,WR,DEN,MimsMa00,,,,replace-with-immutable-model-id,,,tb26-ppr-6pt-pass-td-minus2-int-2pt-sack-50fg-v1,candidate_only,59.7,76.3,66.5,67.4,,,,,,,,,,,,,,,,,,,,,,,,,,,
cbs:2961827,Colson Yankoff,TE,WAS,,2961827,,,replace-with-immutable-model-id,,,tb26-ppr-6pt-pass-td-minus2-int-2pt-sack-50fg-v1,candidate_only,,5.3,,5.3,,,,,,,,,Document the explicit fallback used,,,,,,,,,,,,,,,,,,
fbg:WrigJa04,Jaylen Wright,RB,MIA,WrigJa04,,,,replace-with-immutable-model-id,,,tb26-ppr-6pt-pass-td-minus2-int-2pt-sack-50fg-v1,candidate_only,50.5,56.3,50.4,52.4,,,,,,,,,,,,,,,,,,,,,,,,,,,
fbg:FidoTh00,Thomas Fidone II,TE,NYG,FidoTh00,,,,replace-with-immutable-model-id,,,tb26-ppr-6pt-pass-td-minus2-int-2pt-sack-50fg-v1,candidate_only,4.9,24.8,26.1,18.5,,,,,,,,,,,,,,,,,,,,,,,,,,,
fbg:McKeSe00,Sean McKeon,TE,IND,McKeSe00,,,,replace-with-immutable-model-id,,,tb26-ppr-6pt-pass-td-minus2-int-2pt-sack-50fg-v1,candidate_only,4.9,0,,2.5,,,,,,,,,,,,,,,,,,,,,,,,,,,
fbg:BlacKa00,Kaelon Black,RB,SF,BlacKa00,,,,replace-with-immutable-model-id,,,tb26-ppr-6pt-pass-td-minus2-int-2pt-sack-50fg-v1,candidate_only,49.9,114.8,72.8,78.9,,,,,,,,,,,,,,,,,,,,,,,,,,,
fbg:TurpKa00,KaVontae Turpin,WR,DAL,TurpKa00,,,,replace-with-immutable-model-id,,,tb26-ppr-6pt-pass-td-minus2-int-2pt-sack-50fg-v1,candidate_only,58.8,73,63.2,64.9,,,,,,,,,,,,,,,,,,,,,,,,,,,
cbs:2964293,Jack Westover,TE,NE,,2964293,,,replace-with-immutable-model-id,,,tb26-ppr-6pt-pass-td-minus2-int-2pt-sack-50fg-v1,candidate_only,,4.4,,4.4,,,,,,,,,Document the explicit fallback used,,,,,,,,,,,,,,,,,,
fbg:RoyeJo00,Joe Royer,TE,CLE,RoyeJo00,,,,replace-with-immutable-model-id,,,tb26-ppr-6pt-pass-td-minus2-int-2pt-sack-50fg-v1,candidate_only,4.2,24.8,15.8,14.9,,,,,,,,,,,,,,,,,,,,,,,,,,,
cbs:3165078,Jalen Brooks,WR,ARI,,3165078,,,replace-with-immutable-model-id,,,tb26-ppr-6pt-pass-td-minus2-int-2pt-sack-50fg-v1,candidate_only,,58.4,0,29,,,,,,,,,,,,,,,,,,,,,,,,,,,
cbs:26727130,Max Bredeson,TE,MIN,,26727130,,,replace-with-immutable-model-id,,,tb26-ppr-6pt-pass-td-minus2-int-2pt-sack-50fg-v1,candidate_only,,4,,4,,,,,,,,,Document the explicit fallback used,,,,,,,,,,,,,,,,,,
fbg:GranKy00,Kylen Granson,TE,TEN,GranKy00,,,,replace-with-immutable-model-id,,,tb26-ppr-6pt-pass-td-minus2-int-2pt-sack-50fg-v1,candidate_only,4,23.2,,13.5,,,,,,,,,,,,,,,,,,,,,,,,,,,
fbg:TraoSe00,Seydou Traore,TE,MIA,TraoSe00,,,,replace-with-immutable-model-id,,,tb26-ppr-6pt-pass-td-minus2-int-2pt-sack-50fg-v1,candidate_only,3.9,23.8,23.7,17.1,,,,,,,,,,,,,,,,,,,,,,,,,,,
fbg:EndrJa00,Jack Endries,TE,CIN,EndrJa00,,,,replace-with-immutable-model-id,,,tb26-ppr-6pt-pass-td-minus2-int-2pt-sack-50fg-v1,candidate_only,3.7,31,31.2,21.9,,,,,,,,,,,,,,,,,,,,,,,,,,,
fbg:BellCh01,Chris Bell,WR,MIA,BellCh01,,,,replace-with-immutable-model-id,,,tb26-ppr-6pt-pass-td-minus2-int-2pt-sack-50fg-v1,candidate_only,57.7,76.4,88.5,74.1,,,,,,,,,,,,,,,,,,,,,,,,,,,
cbs:3175781,Riley Nowakowski,TE,PIT,,3175781,,,replace-with-immutable-model-id,,,tb26-ppr-6pt-pass-td-minus2-int-2pt-sack-50fg-v1,candidate_only,,3.4,,3.4,,,,,,,,,Document the explicit fallback used,,,,,,,,,,,,,,,,,,
fbg:CuevJo00,Josh Cuevas,TE,BAL,CuevJo00,,,,replace-with-immutable-model-id,,,tb26-ppr-6pt-pass-td-minus2-int-2pt-sack-50fg-v1,candidate_only,3.3,22.8,8.7,11.5,,,,,,,,,,,,,,,,,,,,,,,,,,,
fbg:MundJo00,Johnny Mundt,TE,PHI,MundJo00,,,,replace-with-immutable-model-id,,,tb26-ppr-6pt-pass-td-minus2-int-2pt-sack-50fg-v1,candidate_only,3.1,14.2,8.2,8.5,,,,,,,,,,,,,,,,,,,,,,,,,,,
fbg:ArkiTa00,Tanner Arkin,TE,NE,ArkiTa00,,,,replace-with-immutable-model-id,,,tb26-ppr-6pt-pass-td-minus2-int-2pt-sack-50fg-v1,candidate_only,3,0,,1.5,,,,,,,,,,,,,,,,,,,,,,,,,,,
fbg:KirkCh00,Christian Kirk,WR,SF,KirkCh00,,,,replace-with-immutable-model-id,,,tb26-ppr-6pt-pass-td-minus2-int-2pt-sack-50fg-v1,candidate_only,57.2,141.9,94.3,97.5,,,,,,,,,,,,,,,,,,,,,,,,,,,
cbs:2221829,Feleipe Franks,TE,CAR,,2221829,,,replace-with-immutable-model-id,,,tb26-ppr-6pt-pass-td-minus2-int-2pt-sack-50fg-v1,candidate_only,,2.4,,2.4,,,,,,,,,Document the explicit fallback used,,,,,,,,,,,,,,,,,,
fbg:DaviMa02,Malik Davis,RB,DAL,DaviMa02,,,,replace-with-immutable-model-id,,,tb26-ppr-6pt-pass-td-minus2-int-2pt-sack-50fg-v1,candidate_only,47.7,94.6,65.7,69.2,,,,,,,,,,,,,,,,,,,,,,,,,,,
fbg:LongHu00,Hunter Long,TE,JAX,LongHu00,,,,replace-with-immutable-model-id,,,tb26-ppr-6pt-pass-td-minus2-int-2pt-sack-50fg-v1,candidate_only,2.1,30.8,15.4,16,,,,,,,,,,,,,,,,,,,,,,,,,,,
cbs:2741208,Tyrell Shavers,WR,BUF,,2741208,,,replace-with-immutable-model-id,,,tb26-ppr-6pt-pass-td-minus2-int-2pt-sack-50fg-v1,candidate_only,,56.2,11,33.5,,,,,,,,,,,,,,,,,,,,,,,,,,,
fbg:SharBa00,Bauer Sharp,TE,TB,SharBa00,,,,replace-with-immutable-model-id,,,tb26-ppr-6pt-pass-td-minus2-int-2pt-sack-50fg-v1,candidate_only,1.1,27.4,28.2,18.8,,,,,,,,,,,,,,,,,,,,,,,,,,,
fbg:GiddDJ00,DJ Giddens,RB,IND,GiddDJ00,,,,replace-with-immutable-model-id,,,tb26-ppr-6pt-pass-td-minus2-int-2pt-sack-50fg-v1,candidate_only,46.2,19.7,35.8,34,,,,,,,,,,,,,,,,,,,,,,,,,,,
fbg:BranZa00,Zachariah Branch,WR,ATL,BranZa00,,,,replace-with-immutable-model-id,,,tb26-ppr-6pt-pass-td-minus2-int-2pt-sack-50fg-v1,candidate_only,55,91,98.4,81.3,,,,,,,,,,,,,,,,,,,,,,,,,,,
fbg:ColeJo00,Jonah Coleman,RB,DEN,ColeJo00,,,,replace-with-immutable-model-id,,,tb26-ppr-6pt-pass-td-minus2-int-2pt-sack-50fg-v1,candidate_only,43.4,23.3,32.8,33.2,,,,,,,,,,,,,,,,,,,,,,,,,,,
fbg:DougDe00,DeMario Douglas,WR,NE,DougDe00,,,,replace-with-immutable-model-id,,,tb26-ppr-6pt-pass-td-minus2-int-2pt-sack-50fg-v1,candidate_only,52,58.1,61.6,57.2,,,,,,,,,,,,,,,,,,,,,,,,,,,
fbg:HortTo00,Tory Horton,WR,SEA,HortTo00,,,,replace-with-immutable-model-id,,,tb26-ppr-6pt-pass-td-minus2-int-2pt-sack-50fg-v1,candidate_only,49.5,123,94.7,88.8,,,,,,,,,,,,,,,,,,,,,,,,,,,
fbg:HursTe00,Ted Hurst,WR,TB,HursTe00,,,,replace-with-immutable-model-id,,,tb26-ppr-6pt-pass-td-minus2-int-2pt-sack-50fg-v1,candidate_only,49.4,99.3,82.9,77,,,,,,,,,,,,,,,,,,,,,,,,,,,
fbg:JeffVa00,Van Jefferson,WR,WAS,JeffVa00,,,,replace-with-immutable-model-id,,,tb26-ppr-6pt-pass-td-minus2-int-2pt-sack-50fg-v1,candidate_only,48.8,27,,38,,,,,,,,,,,,,,,,,,,,,,,,,,,
fbg:LaneJa01,Ja'Kobi Lane,WR,BAL,LaneJa01,,,,replace-with-immutable-model-id,,,tb26-ppr-6pt-pass-td-minus2-int-2pt-sack-50fg-v1,candidate_only,48,111.4,96.5,85.1,,,,,,,,,,,,,,,,,,,,,,,,,,,
fbg:JuszKy00,Kyle Juszczyk,RB,SF,JuszKy00,,,,replace-with-immutable-model-id,,,tb26-ppr-6pt-pass-td-minus2-int-2pt-sack-50fg-v1,candidate_only,37.5,65.2,55,52.5,,,,,,,,,,,,,,,,,,,,,,,,,,,
fbg:WilsEm00,Emanuel Wilson,RB,SEA,WilsEm00,,,,replace-with-immutable-model-id,,,tb26-ppr-6pt-pass-td-minus2-int-2pt-sack-50fg-v1,candidate_only,37.4,91.5,51.1,59.8,,,,,,,,,,,,,,,,,,,,,,,,,,,
fbg:DaviIs00,Isaiah Davis,RB,NYJ,DaviIs00,,,,replace-with-immutable-model-id,,,tb26-ppr-6pt-pass-td-minus2-int-2pt-sack-50fg-v1,candidate_only,37.3,35.5,43.4,38.7,,,,,,,,,,,,,,,,,,,,,,,,,,,
cbs:2867472,Ty Chandler,RB,NO,,2867472,,,replace-with-immutable-model-id,,,tb26-ppr-6pt-pass-td-minus2-int-2pt-sack-50fg-v1,candidate_only,,37.2,37.5,37.4,,,,,,,,,,,,,,,,,,,,,,,,,,,
fbg:PalmJo01,Joshua Palmer,WR,BUF,PalmJo01,,,,replace-with-immutable-model-id,,,tb26-ppr-6pt-pass-td-minus2-int-2pt-sack-50fg-v1,candidate_only,45.7,,69,57.3,,,,,,,,,,,,,,,,,,,,,,,,,,,
fbg:BrooTa00,Tahj Brooks,RB,CIN,BrooTa00,,,,replace-with-immutable-model-id,,,tb26-ppr-6pt-pass-td-minus2-int-2pt-sack-50fg-v1,candidate_only,35.7,10.5,18.1,21.5,,,,,,,,,,,,,,,,,,,,,,,,,,,
fbg:RandAd00,Adam Randall,RB,BAL,RandAd00,,,,replace-with-immutable-model-id,,,tb26-ppr-6pt-pass-td-minus2-int-2pt-sack-50fg-v1,candidate_only,35.7,106.2,66.2,69.1,,,,,,,,,,,,,,,,,,,,,,,,,,,
cbs:3172189,Frank Gore Jr.,RB,BUF,,3172189,,,replace-with-immutable-model-id,,,tb26-ppr-6pt-pass-td-minus2-int-2pt-sack-50fg-v1,candidate_only,,34.3,35,34.7,,,,,,,,,,,,,,,,,,,,,,,,,,,
cbs:26694592,Beaux Collins,WR,NYG,,26694592,,,replace-with-immutable-model-id,,,tb26-ppr-6pt-pass-td-minus2-int-2pt-sack-50fg-v1,candidate_only,,43.1,,43.1,,,,,,,,,Document the explicit fallback used,,,,,,,,,,,,,,,,,,
fbg:ClaiDe00,Demond Claiborne,RB,MIN,ClaiDe00,,,,replace-with-immutable-model-id,,,tb26-ppr-6pt-pass-td-minus2-int-2pt-sack-50fg-v1,candidate_only,33.7,22.3,23.8,26.6,,,,,,,,,,,,,,,,,,,,,,,,,,,
fbg:SingNi00,Nicholas Singleton,RB,TEN,SingNi00,,,,replace-with-immutable-model-id,,,tb26-ppr-6pt-pass-td-minus2-int-2pt-sack-50fg-v1,candidate_only,33.6,20.7,20.2,24.9,,,,,,,,,,,,,,,,,,,,,,,,,,,
fbg:SmitBr00,Brashard Smith,RB,KC,SmitBr00,,,,replace-with-immutable-model-id,,,tb26-ppr-6pt-pass-td-minus2-int-2pt-sack-50fg-v1,candidate_only,33.2,63.7,32.5,43,,,,,,,,,,,,,,,,,,,,,,,,,,,
fbg:MumpKo00,Konata Mumpfield,WR,LAR,MumpKo00,,,,replace-with-immutable-model-id,,,tb26-ppr-6pt-pass-td-minus2-int-2pt-sack-50fg-v1,candidate_only,42,61.8,29.6,44.4,,,,,,,,,,,,,,,,,,,,,,,,,,,
fbg:EtieTr01,Trevor Etienne,RB,CAR,EtieTr01,,,,replace-with-immutable-model-id,,,tb26-ppr-6pt-pass-td-minus2-int-2pt-sack-50fg-v1,candidate_only,32.4,12.7,15.1,20.1,,,,,,,,,,,,,,,,,,,,,,,,,,,
fbg:FordJe00,Jerome Ford,RB,WAS,FordJe00,,,,replace-with-immutable-model-id,,,tb26-ppr-6pt-pass-td-minus2-int-2pt-sack-50fg-v1,candidate_only,31.8,36.6,19.1,29.1,,,,,,,,,,,,,,,,,,,,,,,,,,,
cbs:2820090,Austin Ekeler,RB,WAS,,2820090,,,replace-with-immutable-model-id,,,tb26-ppr-6pt-pass-td-minus2-int-2pt-sack-50fg-v1,candidate_only,,31.2,,31.2,,,,,,,,,Document the explicit fallback used,,,,,,,,,,,,,,,,,,
cbs:2246849,Devin Duvernay,WR,ARI,,2246849,,,replace-with-immutable-model-id,,,tb26-ppr-6pt-pass-td-minus2-int-2pt-sack-50fg-v1,candidate_only,,40,0,19.9,,,,,,,,,,,,,,,,,,,,,,,,,,,
fbg:TillCe00,Cedric Tillman,WR,CLE,TillCe00,,,,replace-with-immutable-model-id,,,tb26-ppr-6pt-pass-td-minus2-int-2pt-sack-50fg-v1,candidate_only,39.5,100.5,54.4,64.6,,,,,,,,,,,,,,,,,,,,,,,,,,,
fbg:SingDe00,Devin Singletary,RB,NYG,SingDe00,,,,replace-with-immutable-model-id,,,tb26-ppr-6pt-pass-td-minus2-int-2pt-sack-50fg-v1,candidate_only,28.8,19.7,19.8,22.8,,,,,,,,,,,,,,,,,,,,,,,,,,,
fbg:MillKe00,Kendre Miller,RB,NO,MillKe00,,,,replace-with-immutable-model-id,,,tb26-ppr-6pt-pass-td-minus2-int-2pt-sack-50fg-v1,candidate_only,28.6,19.7,7.3,18.6,,,,,,,,,,,,,,,,,,,,,,,,,,,
fbg:BellSk00,Skyler Bell,WR,BUF,BellSk00,,,,replace-with-immutable-model-id,,,tb26-ppr-6pt-pass-td-minus2-int-2pt-sack-50fg-v1,candidate_only,37.4,30.4,42.5,36.8,,,,,,,,,,,,,,,,,,,,,,,,,,,
fbg:McCaLu00,Luke McCaffrey,WR,WAS,McCaLu00,,,,replace-with-immutable-model-id,,,tb26-ppr-6pt-pass-td-minus2-int-2pt-sack-50fg-v1,candidate_only,37.3,85.4,65,62.4,,,,,,,,,,,,,,,,,,,,,,,,,,,
fbg:JohnTe01,Tez Johnson,WR,TB,JohnTe01,,,,replace-with-immutable-model-id,,,tb26-ppr-6pt-pass-td-minus2-int-2pt-sack-50fg-v1,candidate_only,36.9,82.9,21.4,46.9,,,,,,,,,,,,,,,,,,,,,,,,,,,
fbg:GordOl00,Ollie Gordon II,RB,MIA,GordOl00,,,,replace-with-immutable-model-id,,,tb26-ppr-6pt-pass-td-minus2-int-2pt-sack-50fg-v1,candidate_only,27.5,14.9,34.4,25.6,,,,,,,,,,,,,,,,,,,,,,,,,,,
fbg:LuepHu01,Hunter Luepke,RB,DAL,LuepHu01,,,,replace-with-immutable-model-id,,,tb26-ppr-6pt-pass-td-minus2-int-2pt-sack-50fg-v1,candidate_only,27.5,20.7,25,24.4,,,,,,,,,,,,,,,,,,,,,,,,,,,
cbs:2967463,Brycen Tremayne,WR,CAR,,2967463,,,replace-with-immutable-model-id,,,tb26-ppr-6pt-pass-td-minus2-int-2pt-sack-50fg-v1,candidate_only,,36.3,8.2,22.2,,,,,,,,,,,,,,,,,,,,,,,,,,,
fbg:DemeEm00,Emari Demercado,RB,KC,DemeEm00,,,,replace-with-immutable-model-id,,,tb26-ppr-6pt-pass-td-minus2-int-2pt-sack-50fg-v1,candidate_only,26.7,100.5,82.4,69.6,,,,,,,,,,,,,,,,,,,,,,,,,,,
fbg:ShipWi00,Will Shipley,RB,PHI,ShipWi00,,,,replace-with-immutable-model-id,,,tb26-ppr-6pt-pass-td-minus2-int-2pt-sack-50fg-v1,candidate_only,26.6,20.3,27.6,24.9,,,,,,,,,,,,,,,,,,,,,,,,,,,
cbs:2869402,Zavier Scott,RB,MIN,,2869402,,,replace-with-immutable-model-id,,,tb26-ppr-6pt-pass-td-minus2-int-2pt-sack-50fg-v1,candidate_only,,26.3,0,13.1,,,,,,,,,,,,,,,,,,,,,,,,,,,
fbg:WalkJa01,Jahdae Walker,WR,CHI,WalkJa01,,,,replace-with-immutable-model-id,,,tb26-ppr-6pt-pass-td-minus2-int-2pt-sack-50fg-v1,candidate_only,35.2,102.5,56.2,64.4,,,,,,,,,,,,,,,,,,,,,,,,,,,
cbs:2819876,Elijah Mitchell,RB,PHI,,2819876,,,replace-with-immutable-model-id,,,tb26-ppr-6pt-pass-td-minus2-int-2pt-sack-50fg-v1,candidate_only,,25.6,26.1,25.9,,,,,,,,,,,,,,,,,,,,,,,,,,,
cbs:2964863,Nikko Remigio,WR,KC,,2964863,,,replace-with-immutable-model-id,,,tb26-ppr-6pt-pass-td-minus2-int-2pt-sack-50fg-v1,candidate_only,,34.6,0,17.2,,,,,,,,,,,,,,,,,,,,,,,,,,,
fbg:ThorDo00,Dont'e Thornton Jr.,WR,LV,ThorDo00,,,,replace-with-immutable-model-id,,,tb26-ppr-6pt-pass-td-minus2-int-2pt-sack-50fg-v1,candidate_only,34.5,54.9,32.3,40.5,,,,,,,,,,,,,,,,,,,,,,,,,,,
fbg:ConnJa00,James Conner,RB,ARI,ConnJa00,,,,replace-with-immutable-model-id,,,tb26-ppr-6pt-pass-td-minus2-int-2pt-sack-50fg-v1,candidate_only,25.5,122.1,61.6,69.4,,,,,,,,,,,,,,,,,,,,,,,,,,,
fbg:AyomEl00,Elic Ayomanor,WR,TEN,AyomEl00,,,,replace-with-immutable-model-id,,,tb26-ppr-6pt-pass-td-minus2-int-2pt-sack-50fg-v1,candidate_only,34.3,134.1,75.4,80.9,,,,,,,,,,,,,,,,,,,,,,,,,,,
fbg:BrowMa05,Hollywood Brown,WR,PHI,BrowMa05,,,,replace-with-immutable-model-id,,,tb26-ppr-6pt-pass-td-minus2-int-2pt-sack-50fg-v1,candidate_only,34.3,,89.8,61.9,,,,,,,,,,,,,,,,,,,,,,,,,,,
fbg:BurkTr00,Treylon Burks,WR,WAS,BurkTr00,,,,replace-with-immutable-model-id,,,tb26-ppr-6pt-pass-td-minus2-int-2pt-sack-50fg-v1,candidate_only,34.1,76.6,81.1,63.8,,,,,,,,,,,,,,,,,,,,,,,,,,,
cbs:26696063,Dominic Lovett,WR,DET,,26696063,,,replace-with-immutable-model-id,,,tb26-ppr-6pt-pass-td-minus2-int-2pt-sack-50fg-v1,candidate_only,,34,,34,,,,,,,,,Document the explicit fallback used,,,,,,,,,,,,,,,,,,
cbs:2828751,Colton Dowell,WR,SF,,2828751,,,replace-with-immutable-model-id,,,tb26-ppr-6pt-pass-td-minus2-int-2pt-sack-50fg-v1,candidate_only,,34,,34,,,,,,,,,Document the explicit fallback used,,,,,,,,,,,,,,,,,,
cbs:3122273,Trey Palmer,WR,NO,,3122273,,,replace-with-immutable-model-id,,,tb26-ppr-6pt-pass-td-minus2-int-2pt-sack-50fg-v1,candidate_only,,34,,34,,,,,,,,,Document the explicit fallback used,,,,,,,,,,,,,,,,,,
fbg:RoyaJa00,Jalen Royals,WR,KC,RoyaJa00,,,,replace-with-immutable-model-id,,,tb26-ppr-6pt-pass-td-minus2-int-2pt-sack-50fg-v1,candidate_only,33.2,28.1,18,26.5,,,,,,,,,,,,,,,,,,,,,,,,,,,
cbs:2868959,Charlie Jones,WR,CIN,,2868959,,,replace-with-immutable-model-id,,,tb26-ppr-6pt-pass-td-minus2-int-2pt-sack-50fg-v1,candidate_only,,33,0,16.4,,,,,,,,,,,,,,,,,,,,,,,,,,,
fbg:DuliAs00,Ashton Dulin,WR,IND,DuliAs00,,,,replace-with-immutable-model-id,,,tb26-ppr-6pt-pass-td-minus2-int-2pt-sack-50fg-v1,candidate_only,32.9,99.9,78.7,70.2,,,,,,,,,,,,,,,,,,,,,,,,,,,
fbg:WilsRo02,Roman Wilson,WR,PIT,WilsRo02,,,,replace-with-immutable-model-id,,,tb26-ppr-6pt-pass-td-minus2-int-2pt-sack-50fg-v1,candidate_only,32.8,76.4,,54.4,,,,,,,,,,,,,,,,,,,,,,,,,,,
fbg:CousKi00,Kirk Cousins,QB,LV,CousKi00,,,,replace-with-immutable-model-id,,,tb26-ppr-6pt-pass-td-minus2-int-2pt-sack-50fg-v1,candidate_only,155,47.2,53.8,85.7,,,,,,,,,,,,,,,,,,,,,,,,,,,
cbs:2865894,Ihmir Smith-Marsette,WR,ARI,,2865894,,,replace-with-immutable-model-id,,,tb26-ppr-6pt-pass-td-minus2-int-2pt-sack-50fg-v1,candidate_only,,32.4,,32.4,,,,,,,,,Document the explicit fallback used,,,,,,,,,,,,,,,,,,
fbg:AlleKa01,Kaytron Allen,RB,WAS,AlleKa01,,,,replace-with-immutable-model-id,,,tb26-ppr-6pt-pass-td-minus2-int-2pt-sack-50fg-v1,candidate_only,23.1,27.3,21.5,24,,,,,,,,,,,,,,,,,,,,,,,,,,,
fbg:TuckSe00,Sean Tucker,RB,TB,TuckSe00,,,,replace-with-immutable-model-id,,,tb26-ppr-6pt-pass-td-minus2-int-2pt-sack-50fg-v1,candidate_only,23.1,27.4,31.9,27.5,,,,,,,,,,,,,,,,,,,,,,,,,,,
cbs:26695655,Lewis Bond,WR,HOU,,26695655,,,replace-with-immutable-model-id,,,tb26-ppr-6pt-pass-td-minus2-int-2pt-sack-50fg-v1,candidate_only,,31.4,,31.4,,,,,,,,,Document the explicit fallback used,,,,,,,,,,,,,,,,,,
cbs:2804732,Elijah Cooks,WR,NO,,2804732,,,replace-with-immutable-model-id,,,tb26-ppr-6pt-pass-td-minus2-int-2pt-sack-50fg-v1,candidate_only,,31.4,,31.4,,,,,,,,,Document the explicit fallback used,,,,,,,,,,,,,,,,,,
cbs:3171149,Ke'Shawn Williams,WR,CIN,,3171149,,,replace-with-immutable-model-id,,,tb26-ppr-6pt-pass-td-minus2-int-2pt-sack-50fg-v1,candidate_only,,31.4,0,15.6,,,,,,,,,,,,,,,,,,,,,,,,,,,
cbs:2867377,Carlos Washington Jr.,RB,MIA,,2867377,,,replace-with-immutable-model-id,,,tb26-ppr-6pt-pass-td-minus2-int-2pt-sack-50fg-v1,candidate_only,,22.3,22.9,22.6,,,,,,,,,,,,,,,,,,,,,,,,,,,
fbg:WillKy01,Kyle Williams,WR,NE,WillKy01,,,,replace-with-immutable-model-id,,,tb26-ppr-6pt-pass-td-minus2-int-2pt-sack-50fg-v1,candidate_only,31.1,41.4,22.4,31.6,,,,,,,,,,,,,,,,,,,,,,,,,,,
cbs:29380891,Kameron Johnson,WR,TB,,29380891,,,replace-with-immutable-model-id,,,tb26-ppr-6pt-pass-td-minus2-int-2pt-sack-50fg-v1,candidate_only,,31,1.8,16.3,,,,,,,,,,,,,,,,,,,,,,,,,,,
fbg:RaymKa00,Kalif Raymond,WR,CHI,RaymKa00,,,,replace-with-immutable-model-id,,,tb26-ppr-6pt-pass-td-minus2-int-2pt-sack-50fg-v1,candidate_only,30.8,55.8,46.8,44.4,,,,,,,,,,,,,,,,,,,,,,,,,,,
cbs:3159102,Andre Baccellia,WR,ARI,,3159102,,,replace-with-immutable-model-id,,,tb26-ppr-6pt-pass-td-minus2-int-2pt-sack-50fg-v1,candidate_only,,30.7,,30.7,,,,,,,,,Document the explicit fallback used,,,,,,,,,,,,,,,,,,
fbg:DikeCh00,Chimere Dike,WR,TEN,DikeCh00,,,,replace-with-immutable-model-id,,,tb26-ppr-6pt-pass-td-minus2-int-2pt-sack-50fg-v1,candidate_only,30.5,123.2,75.1,75.9,,,,,,,,,,,,,,,,,,,,,,,,,,,
cbs:26726935,Josh Cameron,WR,JAC,,26726935,,,replace-with-immutable-model-id,,,tb26-ppr-6pt-pass-td-minus2-int-2pt-sack-50fg-v1,candidate_only,,30.4,0,15.1,,,,,,,,,,,,,,,,,,,,,,,,,,,
cbs:2815163,Salvon Ahmed,RB,CHI,,2815163,,,replace-with-immutable-model-id,,,tb26-ppr-6pt-pass-td-minus2-int-2pt-sack-50fg-v1,candidate_only,,21.4,,21.4,,,,,,,,,Document the explicit fallback used,,,,,,,,,,,,,,,,,,
cbs:3163291,Israel Abanikanda,RB,DAL,,3163291,,,replace-with-immutable-model-id,,,tb26-ppr-6pt-pass-td-minus2-int-2pt-sack-50fg-v1,candidate_only,,21.4,23.1,22.3,,,,,,,,,,,,,,,,,,,,,,,,,,,
cbs:3168666,Deuce Vaughn,RB,DEN,,3168666,,,replace-with-immutable-model-id,,,tb26-ppr-6pt-pass-td-minus2-int-2pt-sack-50fg-v1,candidate_only,,21.4,,21.4,,,,,,,,,Document the explicit fallback used,,,,,,,,,,,,,,,,,,
cbs:2964236,Dameon Pierce,RB,PHI,,2964236,,,replace-with-immutable-model-id,,,tb26-ppr-6pt-pass-td-minus2-int-2pt-sack-50fg-v1,candidate_only,,21.3,22.1,21.7,,,,,,,,,,,,,,,,,,,,,,,,,,,
fbg:HollMa00,Mack Hollins,WR,NE,HollMa00,,,,replace-with-immutable-model-id,,,tb26-ppr-6pt-pass-td-minus2-int-2pt-sack-50fg-v1,candidate_only,30.1,77.4,28.1,45,,,,,,,,,,,,,,,,,,,,,,,,,,,
cbs:2240685,Cedrick Wilson Jr.,WR,DET,,2240685,,,replace-with-immutable-model-id,,,tb26-ppr-6pt-pass-td-minus2-int-2pt-sack-50fg-v1,candidate_only,,30,,30,,,,,,,,,Document the explicit fallback used,,,,,,,,,,,,,,,,,,
fbg:VakiSi99,Sione Vaki,RB,DET,VakiSi99,,,,replace-with-immutable-model-id,,,tb26-ppr-6pt-pass-td-minus2-int-2pt-sack-50fg-v1,candidate_only,21,5,,13.1,,,,,,,,,,,,,,,,,,,,,,,,,,,
cbs:28901170,Eli Heidenreich,RB,PIT,,28901170,,,replace-with-immutable-model-id,,,tb26-ppr-6pt-pass-td-minus2-int-2pt-sack-50fg-v1,candidate_only,,20.7,,20.7,,,,,,,,,Document the explicit fallback used,,,,,,,,,,,,,,,,,,
cbs:2968474,Ronnie Bell,WR,NO,,2968474,,,replace-with-immutable-model-id,,,tb26-ppr-6pt-pass-td-minus2-int-2pt-sack-50fg-v1,candidate_only,,29.7,,29.7,,,,,,,,,Document the explicit fallback used,,,,,,,,,,,,,,,,,,
fbg:JohnKa01,Kaleb Johnson,RB,PIT,JohnKa01,,,,replace-with-immutable-model-id,,,tb26-ppr-6pt-pass-td-minus2-int-2pt-sack-50fg-v1,candidate_only,20.7,9.5,4.8,11.7,,,,,,,,,,,,,,,,,,,,,,,,,,,
cbs:3122024,Jakobie Keeney-James,WR,GB,,3122024,,,replace-with-immutable-model-id,,,tb26-ppr-6pt-pass-td-minus2-int-2pt-sack-50fg-v1,candidate_only,,29.4,,29.4,,,,,,,,,Document the explicit fallback used,,,,,,,,,,,,,,,,,,
cbs:3166803,Brenden Rice,WR,GB,,3166803,,,replace-with-immutable-model-id,,,tb26-ppr-6pt-pass-td-minus2-int-2pt-sack-50fg-v1,candidate_only,,29.4,,29.4,,,,,,,,,Document the explicit fallback used,,,,,,,,,,,,,,,,,,
cbs:3121860,Zonovan Knight,RB,ARI,,3121860,,,replace-with-immutable-model-id,,,tb26-ppr-6pt-pass-td-minus2-int-2pt-sack-50fg-v1,candidate_only,,20.1,,20.1,,,,,,,,,Document the explicit fallback used,,,,,,,,,,,,,,,,,,
cbs:3171033,Malik Heath,WR,ATL,,3171033,,,replace-with-immutable-model-id,,,tb26-ppr-6pt-pass-td-minus2-int-2pt-sack-50fg-v1,candidate_only,,29,,29,,,,,,,,,Document the explicit fallback used,,,,,,,,,,,,,,,,,,
fbg:SandRa00,Raheim Sanders,RB,CLE,SandRa00,,,,replace-with-immutable-model-id,,,tb26-ppr-6pt-pass-td-minus2-int-2pt-sack-50fg-v1,candidate_only,19.8,19.1,,19.5,,,,,,,,,,,,,,,,,,,,,,,,,,,
cbs:2818351,David Moore,WR,CAR,,2818351,,,replace-with-immutable-model-id,,,tb26-ppr-6pt-pass-td-minus2-int-2pt-sack-50fg-v1,candidate_only,,28.7,0,14.3,,,,,,,,,,,,,,,,,,,,,,,,,,,
cbs:2865783,Brandon Smith,WR,PIT,,2865783,,,replace-with-immutable-model-id,,,tb26-ppr-6pt-pass-td-minus2-int-2pt-sack-50fg-v1,candidate_only,,28.7,,28.7,,,,,,,,,Document the explicit fallback used,,,,,,,,,,,,,,,,,,
cbs:2963723,Bryce Ford-Wheaton,WR,NYG,,2963723,,,replace-with-immutable-model-id,,,tb26-ppr-6pt-pass-td-minus2-int-2pt-sack-50fg-v1,candidate_only,,28.7,,28.7,,,,,,,,,Document the explicit fallback used,,,,,,,,,,,,,,,,,,
cbs:3126493,Casey Washington,WR,ATL,,3126493,,,replace-with-immutable-model-id,,,tb26-ppr-6pt-pass-td-minus2-int-2pt-sack-50fg-v1,candidate_only,,28.7,,28.7,,,,,,,,,Document the explicit fallback used,,,,,,,,,,,,,,,,,,
cbs:3133899,Terrell Jennings,RB,NE,,3133899,,,replace-with-immutable-model-id,,,tb26-ppr-6pt-pass-td-minus2-int-2pt-sack-50fg-v1,candidate_only,,19.7,,19.7,,,,,,,,,Document the explicit fallback used,,,,,,,,,,,,,,,,,,
cbs:3123569,Eric Gray,RB,NYG,,3123569,,,replace-with-immutable-model-id,,,tb26-ppr-6pt-pass-td-minus2-int-2pt-sack-50fg-v1,candidate_only,,19.3,,19.3,,,,,,,,,Document the explicit fallback used,,,,,,,,,,,,,,,,,,
fbg:LaubDy00,Dylan Laube,RB,LV,LaubDy00,,,,replace-with-immutable-model-id,,,tb26-ppr-6pt-pass-td-minus2-int-2pt-sack-50fg-v1,candidate_only,19.3,5.6,0,8.4,,,,,,,,,,,,,,,,,,,,,,,,,,,
cbs:2963426,Blake Watson,RB,TEN,,2963426,,,replace-with-immutable-model-id,,,tb26-ppr-6pt-pass-td-minus2-int-2pt-sack-50fg-v1,candidate_only,,19.1,,19.1,,,,,,,,,Document the explicit fallback used,,,,,,,,,,,,,,,,,,
cbs:3162613,Malachi Corley,WR,CLE,,3162613,,,replace-with-immutable-model-id,,,tb26-ppr-6pt-pass-td-minus2-int-2pt-sack-50fg-v1,candidate_only,,27.8,9.3,18.5,,,,,,,,,,,,,,,,,,,,,,,,,,,
fbg:BurkDe00,Deion Burks,WR,IND,BurkDe00,,,,replace-with-immutable-model-id,,,tb26-ppr-6pt-pass-td-minus2-int-2pt-sack-50fg-v1,candidate_only,27.5,31.4,,29.4,,,,,,,,,,,,,,,,,,,,,,,,,,,
cbs:2184383,K.J. Osborn,WR,TEN,,2184383,,,replace-with-immutable-model-id,,,tb26-ppr-6pt-pass-td-minus2-int-2pt-sack-50fg-v1,candidate_only,,27.1,,27.1,,,,,,,,,Document the explicit fallback used,,,,,,,,,,,,,,,,,,
fbg:GoulAn00,Anthony Gould,WR,IND,GoulAn00,,,,replace-with-immutable-model-id,,,tb26-ppr-6pt-pass-td-minus2-int-2pt-sack-50fg-v1,candidate_only,27.1,29.7,16.1,24.3,,,,,,,,,,,,,,,,,,,,,,,,,,,
cbs:3165205,Darius Cooper,WR,PHI,,3165205,,,replace-with-immutable-model-id,,,tb26-ppr-6pt-pass-td-minus2-int-2pt-sack-50fg-v1,candidate_only,,26.1,8.9,17.5,,,,,,,,,,,,,,,,,,,,,,,,,,,
cbs:2968506,Hassan Haskins,RB,LAC,,2968506,,,replace-with-immutable-model-id,,,tb26-ppr-6pt-pass-td-minus2-int-2pt-sack-50fg-v1,candidate_only,,16.9,,16.9,,,,,,,,,Document the explicit fallback used,,,,,,,,,,,,,,,,,,
fbg:FielMa00,Malachi Fields,WR,NYG,FielMa00,,,,replace-with-immutable-model-id,,,tb26-ppr-6pt-pass-td-minus2-int-2pt-sack-50fg-v1,candidate_only,25.5,61.6,34.1,40.3,,,,,,,,,,,,,,,,,,,,,,,,,,,
fbg:LaneJa00,Jaylin Lane,WR,WAS,LaneJa00,,,,replace-with-immutable-model-id,,,tb26-ppr-6pt-pass-td-minus2-int-2pt-sack-50fg-v1,candidate_only,25,55.6,61,47.1,,,,,,,,,,,,,,,,,,,,,,,,,,,
cbs:3170389,LaJohntay Wester,WR,BAL,,3170389,,,replace-with-immutable-model-id,,,tb26-ppr-6pt-pass-td-minus2-int-2pt-sack-50fg-v1,candidate_only,,24.7,0,12.3,,,,,,,,,,,,,,,,,,,,,,,,,,,
fbg:ThomZa01,Zavion Thomas,WR,CHI,ThomZa01,,,,replace-with-immutable-model-id,,,tb26-ppr-6pt-pass-td-minus2-int-2pt-sack-50fg-v1,candidate_only,24.6,90.2,34.9,49.7,,,,,,,,,,,,,,,,,,,,,,,,,,,
cbs:2964726,Ryan Miller,WR,NYG,,2964726,,,replace-with-immutable-model-id,,,tb26-ppr-6pt-pass-td-minus2-int-2pt-sack-50fg-v1,candidate_only,,24.4,,24.4,,,,,,,,,Document the explicit fallback used,,,,,,,,,,,,,,,,,,
fbg:WhitJo04,Jordan Whittington,WR,LAR,WhitJo04,,,,replace-with-immutable-model-id,,,tb26-ppr-6pt-pass-td-minus2-int-2pt-sack-50fg-v1,candidate_only,24.3,67.6,40.8,44.1,,,,,,,,,,,,,,,,,,,,,,,,,,,
cbs:3122529,Tahj Washington,WR,MIA,,3122529,,,replace-with-immutable-model-id,,,tb26-ppr-6pt-pass-td-minus2-int-2pt-sack-50fg-v1,candidate_only,,24.1,,24.1,,,,,,,,,Document the explicit fallback used,,,,,,,,,,,,,,,,,,
fbg:WatsDe00,Deshaun Watson,QB,CLE,WatsDe00,,,,replace-with-immutable-model-id,,,tb26-ppr-6pt-pass-td-minus2-int-2pt-sack-50fg-v1,candidate_only,146.4,63.8,117.6,109.6,,,,,,,,,,,,,,,,,,,,,,,,,,,
fbg:HutcXa00,Xavier Hutchinson,WR,HOU,HutcXa00,,,,replace-with-immutable-model-id,,,tb26-ppr-6pt-pass-td-minus2-int-2pt-sack-50fg-v1,candidate_only,23.7,93.5,63.9,60.1,,,,,,,,,,,,,,,,,,,,,,,,,,,
fbg:HarrNa00,Najee Harris,RB,FA,HarrNa00,,,,replace-with-immutable-model-id,,,tb26-ppr-6pt-pass-td-minus2-int-2pt-sack-50fg-v1,candidate_only,14.7,22.3,22.4,19.8,,,,,,,,,,,,,,,,,,,,,,,,,,,
cbs:3161133,Mason Kinsey,WR,TEN,,3161133,,,replace-with-immutable-model-id,,,tb26-ppr-6pt-pass-td-minus2-int-2pt-sack-50fg-v1,candidate_only,,23.4,0,11.6,,,,,,,,,,,,,,,,,,,,,,,,,,,
fbg:JordJa00,Jawhar Jordan,RB,HOU,JordJa00,,,,replace-with-immutable-model-id,,,tb26-ppr-6pt-pass-td-minus2-int-2pt-sack-50fg-v1,candidate_only,13.9,92.4,50.1,51.8,,,,,,,,,,,,,,,,,,,,,,,,,,,
fbg:SarrEl00,Elijah Sarratt,WR,BAL,SarrEl00,,,,replace-with-immutable-model-id,,,tb26-ppr-6pt-pass-td-minus2-int-2pt-sack-50fg-v1,candidate_only,22.8,62.3,59.4,48,,,,,,,,,,,,,,,,,,,,,,,,,,,
fbg:AlixRa00,Rasheen Ali,RB,BAL,AlixRa00,,,,replace-with-immutable-model-id,,,tb26-ppr-6pt-pass-td-minus2-int-2pt-sack-50fg-v1,candidate_only,13.8,22.4,0,12,,,,,,,,,,,,,,,,,,,,,,,,,,,
cbs:2963569,Elijah Moore,WR,PHI,,2963569,,,replace-with-immutable-model-id,,,tb26-ppr-6pt-pass-td-minus2-int-2pt-sack-50fg-v1,candidate_only,,22.5,,22.5,,,,,,,,,Document the explicit fallback used,,,,,,,,,,,,,,,,,,
fbg:LambKe00,Keandre Lambert-Smith,WR,LAC,LambKe00,,,,replace-with-immutable-model-id,,,tb26-ppr-6pt-pass-td-minus2-int-2pt-sack-50fg-v1,candidate_only,22,35.7,26.9,28.1,,,,,,,,,,,,,,,,,,,,,,,,,,,
cbs:2961993,British Brooks,RB,HOU,,2961993,,,replace-with-immutable-model-id,,,tb26-ppr-6pt-pass-td-minus2-int-2pt-sack-50fg-v1,candidate_only,,12.7,2.4,7.5,,,,,,,,,,,,,,,,,,,,,,,,,,,
fbg:BondIs00,Isaiah Bond,WR,CLE,BondIs00,,,,replace-with-immutable-model-id,,,tb26-ppr-6pt-pass-td-minus2-int-2pt-sack-50fg-v1,candidate_only,21.4,77.1,30.5,42.8,,,,,,,,,,,,,,,,,,,,,,,,,,,
cbs:3124679,Evan Hull,RB,HOU,,3124679,,,replace-with-immutable-model-id,,,tb26-ppr-6pt-pass-td-minus2-int-2pt-sack-50fg-v1,candidate_only,,12.1,,12.1,,,,,,,,,Document the explicit fallback used,,,,,,,,,,,,,,,,,,
fbg:HornJi00,Jimmy Horn Jr.,WR,CAR,HornJi00,,,,replace-with-immutable-model-id,,,tb26-ppr-6pt-pass-td-minus2-int-2pt-sack-50fg-v1,candidate_only,21,33.3,21.3,25.2,,,,,,,,,,,,,,,,,,,,,,,,,,,
fbg:TinsMi00,Mitch Tinsley,WR,CIN,TinsMi00,,,,replace-with-immutable-model-id,,,tb26-ppr-6pt-pass-td-minus2-int-2pt-sack-50fg-v1,candidate_only,20.8,,19.6,20.2,,,,,,,,,,,,,,,,,,,,,,,,,,,
fbg:YounCo00,Colbie Young,WR,CIN,YounCo00,,,,replace-with-immutable-model-id,,,tb26-ppr-6pt-pass-td-minus2-int-2pt-sack-50fg-v1,candidate_only,20.8,35,9.6,21.7,,,,,,,,,,,,,,,,,,,,,,,,,,,
fbg:IngoAl00,Alec Ingold,RB,LAC,IngoAl00,,,,replace-with-immutable-model-id,,,tb26-ppr-6pt-pass-td-minus2-int-2pt-sack-50fg-v1,candidate_only,11.7,11.2,16.2,13,,,,,,,,,,,,,,,,,,,,,,,,,,,
fbg:ThomBr02,Brenen Thompson,WR,LAC,ThomBr02,,,,replace-with-immutable-model-id,,,tb26-ppr-6pt-pass-td-minus2-int-2pt-sack-50fg-v1,candidate_only,20.4,31.4,27.3,26.3,,,,,,,,,,,,,,,,,,,,,,,,,,,
fbg:HuntJa02,Jarquez Hunter,RB,LAR,HuntJa02,,,,replace-with-immutable-model-id,,,tb26-ppr-6pt-pass-td-minus2-int-2pt-sack-50fg-v1,candidate_only,11.2,21.4,23.2,18.6,,,,,,,,,,,,,,,,,,,,,,,,,,,
fbg:McLaJa00,Jaleel McLaughlin,RB,DEN,McLaJa00,,,,replace-with-immutable-model-id,,,tb26-ppr-6pt-pass-td-minus2-int-2pt-sack-50fg-v1,candidate_only,11,0,,5.6,,,,,,,,,,,,,,,,,,,,,,,,,,,
cbs:2963641,Zamir White,RB,LV,,2963641,,,replace-with-immutable-model-id,,,tb26-ppr-6pt-pass-td-minus2-int-2pt-sack-50fg-v1,candidate_only,,10.9,,10.9,,,,,,,,,Document the explicit fallback used,,,,,,,,,,,,,,,,,,
fbg:NealDe00,Devin Neal,RB,NO,NealDe00,,,,replace-with-immutable-model-id,,,tb26-ppr-6pt-pass-td-minus2-int-2pt-sack-50fg-v1,candidate_only,10.5,37.4,19.2,22.3,,,,,,,,,,,,,,,,,,,,,,,,,,,
fbg:AlleCy00,Cyrus Allen,WR,KC,AlleCy00,,,,replace-with-immutable-model-id,,,tb26-ppr-6pt-pass-td-minus2-int-2pt-sack-50fg-v1,candidate_only,19.4,31.4,43.9,31.5,,,,,,,,,,,,,,,,,,,,,,,,,,,
cbs:26718347,Gage Larvadain,WR,CLE,,26718347,,,replace-with-immutable-model-id,,,tb26-ppr-6pt-pass-td-minus2-int-2pt-sack-50fg-v1,candidate_only,,19.1,0,9.5,,,,,,,,,,,,,,,,,,,,,,,,,,,
fbg:McGoSe00,Seth McGowan,RB,IND,McGoSe00,,,,replace-with-immutable-model-id,,,tb26-ppr-6pt-pass-td-minus2-int-2pt-sack-50fg-v1,candidate_only,10.1,30,23.4,21.1,,,,,,,,,,,,,,,,,,,,,,,,,,,
fbg:AustCa00,Calvin Austin III,WR,NYG,AustCa00,,,,replace-with-immutable-model-id,,,tb26-ppr-6pt-pass-td-minus2-int-2pt-sack-50fg-v1,candidate_only,18.8,101.2,60,59.7,,,,,,,,,,,,,,,,,,,,,,,,,,,
fbg:FeltTa00,Tai Felton,WR,MIN,FeltTa00,,,,replace-with-immutable-model-id,,,tb26-ppr-6pt-pass-td-minus2-int-2pt-sack-50fg-v1,candidate_only,18.5,52.2,8.6,26.3,,,,,,,,,,,,,,,,,,,,,,,,,,,
fbg:RicaPa00,Patrick Ricard,RB,NYG,RicaPa00,,,,replace-with-immutable-model-id,,,tb26-ppr-6pt-pass-td-minus2-int-2pt-sack-50fg-v1,candidate_only,9.6,7.6,7.3,8.2,,,,,,,,,,,,,,,,,,,,,,,,,,,
fbg:GuerIs00,Isaac Guerendo,RB,SF,GuerIs00,,,,replace-with-immutable-model-id,,,tb26-ppr-6pt-pass-td-minus2-int-2pt-sack-50fg-v1,candidate_only,9.4,29.2,14.8,17.7,,,,,,,,,,,,,,,,,,,,,,,,,,,
fbg:AlleKe00,Keenan Allen,WR,FA,AlleKe00,,,,replace-with-immutable-model-id,,,tb26-ppr-6pt-pass-td-minus2-int-2pt-sack-50fg-v1,candidate_only,17.8,21.2,,19.5,,,,,,,,,,,,,,,,,,,,,,,,,,,
fbg:DillA.00,AJ Dillon,RB,CAR,DillA.00,,,,replace-with-immutable-model-id,,,tb26-ppr-6pt-pass-td-minus2-int-2pt-sack-50fg-v1,candidate_only,8.8,92.9,94.5,65.1,,,,,,,,,,,,,,,,,,,,,,,,,,,
fbg:BrazCh01,Chris Brazzell II,WR,CAR,BrazCh01,,,,replace-with-immutable-model-id,,,tb26-ppr-6pt-pass-td-minus2-int-2pt-sack-50fg-v1,candidate_only,16.9,0,,8.5,,,,,,,,,,,,,,,,,,,,,,,,,,,
cbs:2186388,Alex Bachman,WR,LV,,2186388,,,replace-with-immutable-model-id,,,tb26-ppr-6pt-pass-td-minus2-int-2pt-sack-50fg-v1,candidate_only,,16.9,,16.9,,,,,,,,,Document the explicit fallback used,,,,,,,,,,,,,,,,,,
fbg:SkowBe00,Ben Skowronek,WR,PIT,SkowBe00,,,,replace-with-immutable-model-id,,,tb26-ppr-6pt-pass-td-minus2-int-2pt-sack-50fg-v1,candidate_only,16.9,76.7,11.7,34.9,,,,,,,,,,,,,,,,,,,,,,,,,,,
fbg:StroPi00,Pierre Strong Jr,RB,GB,StroPi00,,,,replace-with-immutable-model-id,,,tb26-ppr-6pt-pass-td-minus2-int-2pt-sack-50fg-v1,candidate_only,7.8,,,7.8,,,,,,,,,Document the explicit fallback used,,,,,,,,,,,,,,,,,,
cbs:3161112,Reggie Gilliam,RB,NE,,3161112,,,replace-with-immutable-model-id,,,tb26-ppr-6pt-pass-td-minus2-int-2pt-sack-50fg-v1,candidate_only,,7.6,8.3,8,,,,,,,,,,,,,,,,,,,,,,,,,,,
cbs:2804813,Gabe Davis,WR,BUF,,2804813,,,replace-with-immutable-model-id,,,tb26-ppr-6pt-pass-td-minus2-int-2pt-sack-50fg-v1,candidate_only,,16.5,,16.5,,,,,,,,,Document the explicit fallback used,,,,,,,,,,,,,,,,,,
fbg:JohnRo07,Roschon Johnson,RB,CHI,JohnRo07,,,,replace-with-immutable-model-id,,,tb26-ppr-6pt-pass-td-minus2-int-2pt-sack-50fg-v1,candidate_only,7.2,33.1,34.2,24.7,,,,,,,,,,,,,,,,,,,,,,,,,,,
fbg:DortGr00,Greg Dortch,WR,DET,DortGr00,,,,replace-with-immutable-model-id,,,tb26-ppr-6pt-pass-td-minus2-int-2pt-sack-50fg-v1,candidate_only,15.8,42.7,14.5,24.2,,,,,,,,,,,,,,,,,,,,,,,,,,,
fbg:MillJa01,Jam Miller,RB,NE,MillJa01,,,,replace-with-immutable-model-id,,,tb26-ppr-6pt-pass-td-minus2-int-2pt-sack-50fg-v1,candidate_only,6.8,25.6,26.1,19.4,,,,,,,,,,,,,,,,,,,,,,,,,,,
fbg:WillSa00,Savion Williams,WR,GB,WillSa00,,,,replace-with-immutable-model-id,,,tb26-ppr-6pt-pass-td-minus2-int-2pt-sack-50fg-v1,candidate_only,15.4,27.3,69,37.2,,,,,,,,,,,,,,,,,,,,,,,,,,,
cbs:2967664,Julius Chestnut,RB,TEN,,2967664,,,replace-with-immutable-model-id,,,tb26-ppr-6pt-pass-td-minus2-int-2pt-sack-50fg-v1,candidate_only,,6.2,,6.2,,,,,,,,,Document the explicit fallback used,,,,,,,,,,,,,,,,,,
cbs:2968491,Ben VanSumeren,RB,BUF,,2968491,,,replace-with-immutable-model-id,,,tb26-ppr-6pt-pass-td-minus2-int-2pt-sack-50fg-v1,candidate_only,,6,,6,,,,,,,,,Document the explicit fallback used,,,,,,,,,,,,,,,,,,
fbg:MullKa00,Kalel Mullings,RB,TEN,MullKa00,,,,replace-with-immutable-model-id,,,tb26-ppr-6pt-pass-td-minus2-int-2pt-sack-50fg-v1,candidate_only,5.6,19.1,,12.3,,,,,,,,,,,,,,,,,,,,,,,,,,,
cbs:3127427,Xavier Gipson,WR,NYG,,3127427,,,replace-with-immutable-model-id,,,tb26-ppr-6pt-pass-td-minus2-int-2pt-sack-50fg-v1,candidate_only,,13.9,,13.9,,,,,,,,,Document the explicit fallback used,,,,,,,,,,,,,,,,,,
fbg:WeavXa00,Xavier Weaver,WR,ARI,WeavXa00,,,,replace-with-immutable-model-id,,,tb26-ppr-6pt-pass-td-minus2-int-2pt-sack-50fg-v1,candidate_only,13.9,62.6,,38,,,,,,,,,,,,,,,,,,,,,,,,,,,
fbg:GoodTy00,Tyler Goodson,RB,ATL,GoodTy00,,,,replace-with-immutable-model-id,,,tb26-ppr-6pt-pass-td-minus2-int-2pt-sack-50fg-v1,candidate_only,3.1,11.5,,7.3,,,,,,,,,,,,,,,,,,,,,,,,,,,
fbg:SamuCu00,Curtis Samuel,WR,FA,SamuCu00,,,,replace-with-immutable-model-id,,,tb26-ppr-6pt-pass-td-minus2-int-2pt-sack-50fg-v1,candidate_only,10.8,0,,5.5,,,,,,,,,,,,,,,,,,,,,,,,,,,
fbg:TiptMa00,Mason Tipton,WR,NO,TiptMa00,,,,replace-with-immutable-model-id,,,tb26-ppr-6pt-pass-td-minus2-int-2pt-sack-50fg-v1,candidate_only,10.9,56.3,0,22.2,,,,,,,,,,,,,,,,,,,,,,,,,,,
fbg:HuntKa00,Kareem Hunt,RB,FA,HuntKa00,,,,replace-with-immutable-model-id,,,tb26-ppr-6pt-pass-td-minus2-int-2pt-sack-50fg-v1,candidate_only,1.8,19.1,,10.4,,,,,,,,,,,,,,,,,,,,,,,,,,,
fbg:MixoJo00,Joe Mixon,RB,FA,MixoJo00,,,,replace-with-immutable-model-id,,,tb26-ppr-6pt-pass-td-minus2-int-2pt-sack-50fg-v1,candidate_only,1.8,0,,0.9,,,,,,,,,,,,,,,,,,,,,,,,,,,
fbg:DallDe00,DeeJay Dallas,RB,JAX,DallDe00,,,,replace-with-immutable-model-id,,,tb26-ppr-6pt-pass-td-minus2-int-2pt-sack-50fg-v1,candidate_only,1.7,14.2,0,5.3,,,,,,,,,,,,,,,,,,,,,,,,,,,
fbg:McNiJe00,Jeremy McNichols,RB,WAS,McNiJe00,,,,replace-with-immutable-model-id,,,tb26-ppr-6pt-pass-td-minus2-int-2pt-sack-50fg-v1,candidate_only,1.8,27.3,27.2,18.7,,,,,,,,,,,,,,,,,,,,,,,,,,,
fbg:RobiDe01,Demarcus Robinson,WR,SF,RobiDe01,,,,replace-with-immutable-model-id,,,tb26-ppr-6pt-pass-td-minus2-int-2pt-sack-50fg-v1,candidate_only,10.7,96.6,52.7,53,,,,,,,,,,,,,,,,,,,,,,,,,,,
fbg:PattJa00,Jaret Patterson,RB,LAC,PattJa00,,,,replace-with-immutable-model-id,,,tb26-ppr-6pt-pass-td-minus2-int-2pt-sack-50fg-v1,candidate_only,1.4,20.7,,10.9,,,,,,,,,,,,,,,,,,,,,,,,,,,
fbg:BensTr01,Trey Benson,RB,ARI,BensTr01,,,,replace-with-immutable-model-id,,,tb26-ppr-6pt-pass-td-minus2-int-2pt-sack-50fg-v1,candidate_only,1.4,19.3,0,6.8,,,,,,,,,,,,,,,,,,,,,,,,,,,
fbg:MetcJo00,John Metchie III,WR,CAR,MetcJo00,,,,replace-with-immutable-model-id,,,tb26-ppr-6pt-pass-td-minus2-int-2pt-sack-50fg-v1,candidate_only,10.2,162.2,162.3,111,,,,,,,,,,,,,,,,,,,,,,,,,,,
fbg:MafaPh00,Phil Mafah,RB,DAL,MafaPh00,,,,replace-with-immutable-model-id,,,tb26-ppr-6pt-pass-td-minus2-int-2pt-sack-50fg-v1,candidate_only,1.1,27.1,27.6,18.5,,,,,,,,,,,,,,,,,,,,,,,,,,,
fbg:SmitXa00,Xavier Smith,WR,LAR,SmitXa00,,,,replace-with-immutable-model-id,,,tb26-ppr-6pt-pass-td-minus2-int-2pt-sack-50fg-v1,candidate_only,10,32.7,9.8,17.4,,,,,,,,,,,,,,,,,,,,,,,,,,,
fbg:BadiTy00,Tyler Badie,RB,DEN,BadiTy00,,,,replace-with-immutable-model-id,,,tb26-ppr-6pt-pass-td-minus2-int-2pt-sack-50fg-v1,candidate_only,0.9,18.4,19.1,12.7,,,,,,,,,,,,,,,,,,,,,,,,,,,
fbg:DaniCJ00,CJ Daniels,WR,LAR,DaniCJ00,,,,replace-with-immutable-model-id,,,tb26-ppr-6pt-pass-td-minus2-int-2pt-sack-50fg-v1,candidate_only,9.7,33,9.5,17.3,,,,,,,,,,,,,,,,,,,,,,,,,,,
fbg:EstiAu00,Audric Estimé,RB,NO,EstiAu00,,,,replace-with-immutable-model-id,,,tb26-ppr-6pt-pass-td-minus2-int-2pt-sack-50fg-v1,candidate_only,0.7,23.3,,11.9,,,,,,,,,,,,,,,,,,,,,,,,,,,
fbg:KnigZo00,Bam Knight,RB,ARI,KnigZo00,,,,replace-with-immutable-model-id,,,tb26-ppr-6pt-pass-td-minus2-int-2pt-sack-50fg-v1,candidate_only,0.5,,0,0.3,,,,,,,,,,,,,,,,,,,,,,,,,,,
fbg:WatkJo00,Jordan Watkins,WR,SF,WatkJo00,,,,replace-with-immutable-model-id,,,tb26-ppr-6pt-pass-td-minus2-int-2pt-sack-50fg-v1,candidate_only,8.7,34,,21.2,,,,,,,,,,,,,,,,,,,,,,,,,,,
fbg:VirgRe00,Reggie Virgil,WR,ARI,VirgRe00,,,,replace-with-immutable-model-id,,,tb26-ppr-6pt-pass-td-minus2-int-2pt-sack-50fg-v1,candidate_only,8.7,32.4,7.9,16.2,,,,,,,,,,,,,,,,,,,,,,,,,,,
fbg:MingJo00,Jonathan Mingo,WR,DAL,MingJo00,,,,replace-with-immutable-model-id,,,tb26-ppr-6pt-pass-td-minus2-int-2pt-sack-50fg-v1,candidate_only,8.5,30.4,8.8,15.8,,,,,,,,,,,,,,,,,,,,,,,,,,,
fbg:BrowBa01,Barion Brown,WR,NO,BrowBa01,,,,replace-with-immutable-model-id,,,tb26-ppr-6pt-pass-td-minus2-int-2pt-sack-50fg-v1,candidate_only,8.1,31.4,8.5,15.9,,,,,,,,,,,,,,,,,,,,,,,,,,,
fbg:PricMy00,Myles Price,WR,MIN,PricMy00,,,,replace-with-immutable-model-id,,,tb26-ppr-6pt-pass-td-minus2-int-2pt-sack-50fg-v1,candidate_only,8,0,0,2.7,,,,,,,,,,,,,,,,,,,,,,,,,,,
fbg:SmitAr01,Arian Smith,WR,NYJ,SmitAr01,,,,replace-with-immutable-model-id,,,tb26-ppr-6pt-pass-td-minus2-int-2pt-sack-50fg-v1,candidate_only,7.9,37.3,3.6,16.2,,,,,,,,,,,,,,,,,,,,,,,,,,,
fbg:WiliIs00,Isaiah Williams,WR,NYJ,WiliIs00,,,,replace-with-immutable-model-id,,,tb26-ppr-6pt-pass-td-minus2-int-2pt-sack-50fg-v1,candidate_only,7.3,80.5,9.7,32.2,,,,,,,,,,,,,,,,,,,,,,,,,,,
fbg:LancBr00,Bryce Lance,WR,NO,LancBr00,,,,replace-with-immutable-model-id,,,tb26-ppr-6pt-pass-td-minus2-int-2pt-sack-50fg-v1,candidate_only,6.9,31.4,41.8,26.6,,,,,,,,,,,,,,,,,,,,,,,,,,,
cbs:27017067,Dareke Young,WR,LV,,27017067,,,replace-with-immutable-model-id,,,tb26-ppr-6pt-pass-td-minus2-int-2pt-sack-50fg-v1,candidate_only,,6.9,0,3.4,,,,,,,,,,,,,,,,,,,,,,,,,,,
fbg:HumpLi00,Lil'Jordan Humphrey,WR,DEN,HumpLi00,,,,replace-with-immutable-model-id,,,tb26-ppr-6pt-pass-td-minus2-int-2pt-sack-50fg-v1,candidate_only,6.5,30,,18.1,,,,,,,,,,,,,,,,,,,,,,,,,,,
fbg:WetjKa00,Kaden Wetjen,WR,PIT,WetjKa00,,,,replace-with-immutable-model-id,,,tb26-ppr-6pt-pass-td-minus2-int-2pt-sack-50fg-v1,candidate_only,6.4,28.7,5.9,13.6,,,,,,,,,,,,,,,,,,,,,,,,,,,
fbg:MarsTe00,Terrace Marshall Jr,WR,MIA,MarsTe00,,,,replace-with-immutable-model-id,,,tb26-ppr-6pt-pass-td-minus2-int-2pt-sack-50fg-v1,candidate_only,6.3,0,,3.2,,,,,,,,,,,,,,,,,,,,,,,,,,,
fbg:TreaLa00,Laquon Treadwell,WR,IND,TreaLa00,,,,replace-with-immutable-model-id,,,tb26-ppr-6pt-pass-td-minus2-int-2pt-sack-50fg-v1,candidate_only,5.8,0,8.4,4.8,,,,,,,,,,,,,,,,,,,,,,,,,,,
fbg:HendEm00,Emmanuel Henderson Jr.,WR,SEA,HendEm00,,,,replace-with-immutable-model-id,,,tb26-ppr-6pt-pass-td-minus2-int-2pt-sack-50fg-v1,candidate_only,5.7,32,,18.7,,,,,,,,,,,,,,,,,,,,,,,,,,,
fbg:PolkJa00,Ja'Lynn Polk,WR,FA,PolkJa00,,,,replace-with-immutable-model-id,,,tb26-ppr-6pt-pass-td-minus2-int-2pt-sack-50fg-v1,candidate_only,5.4,19.5,,12.4,,,,,,,,,,,,,,,,,,,,,,,,,,,
fbg:CoveBr00,Britain Covey,WR,PHI,CoveBr00,,,,replace-with-immutable-model-id,,,tb26-ppr-6pt-pass-td-minus2-int-2pt-sack-50fg-v1,candidate_only,4.7,24.5,0,9.7,,,,,,,,,,,,,,,,,,,,,,,,,,,
fbg:PatrTi00,Tim Patrick,WR,NYJ,PatrTi00,,,,replace-with-immutable-model-id,,,tb26-ppr-6pt-pass-td-minus2-int-2pt-sack-50fg-v1,candidate_only,4.8,20.2,,12.4,,,,,,,,,,,,,,,,,,,,,,,,,,,
fbg:WatsJu01,Justin Watson,WR,HOU,WatsJu01,,,,replace-with-immutable-model-id,,,tb26-ppr-6pt-pass-td-minus2-int-2pt-sack-50fg-v1,candidate_only,4.5,30.7,8.5,14.5,,,,,,,,,,,,,,,,,,,,,,,,,,,
fbg:WilsJo02,Johnny Wilson,WR,PHI,WilsJo02,,,,replace-with-immutable-model-id,,,tb26-ppr-6pt-pass-td-minus2-int-2pt-sack-50fg-v1,candidate_only,4.5,58.5,,31.2,,,,,,,,,,,,,,,,,,,,,,,,,,,
fbg:DaviDe01,Derius Davis,WR,LAC,DaviDe01,,,,replace-with-immutable-model-id,,,tb26-ppr-6pt-pass-td-minus2-int-2pt-sack-50fg-v1,candidate_only,4.1,24.1,10.6,12.9,,,,,,,,,,,,,,,,,,,,,,,,,,,
fbg:MoorSk00,Skyy Moore,WR,GB,MoorSk00,,,,replace-with-immutable-model-id,,,tb26-ppr-6pt-pass-td-minus2-int-2pt-sack-50fg-v1,candidate_only,4,18.7,0,7.5,,,,,,,,,,,,,,,,,,,,,,,,,,,
fbg:BensMa00,Malik Benson,WR,LV,BensMa00,,,,replace-with-immutable-model-id,,,tb26-ppr-6pt-pass-td-minus2-int-2pt-sack-50fg-v1,candidate_only,3.5,28.6,15.9,15.9,,,,,,,,,,,,,,,,,,,,,,,,,,,
fbg:CampPa00,Parris Campbell,WR,FA,CampPa00,,,,replace-with-immutable-model-id,,,tb26-ppr-6pt-pass-td-minus2-int-2pt-sack-50fg-v1,candidate_only,3.5,0,,1.8,,,,,,,,,,,,,,,,,,,,,,,,,,,
fbg:LawxKe00,Kendrick Law,WR,DET,LawxKe00,,,,replace-with-immutable-model-id,,,tb26-ppr-6pt-pass-td-minus2-int-2pt-sack-50fg-v1,candidate_only,3,0,,1.5,,,,,,,,,,,,,,,,,,,,,,,,,,,
fbg:BoboJa00,Jake Bobo,WR,SEA,BoboJa00,,,,replace-with-immutable-model-id,,,tb26-ppr-6pt-pass-td-minus2-int-2pt-sack-50fg-v1,candidate_only,2.8,56.4,,29.3,,,,,,,,,,,,,,,,,,,,,,,,,,,
fbg:HodgIs00,Isaiah Hodgins,WR,NYG,HodgIs00,,,,replace-with-immutable-model-id,,,tb26-ppr-6pt-pass-td-minus2-int-2pt-sack-50fg-v1,candidate_only,2.6,27.1,,14.7,,,,,,,,,,,,,,,,,,,,,,,,,,,
fbg:HyatJa00,Jalin Hyatt,WR,NYG,HyatJa00,,,,replace-with-immutable-model-id,,,tb26-ppr-6pt-pass-td-minus2-int-2pt-sack-50fg-v1,candidate_only,1.5,23.2,,12.2,,,,,,,,,,,,,,,,,,,,,,,,,,,
fbg:CowiJa00,Jacob Cowing,WR,SF,CowiJa00,,,,replace-with-immutable-model-id,,,tb26-ppr-6pt-pass-td-minus2-int-2pt-sack-50fg-v1,candidate_only,1.3,32,0,11,,,,,,,,,,,,,,,,,,,,,,,,,,,
fbg:SmitJu00,JuJu Smith-Schuster,WR,NYG,SmitJu00,,,,replace-with-immutable-model-id,,,tb26-ppr-6pt-pass-td-minus2-int-2pt-sack-50fg-v1,candidate_only,0.4,26.4,1.3,9.3,,,,,,,,,,,,,,,,,,,,,,,,,,,
fbg:BeckOd01,Odell Beckham Jr,WR,NYG,BeckOd01,,,,replace-with-immutable-model-id,,,tb26-ppr-6pt-pass-td-minus2-int-2pt-sack-50fg-v1,candidate_only,0.3,55.2,35.1,30,,,,,,,,,,,,,,,,,,,,,,,,,,,
fbg:BerrBr00,Braxton Berrios,WR,NYG,BerrBr00,,,,replace-with-immutable-model-id,,,tb26-ppr-6pt-pass-td-minus2-int-2pt-sack-50fg-v1,candidate_only,0.3,0,0,0.1,,,,,,,,,,,,,,,,,,,,,,,,,,,
fbg:MendFe00,Fernando Mendoza,QB,LV,MendFe00,,,,replace-with-immutable-model-id,,,tb26-ppr-6pt-pass-td-minus2-int-2pt-sack-50fg-v1,candidate_only,116.4,212.5,212.8,180.2,,,,,,,,,,,,,,,,,,,,,,,,,,,
fbg:SandSh00,Shedeur Sanders,QB,CLE,SandSh00,,,,replace-with-immutable-model-id,,,tb26-ppr-6pt-pass-td-minus2-int-2pt-sack-50fg-v1,candidate_only,112.3,201.7,149.9,154.3,,,,,,,,,,,,,,,,,,,,,,,,,,,
fbg:PeniMi00,Michael Penix Jr.,QB,ATL,PeniMi00,,,,replace-with-immutable-model-id,,,tb26-ppr-6pt-pass-td-minus2-int-2pt-sack-50fg-v1,candidate_only,80.9,46.1,94.3,73.9,,,,,,,,,,,,,,,,,,,,,,,,,,,
fbg:BeckCa00,Carson Beck,QB,ARI,BeckCa00,,,,replace-with-immutable-model-id,,,tb26-ppr-6pt-pass-td-minus2-int-2pt-sack-50fg-v1,candidate_only,40.1,10.9,26.5,25.9,,,,,,,,,,,,,,,,,,,,,,,,,,,
fbg:FlacJo00,Joe Flacco,QB,CIN,FlacJo00,,,,replace-with-immutable-model-id,,,tb26-ppr-6pt-pass-td-minus2-int-2pt-sack-50fg-v1,candidate_only,25.7,9.6,12,15.8,,,,,,,,,,,,,,,,,,,,,,,,,,,
fbg:FielJu00,Justin Fields,QB,KC,FielJu00,,,,replace-with-immutable-model-id,,,tb26-ppr-6pt-pass-td-minus2-int-2pt-sack-50fg-v1,candidate_only,25.5,11.9,13.6,17.1,,,,,,,,,,,,,,,,,,,,,,,,,,,
fbg:HowaWi01,Will Howard,QB,PIT,HowaWi01,,,,replace-with-immutable-model-id,,,tb26-ppr-6pt-pass-td-minus2-int-2pt-sack-50fg-v1,candidate_only,24.5,10.3,7.9,14.3,,,,,,,,,,,,,,,,,,,,,,,,,,,
fbg:LeoaRi00,Riley Leonard,QB,IND,LeoaRi00,,,,replace-with-immutable-model-id,,,tb26-ppr-6pt-pass-td-minus2-int-2pt-sack-50fg-v1,candidate_only,24.2,0,15.5,13.3,,,,,,,,,,,,,,,,,,,,,,,,,,,
fbg:JoneMa04,Mac Jones,QB,SF,JoneMa04,,,,replace-with-immutable-model-id,,,tb26-ppr-6pt-pass-td-minus2-int-2pt-sack-50fg-v1,candidate_only,22.3,12.5,12,15.6,,,,,,,,,,,,,,,,,,,,,,,,,,,
fbg:TaylTy00,Tyrod Taylor,QB,GB,TaylTy00,,,,replace-with-immutable-model-id,,,tb26-ppr-6pt-pass-td-minus2-int-2pt-sack-50fg-v1,candidate_only,19.7,0,11.4,10.4,,,,,,,,,,,,,,,,,,,,,,,,,,,
fbg:McCaJJ00,J.J. McCarthy,QB,MIN,McCaJJ00,,,,replace-with-immutable-model-id,,,tb26-ppr-6pt-pass-td-minus2-int-2pt-sack-50fg-v1,candidate_only,19.7,11.7,24.7,18.7,,,,,,,,,,,,,,,,,,,,,,,,,,,
fbg:AlleKy00,Kyle Allen,QB,BUF,AlleKy00,,,,replace-with-immutable-model-id,,,tb26-ppr-6pt-pass-td-minus2-int-2pt-sack-50fg-v1,candidate_only,19.5,10.3,10.5,13.5,,,,,,,,,,,,,,,,,,,,,,,,,,,
fbg:MillDa00,Davis Mills,QB,HOU,MillDa00,,,,replace-with-immutable-model-id,,,tb26-ppr-6pt-pass-td-minus2-int-2pt-sack-50fg-v1,candidate_only,19.3,14.5,14.8,16.2,,,,,,,,,,,,,,,,,,,,,,,,,,,
fbg:BridTe00,Teddy Bridgewater,QB,DET,BridTe00,,,,replace-with-immutable-model-id,,,tb26-ppr-6pt-pass-td-minus2-int-2pt-sack-50fg-v1,candidate_only,19.1,12.9,12.4,14.8,,,,,,,,,,,,,,,,,,,,,,,,,,,
fbg:MullNi00,Nick Mullens,QB,JAX,MullNi00,,,,replace-with-immutable-model-id,,,tb26-ppr-6pt-pass-td-minus2-int-2pt-sack-50fg-v1,candidate_only,18.8,10.3,11.6,13.6,,,,,,,,,,,,,,,,,,,,,,,,,,,
fbg:EwerQu00,Quinn Ewers,QB,MIA,EwerQu00,,,,replace-with-immutable-model-id,,,tb26-ppr-6pt-pass-td-minus2-int-2pt-sack-50fg-v1,candidate_only,18.8,16.2,13.1,16,,,,,,,,,,,,,,,,,,,,,,,,,,,
fbg:BageTy00,Tyson Bagent,QB,CHI,BageTy00,,,,replace-with-immutable-model-id,,,tb26-ppr-6pt-pass-td-minus2-int-2pt-sack-50fg-v1,candidate_only,18.7,12.8,13,14.9,,,,,,,,,,,,,,,,,,,,,,,,,,,
fbg:SimpTy00,Ty Simpson,QB,LAR,SimpTy00,,,,replace-with-immutable-model-id,,,tb26-ppr-6pt-pass-td-minus2-int-2pt-sack-50fg-v1,candidate_only,18.5,42,27.6,29.3,,,,,,,,,,,,,,,,,,,,,,,,,,,
fbg:LancTr00,Trey Lance,QB,LAC,LancTr00,,,,replace-with-immutable-model-id,,,tb26-ppr-6pt-pass-td-minus2-int-2pt-sack-50fg-v1,candidate_only,18.3,11.9,11.5,13.9,,,,,,,,,,,,,,,,,,,,,,,,,,,
fbg:DeviTo00,Tommy DeVito,QB,NE,DeviTo00,,,,replace-with-immutable-model-id,,,tb26-ppr-6pt-pass-td-minus2-int-2pt-sack-50fg-v1,candidate_only,17.8,0,12.5,10.2,,,,,,,,,,,,,,,,,,,,,,,,,,,
fbg:StidJa00,Jarrett Stidham,QB,DEN,StidJa00,,,,replace-with-immutable-model-id,,,tb26-ppr-6pt-pass-td-minus2-int-2pt-sack-50fg-v1,candidate_only,17.8,13.9,13.2,15,,,,,,,,,,,,,,,,,,,,,,,,,,,
fbg:RattSp00,Spencer Rattler,QB,NO,RattSp00,,,,replace-with-immutable-model-id,,,tb26-ppr-6pt-pass-td-minus2-int-2pt-sack-50fg-v1,candidate_only,17.5,11.9,11.1,13.5,,,,,,,,,,,,,,,,,,,,,,,,,,,
fbg:WinsJa00,Jameis Winston,QB,NYG,WinsJa00,,,,replace-with-immutable-model-id,,,tb26-ppr-6pt-pass-td-minus2-int-2pt-sack-50fg-v1,candidate_only,17.4,9.9,12.9,13.4,,,,,,,,,,,,,,,,,,,,,,,,,,,
fbg:HuntTy00,Tyler Huntley,QB,BAL,HuntTy00,,,,replace-with-immutable-model-id,,,tb26-ppr-6pt-pass-td-minus2-int-2pt-sack-50fg-v1,candidate_only,17.1,13.2,11.7,14,,,,,,,,,,,,,,,,,,,,,,,,,,,
fbg:BrowJa01,Jake Browning,QB,TB,BrowJa01,,,,replace-with-immutable-model-id,,,tb26-ppr-6pt-pass-td-minus2-int-2pt-sack-50fg-v1,candidate_only,16.4,11.9,11.9,13.4,,,,,,,,,,,,,,,,,,,,,,,,,,,
fbg:DaltAn00,Andy Dalton,QB,PHI,DaltAn00,,,,replace-with-immutable-model-id,,,tb26-ppr-6pt-pass-td-minus2-int-2pt-sack-50fg-v1,candidate_only,16,11.9,11.9,13.3,,,,,,,,,,,,,,,,,,,,,,,,,,,
fbg:PickKe00,Kenny Pickett,QB,CAR,PickKe00,,,,replace-with-immutable-model-id,,,tb26-ppr-6pt-pass-td-minus2-int-2pt-sack-50fg-v1,candidate_only,15.5,11.2,11.5,12.7,,,,,,,,,,,,,,,,,,,,,,,,,,,
fbg:LockDr00,Drew Lock,QB,SEA,LockDr00,,,,replace-with-immutable-model-id,,,tb26-ppr-6pt-pass-td-minus2-int-2pt-sack-50fg-v1,candidate_only,14.8,12.5,10.8,12.7,,,,,,,,,,,,,,,,,,,,,,,,,,,
fbg:TrubMi00,Mitchell Trubisky,QB,TEN,TrubMi00,,,,replace-with-immutable-model-id,,,tb26-ppr-6pt-pass-td-minus2-int-2pt-sack-50fg-v1,candidate_only,14,11.6,9.8,11.8,,,,,,,,,,,,,,,,,,,,,,,,,,,
cbs:2864759,Desmond Ridder,QB,GB,,2864759,,,replace-with-immutable-model-id,,,tb26-ppr-6pt-pass-td-minus2-int-2pt-sack-50fg-v1,candidate_only,,13.9,,13.9,,,,,,,,,Document the explicit fallback used,,,,,,,,,,,,,,,,,,
fbg:MiltJo00,Joe Milton III,QB,DAL,MiltJo00,,,,replace-with-immutable-model-id,,,tb26-ppr-6pt-pass-td-minus2-int-2pt-sack-50fg-v1,candidate_only,13.4,15.2,9.8,12.8,,,,,,,,,,,,,,,,,,,,,,,,,,,
fbg:MariMa01,Marcus Mariota,QB,WAS,MariMa01,,,,replace-with-immutable-model-id,,,tb26-ppr-6pt-pass-td-minus2-int-2pt-sack-50fg-v1,candidate_only,13.4,30.3,21.3,21.6,,,,,,,,,,,,,,,,,,,,,,,,,,,
cbs:2261701,Chris Oladokun,QB,KC,,2261701,,,replace-with-immutable-model-id,,,tb26-ppr-6pt-pass-td-minus2-int-2pt-sack-50fg-v1,candidate_only,,11.9,11.7,11.8,,,,,,,,,,,,,,,,,,,,,,,,,,,
cbs:26696177,Behren Morton,QB,NE,,26696177,,,replace-with-immutable-model-id,,,tb26-ppr-6pt-pass-td-minus2-int-2pt-sack-50fg-v1,candidate_only,,11.6,11.8,11.7,,,,,,,,,,,,,,,,,,,,,,,,,,,
cbs:26701706,Garrett Nussmeier,QB,KC,,26701706,,,replace-with-immutable-model-id,,,tb26-ppr-6pt-pass-td-minus2-int-2pt-sack-50fg-v1,candidate_only,,10.9,11.2,11.1,,,,,,,,,,,,,,,,,,,,,,,,,,,
cbs:26725861,Cole Payton,QB,PHI,,26725861,,,replace-with-immutable-model-id,,,tb26-ppr-6pt-pass-td-minus2-int-2pt-sack-50fg-v1,candidate_only,,10.9,11.2,11.1,,,,,,,,,,,,,,,,,,,,,,,,,,,
cbs:28876938,Drew Allar,QB,PIT,,28876938,,,replace-with-immutable-model-id,,,tb26-ppr-6pt-pass-td-minus2-int-2pt-sack-50fg-v1,candidate_only,,10.3,10.5,10.4,,,,,,,,,,,,,,,,,,,,,,,,,,,
fbg:CookBr00,Brady Cook,QB,NYJ,CookBr00,,,,replace-with-immutable-model-id,,,tb26-ppr-6pt-pass-td-minus2-int-2pt-sack-50fg-v1,candidate_only,9.9,11.2,5.5,8.9,,,,,,,,,,,,,,,,,,,,,,,,,,,
fbg:KlubCa00,Cade Klubnik,QB,NYJ,KlubCa00,,,,replace-with-immutable-model-id,,,tb26-ppr-6pt-pass-td-minus2-int-2pt-sack-50fg-v1,candidate_only,8.9,10.3,10.3,9.8,,,,,,,,,,,,,,,,,,,,,,,,,,,
fbg:HoweSa00,Sam Howell,QB,DAL,HoweSa00,,,,replace-with-immutable-model-id,,,tb26-ppr-6pt-pass-td-minus2-int-2pt-sack-50fg-v1,candidate_only,8.8,0,12.1,7,,,,,,,,,,,,,,,,,,,,,,,,,,,
fbg:RudoMa00,Mason Rudolph,QB,PIT,RudoMa00,,,,replace-with-immutable-model-id,,,tb26-ppr-6pt-pass-td-minus2-int-2pt-sack-50fg-v1,candidate_only,8.7,12.6,6.5,9.3,,,,,,,,,,,,,,,,,,,,,,,,,,,
fbg:MinsGa00,Gardner Minshew II,QB,ARI,MinsGa00,,,,replace-with-immutable-model-id,,,tb26-ppr-6pt-pass-td-minus2-int-2pt-sack-50fg-v1,candidate_only,7.6,12.9,10.8,10.4,,,,,,,,,,,,,,,,,,,,,,,,,,,
fbg:RichAn00,Anthony Richardson Sr.,QB,IND,RichAn00,,,,replace-with-immutable-model-id,,,tb26-ppr-6pt-pass-td-minus2-int-2pt-sack-50fg-v1,candidate_only,5.3,31.8,24,20.3,,,,,,,,,,,,,,,,,,,,,,,,,,,
fbg:McKeTa00,Tanner McKee,QB,PHI,McKeTa00,,,,replace-with-immutable-model-id,,,tb26-ppr-6pt-pass-td-minus2-int-2pt-sack-50fg-v1,candidate_only,5.2,11.6,12.2,9.6,,,,,,,,,,,,,,,,,,,,,,,,,,,
fbg:BennSt00,Stetson Bennett IV,QB,LAR,BennSt00,,,,replace-with-immutable-model-id,,,tb26-ppr-6pt-pass-td-minus2-int-2pt-sack-50fg-v1,candidate_only,2.2,0,0,0.7,,,,,,,,,,,,,,,,,,,,,,,,,,,
fbg:KaliAt00,Athan Kaliakmanis,QB,WAS,KaliAt00,,,,replace-with-immutable-model-id,,,tb26-ppr-6pt-pass-td-minus2-int-2pt-sack-50fg-v1,candidate_only,2.1,0,,1.1,,,,,,,,,,,,,,,,,,,,,,,,,,,
fbg:LeviWi00,Will Levis,QB,TEN,LeviWi00,,,,replace-with-immutable-model-id,,,tb26-ppr-6pt-pass-td-minus2-int-2pt-sack-50fg-v1,candidate_only,1.8,13.7,13.3,9.6,,,,,,,,,,,,,,,,,,,,,,,,,,,
fbg:MartAd00,Adrian Martinez,QB,SF,MartAd00,,,,replace-with-immutable-model-id,,,tb26-ppr-6pt-pass-td-minus2-int-2pt-sack-50fg-v1,candidate_only,1.8,10.9,11.3,8,,,,,,,,,,,,,,,,,,,,,,,,,,,
fbg:MilrJa00,Jalen Milroe,QB,SEA,MilrJa00,,,,replace-with-immutable-model-id,,,tb26-ppr-6pt-pass-td-minus2-int-2pt-sack-50fg-v1,candidate_only,1.7,10.3,11,7.6,,,,,,,,,,,,,,,,,,,,,,,,,,,
fbg:ZappBa00,Bailey Zappe,QB,NYJ,ZappBa00,,,,replace-with-immutable-model-id,,,tb26-ppr-6pt-pass-td-minus2-int-2pt-sack-50fg-v1,candidate_only,0.8,0,,0.4,,,,,,,,,,,,,,,,,,,,,,,,,,,
