season,team_id,team_name,source_team,player_name,position,nfl_team,salary,source_kind,source_file
2012,angry-face,Angry Face,Angry Face,Brandon Marshall,WR,CHI,25,draftdominator_final_auction_rounds_3_plus,C:\Users\mailp\Dropbox\Personal\FAMILY STUFF\Mike Stuff\Fantasy Football\2012\2012 Final.ddf
2012,angry-face,Angry Face,Angry Face,DeSean Jackson,WR,PHI,6,draftdominator_final_auction_rounds_3_plus,C:\Users\mailp\Dropbox\Personal\FAMILY STUFF\Mike Stuff\Fantasy Football\2012\2012 Final.ddf
2012,angry-face,Angry Face,Angry Face,Jermaine Gresham,TE,CIN,3,draftdominator_final_auction_rounds_3_plus,C:\Users\mailp\Dropbox\Personal\FAMILY STUFF\Mike Stuff\Fantasy Football\2012\2012 Final.ddf
2012,angry-face,Angry Face,Angry Face,Matt Bryant,K,ATL,1,draftdominator_final_auction_rounds_3_plus,C:\Users\mailp\Dropbox\Personal\FAMILY STUFF\Mike Stuff\Fantasy Football\2012\2012 Final.ddf
2012,angry-face,Angry Face,Angry Face,Michael Bush,RB,CHI,3,draftdominator_final_auction_rounds_3_plus,C:\Users\mailp\Dropbox\Personal\FAMILY STUFF\Mike Stuff\Fantasy Football\2012\2012 Final.ddf
2012,angry-face,Angry Face,Angry Face,Owen Daniels,TE,HOU,1,draftdominator_final_auction_rounds_3_plus,C:\Users\mailp\Dropbox\Personal\FAMILY STUFF\Mike Stuff\Fantasy Football\2012\2012 Final.ddf
2012,angry-face,Angry Face,Angry Face,San Francisco,DST,SF,4,draftdominator_final_auction_rounds_3_plus,C:\Users\mailp\Dropbox\Personal\FAMILY STUFF\Mike Stuff\Fantasy Football\2012\2012 Final.ddf
2012,angry-face,Angry Face,Angry Face,Stevan Ridley,RB,NE,13,draftdominator_final_auction_rounds_3_plus,C:\Users\mailp\Dropbox\Personal\FAMILY STUFF\Mike Stuff\Fantasy Football\2012\2012 Final.ddf
2012,angry-face,Angry Face,Angry Face,Steven Jackson,RB,LAR,26,draftdominator_final_auction_rounds_3_plus,C:\Users\mailp\Dropbox\Personal\FAMILY STUFF\Mike Stuff\Fantasy Football\2012\2012 Final.ddf
2012,big-head,Big Head,Big Head,Aaron Rodgers,QB,GB,36,draftdominator_final_auction_rounds_3_plus,C:\Users\mailp\Dropbox\Personal\FAMILY STUFF\Mike Stuff\Fantasy Football\2012\2012 Final.ddf
2012,big-head,Big Head,Big Head,Ahmad Bradshaw,RB,NYG,12,draftdominator_final_auction_rounds_3_plus,C:\Users\mailp\Dropbox\Personal\FAMILY STUFF\Mike Stuff\Fantasy Football\2012\2012 Final.ddf
2012,big-head,Big Head,Big Head,Anquan Boldin,WR,BAL,2,draftdominator_final_auction_rounds_3_plus,C:\Users\mailp\Dropbox\Personal\FAMILY STUFF\Mike Stuff\Fantasy Football\2012\2012 Final.ddf
2012,big-head,Big Head,Big Head,Baltimore,DST,BAL,2,draftdominator_final_auction_rounds_3_plus,C:\Users\mailp\Dropbox\Personal\FAMILY STUFF\Mike Stuff\Fantasy Football\2012\2012 Final.ddf
2012,big-head,Big Head,Big Head,Calvin Johnson,WR,DET,33,draftdominator_final_auction_rounds_3_plus,C:\Users\mailp\Dropbox\Personal\FAMILY STUFF\Mike Stuff\Fantasy Football\2012\2012 Final.ddf
2012,big-head,Big Head,Big Head,DeAngelo Williams,RB,CAR,2,draftdominator_final_auction_rounds_3_plus,C:\Users\mailp\Dropbox\Personal\FAMILY STUFF\Mike Stuff\Fantasy Football\2012\2012 Final.ddf
2012,big-head,Big Head,Big Head,Felix Jones,RB,DAL,1,draftdominator_final_auction_rounds_3_plus,C:\Users\mailp\Dropbox\Personal\FAMILY STUFF\Mike Stuff\Fantasy Football\2012\2012 Final.ddf
2012,big-head,Big Head,Big Head,Jacob Tamme,TE,DEN,1,draftdominator_final_auction_rounds_3_plus,C:\Users\mailp\Dropbox\Personal\FAMILY STUFF\Mike Stuff\Fantasy Football\2012\2012 Final.ddf
2012,big-head,Big Head,Big Head,Robert Meachem,WR,LAC,2,draftdominator_final_auction_rounds_3_plus,C:\Users\mailp\Dropbox\Personal\FAMILY STUFF\Mike Stuff\Fantasy Football\2012\2012 Final.ddf
2012,big-head,Big Head,Big Head,Roy Helu,RB,WAS,1,draftdominator_final_auction_rounds_3_plus,C:\Users\mailp\Dropbox\Personal\FAMILY STUFF\Mike Stuff\Fantasy Football\2012\2012 Final.ddf
2012,big-head,Big Head,Big Head,Stephen Gostkowski,K,NE,3,draftdominator_final_auction_rounds_3_plus,C:\Users\mailp\Dropbox\Personal\FAMILY STUFF\Mike Stuff\Fantasy Football\2012\2012 Final.ddf
2012,crime-and-punishment,Crime and Punishment,Crime and Punishment,Andrew Luck,QB,IND,4,draftdominator_final_auction_rounds_3_plus,C:\Users\mailp\Dropbox\Personal\FAMILY STUFF\Mike Stuff\Fantasy Football\2012\2012 Final.ddf
2012,crime-and-punishment,Crime and Punishment,Crime and Punishment,BenJarvus Green-Ellis,RB,CIN,9,draftdominator_final_auction_rounds_3_plus,C:\Users\mailp\Dropbox\Personal\FAMILY STUFF\Mike Stuff\Fantasy Football\2012\2012 Final.ddf
2012,crime-and-punishment,Crime and Punishment,Crime and Punishment,Garrett Hartley,K,NO,2,draftdominator_final_auction_rounds_3_plus,C:\Users\mailp\Dropbox\Personal\FAMILY STUFF\Mike Stuff\Fantasy Football\2012\2012 Final.ddf
2012,crime-and-punishment,Crime and Punishment,Crime and Punishment,Greg Olsen,TE,CAR,2,draftdominator_final_auction_rounds_3_plus,C:\Users\mailp\Dropbox\Personal\FAMILY STUFF\Mike Stuff\Fantasy Football\2012\2012 Final.ddf
2012,crime-and-punishment,Crime and Punishment,Crime and Punishment,Jamaal Charles,RB,KC,21,draftdominator_final_auction_rounds_3_plus,C:\Users\mailp\Dropbox\Personal\FAMILY STUFF\Mike Stuff\Fantasy Football\2012\2012 Final.ddf
2012,crime-and-punishment,Crime and Punishment,Crime and Punishment,Jermichael Finley,TE,GB,8,draftdominator_final_auction_rounds_3_plus,C:\Users\mailp\Dropbox\Personal\FAMILY STUFF\Mike Stuff\Fantasy Football\2012\2012 Final.ddf
2012,crime-and-punishment,Crime and Punishment,Crime and Punishment,Matt Ryan,QB,ATL,19,draftdominator_final_auction_rounds_3_plus,C:\Users\mailp\Dropbox\Personal\FAMILY STUFF\Mike Stuff\Fantasy Football\2012\2012 Final.ddf
2012,crime-and-punishment,Crime and Punishment,Crime and Punishment,Pierre Garcon,WR,WAS,3,draftdominator_final_auction_rounds_3_plus,C:\Users\mailp\Dropbox\Personal\FAMILY STUFF\Mike Stuff\Fantasy Football\2012\2012 Final.ddf
2012,crime-and-punishment,Crime and Punishment,Crime and Punishment,Seattle,DST,SEA,1,draftdominator_final_auction_rounds_3_plus,C:\Users\mailp\Dropbox\Personal\FAMILY STUFF\Mike Stuff\Fantasy Football\2012\2012 Final.ddf
2012,crime-and-punishment,Crime and Punishment,Crime and Punishment,Trent Richardson,RB,CLE,18,draftdominator_final_auction_rounds_3_plus,C:\Users\mailp\Dropbox\Personal\FAMILY STUFF\Mike Stuff\Fantasy Football\2012\2012 Final.ddf
2012,dogs-of-war,Dogs of War,Dogs of War,Ben Tate,RB,HOU,4,draftdominator_final_auction_rounds_3_plus,C:\Users\mailp\Dropbox\Personal\FAMILY STUFF\Mike Stuff\Fantasy Football\2012\2012 Final.ddf
2012,dogs-of-war,Dogs of War,Dogs of War,Detroit,DST,DET,3,draftdominator_final_auction_rounds_3_plus,C:\Users\mailp\Dropbox\Personal\FAMILY STUFF\Mike Stuff\Fantasy Football\2012\2012 Final.ddf
2012,dogs-of-war,Dogs of War,Dogs of War,Jason Hanson,K,DET,2,draftdominator_final_auction_rounds_3_plus,C:\Users\mailp\Dropbox\Personal\FAMILY STUFF\Mike Stuff\Fantasy Football\2012\2012 Final.ddf
2012,dogs-of-war,Dogs of War,Dogs of War,Jason Witten,TE,DAL,7,draftdominator_final_auction_rounds_3_plus,C:\Users\mailp\Dropbox\Personal\FAMILY STUFF\Mike Stuff\Fantasy Football\2012\2012 Final.ddf
2012,dogs-of-war,Dogs of War,Dogs of War,Jonathan Stewart,RB,CAR,2,draftdominator_final_auction_rounds_3_plus,C:\Users\mailp\Dropbox\Personal\FAMILY STUFF\Mike Stuff\Fantasy Football\2012\2012 Final.ddf
2012,dogs-of-war,Dogs of War,Dogs of War,Maurice Jones-Drew,RB,JAX,20,draftdominator_final_auction_rounds_3_plus,C:\Users\mailp\Dropbox\Personal\FAMILY STUFF\Mike Stuff\Fantasy Football\2012\2012 Final.ddf
2012,dogs-of-war,Dogs of War,Dogs of War,Michael Vick,QB,PHI,11,draftdominator_final_auction_rounds_3_plus,C:\Users\mailp\Dropbox\Personal\FAMILY STUFF\Mike Stuff\Fantasy Football\2012\2012 Final.ddf
2012,dogs-of-war,Dogs of War,Dogs of War,Roddy White,WR,ATL,24,draftdominator_final_auction_rounds_3_plus,C:\Users\mailp\Dropbox\Personal\FAMILY STUFF\Mike Stuff\Fantasy Football\2012\2012 Final.ddf
2012,dogs-of-war,Dogs of War,Dogs of War,Titus Young,WR,DET,2,draftdominator_final_auction_rounds_3_plus,C:\Users\mailp\Dropbox\Personal\FAMILY STUFF\Mike Stuff\Fantasy Football\2012\2012 Final.ddf
2012,dogs-of-war,Dogs of War,Dogs of War,Wes Welker,WR,NE,15,draftdominator_final_auction_rounds_3_plus,C:\Users\mailp\Dropbox\Personal\FAMILY STUFF\Mike Stuff\Fantasy Football\2012\2012 Final.ddf
2012,el-guapo,El Guapo,El Guapo,Andre Johnson,WR,HOU,23,draftdominator_final_auction_rounds_3_plus,C:\Users\mailp\Dropbox\Personal\FAMILY STUFF\Mike Stuff\Fantasy Football\2012\2012 Final.ddf
2012,el-guapo,El Guapo,El Guapo,Jeremy Maclin,WR,PHI,6,draftdominator_final_auction_rounds_3_plus,C:\Users\mailp\Dropbox\Personal\FAMILY STUFF\Mike Stuff\Fantasy Football\2012\2012 Final.ddf
2012,el-guapo,El Guapo,El Guapo,Matt Prater,K,DEN,2,draftdominator_final_auction_rounds_3_plus,C:\Users\mailp\Dropbox\Personal\FAMILY STUFF\Mike Stuff\Fantasy Football\2012\2012 Final.ddf
2012,el-guapo,El Guapo,El Guapo,Michael Crabtree,WR,SF,3,draftdominator_final_auction_rounds_3_plus,C:\Users\mailp\Dropbox\Personal\FAMILY STUFF\Mike Stuff\Fantasy Football\2012\2012 Final.ddf
2012,el-guapo,El Guapo,El Guapo,Michael Turner,RB,ATL,15,draftdominator_final_auction_rounds_3_plus,C:\Users\mailp\Dropbox\Personal\FAMILY STUFF\Mike Stuff\Fantasy Football\2012\2012 Final.ddf
2012,el-guapo,El Guapo,El Guapo,New England,DST,NE,1,draftdominator_final_auction_rounds_3_plus,C:\Users\mailp\Dropbox\Personal\FAMILY STUFF\Mike Stuff\Fantasy Football\2012\2012 Final.ddf
2012,el-guapo,El Guapo,El Guapo,Russell Wilson,QB,SEA,4,draftdominator_final_auction_rounds_3_plus,C:\Users\mailp\Dropbox\Personal\FAMILY STUFF\Mike Stuff\Fantasy Football\2012\2012 Final.ddf
2012,el-guapo,El Guapo,El Guapo,Tom Brady,QB,NE,35,draftdominator_final_auction_rounds_3_plus,C:\Users\mailp\Dropbox\Personal\FAMILY STUFF\Mike Stuff\Fantasy Football\2012\2012 Final.ddf
2012,goon-skwad,Goon Skwad,Goon Skwad,Antonio Gates,TE,LAC,17,draftdominator_final_auction_rounds_3_plus,C:\Users\mailp\Dropbox\Personal\FAMILY STUFF\Mike Stuff\Fantasy Football\2012\2012 Final.ddf
2012,goon-skwad,Goon Skwad,Goon Skwad,C.J. Spiller,RB,BUF,5,draftdominator_final_auction_rounds_3_plus,C:\Users\mailp\Dropbox\Personal\FAMILY STUFF\Mike Stuff\Fantasy Football\2012\2012 Final.ddf
2012,goon-skwad,Goon Skwad,Goon Skwad,Kevin Smith,RB,DET,5,draftdominator_final_auction_rounds_3_plus,C:\Users\mailp\Dropbox\Personal\FAMILY STUFF\Mike Stuff\Fantasy Football\2012\2012 Final.ddf
2012,goon-skwad,Goon Skwad,Goon Skwad,Marques Colston,WR,NO,11,draftdominator_final_auction_rounds_3_plus,C:\Users\mailp\Dropbox\Personal\FAMILY STUFF\Mike Stuff\Fantasy Football\2012\2012 Final.ddf
2012,goon-skwad,Goon Skwad,Goon Skwad,Matt Forte,RB,CHI,27,draftdominator_final_auction_rounds_3_plus,C:\Users\mailp\Dropbox\Personal\FAMILY STUFF\Mike Stuff\Fantasy Football\2012\2012 Final.ddf
2012,goon-skwad,Goon Skwad,Goon Skwad,Nate Kaeding,K,LAC,1,draftdominator_final_auction_rounds_3_plus,C:\Users\mailp\Dropbox\Personal\FAMILY STUFF\Mike Stuff\Fantasy Football\2012\2012 Final.ddf
2012,goon-skwad,Goon Skwad,Goon Skwad,New York Jets,DST,NYJ,1,draftdominator_final_auction_rounds_3_plus,C:\Users\mailp\Dropbox\Personal\FAMILY STUFF\Mike Stuff\Fantasy Football\2012\2012 Final.ddf
2012,goon-skwad,Goon Skwad,Goon Skwad,Philip Rivers,QB,LAC,12,draftdominator_final_auction_rounds_3_plus,C:\Users\mailp\Dropbox\Personal\FAMILY STUFF\Mike Stuff\Fantasy Football\2012\2012 Final.ddf
2012,goon-skwad,Goon Skwad,Goon Skwad,Taiwan Jones,RB,LV,1,draftdominator_final_auction_rounds_3_plus,C:\Users\mailp\Dropbox\Personal\FAMILY STUFF\Mike Stuff\Fantasy Football\2012\2012 Final.ddf
2012,goon-skwad,Goon Skwad,Goon Skwad,Tony Romo,QB,DAL,8,draftdominator_final_auction_rounds_3_plus,C:\Users\mailp\Dropbox\Personal\FAMILY STUFF\Mike Stuff\Fantasy Football\2012\2012 Final.ddf
2012,orange-crush,Orange Crush,Orange Crush,Antonio Brown,WR,PIT,10,draftdominator_final_auction_rounds_3_plus,C:\Users\mailp\Dropbox\Personal\FAMILY STUFF\Mike Stuff\Fantasy Football\2012\2012 Final.ddf
2012,orange-crush,Orange Crush,Orange Crush,Chris Johnson,RB,TEN,30,draftdominator_final_auction_rounds_3_plus,C:\Users\mailp\Dropbox\Personal\FAMILY STUFF\Mike Stuff\Fantasy Football\2012\2012 Final.ddf
2012,orange-crush,Orange Crush,Orange Crush,David Wilson,RB,NYG,4,draftdominator_final_auction_rounds_3_plus,C:\Users\mailp\Dropbox\Personal\FAMILY STUFF\Mike Stuff\Fantasy Football\2012\2012 Final.ddf
2012,orange-crush,Orange Crush,Orange Crush,Eli Manning,QB,NYG,9,draftdominator_final_auction_rounds_3_plus,C:\Users\mailp\Dropbox\Personal\FAMILY STUFF\Mike Stuff\Fantasy Football\2012\2012 Final.ddf
2012,orange-crush,Orange Crush,Orange Crush,Hakeem Nicks,WR,NYG,11,draftdominator_final_auction_rounds_3_plus,C:\Users\mailp\Dropbox\Personal\FAMILY STUFF\Mike Stuff\Fantasy Football\2012\2012 Final.ddf
2012,orange-crush,Orange Crush,Orange Crush,Jay Cutler,QB,CHI,4,draftdominator_final_auction_rounds_3_plus,C:\Users\mailp\Dropbox\Personal\FAMILY STUFF\Mike Stuff\Fantasy Football\2012\2012 Final.ddf
2012,orange-crush,Orange Crush,Orange Crush,Kyle Rudolph,TE,MIN,5,draftdominator_final_auction_rounds_3_plus,C:\Users\mailp\Dropbox\Personal\FAMILY STUFF\Mike Stuff\Fantasy Football\2012\2012 Final.ddf
2012,orange-crush,Orange Crush,Orange Crush,Mark Ingram,RB,NO,3,draftdominator_final_auction_rounds_3_plus,C:\Users\mailp\Dropbox\Personal\FAMILY STUFF\Mike Stuff\Fantasy Football\2012\2012 Final.ddf
2012,orange-crush,Orange Crush,Orange Crush,Reggie Wayne,WR,IND,6,draftdominator_final_auction_rounds_3_plus,C:\Users\mailp\Dropbox\Personal\FAMILY STUFF\Mike Stuff\Fantasy Football\2012\2012 Final.ddf
2012,orange-crush,Orange Crush,Orange Crush,Robert Griffin III,QB,WAS,5,draftdominator_final_auction_rounds_3_plus,C:\Users\mailp\Dropbox\Personal\FAMILY STUFF\Mike Stuff\Fantasy Football\2012\2012 Final.ddf
2012,orange-crush,Orange Crush,Orange Crush,Ryan Williams,RB,ARI,2,draftdominator_final_auction_rounds_3_plus,C:\Users\mailp\Dropbox\Personal\FAMILY STUFF\Mike Stuff\Fantasy Football\2012\2012 Final.ddf
2012,orange-crush,Orange Crush,Orange Crush,Shayne Graham,K,HOU,1,draftdominator_final_auction_rounds_3_plus,C:\Users\mailp\Dropbox\Personal\FAMILY STUFF\Mike Stuff\Fantasy Football\2012\2012 Final.ddf
2012,orange-crush,Orange Crush,Orange Crush,Tennessee,DST,TEN,1,draftdominator_final_auction_rounds_3_plus,C:\Users\mailp\Dropbox\Personal\FAMILY STUFF\Mike Stuff\Fantasy Football\2012\2012 Final.ddf
2012,super-suckers,Super Suckers,Super Suckers,Chicago,DST,CHI,3,draftdominator_final_auction_rounds_3_plus,C:\Users\mailp\Dropbox\Personal\FAMILY STUFF\Mike Stuff\Fantasy Football\2012\2012 Final.ddf
2012,super-suckers,Super Suckers,Super Suckers,Chris Wells,RB,ARI,2,draftdominator_final_auction_rounds_3_plus,C:\Users\mailp\Dropbox\Personal\FAMILY STUFF\Mike Stuff\Fantasy Football\2012\2012 Final.ddf
2012,super-suckers,Super Suckers,Super Suckers,Danny Amendola,WR,LAR,1,draftdominator_final_auction_rounds_3_plus,C:\Users\mailp\Dropbox\Personal\FAMILY STUFF\Mike Stuff\Fantasy Football\2012\2012 Final.ddf
2012,super-suckers,Super Suckers,Super Suckers,Drew Brees,QB,NO,34,draftdominator_final_auction_rounds_3_plus,C:\Users\mailp\Dropbox\Personal\FAMILY STUFF\Mike Stuff\Fantasy Football\2012\2012 Final.ddf
2012,super-suckers,Super Suckers,Super Suckers,Dwayne Bowe,WR,KC,7,draftdominator_final_auction_rounds_3_plus,C:\Users\mailp\Dropbox\Personal\FAMILY STUFF\Mike Stuff\Fantasy Football\2012\2012 Final.ddf
2012,super-suckers,Super Suckers,Super Suckers,Evan Royster,RB,WAS,1,draftdominator_final_auction_rounds_3_plus,C:\Users\mailp\Dropbox\Personal\FAMILY STUFF\Mike Stuff\Fantasy Football\2012\2012 Final.ddf
2012,super-suckers,Super Suckers,Super Suckers,Mike Wallace,WR,PIT,11,draftdominator_final_auction_rounds_3_plus,C:\Users\mailp\Dropbox\Personal\FAMILY STUFF\Mike Stuff\Fantasy Football\2012\2012 Final.ddf
2012,super-suckers,Super Suckers,Super Suckers,Nate Washington,WR,TEN,1,draftdominator_final_auction_rounds_3_plus,C:\Users\mailp\Dropbox\Personal\FAMILY STUFF\Mike Stuff\Fantasy Football\2012\2012 Final.ddf
2012,super-suckers,Super Suckers,Super Suckers,Rob Bironas,K,TEN,2,draftdominator_final_auction_rounds_3_plus,C:\Users\mailp\Dropbox\Personal\FAMILY STUFF\Mike Stuff\Fantasy Football\2012\2012 Final.ddf
2012,super-suckers,Super Suckers,Super Suckers,Ronnie Hillman,RB,DEN,3,draftdominator_final_auction_rounds_3_plus,C:\Users\mailp\Dropbox\Personal\FAMILY STUFF\Mike Stuff\Fantasy Football\2012\2012 Final.ddf
2012,super-suckers,Super Suckers,Super Suckers,Shonn Greene,RB,NYJ,5,draftdominator_final_auction_rounds_3_plus,C:\Users\mailp\Dropbox\Personal\FAMILY STUFF\Mike Stuff\Fantasy Football\2012\2012 Final.ddf
2012,super-suckers,Super Suckers,Super Suckers,Vernon Davis,TE,SF,13,draftdominator_final_auction_rounds_3_plus,C:\Users\mailp\Dropbox\Personal\FAMILY STUFF\Mike Stuff\Fantasy Football\2012\2012 Final.ddf
2012,super-suckers,Super Suckers,Super Suckers,Vincent Jackson,WR,TB,7,draftdominator_final_auction_rounds_3_plus,C:\Users\mailp\Dropbox\Personal\FAMILY STUFF\Mike Stuff\Fantasy Football\2012\2012 Final.ddf
2012,t-dogs,T-Dogs,T-Dogs,Alex Henery,K,PHI,1,draftdominator_final_auction_rounds_3_plus,C:\Users\mailp\Dropbox\Personal\FAMILY STUFF\Mike Stuff\Fantasy Football\2012\2012 Final.ddf
2012,t-dogs,T-Dogs,T-Dogs,Cedric Benson,RB,GB,4,draftdominator_final_auction_rounds_3_plus,C:\Users\mailp\Dropbox\Personal\FAMILY STUFF\Mike Stuff\Fantasy Football\2012\2012 Final.ddf
2012,t-dogs,T-Dogs,T-Dogs,Demaryius Thomas,WR,DEN,16,draftdominator_final_auction_rounds_3_plus,C:\Users\mailp\Dropbox\Personal\FAMILY STUFF\Mike Stuff\Fantasy Football\2012\2012 Final.ddf
2012,t-dogs,T-Dogs,T-Dogs,Doug Martin,RB,TB,19,draftdominator_final_auction_rounds_3_plus,C:\Users\mailp\Dropbox\Personal\FAMILY STUFF\Mike Stuff\Fantasy Football\2012\2012 Final.ddf
2012,t-dogs,T-Dogs,T-Dogs,Houston,DST,HOU,4,draftdominator_final_auction_rounds_3_plus,C:\Users\mailp\Dropbox\Personal\FAMILY STUFF\Mike Stuff\Fantasy Football\2012\2012 Final.ddf
2012,t-dogs,T-Dogs,T-Dogs,Joe Flacco,QB,BAL,1,draftdominator_final_auction_rounds_3_plus,C:\Users\mailp\Dropbox\Personal\FAMILY STUFF\Mike Stuff\Fantasy Football\2012\2012 Final.ddf
2012,t-dogs,T-Dogs,T-Dogs,Kellen Davis,TE,CHI,1,draftdominator_final_auction_rounds_3_plus,C:\Users\mailp\Dropbox\Personal\FAMILY STUFF\Mike Stuff\Fantasy Football\2012\2012 Final.ddf
2012,t-dogs,T-Dogs,T-Dogs,Mikel Leshoure,RB,DET,2,draftdominator_final_auction_rounds_3_plus,C:\Users\mailp\Dropbox\Personal\FAMILY STUFF\Mike Stuff\Fantasy Football\2012\2012 Final.ddf
2012,t-dogs,T-Dogs,T-Dogs,Miles Austin,WR,DAL,7,draftdominator_final_auction_rounds_3_plus,C:\Users\mailp\Dropbox\Personal\FAMILY STUFF\Mike Stuff\Fantasy Football\2012\2012 Final.ddf
2012,t-dogs,T-Dogs,T-Dogs,New York Giants,DST,NYG,3,draftdominator_final_auction_rounds_3_plus,C:\Users\mailp\Dropbox\Personal\FAMILY STUFF\Mike Stuff\Fantasy Football\2012\2012 Final.ddf
2012,t-dogs,T-Dogs,T-Dogs,Rashad Jennings,RB,JAX,5,draftdominator_final_auction_rounds_3_plus,C:\Users\mailp\Dropbox\Personal\FAMILY STUFF\Mike Stuff\Fantasy Football\2012\2012 Final.ddf
2012,t-dogs,T-Dogs,T-Dogs,Sidney Rice,WR,SEA,1,draftdominator_final_auction_rounds_3_plus,C:\Users\mailp\Dropbox\Personal\FAMILY STUFF\Mike Stuff\Fantasy Football\2012\2012 Final.ddf
2012,t-dogs,T-Dogs,T-Dogs,Tony Gonzalez,TE,ATL,5,draftdominator_final_auction_rounds_3_plus,C:\Users\mailp\Dropbox\Personal\FAMILY STUFF\Mike Stuff\Fantasy Football\2012\2012 Final.ddf
2012,the-bungles,The Bungles,Big Pimpin,Aaron Hernandez,TE,NE,10,draftdominator_final_auction_rounds_3_plus,C:\Users\mailp\Dropbox\Personal\FAMILY STUFF\Mike Stuff\Fantasy Football\2012\2012 Final.ddf
2012,the-bungles,The Bungles,Big Pimpin,Brandon Lloyd,WR,NE,10,draftdominator_final_auction_rounds_3_plus,C:\Users\mailp\Dropbox\Personal\FAMILY STUFF\Mike Stuff\Fantasy Football\2012\2012 Final.ddf
2012,the-bungles,The Bungles,Big Pimpin,Frank Gore,RB,SF,9,draftdominator_final_auction_rounds_3_plus,C:\Users\mailp\Dropbox\Personal\FAMILY STUFF\Mike Stuff\Fantasy Football\2012\2012 Final.ddf
2012,the-bungles,The Bungles,Big Pimpin,Green Bay,DST,GB,3,draftdominator_final_auction_rounds_3_plus,C:\Users\mailp\Dropbox\Personal\FAMILY STUFF\Mike Stuff\Fantasy Football\2012\2012 Final.ddf
2012,the-bungles,The Bungles,Big Pimpin,Jordy Nelson,WR,GB,17,draftdominator_final_auction_rounds_3_plus,C:\Users\mailp\Dropbox\Personal\FAMILY STUFF\Mike Stuff\Fantasy Football\2012\2012 Final.ddf
2012,the-bungles,The Bungles,Big Pimpin,Larry Fitzgerald,WR,ARI,21,draftdominator_final_auction_rounds_3_plus,C:\Users\mailp\Dropbox\Personal\FAMILY STUFF\Mike Stuff\Fantasy Football\2012\2012 Final.ddf
2012,the-bungles,The Bungles,Big Pimpin,Matt Schaub,QB,HOU,3,draftdominator_final_auction_rounds_3_plus,C:\Users\mailp\Dropbox\Personal\FAMILY STUFF\Mike Stuff\Fantasy Football\2012\2012 Final.ddf
2012,the-bungles,The Bungles,Big Pimpin,Peyton Hillis,RB,KC,12,draftdominator_final_auction_rounds_3_plus,C:\Users\mailp\Dropbox\Personal\FAMILY STUFF\Mike Stuff\Fantasy Football\2012\2012 Final.ddf
2012,the-hobbits,The Hobbits,Hobbits,Ben Roethlisberger,QB,PIT,6,draftdominator_final_auction_rounds_3_plus,C:\Users\mailp\Dropbox\Personal\FAMILY STUFF\Mike Stuff\Fantasy Football\2012\2012 Final.ddf
2012,the-hobbits,The Hobbits,Hobbits,Brandon Pettigrew,TE,DET,7,draftdominator_final_auction_rounds_3_plus,C:\Users\mailp\Dropbox\Personal\FAMILY STUFF\Mike Stuff\Fantasy Football\2012\2012 Final.ddf
2012,the-hobbits,The Hobbits,Hobbits,Buffalo,DST,BUF,3,draftdominator_final_auction_rounds_3_plus,C:\Users\mailp\Dropbox\Personal\FAMILY STUFF\Mike Stuff\Fantasy Football\2012\2012 Final.ddf
2012,the-hobbits,The Hobbits,Hobbits,Darrius Heyward-Bey,WR,LV,3,draftdominator_final_auction_rounds_3_plus,C:\Users\mailp\Dropbox\Personal\FAMILY STUFF\Mike Stuff\Fantasy Football\2012\2012 Final.ddf
2012,the-hobbits,The Hobbits,Hobbits,Isaac Redman,RB,PIT,3,draftdominator_final_auction_rounds_3_plus,C:\Users\mailp\Dropbox\Personal\FAMILY STUFF\Mike Stuff\Fantasy Football\2012\2012 Final.ddf
2012,the-hobbits,The Hobbits,Hobbits,Malcom Floyd,WR,LAC,2,draftdominator_final_auction_rounds_3_plus,C:\Users\mailp\Dropbox\Personal\FAMILY STUFF\Mike Stuff\Fantasy Football\2012\2012 Final.ddf
2012,the-hobbits,The Hobbits,Hobbits,Mason Crosby,K,GB,3,draftdominator_final_auction_rounds_3_plus,C:\Users\mailp\Dropbox\Personal\FAMILY STUFF\Mike Stuff\Fantasy Football\2012\2012 Final.ddf
2012,the-hobbits,The Hobbits,Hobbits,Ray Rice,RB,BAL,37,draftdominator_final_auction_rounds_3_plus,C:\Users\mailp\Dropbox\Personal\FAMILY STUFF\Mike Stuff\Fantasy Football\2012\2012 Final.ddf
2012,three-amigos,Three Amigos,Whoopass,Adrian Peterson,RB,MIN,19,draftdominator_final_auction_rounds_3_plus,C:\Users\mailp\Dropbox\Personal\FAMILY STUFF\Mike Stuff\Fantasy Football\2012\2012 Final.ddf
2012,three-amigos,Three Amigos,Whoopass,Bernard Scott,RB,CIN,1,draftdominator_final_auction_rounds_3_plus,C:\Users\mailp\Dropbox\Personal\FAMILY STUFF\Mike Stuff\Fantasy Football\2012\2012 Final.ddf
2012,three-amigos,Three Amigos,Whoopass,Greg Jennings,WR,GB,18,draftdominator_final_auction_rounds_3_plus,C:\Users\mailp\Dropbox\Personal\FAMILY STUFF\Mike Stuff\Fantasy Football\2012\2012 Final.ddf
2012,three-amigos,Three Amigos,Whoopass,Jared Cook,TE,TEN,1,draftdominator_final_auction_rounds_3_plus,C:\Users\mailp\Dropbox\Personal\FAMILY STUFF\Mike Stuff\Fantasy Football\2012\2012 Final.ddf
2012,three-amigos,Three Amigos,Whoopass,Justin Blackmon,WR,JAX,3,draftdominator_final_auction_rounds_3_plus,C:\Users\mailp\Dropbox\Personal\FAMILY STUFF\Mike Stuff\Fantasy Football\2012\2012 Final.ddf
2012,three-amigos,Three Amigos,Whoopass,Nick Folk,K,NYJ,1,draftdominator_final_auction_rounds_3_plus,C:\Users\mailp\Dropbox\Personal\FAMILY STUFF\Mike Stuff\Fantasy Football\2012\2012 Final.ddf
2012,three-amigos,Three Amigos,Whoopass,Philadelphia,DST,PHI,4,draftdominator_final_auction_rounds_3_plus,C:\Users\mailp\Dropbox\Personal\FAMILY STUFF\Mike Stuff\Fantasy Football\2012\2012 Final.ddf
2012,three-amigos,Three Amigos,Whoopass,Ryan Mathews,RB,LAC,22,draftdominator_final_auction_rounds_3_plus,C:\Users\mailp\Dropbox\Personal\FAMILY STUFF\Mike Stuff\Fantasy Football\2012\2012 Final.ddf
2012,three-amigos,Three Amigos,Whoopass,Steve Johnson,WR,BUF,7,draftdominator_final_auction_rounds_3_plus,C:\Users\mailp\Dropbox\Personal\FAMILY STUFF\Mike Stuff\Fantasy Football\2012\2012 Final.ddf
2012,three-amigos,Three Amigos,Whoopass,Steve Smith,WR,CAR,15,draftdominator_final_auction_rounds_3_plus,C:\Users\mailp\Dropbox\Personal\FAMILY STUFF\Mike Stuff\Fantasy Football\2012\2012 Final.ddf
2015,angry-face,Angry Face,Angry Face,Adrian Peterson,RB,MIN,37,draftdominator_completed_auction,C:\Users\mailp\Dropbox\Personal\FAMILY STUFF\Mike Stuff\Fantasy Football\2015\2015 - DRAFT SUMMARY.csv
2015,angry-face,Angry Face,Angry Face,Baltimore,DST,BAL,1,draftdominator_completed_auction,C:\Users\mailp\Dropbox\Personal\FAMILY STUFF\Mike Stuff\Fantasy Football\2015\2015 - DRAFT SUMMARY.csv
2015,angry-face,Angry Face,Angry Face,Calvin Johnson,WR,DET,34,draftdominator_completed_auction,C:\Users\mailp\Dropbox\Personal\FAMILY STUFF\Mike Stuff\Fantasy Football\2015\2015 - DRAFT SUMMARY.csv
2015,angry-face,Angry Face,Angry Face,Cody Parkey,K,PHI,1,draftdominator_completed_auction,C:\Users\mailp\Dropbox\Personal\FAMILY STUFF\Mike Stuff\Fantasy Football\2015\2015 - DRAFT SUMMARY.csv
2015,angry-face,Angry Face,Angry Face,Eli Manning,QB,NYG,3,draftdominator_completed_auction,C:\Users\mailp\Dropbox\Personal\FAMILY STUFF\Mike Stuff\Fantasy Football\2015\2015 - DRAFT SUMMARY.csv
2015,angry-face,Angry Face,Angry Face,Jeremy Maclin,WR,KC,7,draftdominator_completed_auction,C:\Users\mailp\Dropbox\Personal\FAMILY STUFF\Mike Stuff\Fantasy Football\2015\2015 - DRAFT SUMMARY.csv
2015,angry-face,Angry Face,Angry Face,Shane Vereen,RB,NYG,2,draftdominator_completed_auction,C:\Users\mailp\Dropbox\Personal\FAMILY STUFF\Mike Stuff\Fantasy Football\2015\2015 - DRAFT SUMMARY.csv
2015,angry-face,Angry Face,Angry Face,Teddy Bridgewater,QB,MIN,5,draftdominator_completed_auction,C:\Users\mailp\Dropbox\Personal\FAMILY STUFF\Mike Stuff\Fantasy Football\2015\2015 - DRAFT SUMMARY.csv
2015,angry-face,Angry Face,Angry Face,Tre Mason,RB,LAR,2,draftdominator_completed_auction,C:\Users\mailp\Dropbox\Personal\FAMILY STUFF\Mike Stuff\Fantasy Football\2015\2015 - DRAFT SUMMARY.csv
2015,angry-face,Angry Face,Angry Face,Zach Ertz,TE,PHI,6,draftdominator_completed_auction,C:\Users\mailp\Dropbox\Personal\FAMILY STUFF\Mike Stuff\Fantasy Football\2015\2015 - DRAFT SUMMARY.csv
2015,big-head,Big Head,Big Head,Drew Brees,QB,NO,15,draftdominator_completed_auction,C:\Users\mailp\Dropbox\Personal\FAMILY STUFF\Mike Stuff\Fantasy Football\2015\2015 - DRAFT SUMMARY.csv
2015,big-head,Big Head,Big Head,Greg Olsen,TE,CAR,16,draftdominator_completed_auction,C:\Users\mailp\Dropbox\Personal\FAMILY STUFF\Mike Stuff\Fantasy Football\2015\2015 - DRAFT SUMMARY.csv
2015,big-head,Big Head,Big Head,Justin Tucker,K,BAL,2,draftdominator_completed_auction,C:\Users\mailp\Dropbox\Personal\FAMILY STUFF\Mike Stuff\Fantasy Football\2015\2015 - DRAFT SUMMARY.csv
2015,big-head,Big Head,Big Head,Larry Fitzgerald,WR,ARI,3,draftdominator_completed_auction,C:\Users\mailp\Dropbox\Personal\FAMILY STUFF\Mike Stuff\Fantasy Football\2015\2015 - DRAFT SUMMARY.csv
2015,big-head,Big Head,Big Head,LeSean McCoy,RB,BUF,24,draftdominator_completed_auction,C:\Users\mailp\Dropbox\Personal\FAMILY STUFF\Mike Stuff\Fantasy Football\2015\2015 - DRAFT SUMMARY.csv
2015,big-head,Big Head,Big Head,Marshawn Lynch,RB,SEA,35,draftdominator_completed_auction,C:\Users\mailp\Dropbox\Personal\FAMILY STUFF\Mike Stuff\Fantasy Football\2015\2015 - DRAFT SUMMARY.csv
2015,big-head,Big Head,Big Head,New England,DST,NE,1,draftdominator_completed_auction,C:\Users\mailp\Dropbox\Personal\FAMILY STUFF\Mike Stuff\Fantasy Football\2015\2015 - DRAFT SUMMARY.csv
2015,big-head,Big Head,Big Head,Pierre Garcon,WR,WAS,1,draftdominator_completed_auction,C:\Users\mailp\Dropbox\Personal\FAMILY STUFF\Mike Stuff\Fantasy Football\2015\2015 - DRAFT SUMMARY.csv
2015,crime-and-punishment,Crime and Punishment,Crime and Punishment,DeMarco Murray,RB,PHI,29,draftdominator_completed_auction,C:\Users\mailp\Dropbox\Personal\FAMILY STUFF\Mike Stuff\Fantasy Football\2015\2015 - DRAFT SUMMARY.csv
2015,crime-and-punishment,Crime and Punishment,Crime and Punishment,Demaryius Thomas,WR,DEN,34,draftdominator_completed_auction,C:\Users\mailp\Dropbox\Personal\FAMILY STUFF\Mike Stuff\Fantasy Football\2015\2015 - DRAFT SUMMARY.csv
2015,crime-and-punishment,Crime and Punishment,Crime and Punishment,Devonta Freeman,RB,ATL,5,draftdominator_completed_auction,C:\Users\mailp\Dropbox\Personal\FAMILY STUFF\Mike Stuff\Fantasy Football\2015\2015 - DRAFT SUMMARY.csv
2015,crime-and-punishment,Crime and Punishment,Crime and Punishment,Garrett Hartley,K,PIT,1,draftdominator_completed_auction,C:\Users\mailp\Dropbox\Personal\FAMILY STUFF\Mike Stuff\Fantasy Football\2015\2015 - DRAFT SUMMARY.csv
2015,crime-and-punishment,Crime and Punishment,Crime and Punishment,Golden Tate,WR,DET,10,draftdominator_completed_auction,C:\Users\mailp\Dropbox\Personal\FAMILY STUFF\Mike Stuff\Fantasy Football\2015\2015 - DRAFT SUMMARY.csv
2015,crime-and-punishment,Crime and Punishment,Crime and Punishment,Indianapolis,DST,IND,1,draftdominator_completed_auction,C:\Users\mailp\Dropbox\Personal\FAMILY STUFF\Mike Stuff\Fantasy Football\2015\2015 - DRAFT SUMMARY.csv
2015,crime-and-punishment,Crime and Punishment,Crime and Punishment,Ladarius Green,TE,LAC,1,draftdominator_completed_auction,C:\Users\mailp\Dropbox\Personal\FAMILY STUFF\Mike Stuff\Fantasy Football\2015\2015 - DRAFT SUMMARY.csv
2015,crime-and-punishment,Crime and Punishment,Crime and Punishment,Roy Helu,RB,LV,1,draftdominator_completed_auction,C:\Users\mailp\Dropbox\Personal\FAMILY STUFF\Mike Stuff\Fantasy Football\2015\2015 - DRAFT SUMMARY.csv
2015,dogs-of-war,Dogs of War,Dogs of War,Adam Vinatieri,K,IND,3,draftdominator_completed_auction,C:\Users\mailp\Dropbox\Personal\FAMILY STUFF\Mike Stuff\Fantasy Football\2015\2015 - DRAFT SUMMARY.csv
2015,dogs-of-war,Dogs of War,Dogs of War,Ameer Abdullah,RB,DET,18,draftdominator_completed_auction,C:\Users\mailp\Dropbox\Personal\FAMILY STUFF\Mike Stuff\Fantasy Football\2015\2015 - DRAFT SUMMARY.csv
2015,dogs-of-war,Dogs of War,Dogs of War,Cam Newton,QB,CAR,4,draftdominator_completed_auction,C:\Users\mailp\Dropbox\Personal\FAMILY STUFF\Mike Stuff\Fantasy Football\2015\2015 - DRAFT SUMMARY.csv
2015,dogs-of-war,Dogs of War,Dogs of War,Jamaal Charles,RB,KC,36,draftdominator_completed_auction,C:\Users\mailp\Dropbox\Personal\FAMILY STUFF\Mike Stuff\Fantasy Football\2015\2015 - DRAFT SUMMARY.csv
2015,dogs-of-war,Dogs of War,Dogs of War,Kyle Rudolph,TE,MIN,3,draftdominator_completed_auction,C:\Users\mailp\Dropbox\Personal\FAMILY STUFF\Mike Stuff\Fantasy Football\2015\2015 - DRAFT SUMMARY.csv
2015,dogs-of-war,Dogs of War,Dogs of War,Mike Evans,WR,TB,17,draftdominator_completed_auction,C:\Users\mailp\Dropbox\Personal\FAMILY STUFF\Mike Stuff\Fantasy Football\2015\2015 - DRAFT SUMMARY.csv
2015,dogs-of-war,Dogs of War,Dogs of War,Ryan Tannehill,QB,MIA,4,draftdominator_completed_auction,C:\Users\mailp\Dropbox\Personal\FAMILY STUFF\Mike Stuff\Fantasy Football\2015\2015 - DRAFT SUMMARY.csv
2015,dogs-of-war,Dogs of War,Dogs of War,St. Louis,DST,LAR,4,draftdominator_completed_auction,C:\Users\mailp\Dropbox\Personal\FAMILY STUFF\Mike Stuff\Fantasy Football\2015\2015 - DRAFT SUMMARY.csv
2015,el-guapo,El Guapo,El Guapo,Arian Foster,RB,HOU,10,draftdominator_completed_auction,C:\Users\mailp\Dropbox\Personal\FAMILY STUFF\Mike Stuff\Fantasy Football\2015\2015 - DRAFT SUMMARY.csv
2015,el-guapo,El Guapo,El Guapo,Denver,DST,DEN,4,draftdominator_completed_auction,C:\Users\mailp\Dropbox\Personal\FAMILY STUFF\Mike Stuff\Fantasy Football\2015\2015 - DRAFT SUMMARY.csv
2015,el-guapo,El Guapo,El Guapo,Jimmy Graham,TE,SEA,19,draftdominator_completed_auction,C:\Users\mailp\Dropbox\Personal\FAMILY STUFF\Mike Stuff\Fantasy Football\2015\2015 - DRAFT SUMMARY.csv
2015,el-guapo,El Guapo,El Guapo,Keenan Allen,WR,LAC,9,draftdominator_completed_auction,C:\Users\mailp\Dropbox\Personal\FAMILY STUFF\Mike Stuff\Fantasy Football\2015\2015 - DRAFT SUMMARY.csv
2015,el-guapo,El Guapo,El Guapo,LeGarrette Blount,RB,NE,2,draftdominator_completed_auction,C:\Users\mailp\Dropbox\Personal\FAMILY STUFF\Mike Stuff\Fantasy Football\2015\2015 - DRAFT SUMMARY.csv
2015,el-guapo,El Guapo,El Guapo,Percy Harvin,WR,BUF,3,draftdominator_completed_auction,C:\Users\mailp\Dropbox\Personal\FAMILY STUFF\Mike Stuff\Fantasy Football\2015\2015 - DRAFT SUMMARY.csv
2015,el-guapo,El Guapo,El Guapo,Rashad Jennings,RB,NYG,2,draftdominator_completed_auction,C:\Users\mailp\Dropbox\Personal\FAMILY STUFF\Mike Stuff\Fantasy Football\2015\2015 - DRAFT SUMMARY.csv
2015,el-guapo,El Guapo,El Guapo,Richard Rodgers,TE,GB,1,draftdominator_completed_auction,C:\Users\mailp\Dropbox\Personal\FAMILY STUFF\Mike Stuff\Fantasy Football\2015\2015 - DRAFT SUMMARY.csv
2015,el-guapo,El Guapo,El Guapo,Ronnie Hillman,RB,DEN,5,draftdominator_completed_auction,C:\Users\mailp\Dropbox\Personal\FAMILY STUFF\Mike Stuff\Fantasy Football\2015\2015 - DRAFT SUMMARY.csv
2015,el-guapo,El Guapo,El Guapo,Sammy Watkins,WR,BUF,11,draftdominator_completed_auction,C:\Users\mailp\Dropbox\Personal\FAMILY STUFF\Mike Stuff\Fantasy Football\2015\2015 - DRAFT SUMMARY.csv
2015,el-guapo,El Guapo,El Guapo,Steve Hauschka,K,SEA,3,draftdominator_completed_auction,C:\Users\mailp\Dropbox\Personal\FAMILY STUFF\Mike Stuff\Fantasy Football\2015\2015 - DRAFT SUMMARY.csv
2015,el-guapo,El Guapo,El Guapo,Tom Brady,QB,NE,8,draftdominator_completed_auction,C:\Users\mailp\Dropbox\Personal\FAMILY STUFF\Mike Stuff\Fantasy Football\2015\2015 - DRAFT SUMMARY.csv
2015,el-guapo,El Guapo,El Guapo,Vincent Jackson,WR,TB,4,draftdominator_completed_auction,C:\Users\mailp\Dropbox\Personal\FAMILY STUFF\Mike Stuff\Fantasy Football\2015\2015 - DRAFT SUMMARY.csv
2015,goon-skwad,Goon Skwad,Goon Skwad,Antonio Brown,WR,PIT,38,draftdominator_completed_auction,C:\Users\mailp\Dropbox\Personal\FAMILY STUFF\Mike Stuff\Fantasy Football\2015\2015 - DRAFT SUMMARY.csv
2015,goon-skwad,Goon Skwad,Goon Skwad,Ben Roethlisberger,QB,PIT,17,draftdominator_completed_auction,C:\Users\mailp\Dropbox\Personal\FAMILY STUFF\Mike Stuff\Fantasy Football\2015\2015 - DRAFT SUMMARY.csv
2015,goon-skwad,Goon Skwad,Goon Skwad,Buffalo,DST,BUF,5,draftdominator_completed_auction,C:\Users\mailp\Dropbox\Personal\FAMILY STUFF\Mike Stuff\Fantasy Football\2015\2015 - DRAFT SUMMARY.csv
2015,goon-skwad,Goon Skwad,Goon Skwad,Delanie Walker,TE,TEN,4,draftdominator_completed_auction,C:\Users\mailp\Dropbox\Personal\FAMILY STUFF\Mike Stuff\Fantasy Football\2015\2015 - DRAFT SUMMARY.csv
2015,goon-skwad,Goon Skwad,Goon Skwad,Frank Gore,RB,IND,23,draftdominator_completed_auction,C:\Users\mailp\Dropbox\Personal\FAMILY STUFF\Mike Stuff\Fantasy Football\2015\2015 - DRAFT SUMMARY.csv
2015,goon-skwad,Goon Skwad,Goon Skwad,Stephen Gostkowski,K,NE,3,draftdominator_completed_auction,C:\Users\mailp\Dropbox\Personal\FAMILY STUFF\Mike Stuff\Fantasy Football\2015\2015 - DRAFT SUMMARY.csv
2015,orange-crush,Orange Crush,Orange Crush,Aaron Rodgers,QB,GB,30,draftdominator_completed_auction,C:\Users\mailp\Dropbox\Personal\FAMILY STUFF\Mike Stuff\Fantasy Football\2015\2015 - DRAFT SUMMARY.csv
2015,orange-crush,Orange Crush,Orange Crush,Andre Ellington,RB,ARI,15,draftdominator_completed_auction,C:\Users\mailp\Dropbox\Personal\FAMILY STUFF\Mike Stuff\Fantasy Football\2015\2015 - DRAFT SUMMARY.csv
2015,orange-crush,Orange Crush,Orange Crush,Anquan Boldin,WR,SF,1,draftdominator_completed_auction,C:\Users\mailp\Dropbox\Personal\FAMILY STUFF\Mike Stuff\Fantasy Football\2015\2015 - DRAFT SUMMARY.csv
2015,orange-crush,Orange Crush,Orange Crush,Bishop Sankey,RB,TEN,1,draftdominator_completed_auction,C:\Users\mailp\Dropbox\Personal\FAMILY STUFF\Mike Stuff\Fantasy Football\2015\2015 - DRAFT SUMMARY.csv
2015,orange-crush,Orange Crush,Orange Crush,Danny Woodhead,RB,LAC,2,draftdominator_completed_auction,C:\Users\mailp\Dropbox\Personal\FAMILY STUFF\Mike Stuff\Fantasy Football\2015\2015 - DRAFT SUMMARY.csv
2015,orange-crush,Orange Crush,Orange Crush,Duke Johnson,RB,CLE,2,draftdominator_completed_auction,C:\Users\mailp\Dropbox\Personal\FAMILY STUFF\Mike Stuff\Fantasy Football\2015\2015 - DRAFT SUMMARY.csv
2015,orange-crush,Orange Crush,Orange Crush,Green Bay,DST,GB,1,draftdominator_completed_auction,C:\Users\mailp\Dropbox\Personal\FAMILY STUFF\Mike Stuff\Fantasy Football\2015\2015 - DRAFT SUMMARY.csv
2015,orange-crush,Orange Crush,Orange Crush,Kendall Wright,WR,TEN,1,draftdominator_completed_auction,C:\Users\mailp\Dropbox\Personal\FAMILY STUFF\Mike Stuff\Fantasy Football\2015\2015 - DRAFT SUMMARY.csv
2015,orange-crush,Orange Crush,Orange Crush,Matt Prater,K,DET,1,draftdominator_completed_auction,C:\Users\mailp\Dropbox\Personal\FAMILY STUFF\Mike Stuff\Fantasy Football\2015\2015 - DRAFT SUMMARY.csv
2015,orange-crush,Orange Crush,Orange Crush,Rob Gronkowski,TE,NE,35,draftdominator_completed_auction,C:\Users\mailp\Dropbox\Personal\FAMILY STUFF\Mike Stuff\Fantasy Football\2015\2015 - DRAFT SUMMARY.csv
2015,orange-crush,Orange Crush,Orange Crush,T.J. Yeldon,RB,JAX,9,draftdominator_completed_auction,C:\Users\mailp\Dropbox\Personal\FAMILY STUFF\Mike Stuff\Fantasy Football\2015\2015 - DRAFT SUMMARY.csv
2015,super-suckers,Super Suckers,Super Suckers,Allen Robinson,WR,JAX,3,draftdominator_completed_auction,C:\Users\mailp\Dropbox\Personal\FAMILY STUFF\Mike Stuff\Fantasy Football\2015\2015 - DRAFT SUMMARY.csv
2015,super-suckers,Super Suckers,Super Suckers,Brandin Cooks,WR,NO,20,draftdominator_completed_auction,C:\Users\mailp\Dropbox\Personal\FAMILY STUFF\Mike Stuff\Fantasy Football\2015\2015 - DRAFT SUMMARY.csv
2015,super-suckers,Super Suckers,Super Suckers,Brandon McManus,K,DEN,2,draftdominator_completed_auction,C:\Users\mailp\Dropbox\Personal\FAMILY STUFF\Mike Stuff\Fantasy Football\2015\2015 - DRAFT SUMMARY.csv
2015,super-suckers,Super Suckers,Super Suckers,Doug Martin,RB,TB,10,draftdominator_completed_auction,C:\Users\mailp\Dropbox\Personal\FAMILY STUFF\Mike Stuff\Fantasy Football\2015\2015 - DRAFT SUMMARY.csv
2015,super-suckers,Super Suckers,Super Suckers,Houston,DST,HOU,6,draftdominator_completed_auction,C:\Users\mailp\Dropbox\Personal\FAMILY STUFF\Mike Stuff\Fantasy Football\2015\2015 - DRAFT SUMMARY.csv
2015,super-suckers,Super Suckers,Super Suckers,John Brown,WR,ARI,3,draftdominator_completed_auction,C:\Users\mailp\Dropbox\Personal\FAMILY STUFF\Mike Stuff\Fantasy Football\2015\2015 - DRAFT SUMMARY.csv
2015,super-suckers,Super Suckers,Super Suckers,Jordan Cameron,TE,MIA,3,draftdominator_completed_auction,C:\Users\mailp\Dropbox\Personal\FAMILY STUFF\Mike Stuff\Fantasy Football\2015\2015 - DRAFT SUMMARY.csv
2015,super-suckers,Super Suckers,Super Suckers,Knile Davis,RB,KC,2,draftdominator_completed_auction,C:\Users\mailp\Dropbox\Personal\FAMILY STUFF\Mike Stuff\Fantasy Football\2015\2015 - DRAFT SUMMARY.csv
2015,super-suckers,Super Suckers,Super Suckers,Matt Forte,RB,CHI,35,draftdominator_completed_auction,C:\Users\mailp\Dropbox\Personal\FAMILY STUFF\Mike Stuff\Fantasy Football\2015\2015 - DRAFT SUMMARY.csv
2015,super-suckers,Super Suckers,Super Suckers,Nelson Agholor,WR,PHI,7,draftdominator_completed_auction,C:\Users\mailp\Dropbox\Personal\FAMILY STUFF\Mike Stuff\Fantasy Football\2015\2015 - DRAFT SUMMARY.csv
2015,t-dogs,T-Dogs,T-Dogs,A.J. Green,WR,CIN,35,draftdominator_completed_auction,C:\Users\mailp\Dropbox\Personal\FAMILY STUFF\Mike Stuff\Fantasy Football\2015\2015 - DRAFT SUMMARY.csv
2015,t-dogs,T-Dogs,T-Dogs,Amari Cooper,WR,LV,14,draftdominator_completed_auction,C:\Users\mailp\Dropbox\Personal\FAMILY STUFF\Mike Stuff\Fantasy Football\2015\2015 - DRAFT SUMMARY.csv
2015,t-dogs,T-Dogs,T-Dogs,Andre Johnson,WR,IND,15,draftdominator_completed_auction,C:\Users\mailp\Dropbox\Personal\FAMILY STUFF\Mike Stuff\Fantasy Football\2015\2015 - DRAFT SUMMARY.csv
2015,t-dogs,T-Dogs,T-Dogs,Arizona,DST,ARI,2,draftdominator_completed_auction,C:\Users\mailp\Dropbox\Personal\FAMILY STUFF\Mike Stuff\Fantasy Football\2015\2015 - DRAFT SUMMARY.csv
2015,t-dogs,T-Dogs,T-Dogs,Charles Johnson,WR,MIN,1,draftdominator_completed_auction,C:\Users\mailp\Dropbox\Personal\FAMILY STUFF\Mike Stuff\Fantasy Football\2015\2015 - DRAFT SUMMARY.csv
2015,t-dogs,T-Dogs,T-Dogs,Chris Ivory,RB,NYJ,6,draftdominator_completed_auction,C:\Users\mailp\Dropbox\Personal\FAMILY STUFF\Mike Stuff\Fantasy Football\2015\2015 - DRAFT SUMMARY.csv
2015,t-dogs,T-Dogs,T-Dogs,David Johnson,RB,ARI,1,draftdominator_completed_auction,C:\Users\mailp\Dropbox\Personal\FAMILY STUFF\Mike Stuff\Fantasy Football\2015\2015 - DRAFT SUMMARY.csv
2015,t-dogs,T-Dogs,T-Dogs,Giovani Bernard,RB,CIN,11,draftdominator_completed_auction,C:\Users\mailp\Dropbox\Personal\FAMILY STUFF\Mike Stuff\Fantasy Football\2015\2015 - DRAFT SUMMARY.csv
2015,t-dogs,T-Dogs,T-Dogs,Greg Zuerlein,K,LAR,1,draftdominator_completed_auction,C:\Users\mailp\Dropbox\Personal\FAMILY STUFF\Mike Stuff\Fantasy Football\2015\2015 - DRAFT SUMMARY.csv
2015,t-dogs,T-Dogs,T-Dogs,Matthew Stafford,QB,DET,7,draftdominator_completed_auction,C:\Users\mailp\Dropbox\Personal\FAMILY STUFF\Mike Stuff\Fantasy Football\2015\2015 - DRAFT SUMMARY.csv
2015,t-dogs,T-Dogs,T-Dogs,Miami,DST,MIA,4,draftdominator_completed_auction,C:\Users\mailp\Dropbox\Personal\FAMILY STUFF\Mike Stuff\Fantasy Football\2015\2015 - DRAFT SUMMARY.csv
2015,t-dogs,T-Dogs,T-Dogs,Ryan Mathews,RB,PHI,5,draftdominator_completed_auction,C:\Users\mailp\Dropbox\Personal\FAMILY STUFF\Mike Stuff\Fantasy Football\2015\2015 - DRAFT SUMMARY.csv
2015,t-dogs,T-Dogs,T-Dogs,Sam Bradford,QB,PHI,1,draftdominator_completed_auction,C:\Users\mailp\Dropbox\Personal\FAMILY STUFF\Mike Stuff\Fantasy Football\2015\2015 - DRAFT SUMMARY.csv
2015,the-bungles,The Bungles,Big Pimpin,Alfred Morris,RB,WAS,15,draftdominator_completed_auction,C:\Users\mailp\Dropbox\Personal\FAMILY STUFF\Mike Stuff\Fantasy Football\2015\2015 - DRAFT SUMMARY.csv
2015,the-bungles,The Bungles,Big Pimpin,Antonio Gates,TE,LAC,2,draftdominator_completed_auction,C:\Users\mailp\Dropbox\Personal\FAMILY STUFF\Mike Stuff\Fantasy Football\2015\2015 - DRAFT SUMMARY.csv
2015,the-bungles,The Bungles,Big Pimpin,Brandon Marshall,WR,NYJ,20,draftdominator_completed_auction,C:\Users\mailp\Dropbox\Personal\FAMILY STUFF\Mike Stuff\Fantasy Football\2015\2015 - DRAFT SUMMARY.csv
2015,the-bungles,The Bungles,Big Pimpin,Dan Bailey,K,DAL,2,draftdominator_completed_auction,C:\Users\mailp\Dropbox\Personal\FAMILY STUFF\Mike Stuff\Fantasy Football\2015\2015 - DRAFT SUMMARY.csv
2015,the-bungles,The Bungles,Big Pimpin,Dan Carpenter,K,BUF,2,draftdominator_completed_auction,C:\Users\mailp\Dropbox\Personal\FAMILY STUFF\Mike Stuff\Fantasy Football\2015\2015 - DRAFT SUMMARY.csv
2015,the-bungles,The Bungles,Big Pimpin,Darren McFadden,RB,DAL,6,draftdominator_completed_auction,C:\Users\mailp\Dropbox\Personal\FAMILY STUFF\Mike Stuff\Fantasy Football\2015\2015 - DRAFT SUMMARY.csv
2015,the-bungles,The Bungles,Big Pimpin,Isaiah Crowell,RB,CLE,3,draftdominator_completed_auction,C:\Users\mailp\Dropbox\Personal\FAMILY STUFF\Mike Stuff\Fantasy Football\2015\2015 - DRAFT SUMMARY.csv
2015,the-bungles,The Bungles,Big Pimpin,Jason Witten,TE,DAL,7,draftdominator_completed_auction,C:\Users\mailp\Dropbox\Personal\FAMILY STUFF\Mike Stuff\Fantasy Football\2015\2015 - DRAFT SUMMARY.csv
2015,the-bungles,The Bungles,Big Pimpin,Julian Edelman,WR,NE,11,draftdominator_completed_auction,C:\Users\mailp\Dropbox\Personal\FAMILY STUFF\Mike Stuff\Fantasy Football\2015\2015 - DRAFT SUMMARY.csv
2015,the-bungles,The Bungles,Big Pimpin,Martavis Bryant,WR,PIT,4,draftdominator_completed_auction,C:\Users\mailp\Dropbox\Personal\FAMILY STUFF\Mike Stuff\Fantasy Football\2015\2015 - DRAFT SUMMARY.csv
2015,the-bungles,The Bungles,Big Pimpin,Seattle,DST,SEA,5,draftdominator_completed_auction,C:\Users\mailp\Dropbox\Personal\FAMILY STUFF\Mike Stuff\Fantasy Football\2015\2015 - DRAFT SUMMARY.csv
2015,the-bungles,The Bungles,Big Pimpin,Tevin Coleman,RB,ATL,2,draftdominator_completed_auction,C:\Users\mailp\Dropbox\Personal\FAMILY STUFF\Mike Stuff\Fantasy Football\2015\2015 - DRAFT SUMMARY.csv
2015,the-bungles,The Bungles,Big Pimpin,Tony Romo,QB,DAL,10,draftdominator_completed_auction,C:\Users\mailp\Dropbox\Personal\FAMILY STUFF\Mike Stuff\Fantasy Football\2015\2015 - DRAFT SUMMARY.csv
2015,the-hobbits,The Hobbits,Hobbits,DeSean Jackson,WR,WAS,8,draftdominator_completed_auction,C:\Users\mailp\Dropbox\Personal\FAMILY STUFF\Mike Stuff\Fantasy Football\2015\2015 - DRAFT SUMMARY.csv
2015,the-hobbits,The Hobbits,Hobbits,Jonathan Stewart,RB,CAR,7,draftdominator_completed_auction,C:\Users\mailp\Dropbox\Personal\FAMILY STUFF\Mike Stuff\Fantasy Football\2015\2015 - DRAFT SUMMARY.csv
2015,the-hobbits,The Hobbits,Hobbits,Julius Thomas,TE,JAX,3,draftdominator_completed_auction,C:\Users\mailp\Dropbox\Personal\FAMILY STUFF\Mike Stuff\Fantasy Football\2015\2015 - DRAFT SUMMARY.csv
2015,the-hobbits,The Hobbits,Hobbits,Latavius Murray,RB,LV,10,draftdominator_completed_auction,C:\Users\mailp\Dropbox\Personal\FAMILY STUFF\Mike Stuff\Fantasy Football\2015\2015 - DRAFT SUMMARY.csv
2015,the-hobbits,The Hobbits,Hobbits,Martellus Bennett,TE,CHI,10,draftdominator_completed_auction,C:\Users\mailp\Dropbox\Personal\FAMILY STUFF\Mike Stuff\Fantasy Football\2015\2015 - DRAFT SUMMARY.csv
2015,the-hobbits,The Hobbits,Hobbits,Mason Crosby,K,GB,3,draftdominator_completed_auction,C:\Users\mailp\Dropbox\Personal\FAMILY STUFF\Mike Stuff\Fantasy Football\2015\2015 - DRAFT SUMMARY.csv
2015,the-hobbits,The Hobbits,Hobbits,Melvin Gordon,RB,LAC,12,draftdominator_completed_auction,C:\Users\mailp\Dropbox\Personal\FAMILY STUFF\Mike Stuff\Fantasy Football\2015\2015 - DRAFT SUMMARY.csv
2015,the-hobbits,The Hobbits,Hobbits,Mike Wallace,WR,MIN,3,draftdominator_completed_auction,C:\Users\mailp\Dropbox\Personal\FAMILY STUFF\Mike Stuff\Fantasy Football\2015\2015 - DRAFT SUMMARY.csv
2015,the-hobbits,The Hobbits,Hobbits,Peyton Manning,QB,DEN,25,draftdominator_completed_auction,C:\Users\mailp\Dropbox\Personal\FAMILY STUFF\Mike Stuff\Fantasy Football\2015\2015 - DRAFT SUMMARY.csv
2015,the-hobbits,The Hobbits,Hobbits,Philadelphia,DST,PHI,2,draftdominator_completed_auction,C:\Users\mailp\Dropbox\Personal\FAMILY STUFF\Mike Stuff\Fantasy Football\2015\2015 - DRAFT SUMMARY.csv
2015,the-hobbits,The Hobbits,Hobbits,Roddy White,WR,ATL,2,draftdominator_completed_auction,C:\Users\mailp\Dropbox\Personal\FAMILY STUFF\Mike Stuff\Fantasy Football\2015\2015 - DRAFT SUMMARY.csv
2015,the-hobbits,The Hobbits,Hobbits,Steve Smith,WR,BAL,4,draftdominator_completed_auction,C:\Users\mailp\Dropbox\Personal\FAMILY STUFF\Mike Stuff\Fantasy Football\2015\2015 - DRAFT SUMMARY.csv
2015,three-amigos,Three Amigos,Whoopass,Austin Seferian-Jenkins,TE,TB,1,draftdominator_completed_auction,C:\Users\mailp\Dropbox\Personal\FAMILY STUFF\Mike Stuff\Fantasy Football\2015\2015 - DRAFT SUMMARY.csv
2015,three-amigos,Three Amigos,Whoopass,C.J. Spiller,RB,NO,10,draftdominator_completed_auction,C:\Users\mailp\Dropbox\Personal\FAMILY STUFF\Mike Stuff\Fantasy Football\2015\2015 - DRAFT SUMMARY.csv
2015,three-amigos,Three Amigos,Whoopass,Carolina,DST,CAR,2,draftdominator_completed_auction,C:\Users\mailp\Dropbox\Personal\FAMILY STUFF\Mike Stuff\Fantasy Football\2015\2015 - DRAFT SUMMARY.csv
2015,three-amigos,Three Amigos,Whoopass,Derek Carr,QB,LV,3,draftdominator_completed_auction,C:\Users\mailp\Dropbox\Personal\FAMILY STUFF\Mike Stuff\Fantasy Football\2015\2015 - DRAFT SUMMARY.csv
2015,three-amigos,Three Amigos,Whoopass,Dez Bryant,WR,DAL,37,draftdominator_completed_auction,C:\Users\mailp\Dropbox\Personal\FAMILY STUFF\Mike Stuff\Fantasy Football\2015\2015 - DRAFT SUMMARY.csv
2015,three-amigos,Three Amigos,Whoopass,Eddie Royal,WR,CHI,3,draftdominator_completed_auction,C:\Users\mailp\Dropbox\Personal\FAMILY STUFF\Mike Stuff\Fantasy Football\2015\2015 - DRAFT SUMMARY.csv
2015,three-amigos,Three Amigos,Whoopass,Jameis Winston,QB,TB,1,draftdominator_completed_auction,C:\Users\mailp\Dropbox\Personal\FAMILY STUFF\Mike Stuff\Fantasy Football\2015\2015 - DRAFT SUMMARY.csv
2015,three-amigos,Three Amigos,Whoopass,Jarvis Landry,WR,MIA,11,draftdominator_completed_auction,C:\Users\mailp\Dropbox\Personal\FAMILY STUFF\Mike Stuff\Fantasy Football\2015\2015 - DRAFT SUMMARY.csv
2015,three-amigos,Three Amigos,Whoopass,Jonas Gray,RB,NE,1,draftdominator_completed_auction,C:\Users\mailp\Dropbox\Personal\FAMILY STUFF\Mike Stuff\Fantasy Football\2015\2015 - DRAFT SUMMARY.csv
2015,three-amigos,Three Amigos,Whoopass,Jordy Nelson,WR,GB,2,draftdominator_completed_auction,C:\Users\mailp\Dropbox\Personal\FAMILY STUFF\Mike Stuff\Fantasy Football\2015\2015 - DRAFT SUMMARY.csv
2015,three-amigos,Three Amigos,Whoopass,Matt Bryant,K,ATL,1,draftdominator_completed_auction,C:\Users\mailp\Dropbox\Personal\FAMILY STUFF\Mike Stuff\Fantasy Football\2015\2015 - DRAFT SUMMARY.csv
2015,three-amigos,Three Amigos,Whoopass,Philip Rivers,QB,LAC,2,draftdominator_completed_auction,C:\Users\mailp\Dropbox\Personal\FAMILY STUFF\Mike Stuff\Fantasy Football\2015\2015 - DRAFT SUMMARY.csv
2015,three-amigos,Three Amigos,Whoopass,Todd Gurley,RB,LAR,10,draftdominator_completed_auction,C:\Users\mailp\Dropbox\Personal\FAMILY STUFF\Mike Stuff\Fantasy Football\2015\2015 - DRAFT SUMMARY.csv
2017,angry-face,Angry Face,Angry Face,Alshon Jeffery,WR,PHI,7,draftdominator_completed_auction,C:\Users\mailp\Dropbox\Personal\FAMILY STUFF\Mike Stuff\Fantasy Football\2017\DraftDominator\2017 - DRAFT SUMMARY.csv
2017,angry-face,Angry Face,Angry Face,Arizona,DST,ARI,5,draftdominator_completed_auction,C:\Users\mailp\Dropbox\Personal\FAMILY STUFF\Mike Stuff\Fantasy Football\2017\DraftDominator\2017 - DRAFT SUMMARY.csv
2017,angry-face,Angry Face,Angry Face,Brandin Cooks,WR,NE,24,draftdominator_completed_auction,C:\Users\mailp\Dropbox\Personal\FAMILY STUFF\Mike Stuff\Fantasy Football\2017\DraftDominator\2017 - DRAFT SUMMARY.csv
2017,angry-face,Angry Face,Angry Face,Cam Newton,QB,CAR,8,draftdominator_completed_auction,C:\Users\mailp\Dropbox\Personal\FAMILY STUFF\Mike Stuff\Fantasy Football\2017\DraftDominator\2017 - DRAFT SUMMARY.csv
2017,angry-face,Angry Face,Angry Face,DeVante Parker,WR,MIA,6,draftdominator_completed_auction,C:\Users\mailp\Dropbox\Personal\FAMILY STUFF\Mike Stuff\Fantasy Football\2017\DraftDominator\2017 - DRAFT SUMMARY.csv
2017,angry-face,Angry Face,Angry Face,Hunter Henry,TE,LAC,7,draftdominator_completed_auction,C:\Users\mailp\Dropbox\Personal\FAMILY STUFF\Mike Stuff\Fantasy Football\2017\DraftDominator\2017 - DRAFT SUMMARY.csv
2017,angry-face,Angry Face,Angry Face,Jamaal Charles,RB,DEN,1,draftdominator_completed_auction,C:\Users\mailp\Dropbox\Personal\FAMILY STUFF\Mike Stuff\Fantasy Football\2017\DraftDominator\2017 - DRAFT SUMMARY.csv
2017,angry-face,Angry Face,Angry Face,Josh Doctson,WR,WAS,2,draftdominator_completed_auction,C:\Users\mailp\Dropbox\Personal\FAMILY STUFF\Mike Stuff\Fantasy Football\2017\DraftDominator\2017 - DRAFT SUMMARY.csv
2017,angry-face,Angry Face,Angry Face,Larry Fitzgerald,WR,ARI,5,draftdominator_completed_auction,C:\Users\mailp\Dropbox\Personal\FAMILY STUFF\Mike Stuff\Fantasy Football\2017\DraftDominator\2017 - DRAFT SUMMARY.csv
2017,angry-face,Angry Face,Angry Face,Leonard Fournette,RB,JAX,26,draftdominator_completed_auction,C:\Users\mailp\Dropbox\Personal\FAMILY STUFF\Mike Stuff\Fantasy Football\2017\DraftDominator\2017 - DRAFT SUMMARY.csv
2017,angry-face,Angry Face,Angry Face,Matt Prater,K,DET,1,draftdominator_completed_auction,C:\Users\mailp\Dropbox\Personal\FAMILY STUFF\Mike Stuff\Fantasy Football\2017\DraftDominator\2017 - DRAFT SUMMARY.csv
2017,big-head,Big Head,Big Head,A.J. Green,WR,CIN,28,draftdominator_completed_auction,C:\Users\mailp\Dropbox\Personal\FAMILY STUFF\Mike Stuff\Fantasy Football\2017\DraftDominator\2017 - DRAFT SUMMARY.csv
2017,big-head,Big Head,Big Head,Andrew Luck,QB,IND,8,draftdominator_completed_auction,C:\Users\mailp\Dropbox\Personal\FAMILY STUFF\Mike Stuff\Fantasy Football\2017\DraftDominator\2017 - DRAFT SUMMARY.csv
2017,big-head,Big Head,Big Head,Dak Prescott,QB,DAL,2,draftdominator_completed_auction,C:\Users\mailp\Dropbox\Personal\FAMILY STUFF\Mike Stuff\Fantasy Football\2017\DraftDominator\2017 - DRAFT SUMMARY.csv
2017,big-head,Big Head,Big Head,Donte Moncrief,WR,IND,1,draftdominator_completed_auction,C:\Users\mailp\Dropbox\Personal\FAMILY STUFF\Mike Stuff\Fantasy Football\2017\DraftDominator\2017 - DRAFT SUMMARY.csv
2017,big-head,Big Head,Big Head,Frank Gore,RB,IND,1,draftdominator_completed_auction,C:\Users\mailp\Dropbox\Personal\FAMILY STUFF\Mike Stuff\Fantasy Football\2017\DraftDominator\2017 - DRAFT SUMMARY.csv
2017,big-head,Big Head,Big Head,Houston,DST,HOU,6,draftdominator_completed_auction,C:\Users\mailp\Dropbox\Personal\FAMILY STUFF\Mike Stuff\Fantasy Football\2017\DraftDominator\2017 - DRAFT SUMMARY.csv
2017,big-head,Big Head,Big Head,Jack Doyle,TE,IND,1,draftdominator_completed_auction,C:\Users\mailp\Dropbox\Personal\FAMILY STUFF\Mike Stuff\Fantasy Football\2017\DraftDominator\2017 - DRAFT SUMMARY.csv
2017,big-head,Big Head,Big Head,Jamison Crowder,WR,WAS,1,draftdominator_completed_auction,C:\Users\mailp\Dropbox\Personal\FAMILY STUFF\Mike Stuff\Fantasy Football\2017\DraftDominator\2017 - DRAFT SUMMARY.csv
2017,big-head,Big Head,Big Head,Justin Tucker,K,BAL,2,draftdominator_completed_auction,C:\Users\mailp\Dropbox\Personal\FAMILY STUFF\Mike Stuff\Fantasy Football\2017\DraftDominator\2017 - DRAFT SUMMARY.csv
2017,big-head,Big Head,Big Head,Rob Gronkowski,TE,NE,25,draftdominator_completed_auction,C:\Users\mailp\Dropbox\Personal\FAMILY STUFF\Mike Stuff\Fantasy Football\2017\DraftDominator\2017 - DRAFT SUMMARY.csv
2017,big-head,Big Head,Big Head,Spencer Ware,RB,KC,2,draftdominator_completed_auction,C:\Users\mailp\Dropbox\Personal\FAMILY STUFF\Mike Stuff\Fantasy Football\2017\DraftDominator\2017 - DRAFT SUMMARY.csv
2017,big-head,Big Head,Big Head,Todd Gurley,RB,LAR,20,draftdominator_completed_auction,C:\Users\mailp\Dropbox\Personal\FAMILY STUFF\Mike Stuff\Fantasy Football\2017\DraftDominator\2017 - DRAFT SUMMARY.csv
2017,crime-and-punishment,Crime and Punishment,Crime and Punishment,Amari Cooper,WR,LV,28,draftdominator_completed_auction,C:\Users\mailp\Dropbox\Personal\FAMILY STUFF\Mike Stuff\Fantasy Football\2017\DraftDominator\2017 - DRAFT SUMMARY.csv
2017,crime-and-punishment,Crime and Punishment,Crime and Punishment,Christian McCaffrey,RB,CAR,24,draftdominator_completed_auction,C:\Users\mailp\Dropbox\Personal\FAMILY STUFF\Mike Stuff\Fantasy Football\2017\DraftDominator\2017 - DRAFT SUMMARY.csv
2017,crime-and-punishment,Crime and Punishment,Crime and Punishment,Mason Crosby,K,GB,2,draftdominator_completed_auction,C:\Users\mailp\Dropbox\Personal\FAMILY STUFF\Mike Stuff\Fantasy Football\2017\DraftDominator\2017 - DRAFT SUMMARY.csv
2017,crime-and-punishment,Crime and Punishment,Crime and Punishment,Philadelphia,DST,PHI,1,draftdominator_completed_auction,C:\Users\mailp\Dropbox\Personal\FAMILY STUFF\Mike Stuff\Fantasy Football\2017\DraftDominator\2017 - DRAFT SUMMARY.csv
2017,crime-and-punishment,Crime and Punishment,Crime and Punishment,Russell Wilson,QB,SEA,13,draftdominator_completed_auction,C:\Users\mailp\Dropbox\Personal\FAMILY STUFF\Mike Stuff\Fantasy Football\2017\DraftDominator\2017 - DRAFT SUMMARY.csv
2017,crime-and-punishment,Crime and Punishment,Crime and Punishment,Tevin Coleman,RB,ATL,4,draftdominator_completed_auction,C:\Users\mailp\Dropbox\Personal\FAMILY STUFF\Mike Stuff\Fantasy Football\2017\DraftDominator\2017 - DRAFT SUMMARY.csv
2017,crime-and-punishment,Crime and Punishment,Crime and Punishment,Tyrell Williams,WR,LAC,2,draftdominator_completed_auction,C:\Users\mailp\Dropbox\Personal\FAMILY STUFF\Mike Stuff\Fantasy Football\2017\DraftDominator\2017 - DRAFT SUMMARY.csv
2017,crime-and-punishment,Crime and Punishment,Crime and Punishment,Zach Ertz,TE,PHI,8,draftdominator_completed_auction,C:\Users\mailp\Dropbox\Personal\FAMILY STUFF\Mike Stuff\Fantasy Football\2017\DraftDominator\2017 - DRAFT SUMMARY.csv
2017,dogs-of-war,Dogs of War,Dogs of War,Bilal Powell,RB,NYJ,9,draftdominator_completed_auction,C:\Users\mailp\Dropbox\Personal\FAMILY STUFF\Mike Stuff\Fantasy Football\2017\DraftDominator\2017 - DRAFT SUMMARY.csv
2017,dogs-of-war,Dogs of War,Dogs of War,DeAndre Hopkins,WR,HOU,15,draftdominator_completed_auction,C:\Users\mailp\Dropbox\Personal\FAMILY STUFF\Mike Stuff\Fantasy Football\2017\DraftDominator\2017 - DRAFT SUMMARY.csv
2017,dogs-of-war,Dogs of War,Dogs of War,DeMarco Murray,RB,TEN,32,draftdominator_completed_auction,C:\Users\mailp\Dropbox\Personal\FAMILY STUFF\Mike Stuff\Fantasy Football\2017\DraftDominator\2017 - DRAFT SUMMARY.csv
2017,dogs-of-war,Dogs of War,Dogs of War,Emmanuel Sanders,WR,DEN,8,draftdominator_completed_auction,C:\Users\mailp\Dropbox\Personal\FAMILY STUFF\Mike Stuff\Fantasy Football\2017\DraftDominator\2017 - DRAFT SUMMARY.csv
2017,dogs-of-war,Dogs of War,Dogs of War,Golden Tate,WR,DET,3,draftdominator_completed_auction,C:\Users\mailp\Dropbox\Personal\FAMILY STUFF\Mike Stuff\Fantasy Football\2017\DraftDominator\2017 - DRAFT SUMMARY.csv
2017,dogs-of-war,Dogs of War,Dogs of War,Jason Witten,TE,DAL,3,draftdominator_completed_auction,C:\Users\mailp\Dropbox\Personal\FAMILY STUFF\Mike Stuff\Fantasy Football\2017\DraftDominator\2017 - DRAFT SUMMARY.csv
2017,dogs-of-war,Dogs of War,Dogs of War,Kansas City,DST,KC,4,draftdominator_completed_auction,C:\Users\mailp\Dropbox\Personal\FAMILY STUFF\Mike Stuff\Fantasy Football\2017\DraftDominator\2017 - DRAFT SUMMARY.csv
2017,dogs-of-war,Dogs of War,Dogs of War,Lamar Miller,RB,HOU,16,draftdominator_completed_auction,C:\Users\mailp\Dropbox\Personal\FAMILY STUFF\Mike Stuff\Fantasy Football\2017\DraftDominator\2017 - DRAFT SUMMARY.csv
2017,dogs-of-war,Dogs of War,Dogs of War,Stephen Gostkowski,K,NE,3,draftdominator_completed_auction,C:\Users\mailp\Dropbox\Personal\FAMILY STUFF\Mike Stuff\Fantasy Football\2017\DraftDominator\2017 - DRAFT SUMMARY.csv
2017,el-guapo,El Guapo,El Guapo,Coby Fleener,TE,NO,1,draftdominator_completed_auction,C:\Users\mailp\Dropbox\Personal\FAMILY STUFF\Mike Stuff\Fantasy Football\2017\DraftDominator\2017 - DRAFT SUMMARY.csv
2017,el-guapo,El Guapo,El Guapo,Dalvin Cook,RB,MIN,28,draftdominator_completed_auction,C:\Users\mailp\Dropbox\Personal\FAMILY STUFF\Mike Stuff\Fantasy Football\2017\DraftDominator\2017 - DRAFT SUMMARY.csv
2017,el-guapo,El Guapo,El Guapo,Dan Bailey,K,DAL,2,draftdominator_completed_auction,C:\Users\mailp\Dropbox\Personal\FAMILY STUFF\Mike Stuff\Fantasy Football\2017\DraftDominator\2017 - DRAFT SUMMARY.csv
2017,el-guapo,El Guapo,El Guapo,Denver,DST,DEN,9,draftdominator_completed_auction,C:\Users\mailp\Dropbox\Personal\FAMILY STUFF\Mike Stuff\Fantasy Football\2017\DraftDominator\2017 - DRAFT SUMMARY.csv
2017,el-guapo,El Guapo,El Guapo,Eli Manning,QB,NYG,2,draftdominator_completed_auction,C:\Users\mailp\Dropbox\Personal\FAMILY STUFF\Mike Stuff\Fantasy Football\2017\DraftDominator\2017 - DRAFT SUMMARY.csv
2017,el-guapo,El Guapo,El Guapo,Jamaal Williams,RB,GB,6,draftdominator_completed_auction,C:\Users\mailp\Dropbox\Personal\FAMILY STUFF\Mike Stuff\Fantasy Football\2017\DraftDominator\2017 - DRAFT SUMMARY.csv
2017,el-guapo,El Guapo,El Guapo,Odell Beckham Jr,WR,NYG,42,draftdominator_completed_auction,C:\Users\mailp\Dropbox\Personal\FAMILY STUFF\Mike Stuff\Fantasy Football\2017\DraftDominator\2017 - DRAFT SUMMARY.csv
2017,el-guapo,El Guapo,El Guapo,Stefon Diggs,WR,MIN,7,draftdominator_completed_auction,C:\Users\mailp\Dropbox\Personal\FAMILY STUFF\Mike Stuff\Fantasy Football\2017\DraftDominator\2017 - DRAFT SUMMARY.csv
2017,goon-skwad,Goon Skwad,Goon Skwad,Allen Robinson,WR,JAX,9,draftdominator_completed_auction,C:\Users\mailp\Dropbox\Personal\FAMILY STUFF\Mike Stuff\Fantasy Football\2017\DraftDominator\2017 - DRAFT SUMMARY.csv
2017,goon-skwad,Goon Skwad,Goon Skwad,Baltimore,DST,BAL,1,draftdominator_completed_auction,C:\Users\mailp\Dropbox\Personal\FAMILY STUFF\Mike Stuff\Fantasy Football\2017\DraftDominator\2017 - DRAFT SUMMARY.csv
2017,goon-skwad,Goon Skwad,Goon Skwad,Ben Roethlisberger,QB,PIT,5,draftdominator_completed_auction,C:\Users\mailp\Dropbox\Personal\FAMILY STUFF\Mike Stuff\Fantasy Football\2017\DraftDominator\2017 - DRAFT SUMMARY.csv
2017,goon-skwad,Goon Skwad,Goon Skwad,DeAndre Washington,RB,LV,1,draftdominator_completed_auction,C:\Users\mailp\Dropbox\Personal\FAMILY STUFF\Mike Stuff\Fantasy Football\2017\DraftDominator\2017 - DRAFT SUMMARY.csv
2017,goon-skwad,Goon Skwad,Goon Skwad,Derek Carr,QB,LV,4,draftdominator_completed_auction,C:\Users\mailp\Dropbox\Personal\FAMILY STUFF\Mike Stuff\Fantasy Football\2017\DraftDominator\2017 - DRAFT SUMMARY.csv
2017,goon-skwad,Goon Skwad,Goon Skwad,James Conner,RB,PIT,1,draftdominator_completed_auction,C:\Users\mailp\Dropbox\Personal\FAMILY STUFF\Mike Stuff\Fantasy Football\2017\DraftDominator\2017 - DRAFT SUMMARY.csv
2017,goon-skwad,Goon Skwad,Goon Skwad,Marshawn Lynch,RB,LV,18,draftdominator_completed_auction,C:\Users\mailp\Dropbox\Personal\FAMILY STUFF\Mike Stuff\Fantasy Football\2017\DraftDominator\2017 - DRAFT SUMMARY.csv
2017,goon-skwad,Goon Skwad,Goon Skwad,Martavis Bryant,WR,PIT,6,draftdominator_completed_auction,C:\Users\mailp\Dropbox\Personal\FAMILY STUFF\Mike Stuff\Fantasy Football\2017\DraftDominator\2017 - DRAFT SUMMARY.csv
2017,goon-skwad,Goon Skwad,Goon Skwad,Michael Crabtree,WR,LV,7,draftdominator_completed_auction,C:\Users\mailp\Dropbox\Personal\FAMILY STUFF\Mike Stuff\Fantasy Football\2017\DraftDominator\2017 - DRAFT SUMMARY.csv
2017,goon-skwad,Goon Skwad,Goon Skwad,Mike Gillislee,RB,NE,2,draftdominator_completed_auction,C:\Users\mailp\Dropbox\Personal\FAMILY STUFF\Mike Stuff\Fantasy Football\2017\DraftDominator\2017 - DRAFT SUMMARY.csv
2017,goon-skwad,Goon Skwad,Goon Skwad,Phil Dawson,K,ARI,1,draftdominator_completed_auction,C:\Users\mailp\Dropbox\Personal\FAMILY STUFF\Mike Stuff\Fantasy Football\2017\DraftDominator\2017 - DRAFT SUMMARY.csv
2017,goon-skwad,Goon Skwad,Goon Skwad,Terrance West,RB,BAL,3,draftdominator_completed_auction,C:\Users\mailp\Dropbox\Personal\FAMILY STUFF\Mike Stuff\Fantasy Football\2017\DraftDominator\2017 - DRAFT SUMMARY.csv
2017,orange-crush,Orange Crush,Orange Crush,Aaron Rodgers,QB,GB,22,draftdominator_completed_auction,C:\Users\mailp\Dropbox\Personal\FAMILY STUFF\Mike Stuff\Fantasy Football\2017\DraftDominator\2017 - DRAFT SUMMARY.csv
2017,orange-crush,Orange Crush,Orange Crush,Chris Carson,RB,SEA,2,draftdominator_completed_auction,C:\Users\mailp\Dropbox\Personal\FAMILY STUFF\Mike Stuff\Fantasy Football\2017\DraftDominator\2017 - DRAFT SUMMARY.csv
2017,orange-crush,Orange Crush,Orange Crush,Darren McFadden,RB,DAL,3,draftdominator_completed_auction,C:\Users\mailp\Dropbox\Personal\FAMILY STUFF\Mike Stuff\Fantasy Football\2017\DraftDominator\2017 - DRAFT SUMMARY.csv
2017,orange-crush,Orange Crush,Orange Crush,Demaryius Thomas,WR,DEN,24,draftdominator_completed_auction,C:\Users\mailp\Dropbox\Personal\FAMILY STUFF\Mike Stuff\Fantasy Football\2017\DraftDominator\2017 - DRAFT SUMMARY.csv
2017,orange-crush,Orange Crush,Orange Crush,Eric Decker,WR,TEN,1,draftdominator_completed_auction,C:\Users\mailp\Dropbox\Personal\FAMILY STUFF\Mike Stuff\Fantasy Football\2017\DraftDominator\2017 - DRAFT SUMMARY.csv
2017,orange-crush,Orange Crush,Orange Crush,Ezekiel Elliott,RB,DAL,22,draftdominator_completed_auction,C:\Users\mailp\Dropbox\Personal\FAMILY STUFF\Mike Stuff\Fantasy Football\2017\DraftDominator\2017 - DRAFT SUMMARY.csv
2017,orange-crush,Orange Crush,Orange Crush,Jonathan Stewart,RB,CAR,1,draftdominator_completed_auction,C:\Users\mailp\Dropbox\Personal\FAMILY STUFF\Mike Stuff\Fantasy Football\2017\DraftDominator\2017 - DRAFT SUMMARY.csv
2017,orange-crush,Orange Crush,Orange Crush,LA Rams,DST,LAR,1,draftdominator_completed_auction,C:\Users\mailp\Dropbox\Personal\FAMILY STUFF\Mike Stuff\Fantasy Football\2017\DraftDominator\2017 - DRAFT SUMMARY.csv
2017,orange-crush,Orange Crush,Orange Crush,Randall Cobb,WR,GB,5,draftdominator_completed_auction,C:\Users\mailp\Dropbox\Personal\FAMILY STUFF\Mike Stuff\Fantasy Football\2017\DraftDominator\2017 - DRAFT SUMMARY.csv
2017,orange-crush,Orange Crush,Orange Crush,Sammy Watkins,WR,LAR,3,draftdominator_completed_auction,C:\Users\mailp\Dropbox\Personal\FAMILY STUFF\Mike Stuff\Fantasy Football\2017\DraftDominator\2017 - DRAFT SUMMARY.csv
2017,orange-crush,Orange Crush,Orange Crush,Sebastian Janikowski,K,LV,1,draftdominator_completed_auction,C:\Users\mailp\Dropbox\Personal\FAMILY STUFF\Mike Stuff\Fantasy Football\2017\DraftDominator\2017 - DRAFT SUMMARY.csv
2017,super-suckers,Super Suckers,Super Suckers,Antonio Brown,WR,PIT,39,draftdominator_completed_auction,C:\Users\mailp\Dropbox\Personal\FAMILY STUFF\Mike Stuff\Fantasy Football\2017\DraftDominator\2017 - DRAFT SUMMARY.csv
2017,super-suckers,Super Suckers,Super Suckers,DOnta Foreman,RB,HOU,3,draftdominator_completed_auction,C:\Users\mailp\Dropbox\Personal\FAMILY STUFF\Mike Stuff\Fantasy Football\2017\DraftDominator\2017 - DRAFT SUMMARY.csv
2017,super-suckers,Super Suckers,Super Suckers,Delanie Walker,TE,TEN,8,draftdominator_completed_auction,C:\Users\mailp\Dropbox\Personal\FAMILY STUFF\Mike Stuff\Fantasy Football\2017\DraftDominator\2017 - DRAFT SUMMARY.csv
2017,super-suckers,Super Suckers,Super Suckers,Duke Johnson,RB,CLE,3,draftdominator_completed_auction,C:\Users\mailp\Dropbox\Personal\FAMILY STUFF\Mike Stuff\Fantasy Football\2017\DraftDominator\2017 - DRAFT SUMMARY.csv
2017,super-suckers,Super Suckers,Super Suckers,Marcus Mariota,QB,TEN,6,draftdominator_completed_auction,C:\Users\mailp\Dropbox\Personal\FAMILY STUFF\Mike Stuff\Fantasy Football\2017\DraftDominator\2017 - DRAFT SUMMARY.csv
2017,super-suckers,Super Suckers,Super Suckers,New England,DST,NE,3,draftdominator_completed_auction,C:\Users\mailp\Dropbox\Personal\FAMILY STUFF\Mike Stuff\Fantasy Football\2017\DraftDominator\2017 - DRAFT SUMMARY.csv
2017,super-suckers,Super Suckers,Super Suckers,Pierre Garcon,WR,SF,1,draftdominator_completed_auction,C:\Users\mailp\Dropbox\Personal\FAMILY STUFF\Mike Stuff\Fantasy Football\2017\DraftDominator\2017 - DRAFT SUMMARY.csv
2017,super-suckers,Super Suckers,Super Suckers,Rex Burkhead,RB,NE,1,draftdominator_completed_auction,C:\Users\mailp\Dropbox\Personal\FAMILY STUFF\Mike Stuff\Fantasy Football\2017\DraftDominator\2017 - DRAFT SUMMARY.csv
2017,super-suckers,Super Suckers,Super Suckers,Samaje Perine,RB,WAS,3,draftdominator_completed_auction,C:\Users\mailp\Dropbox\Personal\FAMILY STUFF\Mike Stuff\Fantasy Football\2017\DraftDominator\2017 - DRAFT SUMMARY.csv
2017,super-suckers,Super Suckers,Super Suckers,T.Y. Hilton,WR,IND,21,draftdominator_completed_auction,C:\Users\mailp\Dropbox\Personal\FAMILY STUFF\Mike Stuff\Fantasy Football\2017\DraftDominator\2017 - DRAFT SUMMARY.csv
2017,super-suckers,Super Suckers,Super Suckers,Theo Riddick,RB,DET,3,draftdominator_completed_auction,C:\Users\mailp\Dropbox\Personal\FAMILY STUFF\Mike Stuff\Fantasy Football\2017\DraftDominator\2017 - DRAFT SUMMARY.csv
2017,super-suckers,Super Suckers,Super Suckers,Wil Lutz,K,NO,1,draftdominator_completed_auction,C:\Users\mailp\Dropbox\Personal\FAMILY STUFF\Mike Stuff\Fantasy Football\2017\DraftDominator\2017 - DRAFT SUMMARY.csv
2017,super-suckers,Super Suckers,Super Suckers,Willie Snead,WR,NO,3,draftdominator_completed_auction,C:\Users\mailp\Dropbox\Personal\FAMILY STUFF\Mike Stuff\Fantasy Football\2017\DraftDominator\2017 - DRAFT SUMMARY.csv
2017,t-dogs,T-Dogs,T-Dogs,Breshad Perriman,WR,BAL,1,draftdominator_completed_auction,C:\Users\mailp\Dropbox\Personal\FAMILY STUFF\Mike Stuff\Fantasy Football\2017\DraftDominator\2017 - DRAFT SUMMARY.csv
2017,t-dogs,T-Dogs,T-Dogs,Carson Palmer,QB,ARI,1,draftdominator_completed_auction,C:\Users\mailp\Dropbox\Personal\FAMILY STUFF\Mike Stuff\Fantasy Football\2017\DraftDominator\2017 - DRAFT SUMMARY.csv
2017,t-dogs,T-Dogs,T-Dogs,Doug Martin,RB,TB,2,draftdominator_completed_auction,C:\Users\mailp\Dropbox\Personal\FAMILY STUFF\Mike Stuff\Fantasy Football\2017\DraftDominator\2017 - DRAFT SUMMARY.csv
2017,t-dogs,T-Dogs,T-Dogs,Dustin Hopkins,K,WAS,1,draftdominator_completed_auction,C:\Users\mailp\Dropbox\Personal\FAMILY STUFF\Mike Stuff\Fantasy Football\2017\DraftDominator\2017 - DRAFT SUMMARY.csv
2017,t-dogs,T-Dogs,T-Dogs,Jay Ajayi,RB,MIA,31,draftdominator_completed_auction,C:\Users\mailp\Dropbox\Personal\FAMILY STUFF\Mike Stuff\Fantasy Football\2017\DraftDominator\2017 - DRAFT SUMMARY.csv
2017,t-dogs,T-Dogs,T-Dogs,Jonathan Williams,RB,BUF,1,draftdominator_completed_auction,C:\Users\mailp\Dropbox\Personal\FAMILY STUFF\Mike Stuff\Fantasy Football\2017\DraftDominator\2017 - DRAFT SUMMARY.csv
2017,t-dogs,T-Dogs,T-Dogs,Jordan Matthews,WR,BUF,1,draftdominator_completed_auction,C:\Users\mailp\Dropbox\Personal\FAMILY STUFF\Mike Stuff\Fantasy Football\2017\DraftDominator\2017 - DRAFT SUMMARY.csv
2017,t-dogs,T-Dogs,T-Dogs,Jordan Reed,TE,WAS,16,draftdominator_completed_auction,C:\Users\mailp\Dropbox\Personal\FAMILY STUFF\Mike Stuff\Fantasy Football\2017\DraftDominator\2017 - DRAFT SUMMARY.csv
2017,t-dogs,T-Dogs,T-Dogs,Mike Evans,WR,TB,34,draftdominator_completed_auction,C:\Users\mailp\Dropbox\Personal\FAMILY STUFF\Mike Stuff\Fantasy Football\2017\DraftDominator\2017 - DRAFT SUMMARY.csv
2017,t-dogs,T-Dogs,T-Dogs,Philip Rivers,QB,LAC,2,draftdominator_completed_auction,C:\Users\mailp\Dropbox\Personal\FAMILY STUFF\Mike Stuff\Fantasy Football\2017\DraftDominator\2017 - DRAFT SUMMARY.csv
2017,t-dogs,T-Dogs,T-Dogs,Seattle,DST,SEA,6,draftdominator_completed_auction,C:\Users\mailp\Dropbox\Personal\FAMILY STUFF\Mike Stuff\Fantasy Football\2017\DraftDominator\2017 - DRAFT SUMMARY.csv
2017,t-dogs,T-Dogs,T-Dogs,Thomas Rawls,RB,SEA,3,draftdominator_completed_auction,C:\Users\mailp\Dropbox\Personal\FAMILY STUFF\Mike Stuff\Fantasy Football\2017\DraftDominator\2017 - DRAFT SUMMARY.csv
2017,the-bungles,The Bungles,Fumble Brewskis,Brandon Marshall,WR,NYG,3,draftdominator_completed_auction,C:\Users\mailp\Dropbox\Personal\FAMILY STUFF\Mike Stuff\Fantasy Football\2017\DraftDominator\2017 - DRAFT SUMMARY.csv
2017,the-bungles,The Bungles,Fumble Brewskis,Chris Boswell,K,PIT,1,draftdominator_completed_auction,C:\Users\mailp\Dropbox\Personal\FAMILY STUFF\Mike Stuff\Fantasy Football\2017\DraftDominator\2017 - DRAFT SUMMARY.csv
2017,the-bungles,The Bungles,Fumble Brewskis,Drew Brees,QB,NO,15,draftdominator_completed_auction,C:\Users\mailp\Dropbox\Personal\FAMILY STUFF\Mike Stuff\Fantasy Football\2017\DraftDominator\2017 - DRAFT SUMMARY.csv
2017,the-bungles,The Bungles,Fumble Brewskis,Greg Olsen,TE,CAR,12,draftdominator_completed_auction,C:\Users\mailp\Dropbox\Personal\FAMILY STUFF\Mike Stuff\Fantasy Football\2017\DraftDominator\2017 - DRAFT SUMMARY.csv
2017,the-bungles,The Bungles,Fumble Brewskis,Jameis Winston,QB,TB,4,draftdominator_completed_auction,C:\Users\mailp\Dropbox\Personal\FAMILY STUFF\Mike Stuff\Fantasy Football\2017\DraftDominator\2017 - DRAFT SUMMARY.csv
2017,the-bungles,The Bungles,Fumble Brewskis,James White,RB,NE,2,draftdominator_completed_auction,C:\Users\mailp\Dropbox\Personal\FAMILY STUFF\Mike Stuff\Fantasy Football\2017\DraftDominator\2017 - DRAFT SUMMARY.csv
2017,the-bungles,The Bungles,Fumble Brewskis,Jarvis Landry,WR,MIA,7,draftdominator_completed_auction,C:\Users\mailp\Dropbox\Personal\FAMILY STUFF\Mike Stuff\Fantasy Football\2017\DraftDominator\2017 - DRAFT SUMMARY.csv
2017,the-bungles,The Bungles,Fumble Brewskis,Kareem Hunt,RB,KC,12,draftdominator_completed_auction,C:\Users\mailp\Dropbox\Personal\FAMILY STUFF\Mike Stuff\Fantasy Football\2017\DraftDominator\2017 - DRAFT SUMMARY.csv
2017,the-bungles,The Bungles,Fumble Brewskis,LeSean McCoy,RB,BUF,29,draftdominator_completed_auction,C:\Users\mailp\Dropbox\Personal\FAMILY STUFF\Mike Stuff\Fantasy Football\2017\DraftDominator\2017 - DRAFT SUMMARY.csv
2017,the-bungles,The Bungles,Fumble Brewskis,Matt Forte,RB,NYJ,4,draftdominator_completed_auction,C:\Users\mailp\Dropbox\Personal\FAMILY STUFF\Mike Stuff\Fantasy Football\2017\DraftDominator\2017 - DRAFT SUMMARY.csv
2017,the-bungles,The Bungles,Fumble Brewskis,NY Giants,DST,NYG,2,draftdominator_completed_auction,C:\Users\mailp\Dropbox\Personal\FAMILY STUFF\Mike Stuff\Fantasy Football\2017\DraftDominator\2017 - DRAFT SUMMARY.csv
2017,the-hobbits,The Hobbits,Hobbits,Andy Dalton,QB,CIN,1,draftdominator_completed_auction,C:\Users\mailp\Dropbox\Personal\FAMILY STUFF\Mike Stuff\Fantasy Football\2017\DraftDominator\2017 - DRAFT SUMMARY.csv
2017,the-hobbits,The Hobbits,Hobbits,Brandon McManus,K,DEN,2,draftdominator_completed_auction,C:\Users\mailp\Dropbox\Personal\FAMILY STUFF\Mike Stuff\Fantasy Football\2017\DraftDominator\2017 - DRAFT SUMMARY.csv
2017,the-hobbits,The Hobbits,Hobbits,Carlos Hyde,RB,SF,7,draftdominator_completed_auction,C:\Users\mailp\Dropbox\Personal\FAMILY STUFF\Mike Stuff\Fantasy Football\2017\DraftDominator\2017 - DRAFT SUMMARY.csv
2017,the-hobbits,The Hobbits,Hobbits,Chris Hogan,WR,NE,2,draftdominator_completed_auction,C:\Users\mailp\Dropbox\Personal\FAMILY STUFF\Mike Stuff\Fantasy Football\2017\DraftDominator\2017 - DRAFT SUMMARY.csv
2017,the-hobbits,The Hobbits,Hobbits,Derrick Henry,RB,TEN,6,draftdominator_completed_auction,C:\Users\mailp\Dropbox\Personal\FAMILY STUFF\Mike Stuff\Fantasy Football\2017\DraftDominator\2017 - DRAFT SUMMARY.csv
2017,the-hobbits,The Hobbits,Hobbits,Dez Bryant,WR,DAL,14,draftdominator_completed_auction,C:\Users\mailp\Dropbox\Personal\FAMILY STUFF\Mike Stuff\Fantasy Football\2017\DraftDominator\2017 - DRAFT SUMMARY.csv
2017,the-hobbits,The Hobbits,Hobbits,Kelvin Benjamin,WR,CAR,5,draftdominator_completed_auction,C:\Users\mailp\Dropbox\Personal\FAMILY STUFF\Mike Stuff\Fantasy Football\2017\DraftDominator\2017 - DRAFT SUMMARY.csv
2017,the-hobbits,The Hobbits,Hobbits,Minnesota,DST,MIN,4,draftdominator_completed_auction,C:\Users\mailp\Dropbox\Personal\FAMILY STUFF\Mike Stuff\Fantasy Football\2017\DraftDominator\2017 - DRAFT SUMMARY.csv
2017,the-hobbits,The Hobbits,Hobbits,O.J. Howard,TE,TB,1,draftdominator_completed_auction,C:\Users\mailp\Dropbox\Personal\FAMILY STUFF\Mike Stuff\Fantasy Football\2017\DraftDominator\2017 - DRAFT SUMMARY.csv
2017,the-hobbits,The Hobbits,Hobbits,Paul Perkins,RB,NYG,7,draftdominator_completed_auction,C:\Users\mailp\Dropbox\Personal\FAMILY STUFF\Mike Stuff\Fantasy Football\2017\DraftDominator\2017 - DRAFT SUMMARY.csv
2017,the-hobbits,The Hobbits,Hobbits,Rob Kelley,RB,WAS,11,draftdominator_completed_auction,C:\Users\mailp\Dropbox\Personal\FAMILY STUFF\Mike Stuff\Fantasy Football\2017\DraftDominator\2017 - DRAFT SUMMARY.csv
2017,the-hobbits,The Hobbits,Hobbits,Travis Kelce,TE,KC,18,draftdominator_completed_auction,C:\Users\mailp\Dropbox\Personal\FAMILY STUFF\Mike Stuff\Fantasy Football\2017\DraftDominator\2017 - DRAFT SUMMARY.csv
2017,the-hobbits,The Hobbits,Hobbits,Tyler Eifert,TE,CIN,9,draftdominator_completed_auction,C:\Users\mailp\Dropbox\Personal\FAMILY STUFF\Mike Stuff\Fantasy Football\2017\DraftDominator\2017 - DRAFT SUMMARY.csv
2017,three-amigos,Three Amigos,Whoopass,C.J. Anderson,RB,DEN,13,draftdominator_completed_auction,C:\Users\mailp\Dropbox\Personal\FAMILY STUFF\Mike Stuff\Fantasy Football\2017\DraftDominator\2017 - DRAFT SUMMARY.csv
2017,three-amigos,Three Amigos,Whoopass,Carolina,DST,CAR,2,draftdominator_completed_auction,C:\Users\mailp\Dropbox\Personal\FAMILY STUFF\Mike Stuff\Fantasy Football\2017\DraftDominator\2017 - DRAFT SUMMARY.csv
2017,three-amigos,Three Amigos,Whoopass,Corey Davis,WR,TEN,1,draftdominator_completed_auction,C:\Users\mailp\Dropbox\Personal\FAMILY STUFF\Mike Stuff\Fantasy Football\2017\DraftDominator\2017 - DRAFT SUMMARY.csv
2017,three-amigos,Three Amigos,Whoopass,Jeremy Maclin,WR,BAL,3,draftdominator_completed_auction,C:\Users\mailp\Dropbox\Personal\FAMILY STUFF\Mike Stuff\Fantasy Football\2017\DraftDominator\2017 - DRAFT SUMMARY.csv
2017,three-amigos,Three Amigos,Whoopass,Joe Mixon,RB,CIN,11,draftdominator_completed_auction,C:\Users\mailp\Dropbox\Personal\FAMILY STUFF\Mike Stuff\Fantasy Football\2017\DraftDominator\2017 - DRAFT SUMMARY.csv
2017,three-amigos,Three Amigos,Whoopass,Julio Jones,WR,ATL,46,draftdominator_completed_auction,C:\Users\mailp\Dropbox\Personal\FAMILY STUFF\Mike Stuff\Fantasy Football\2017\DraftDominator\2017 - DRAFT SUMMARY.csv
2017,three-amigos,Three Amigos,Whoopass,LeGarrette Blount,RB,PHI,1,draftdominator_completed_auction,C:\Users\mailp\Dropbox\Personal\FAMILY STUFF\Mike Stuff\Fantasy Football\2017\DraftDominator\2017 - DRAFT SUMMARY.csv
2017,three-amigos,Three Amigos,Whoopass,Mark Ingram,RB,NO,10,draftdominator_completed_auction,C:\Users\mailp\Dropbox\Personal\FAMILY STUFF\Mike Stuff\Fantasy Football\2017\DraftDominator\2017 - DRAFT SUMMARY.csv
2017,three-amigos,Three Amigos,Whoopass,Marlon Mack,RB,IND,1,draftdominator_completed_auction,C:\Users\mailp\Dropbox\Personal\FAMILY STUFF\Mike Stuff\Fantasy Football\2017\DraftDominator\2017 - DRAFT SUMMARY.csv
2017,three-amigos,Three Amigos,Whoopass,Martellus Bennett,TE,GB,5,draftdominator_completed_auction,C:\Users\mailp\Dropbox\Personal\FAMILY STUFF\Mike Stuff\Fantasy Football\2017\DraftDominator\2017 - DRAFT SUMMARY.csv
2017,three-amigos,Three Amigos,Whoopass,Matt Bryant,K,ATL,2,draftdominator_completed_auction,C:\Users\mailp\Dropbox\Personal\FAMILY STUFF\Mike Stuff\Fantasy Football\2017\DraftDominator\2017 - DRAFT SUMMARY.csv
2017,three-amigos,Three Amigos,Whoopass,Matthew Stafford,QB,DET,1,draftdominator_completed_auction,C:\Users\mailp\Dropbox\Personal\FAMILY STUFF\Mike Stuff\Fantasy Football\2017\DraftDominator\2017 - DRAFT SUMMARY.csv
2018,angry-face,Angry Face,Angry Face,Austin Seferian-Jenkins,TE,JAX,1,draftdominator_completed_auction,C:\Users\mailp\Dropbox\Personal\FAMILY STUFF\Mike Stuff\Fantasy Football\2018\DraftDominator\2018 - DRAFT SUMMARY.csv
2018,angry-face,Angry Face,Angry Face,Chris Boswell,K,PIT,1,draftdominator_completed_auction,C:\Users\mailp\Dropbox\Personal\FAMILY STUFF\Mike Stuff\Fantasy Football\2018\DraftDominator\2018 - DRAFT SUMMARY.csv
2018,angry-face,Angry Face,Angry Face,Chris Carson,RB,SEA,5,draftdominator_completed_auction,C:\Users\mailp\Dropbox\Personal\FAMILY STUFF\Mike Stuff\Fantasy Football\2018\DraftDominator\2018 - DRAFT SUMMARY.csv
2018,angry-face,Angry Face,Angry Face,Christian McCaffrey,RB,CAR,29,draftdominator_completed_auction,C:\Users\mailp\Dropbox\Personal\FAMILY STUFF\Mike Stuff\Fantasy Football\2018\DraftDominator\2018 - DRAFT SUMMARY.csv
2018,angry-face,Angry Face,Angry Face,Doug Baldwin,WR,SEA,16,draftdominator_completed_auction,C:\Users\mailp\Dropbox\Personal\FAMILY STUFF\Mike Stuff\Fantasy Football\2018\DraftDominator\2018 - DRAFT SUMMARY.csv
2018,angry-face,Angry Face,Angry Face,Jameis Winston,QB,TB,1,draftdominator_completed_auction,C:\Users\mailp\Dropbox\Personal\FAMILY STUFF\Mike Stuff\Fantasy Football\2018\DraftDominator\2018 - DRAFT SUMMARY.csv
2018,angry-face,Angry Face,Angry Face,James Conner,RB,PIT,1,draftdominator_completed_auction,C:\Users\mailp\Dropbox\Personal\FAMILY STUFF\Mike Stuff\Fantasy Football\2018\DraftDominator\2018 - DRAFT SUMMARY.csv
2018,angry-face,Angry Face,Angry Face,Jared Goff,QB,LAR,1,draftdominator_completed_auction,C:\Users\mailp\Dropbox\Personal\FAMILY STUFF\Mike Stuff\Fantasy Football\2018\DraftDominator\2018 - DRAFT SUMMARY.csv
2018,angry-face,Angry Face,Angry Face,Jimmy Garoppolo,QB,SF,6,draftdominator_completed_auction,C:\Users\mailp\Dropbox\Personal\FAMILY STUFF\Mike Stuff\Fantasy Football\2018\DraftDominator\2018 - DRAFT SUMMARY.csv
2018,angry-face,Angry Face,Angry Face,Julian Edelman,WR,NE,3,draftdominator_completed_auction,C:\Users\mailp\Dropbox\Personal\FAMILY STUFF\Mike Stuff\Fantasy Football\2018\DraftDominator\2018 - DRAFT SUMMARY.csv
2018,angry-face,Angry Face,Angry Face,Kansas City,DST,KC,1,draftdominator_completed_auction,C:\Users\mailp\Dropbox\Personal\FAMILY STUFF\Mike Stuff\Fantasy Football\2018\DraftDominator\2018 - DRAFT SUMMARY.csv
2018,angry-face,Angry Face,Angry Face,Kenny Golladay,WR,DET,1,draftdominator_completed_auction,C:\Users\mailp\Dropbox\Personal\FAMILY STUFF\Mike Stuff\Fantasy Football\2018\DraftDominator\2018 - DRAFT SUMMARY.csv
2018,angry-face,Angry Face,Angry Face,Rob Gronkowski,TE,NE,19,draftdominator_completed_auction,C:\Users\mailp\Dropbox\Personal\FAMILY STUFF\Mike Stuff\Fantasy Football\2018\DraftDominator\2018 - DRAFT SUMMARY.csv
2018,big-head,Big Head,Big Head,Drew Brees,QB,NO,13,draftdominator_completed_auction,C:\Users\mailp\Dropbox\Personal\FAMILY STUFF\Mike Stuff\Fantasy Football\2018\DraftDominator\2018 - DRAFT SUMMARY.csv
2018,big-head,Big Head,Big Head,Duke Johnson,RB,CLE,1,draftdominator_completed_auction,C:\Users\mailp\Dropbox\Personal\FAMILY STUFF\Mike Stuff\Fantasy Football\2018\DraftDominator\2018 - DRAFT SUMMARY.csv
2018,big-head,Big Head,Big Head,George Kittle,TE,SF,5,draftdominator_completed_auction,C:\Users\mailp\Dropbox\Personal\FAMILY STUFF\Mike Stuff\Fantasy Football\2018\DraftDominator\2018 - DRAFT SUMMARY.csv
2018,big-head,Big Head,Big Head,Jake Butt,TE,DEN,1,draftdominator_completed_auction,C:\Users\mailp\Dropbox\Personal\FAMILY STUFF\Mike Stuff\Fantasy Football\2018\DraftDominator\2018 - DRAFT SUMMARY.csv
2018,big-head,Big Head,Big Head,Jamison Crowder,WR,WAS,1,draftdominator_completed_auction,C:\Users\mailp\Dropbox\Personal\FAMILY STUFF\Mike Stuff\Fantasy Football\2018\DraftDominator\2018 - DRAFT SUMMARY.csv
2018,big-head,Big Head,Big Head,Joe Mixon,RB,CIN,14,draftdominator_completed_auction,C:\Users\mailp\Dropbox\Personal\FAMILY STUFF\Mike Stuff\Fantasy Football\2018\DraftDominator\2018 - DRAFT SUMMARY.csv
2018,big-head,Big Head,Big Head,Julio Jones,WR,ATL,29,draftdominator_completed_auction,C:\Users\mailp\Dropbox\Personal\FAMILY STUFF\Mike Stuff\Fantasy Football\2018\DraftDominator\2018 - DRAFT SUMMARY.csv
2018,big-head,Big Head,Big Head,Justin Tucker,K,BAL,3,draftdominator_completed_auction,C:\Users\mailp\Dropbox\Personal\FAMILY STUFF\Mike Stuff\Fantasy Football\2018\DraftDominator\2018 - DRAFT SUMMARY.csv
2018,big-head,Big Head,Big Head,LA Rams,DST,LAR,4,draftdominator_completed_auction,C:\Users\mailp\Dropbox\Personal\FAMILY STUFF\Mike Stuff\Fantasy Football\2018\DraftDominator\2018 - DRAFT SUMMARY.csv
2018,big-head,Big Head,Big Head,Philip Rivers,QB,LAC,1,draftdominator_completed_auction,C:\Users\mailp\Dropbox\Personal\FAMILY STUFF\Mike Stuff\Fantasy Football\2018\DraftDominator\2018 - DRAFT SUMMARY.csv
2018,big-head,Big Head,Big Head,Randall Cobb,WR,GB,1,draftdominator_completed_auction,C:\Users\mailp\Dropbox\Personal\FAMILY STUFF\Mike Stuff\Fantasy Football\2018\DraftDominator\2018 - DRAFT SUMMARY.csv
2018,crime-and-punishment,Crime and Punishment,Crime and Punishment,Anthony Miller,WR,CHI,1,draftdominator_completed_auction,C:\Users\mailp\Dropbox\Personal\FAMILY STUFF\Mike Stuff\Fantasy Football\2018\DraftDominator\2018 - DRAFT SUMMARY.csv
2018,crime-and-punishment,Crime and Punishment,Crime and Punishment,Carolina,DST,CAR,1,draftdominator_completed_auction,C:\Users\mailp\Dropbox\Personal\FAMILY STUFF\Mike Stuff\Fantasy Football\2018\DraftDominator\2018 - DRAFT SUMMARY.csv
2018,crime-and-punishment,Crime and Punishment,Crime and Punishment,Demaryius Thomas,WR,DEN,11,draftdominator_completed_auction,C:\Users\mailp\Dropbox\Personal\FAMILY STUFF\Mike Stuff\Fantasy Football\2018\DraftDominator\2018 - DRAFT SUMMARY.csv
2018,crime-and-punishment,Crime and Punishment,Crime and Punishment,Devonta Freeman,RB,ATL,23,draftdominator_completed_auction,C:\Users\mailp\Dropbox\Personal\FAMILY STUFF\Mike Stuff\Fantasy Football\2018\DraftDominator\2018 - DRAFT SUMMARY.csv
2018,crime-and-punishment,Crime and Punishment,Crime and Punishment,Dion Lewis,RB,TEN,6,draftdominator_completed_auction,C:\Users\mailp\Dropbox\Personal\FAMILY STUFF\Mike Stuff\Fantasy Football\2018\DraftDominator\2018 - DRAFT SUMMARY.csv
2018,crime-and-punishment,Crime and Punishment,Crime and Punishment,Jake Elliott,K,PHI,3,draftdominator_completed_auction,C:\Users\mailp\Dropbox\Personal\FAMILY STUFF\Mike Stuff\Fantasy Football\2018\DraftDominator\2018 - DRAFT SUMMARY.csv
2018,crime-and-punishment,Crime and Punishment,Crime and Punishment,Odell Beckham Jr,WR,NYG,29,draftdominator_completed_auction,C:\Users\mailp\Dropbox\Personal\FAMILY STUFF\Mike Stuff\Fantasy Football\2018\DraftDominator\2018 - DRAFT SUMMARY.csv
2018,dogs-of-war,Dogs of War,Dogs of War,Alex Collins,RB,BAL,17,draftdominator_completed_auction,C:\Users\mailp\Dropbox\Personal\FAMILY STUFF\Mike Stuff\Fantasy Football\2018\DraftDominator\2018 - DRAFT SUMMARY.csv
2018,dogs-of-war,Dogs of War,Dogs of War,Alex Smith,QB,WAS,5,draftdominator_completed_auction,C:\Users\mailp\Dropbox\Personal\FAMILY STUFF\Mike Stuff\Fantasy Football\2018\DraftDominator\2018 - DRAFT SUMMARY.csv
2018,dogs-of-war,Dogs of War,Dogs of War,Delanie Walker,TE,TEN,7,draftdominator_completed_auction,C:\Users\mailp\Dropbox\Personal\FAMILY STUFF\Mike Stuff\Fantasy Football\2018\DraftDominator\2018 - DRAFT SUMMARY.csv
2018,dogs-of-war,Dogs of War,Dogs of War,Isaiah Crowell,RB,NYJ,3,draftdominator_completed_auction,C:\Users\mailp\Dropbox\Personal\FAMILY STUFF\Mike Stuff\Fantasy Football\2018\DraftDominator\2018 - DRAFT SUMMARY.csv
2018,dogs-of-war,Dogs of War,Dogs of War,Jerick McKinnon,RB,SF,21,draftdominator_completed_auction,C:\Users\mailp\Dropbox\Personal\FAMILY STUFF\Mike Stuff\Fantasy Football\2018\DraftDominator\2018 - DRAFT SUMMARY.csv
2018,dogs-of-war,Dogs of War,Dogs of War,Larry Fitzgerald,WR,ARI,12,draftdominator_completed_auction,C:\Users\mailp\Dropbox\Personal\FAMILY STUFF\Mike Stuff\Fantasy Football\2018\DraftDominator\2018 - DRAFT SUMMARY.csv
2018,dogs-of-war,Dogs of War,Dogs of War,Mark Ingram,RB,NO,7,draftdominator_completed_auction,C:\Users\mailp\Dropbox\Personal\FAMILY STUFF\Mike Stuff\Fantasy Football\2018\DraftDominator\2018 - DRAFT SUMMARY.csv
2018,dogs-of-war,Dogs of War,Dogs of War,Minnesota,DST,MIN,4,draftdominator_completed_auction,C:\Users\mailp\Dropbox\Personal\FAMILY STUFF\Mike Stuff\Fantasy Football\2018\DraftDominator\2018 - DRAFT SUMMARY.csv
2018,dogs-of-war,Dogs of War,Dogs of War,Stephen Gostkowski,K,NE,4,draftdominator_completed_auction,C:\Users\mailp\Dropbox\Personal\FAMILY STUFF\Mike Stuff\Fantasy Football\2018\DraftDominator\2018 - DRAFT SUMMARY.csv
2018,el-guapo,El Guapo,El Guapo,A.J. Green,WR,CIN,18,draftdominator_completed_auction,C:\Users\mailp\Dropbox\Personal\FAMILY STUFF\Mike Stuff\Fantasy Football\2018\DraftDominator\2018 - DRAFT SUMMARY.csv
2018,el-guapo,El Guapo,El Guapo,Calvin Ridley,WR,ATL,2,draftdominator_completed_auction,C:\Users\mailp\Dropbox\Personal\FAMILY STUFF\Mike Stuff\Fantasy Football\2018\DraftDominator\2018 - DRAFT SUMMARY.csv
2018,el-guapo,El Guapo,El Guapo,Carson Wentz,QB,PHI,6,draftdominator_completed_auction,C:\Users\mailp\Dropbox\Personal\FAMILY STUFF\Mike Stuff\Fantasy Football\2018\DraftDominator\2018 - DRAFT SUMMARY.csv
2018,el-guapo,El Guapo,El Guapo,David Njoku,TE,CLE,8,draftdominator_completed_auction,C:\Users\mailp\Dropbox\Personal\FAMILY STUFF\Mike Stuff\Fantasy Football\2018\DraftDominator\2018 - DRAFT SUMMARY.csv
2018,el-guapo,El Guapo,El Guapo,Derek Carr,QB,LV,1,draftdominator_completed_auction,C:\Users\mailp\Dropbox\Personal\FAMILY STUFF\Mike Stuff\Fantasy Football\2018\DraftDominator\2018 - DRAFT SUMMARY.csv
2018,el-guapo,El Guapo,El Guapo,Devontae Booker,RB,DEN,1,draftdominator_completed_auction,C:\Users\mailp\Dropbox\Personal\FAMILY STUFF\Mike Stuff\Fantasy Football\2018\DraftDominator\2018 - DRAFT SUMMARY.csv
2018,el-guapo,El Guapo,El Guapo,Jay Ajayi,RB,PHI,10,draftdominator_completed_auction,C:\Users\mailp\Dropbox\Personal\FAMILY STUFF\Mike Stuff\Fantasy Football\2018\DraftDominator\2018 - DRAFT SUMMARY.csv
2018,el-guapo,El Guapo,El Guapo,LeVeon Bell,RB,PIT,29,draftdominator_completed_auction,C:\Users\mailp\Dropbox\Personal\FAMILY STUFF\Mike Stuff\Fantasy Football\2018\DraftDominator\2018 - DRAFT SUMMARY.csv
2018,el-guapo,El Guapo,El Guapo,Marshawn Lynch,RB,LV,4,draftdominator_completed_auction,C:\Users\mailp\Dropbox\Personal\FAMILY STUFF\Mike Stuff\Fantasy Football\2018\DraftDominator\2018 - DRAFT SUMMARY.csv
2018,el-guapo,El Guapo,El Guapo,Matt Prater,K,DET,2,draftdominator_completed_auction,C:\Users\mailp\Dropbox\Personal\FAMILY STUFF\Mike Stuff\Fantasy Football\2018\DraftDominator\2018 - DRAFT SUMMARY.csv
2018,el-guapo,El Guapo,El Guapo,Matt Ryan,QB,ATL,4,draftdominator_completed_auction,C:\Users\mailp\Dropbox\Personal\FAMILY STUFF\Mike Stuff\Fantasy Football\2018\DraftDominator\2018 - DRAFT SUMMARY.csv
2018,el-guapo,El Guapo,El Guapo,Philadelphia,DST,PHI,4,draftdominator_completed_auction,C:\Users\mailp\Dropbox\Personal\FAMILY STUFF\Mike Stuff\Fantasy Football\2018\DraftDominator\2018 - DRAFT SUMMARY.csv
2018,goon-skwad,Goon Skwad,Goon Skwad,Aaron Rodgers,QB,GB,21,draftdominator_completed_auction,C:\Users\mailp\Dropbox\Personal\FAMILY STUFF\Mike Stuff\Fantasy Football\2018\DraftDominator\2018 - DRAFT SUMMARY.csv
2018,goon-skwad,Goon Skwad,Goon Skwad,Derrick Henry,RB,TEN,14,draftdominator_completed_auction,C:\Users\mailp\Dropbox\Personal\FAMILY STUFF\Mike Stuff\Fantasy Football\2018\DraftDominator\2018 - DRAFT SUMMARY.csv
2018,goon-skwad,Goon Skwad,Goon Skwad,Devin Funchess,WR,CAR,1,draftdominator_completed_auction,C:\Users\mailp\Dropbox\Personal\FAMILY STUFF\Mike Stuff\Fantasy Football\2018\DraftDominator\2018 - DRAFT SUMMARY.csv
2018,goon-skwad,Goon Skwad,Goon Skwad,Houston,DST,HOU,1,draftdominator_completed_auction,C:\Users\mailp\Dropbox\Personal\FAMILY STUFF\Mike Stuff\Fantasy Football\2018\DraftDominator\2018 - DRAFT SUMMARY.csv
2018,goon-skwad,Goon Skwad,Goon Skwad,James White,RB,NE,1,draftdominator_completed_auction,C:\Users\mailp\Dropbox\Personal\FAMILY STUFF\Mike Stuff\Fantasy Football\2018\DraftDominator\2018 - DRAFT SUMMARY.csv
2018,goon-skwad,Goon Skwad,Goon Skwad,Leonard Fournette,RB,JAX,25,draftdominator_completed_auction,C:\Users\mailp\Dropbox\Personal\FAMILY STUFF\Mike Stuff\Fantasy Football\2018\DraftDominator\2018 - DRAFT SUMMARY.csv
2018,goon-skwad,Goon Skwad,Goon Skwad,Marlon Mack,RB,IND,1,draftdominator_completed_auction,C:\Users\mailp\Dropbox\Personal\FAMILY STUFF\Mike Stuff\Fantasy Football\2018\DraftDominator\2018 - DRAFT SUMMARY.csv
2018,goon-skwad,Goon Skwad,Goon Skwad,Matt Bryant,K,ATL,1,draftdominator_completed_auction,C:\Users\mailp\Dropbox\Personal\FAMILY STUFF\Mike Stuff\Fantasy Football\2018\DraftDominator\2018 - DRAFT SUMMARY.csv
2018,goon-skwad,Goon Skwad,Goon Skwad,Michael Crabtree,WR,BAL,6,draftdominator_completed_auction,C:\Users\mailp\Dropbox\Personal\FAMILY STUFF\Mike Stuff\Fantasy Football\2018\DraftDominator\2018 - DRAFT SUMMARY.csv
2018,goon-skwad,Goon Skwad,Goon Skwad,Rex Burkhead,RB,NE,1,draftdominator_completed_auction,C:\Users\mailp\Dropbox\Personal\FAMILY STUFF\Mike Stuff\Fantasy Football\2018\DraftDominator\2018 - DRAFT SUMMARY.csv
2018,goon-skwad,Goon Skwad,Goon Skwad,Travis Kelce,TE,KC,14,draftdominator_completed_auction,C:\Users\mailp\Dropbox\Personal\FAMILY STUFF\Mike Stuff\Fantasy Football\2018\DraftDominator\2018 - DRAFT SUMMARY.csv
2018,orange-crush,Orange Crush,Orange Crush,Austin Ekeler,RB,LAC,1,draftdominator_completed_auction,C:\Users\mailp\Dropbox\Personal\FAMILY STUFF\Mike Stuff\Fantasy Football\2018\DraftDominator\2018 - DRAFT SUMMARY.csv
2018,orange-crush,Orange Crush,Orange Crush,Brandon McManus,K,DEN,1,draftdominator_completed_auction,C:\Users\mailp\Dropbox\Personal\FAMILY STUFF\Mike Stuff\Fantasy Football\2018\DraftDominator\2018 - DRAFT SUMMARY.csv
2018,orange-crush,Orange Crush,Orange Crush,C.J. Anderson,RB,CAR,2,draftdominator_completed_auction,C:\Users\mailp\Dropbox\Personal\FAMILY STUFF\Mike Stuff\Fantasy Football\2018\DraftDominator\2018 - DRAFT SUMMARY.csv
2018,orange-crush,Orange Crush,Orange Crush,Cam Newton,QB,CAR,15,draftdominator_completed_auction,C:\Users\mailp\Dropbox\Personal\FAMILY STUFF\Mike Stuff\Fantasy Football\2018\DraftDominator\2018 - DRAFT SUMMARY.csv
2018,orange-crush,Orange Crush,Orange Crush,Emmanuel Sanders,WR,DEN,10,draftdominator_completed_auction,C:\Users\mailp\Dropbox\Personal\FAMILY STUFF\Mike Stuff\Fantasy Football\2018\DraftDominator\2018 - DRAFT SUMMARY.csv
2018,orange-crush,Orange Crush,Orange Crush,John Ross,WR,CIN,1,draftdominator_completed_auction,C:\Users\mailp\Dropbox\Personal\FAMILY STUFF\Mike Stuff\Fantasy Football\2018\DraftDominator\2018 - DRAFT SUMMARY.csv
2018,orange-crush,Orange Crush,Orange Crush,Keelan Cole,WR,JAX,1,draftdominator_completed_auction,C:\Users\mailp\Dropbox\Personal\FAMILY STUFF\Mike Stuff\Fantasy Football\2018\DraftDominator\2018 - DRAFT SUMMARY.csv
2018,orange-crush,Orange Crush,Orange Crush,Marvin Jones,WR,DET,5,draftdominator_completed_auction,C:\Users\mailp\Dropbox\Personal\FAMILY STUFF\Mike Stuff\Fantasy Football\2018\DraftDominator\2018 - DRAFT SUMMARY.csv
2018,orange-crush,Orange Crush,Orange Crush,New Orleans,DST,NO,1,draftdominator_completed_auction,C:\Users\mailp\Dropbox\Personal\FAMILY STUFF\Mike Stuff\Fantasy Football\2018\DraftDominator\2018 - DRAFT SUMMARY.csv
2018,orange-crush,Orange Crush,Orange Crush,T.Y. Hilton,WR,IND,16,draftdominator_completed_auction,C:\Users\mailp\Dropbox\Personal\FAMILY STUFF\Mike Stuff\Fantasy Football\2018\DraftDominator\2018 - DRAFT SUMMARY.csv
2018,orange-crush,Orange Crush,Orange Crush,Trey Burton,TE,CHI,7,draftdominator_completed_auction,C:\Users\mailp\Dropbox\Personal\FAMILY STUFF\Mike Stuff\Fantasy Football\2018\DraftDominator\2018 - DRAFT SUMMARY.csv
2018,orange-crush,Orange Crush,Orange Crush,Will Fuller,WR,HOU,1,draftdominator_completed_auction,C:\Users\mailp\Dropbox\Personal\FAMILY STUFF\Mike Stuff\Fantasy Football\2018\DraftDominator\2018 - DRAFT SUMMARY.csv
2018,super-suckers,Super Suckers,Super Suckers,Antonio Brown,WR,PIT,34,draftdominator_completed_auction,C:\Users\mailp\Dropbox\Personal\FAMILY STUFF\Mike Stuff\Fantasy Football\2018\DraftDominator\2018 - DRAFT SUMMARY.csv
2018,super-suckers,Super Suckers,Super Suckers,D.J. Moore,WR,CAR,2,draftdominator_completed_auction,C:\Users\mailp\Dropbox\Personal\FAMILY STUFF\Mike Stuff\Fantasy Football\2018\DraftDominator\2018 - DRAFT SUMMARY.csv
2018,super-suckers,Super Suckers,Super Suckers,Jacksonville,DST,JAX,5,draftdominator_completed_auction,C:\Users\mailp\Dropbox\Personal\FAMILY STUFF\Mike Stuff\Fantasy Football\2018\DraftDominator\2018 - DRAFT SUMMARY.csv
2018,super-suckers,Super Suckers,Super Suckers,Jordan Reed,TE,WAS,6,draftdominator_completed_auction,C:\Users\mailp\Dropbox\Personal\FAMILY STUFF\Mike Stuff\Fantasy Football\2018\DraftDominator\2018 - DRAFT SUMMARY.csv
2018,super-suckers,Super Suckers,Super Suckers,Jordy Nelson,WR,LV,4,draftdominator_completed_auction,C:\Users\mailp\Dropbox\Personal\FAMILY STUFF\Mike Stuff\Fantasy Football\2018\DraftDominator\2018 - DRAFT SUMMARY.csv
2018,super-suckers,Super Suckers,Super Suckers,Kirk Cousins,QB,MIN,5,draftdominator_completed_auction,C:\Users\mailp\Dropbox\Personal\FAMILY STUFF\Mike Stuff\Fantasy Football\2018\DraftDominator\2018 - DRAFT SUMMARY.csv
2018,super-suckers,Super Suckers,Super Suckers,Mason Crosby,K,GB,2,draftdominator_completed_auction,C:\Users\mailp\Dropbox\Personal\FAMILY STUFF\Mike Stuff\Fantasy Football\2018\DraftDominator\2018 - DRAFT SUMMARY.csv
2018,super-suckers,Super Suckers,Super Suckers,Patrick Mahomes II,QB,KC,6,draftdominator_completed_auction,C:\Users\mailp\Dropbox\Personal\FAMILY STUFF\Mike Stuff\Fantasy Football\2018\DraftDominator\2018 - DRAFT SUMMARY.csv
2018,super-suckers,Super Suckers,Super Suckers,Pierre Garcon,WR,SF,1,draftdominator_completed_auction,C:\Users\mailp\Dropbox\Personal\FAMILY STUFF\Mike Stuff\Fantasy Football\2018\DraftDominator\2018 - DRAFT SUMMARY.csv
2018,super-suckers,Super Suckers,Super Suckers,Rashaad Penny,RB,SEA,2,draftdominator_completed_auction,C:\Users\mailp\Dropbox\Personal\FAMILY STUFF\Mike Stuff\Fantasy Football\2018\DraftDominator\2018 - DRAFT SUMMARY.csv
2018,super-suckers,Super Suckers,Super Suckers,Ronald Jones II,RB,TB,1,draftdominator_completed_auction,C:\Users\mailp\Dropbox\Personal\FAMILY STUFF\Mike Stuff\Fantasy Football\2018\DraftDominator\2018 - DRAFT SUMMARY.csv
2018,super-suckers,Super Suckers,Super Suckers,Sammy Watkins,WR,KC,3,draftdominator_completed_auction,C:\Users\mailp\Dropbox\Personal\FAMILY STUFF\Mike Stuff\Fantasy Football\2018\DraftDominator\2018 - DRAFT SUMMARY.csv
2018,super-suckers,Super Suckers,Super Suckers,Tarik Cohen,RB,CHI,6,draftdominator_completed_auction,C:\Users\mailp\Dropbox\Personal\FAMILY STUFF\Mike Stuff\Fantasy Football\2018\DraftDominator\2018 - DRAFT SUMMARY.csv
2018,t-dogs,T-Dogs,T-Dogs,Baltimore,DST,BAL,1,draftdominator_completed_auction,C:\Users\mailp\Dropbox\Personal\FAMILY STUFF\Mike Stuff\Fantasy Football\2018\DraftDominator\2018 - DRAFT SUMMARY.csv
2018,t-dogs,T-Dogs,T-Dogs,Carlos Hyde,RB,CLE,8,draftdominator_completed_auction,C:\Users\mailp\Dropbox\Personal\FAMILY STUFF\Mike Stuff\Fantasy Football\2018\DraftDominator\2018 - DRAFT SUMMARY.csv
2018,t-dogs,T-Dogs,T-Dogs,Corey Davis,WR,TEN,5,draftdominator_completed_auction,C:\Users\mailp\Dropbox\Personal\FAMILY STUFF\Mike Stuff\Fantasy Football\2018\DraftDominator\2018 - DRAFT SUMMARY.csv
2018,t-dogs,T-Dogs,T-Dogs,Greg Zuerlein,K,LAR,3,draftdominator_completed_auction,C:\Users\mailp\Dropbox\Personal\FAMILY STUFF\Mike Stuff\Fantasy Football\2018\DraftDominator\2018 - DRAFT SUMMARY.csv
2018,t-dogs,T-Dogs,T-Dogs,Jimmy Graham,TE,GB,14,draftdominator_completed_auction,C:\Users\mailp\Dropbox\Personal\FAMILY STUFF\Mike Stuff\Fantasy Football\2018\DraftDominator\2018 - DRAFT SUMMARY.csv
2018,t-dogs,T-Dogs,T-Dogs,Kenyan Drake,RB,MIA,17,draftdominator_completed_auction,C:\Users\mailp\Dropbox\Personal\FAMILY STUFF\Mike Stuff\Fantasy Football\2018\DraftDominator\2018 - DRAFT SUMMARY.csv
2018,t-dogs,T-Dogs,T-Dogs,LA Chargers,DST,LAC,2,draftdominator_completed_auction,C:\Users\mailp\Dropbox\Personal\FAMILY STUFF\Mike Stuff\Fantasy Football\2018\DraftDominator\2018 - DRAFT SUMMARY.csv
2018,t-dogs,T-Dogs,T-Dogs,Lamar Miller,RB,HOU,11,draftdominator_completed_auction,C:\Users\mailp\Dropbox\Personal\FAMILY STUFF\Mike Stuff\Fantasy Football\2018\DraftDominator\2018 - DRAFT SUMMARY.csv
2018,t-dogs,T-Dogs,T-Dogs,Mike Williams,WR,LAC,1,draftdominator_completed_auction,C:\Users\mailp\Dropbox\Personal\FAMILY STUFF\Mike Stuff\Fantasy Football\2018\DraftDominator\2018 - DRAFT SUMMARY.csv
2018,t-dogs,T-Dogs,T-Dogs,Peyton Barber,RB,TB,3,draftdominator_completed_auction,C:\Users\mailp\Dropbox\Personal\FAMILY STUFF\Mike Stuff\Fantasy Football\2018\DraftDominator\2018 - DRAFT SUMMARY.csv
2018,t-dogs,T-Dogs,T-Dogs,Sony Michel,RB,NE,2,draftdominator_completed_auction,C:\Users\mailp\Dropbox\Personal\FAMILY STUFF\Mike Stuff\Fantasy Football\2018\DraftDominator\2018 - DRAFT SUMMARY.csv
2018,t-dogs,T-Dogs,T-Dogs,Stefon Diggs,WR,MIN,16,draftdominator_completed_auction,C:\Users\mailp\Dropbox\Personal\FAMILY STUFF\Mike Stuff\Fantasy Football\2018\DraftDominator\2018 - DRAFT SUMMARY.csv
2018,t-dogs,T-Dogs,T-Dogs,Tevin Coleman,RB,ATL,7,draftdominator_completed_auction,C:\Users\mailp\Dropbox\Personal\FAMILY STUFF\Mike Stuff\Fantasy Football\2018\DraftDominator\2018 - DRAFT SUMMARY.csv
2018,the-bungles,The Bungles,Fumble Brewskis,Andrew Luck,QB,IND,3,draftdominator_completed_auction,C:\Users\mailp\Dropbox\Personal\FAMILY STUFF\Mike Stuff\Fantasy Football\2018\DraftDominator\2018 - DRAFT SUMMARY.csv
2018,the-bungles,The Bungles,Fumble Brewskis,Chris Thompson,RB,WAS,2,draftdominator_completed_auction,C:\Users\mailp\Dropbox\Personal\FAMILY STUFF\Mike Stuff\Fantasy Football\2018\DraftDominator\2018 - DRAFT SUMMARY.csv
2018,the-bungles,The Bungles,Fumble Brewskis,Graham Gano,K,CAR,1,draftdominator_completed_auction,C:\Users\mailp\Dropbox\Personal\FAMILY STUFF\Mike Stuff\Fantasy Football\2018\DraftDominator\2018 - DRAFT SUMMARY.csv
2018,the-bungles,The Bungles,Fumble Brewskis,Greg Olsen,TE,CAR,7,draftdominator_completed_auction,C:\Users\mailp\Dropbox\Personal\FAMILY STUFF\Mike Stuff\Fantasy Football\2018\DraftDominator\2018 - DRAFT SUMMARY.csv
2018,the-bungles,The Bungles,Fumble Brewskis,Jamaal Williams,RB,GB,2,draftdominator_completed_auction,C:\Users\mailp\Dropbox\Personal\FAMILY STUFF\Mike Stuff\Fantasy Football\2018\DraftDominator\2018 - DRAFT SUMMARY.csv
2018,the-bungles,The Bungles,Fumble Brewskis,Kelvin Benjamin,WR,BUF,1,draftdominator_completed_auction,C:\Users\mailp\Dropbox\Personal\FAMILY STUFF\Mike Stuff\Fantasy Football\2018\DraftDominator\2018 - DRAFT SUMMARY.csv
2018,the-bungles,The Bungles,Fumble Brewskis,Marquise Goodwin,WR,SF,5,draftdominator_completed_auction,C:\Users\mailp\Dropbox\Personal\FAMILY STUFF\Mike Stuff\Fantasy Football\2018\DraftDominator\2018 - DRAFT SUMMARY.csv
2018,the-bungles,The Bungles,Fumble Brewskis,Mike Evans,WR,TB,23,draftdominator_completed_auction,C:\Users\mailp\Dropbox\Personal\FAMILY STUFF\Mike Stuff\Fantasy Football\2018\DraftDominator\2018 - DRAFT SUMMARY.csv
2018,the-bungles,The Bungles,Fumble Brewskis,Robby Anderson,WR,NYJ,4,draftdominator_completed_auction,C:\Users\mailp\Dropbox\Personal\FAMILY STUFF\Mike Stuff\Fantasy Football\2018\DraftDominator\2018 - DRAFT SUMMARY.csv
2018,the-bungles,The Bungles,Fumble Brewskis,Saquon Barkley,RB,NYG,28,draftdominator_completed_auction,C:\Users\mailp\Dropbox\Personal\FAMILY STUFF\Mike Stuff\Fantasy Football\2018\DraftDominator\2018 - DRAFT SUMMARY.csv
2018,the-bungles,The Bungles,Fumble Brewskis,Spencer Ware,RB,KC,1,draftdominator_completed_auction,C:\Users\mailp\Dropbox\Personal\FAMILY STUFF\Mike Stuff\Fantasy Football\2018\DraftDominator\2018 - DRAFT SUMMARY.csv
2018,the-bungles,The Bungles,Fumble Brewskis,Tennessee,DST,TEN,1,draftdominator_completed_auction,C:\Users\mailp\Dropbox\Personal\FAMILY STUFF\Mike Stuff\Fantasy Football\2018\DraftDominator\2018 - DRAFT SUMMARY.csv
2018,the-bungles,The Bungles,Fumble Brewskis,Tyler Eifert,TE,CIN,1,draftdominator_completed_auction,C:\Users\mailp\Dropbox\Personal\FAMILY STUFF\Mike Stuff\Fantasy Football\2018\DraftDominator\2018 - DRAFT SUMMARY.csv
2018,the-hobbits,The Hobbits,Hobbits,Brandin Cooks,WR,LAR,9,draftdominator_completed_auction,C:\Users\mailp\Dropbox\Personal\FAMILY STUFF\Mike Stuff\Fantasy Football\2018\DraftDominator\2018 - DRAFT SUMMARY.csv
2018,the-hobbits,The Hobbits,Hobbits,Case Keenum,QB,DEN,2,draftdominator_completed_auction,C:\Users\mailp\Dropbox\Personal\FAMILY STUFF\Mike Stuff\Fantasy Football\2018\DraftDominator\2018 - DRAFT SUMMARY.csv
2018,the-hobbits,The Hobbits,Hobbits,Courtland Sutton,WR,DEN,3,draftdominator_completed_auction,C:\Users\mailp\Dropbox\Personal\FAMILY STUFF\Mike Stuff\Fantasy Football\2018\DraftDominator\2018 - DRAFT SUMMARY.csv
2018,the-hobbits,The Hobbits,Hobbits,David Johnson,RB,ARI,32,draftdominator_completed_auction,C:\Users\mailp\Dropbox\Personal\FAMILY STUFF\Mike Stuff\Fantasy Football\2018\DraftDominator\2018 - DRAFT SUMMARY.csv
2018,the-hobbits,The Hobbits,Hobbits,Denver,DST,DEN,5,draftdominator_completed_auction,C:\Users\mailp\Dropbox\Personal\FAMILY STUFF\Mike Stuff\Fantasy Football\2018\DraftDominator\2018 - DRAFT SUMMARY.csv
2018,the-hobbits,The Hobbits,Hobbits,Jack Doyle,TE,IND,7,draftdominator_completed_auction,C:\Users\mailp\Dropbox\Personal\FAMILY STUFF\Mike Stuff\Fantasy Football\2018\DraftDominator\2018 - DRAFT SUMMARY.csv
2018,the-hobbits,The Hobbits,Hobbits,Jordan Wilkins,RB,IND,4,draftdominator_completed_auction,C:\Users\mailp\Dropbox\Personal\FAMILY STUFF\Mike Stuff\Fantasy Football\2018\DraftDominator\2018 - DRAFT SUMMARY.csv
2018,the-hobbits,The Hobbits,Hobbits,Royce Freeman,RB,DEN,14,draftdominator_completed_auction,C:\Users\mailp\Dropbox\Personal\FAMILY STUFF\Mike Stuff\Fantasy Football\2018\DraftDominator\2018 - DRAFT SUMMARY.csv
2018,the-hobbits,The Hobbits,Hobbits,Tom Brady,QB,NE,20,draftdominator_completed_auction,C:\Users\mailp\Dropbox\Personal\FAMILY STUFF\Mike Stuff\Fantasy Football\2018\DraftDominator\2018 - DRAFT SUMMARY.csv
2018,the-hobbits,The Hobbits,Hobbits,Wil Lutz,K,NO,2,draftdominator_completed_auction,C:\Users\mailp\Dropbox\Personal\FAMILY STUFF\Mike Stuff\Fantasy Football\2018\DraftDominator\2018 - DRAFT SUMMARY.csv
2018,three-amigos,Three Amigos,Whoopass,Adrian Peterson,RB,WAS,5,draftdominator_completed_auction,C:\Users\mailp\Dropbox\Personal\FAMILY STUFF\Mike Stuff\Fantasy Football\2018\DraftDominator\2018 - DRAFT SUMMARY.csv
2018,three-amigos,Three Amigos,Whoopass,Amari Cooper,WR,LV,23,draftdominator_completed_auction,C:\Users\mailp\Dropbox\Personal\FAMILY STUFF\Mike Stuff\Fantasy Football\2018\DraftDominator\2018 - DRAFT SUMMARY.csv
2018,three-amigos,Three Amigos,Whoopass,Baker Mayfield,QB,CLE,1,draftdominator_completed_auction,C:\Users\mailp\Dropbox\Personal\FAMILY STUFF\Mike Stuff\Fantasy Football\2018\DraftDominator\2018 - DRAFT SUMMARY.csv
2018,three-amigos,Three Amigos,Whoopass,Dan Bailey,K,DAL,1,draftdominator_completed_auction,C:\Users\mailp\Dropbox\Personal\FAMILY STUFF\Mike Stuff\Fantasy Football\2018\DraftDominator\2018 - DRAFT SUMMARY.csv
2018,three-amigos,Three Amigos,Whoopass,Hunter Henry,TE,LAC,1,draftdominator_completed_auction,C:\Users\mailp\Dropbox\Personal\FAMILY STUFF\Mike Stuff\Fantasy Football\2018\DraftDominator\2018 - DRAFT SUMMARY.csv
2018,three-amigos,Three Amigos,Whoopass,Josh Gordon,WR,CLE,7,draftdominator_completed_auction,C:\Users\mailp\Dropbox\Personal\FAMILY STUFF\Mike Stuff\Fantasy Football\2018\DraftDominator\2018 - DRAFT SUMMARY.csv
2018,three-amigos,Three Amigos,Whoopass,JuJu Smith-Schuster,WR,PIT,9,draftdominator_completed_auction,C:\Users\mailp\Dropbox\Personal\FAMILY STUFF\Mike Stuff\Fantasy Football\2018\DraftDominator\2018 - DRAFT SUMMARY.csv
2018,three-amigos,Three Amigos,Whoopass,Kerryon Johnson,RB,DET,9,draftdominator_completed_auction,C:\Users\mailp\Dropbox\Personal\FAMILY STUFF\Mike Stuff\Fantasy Football\2018\DraftDominator\2018 - DRAFT SUMMARY.csv
2018,three-amigos,Three Amigos,Whoopass,Kyle Rudolph,TE,MIN,6,draftdominator_completed_auction,C:\Users\mailp\Dropbox\Personal\FAMILY STUFF\Mike Stuff\Fantasy Football\2018\DraftDominator\2018 - DRAFT SUMMARY.csv
2018,three-amigos,Three Amigos,Whoopass,LeSean McCoy,RB,BUF,12,draftdominator_completed_auction,C:\Users\mailp\Dropbox\Personal\FAMILY STUFF\Mike Stuff\Fantasy Football\2018\DraftDominator\2018 - DRAFT SUMMARY.csv
2018,three-amigos,Three Amigos,Whoopass,Michael Gallup,WR,DAL,1,draftdominator_completed_auction,C:\Users\mailp\Dropbox\Personal\FAMILY STUFF\Mike Stuff\Fantasy Football\2018\DraftDominator\2018 - DRAFT SUMMARY.csv
2018,three-amigos,Three Amigos,Whoopass,Nick Chubb,RB,CLE,3,draftdominator_completed_auction,C:\Users\mailp\Dropbox\Personal\FAMILY STUFF\Mike Stuff\Fantasy Football\2018\DraftDominator\2018 - DRAFT SUMMARY.csv
2018,three-amigos,Three Amigos,Whoopass,Pittsburgh,DST,PIT,2,draftdominator_completed_auction,C:\Users\mailp\Dropbox\Personal\FAMILY STUFF\Mike Stuff\Fantasy Football\2018\DraftDominator\2018 - DRAFT SUMMARY.csv
2019,angry-face,Angry Face,Angry Face,DeAndre Hopkins,WR,HOU,34,custom_completed_auction_results,C:\Users\mailp\Dropbox\Personal\FAMILY STUFF\Mike Stuff\Fantasy Football\2019\2019 Thunder Bowl Draft Results.csv
2019,angry-face,Angry Face,Angry Face,Jacksonville Jaguars,DST,JAX,4,custom_completed_auction_results,C:\Users\mailp\Dropbox\Personal\FAMILY STUFF\Mike Stuff\Fantasy Football\2019\2019 Thunder Bowl Draft Results.csv
2019,angry-face,Angry Face,Angry Face,Jake Elliott,K,PHI,1,custom_completed_auction_results,C:\Users\mailp\Dropbox\Personal\FAMILY STUFF\Mike Stuff\Fantasy Football\2019\2019 Thunder Bowl Draft Results.csv
2019,angry-face,Angry Face,Angry Face,Jameis Winston,QB,TB,2,custom_completed_auction_results,C:\Users\mailp\Dropbox\Personal\FAMILY STUFF\Mike Stuff\Fantasy Football\2019\2019 Thunder Bowl Draft Results.csv
2019,angry-face,Angry Face,Angry Face,Jaylen Samuels,RB,PIT,1,custom_completed_auction_results,C:\Users\mailp\Dropbox\Personal\FAMILY STUFF\Mike Stuff\Fantasy Football\2019\2019 Thunder Bowl Draft Results.csv
2019,angry-face,Angry Face,Angry Face,Mark Andrews,TE,BAL,1,custom_completed_auction_results,C:\Users\mailp\Dropbox\Personal\FAMILY STUFF\Mike Stuff\Fantasy Football\2019\2019 Thunder Bowl Draft Results.csv
2019,angry-face,Angry Face,Angry Face,Marquez Valdes-Scantling,WR,GB,1,custom_completed_auction_results,C:\Users\mailp\Dropbox\Personal\FAMILY STUFF\Mike Stuff\Fantasy Football\2019\2019 Thunder Bowl Draft Results.csv
2019,angry-face,Angry Face,Angry Face,Odell Beckham,WR,CLE,34,custom_completed_auction_results,C:\Users\mailp\Dropbox\Personal\FAMILY STUFF\Mike Stuff\Fantasy Football\2019\2019 Thunder Bowl Draft Results.csv
2019,angry-face,Angry Face,Angry Face,Tevin Coleman,RB,SF,9,custom_completed_auction_results,C:\Users\mailp\Dropbox\Personal\FAMILY STUFF\Mike Stuff\Fantasy Football\2019\2019 Thunder Bowl Draft Results.csv
2019,angry-face,Angry Face,Angry Face,Vance McDonald,TE,PIT,6,custom_completed_auction_results,C:\Users\mailp\Dropbox\Personal\FAMILY STUFF\Mike Stuff\Fantasy Football\2019\2019 Thunder Bowl Draft Results.csv
2019,big-head,Big Head,Big Head,Aaron Rodgers,QB,GB,14,custom_completed_auction_results,C:\Users\mailp\Dropbox\Personal\FAMILY STUFF\Mike Stuff\Fantasy Football\2019\2019 Thunder Bowl Draft Results.csv
2019,big-head,Big Head,Big Head,Brandin Cooks,WR,LAR,11,custom_completed_auction_results,C:\Users\mailp\Dropbox\Personal\FAMILY STUFF\Mike Stuff\Fantasy Football\2019\2019 Thunder Bowl Draft Results.csv
2019,big-head,Big Head,Big Head,Chris Godwin,WR,TB,8,custom_completed_auction_results,C:\Users\mailp\Dropbox\Personal\FAMILY STUFF\Mike Stuff\Fantasy Football\2019\2019 Thunder Bowl Draft Results.csv
2019,big-head,Big Head,Big Head,Christian Kirk,WR,ARI,1,custom_completed_auction_results,C:\Users\mailp\Dropbox\Personal\FAMILY STUFF\Mike Stuff\Fantasy Football\2019\2019 Thunder Bowl Draft Results.csv
2019,big-head,Big Head,Big Head,David Johnson,RB,ARI,37,custom_completed_auction_results,C:\Users\mailp\Dropbox\Personal\FAMILY STUFF\Mike Stuff\Fantasy Football\2019\2019 Thunder Bowl Draft Results.csv
2019,big-head,Big Head,Big Head,Greg Zuerlein,K,LAR,2,custom_completed_auction_results,C:\Users\mailp\Dropbox\Personal\FAMILY STUFF\Mike Stuff\Fantasy Football\2019\2019 Thunder Bowl Draft Results.csv
2019,big-head,Big Head,Big Head,Kareem Hunt,RB,CLE,2,custom_completed_auction_results,C:\Users\mailp\Dropbox\Personal\FAMILY STUFF\Mike Stuff\Fantasy Football\2019\2019 Thunder Bowl Draft Results.csv
2019,big-head,Big Head,Big Head,Los Angeles Rams,DST,LAR,4,custom_completed_auction_results,C:\Users\mailp\Dropbox\Personal\FAMILY STUFF\Mike Stuff\Fantasy Football\2019\2019 Thunder Bowl Draft Results.csv
2019,big-head,Big Head,Big Head,Royce Freeman,RB,DEN,1,custom_completed_auction_results,C:\Users\mailp\Dropbox\Personal\FAMILY STUFF\Mike Stuff\Fantasy Football\2019\2019 Thunder Bowl Draft Results.csv
2019,big-head,Big Head,Big Head,Sammy Watkins,WR,KC,1,custom_completed_auction_results,C:\Users\mailp\Dropbox\Personal\FAMILY STUFF\Mike Stuff\Fantasy Football\2019\2019 Thunder Bowl Draft Results.csv
2019,crime-and-punishment,Crime and Punishment,Crime and Punishment,Andrew Luck,QB,IND,4,custom_completed_auction_results,C:\Users\mailp\Dropbox\Personal\FAMILY STUFF\Mike Stuff\Fantasy Football\2019\2019 Thunder Bowl Draft Results.csv
2019,crime-and-punishment,Crime and Punishment,Crime and Punishment,Antonio Brown,WR,LV,20,custom_completed_auction_results,C:\Users\mailp\Dropbox\Personal\FAMILY STUFF\Mike Stuff\Fantasy Football\2019\2019 Thunder Bowl Draft Results.csv
2019,crime-and-punishment,Crime and Punishment,Crime and Punishment,Brett Maher,K,DAL,1,custom_completed_auction_results,C:\Users\mailp\Dropbox\Personal\FAMILY STUFF\Mike Stuff\Fantasy Football\2019\2019 Thunder Bowl Draft Results.csv
2019,crime-and-punishment,Crime and Punishment,Crime and Punishment,Buffalo Bills,DST,BUF,2,custom_completed_auction_results,C:\Users\mailp\Dropbox\Personal\FAMILY STUFF\Mike Stuff\Fantasy Football\2019\2019 Thunder Bowl Draft Results.csv
2019,crime-and-punishment,Crime and Punishment,Crime and Punishment,Leonard Fournette,RB,JAX,18,custom_completed_auction_results,C:\Users\mailp\Dropbox\Personal\FAMILY STUFF\Mike Stuff\Fantasy Football\2019\2019 Thunder Bowl Draft Results.csv
2019,crime-and-punishment,Crime and Punishment,Crime and Punishment,Michael Thomas,WR,NO,29,custom_completed_auction_results,C:\Users\mailp\Dropbox\Personal\FAMILY STUFF\Mike Stuff\Fantasy Football\2019\2019 Thunder Bowl Draft Results.csv
2019,dogs-of-war,Dogs of War,Dogs of War,Calvin Ridley,WR,ATL,5,custom_completed_auction_results,C:\Users\mailp\Dropbox\Personal\FAMILY STUFF\Mike Stuff\Fantasy Football\2019\2019 Thunder Bowl Draft Results.csv
2019,dogs-of-war,Dogs of War,Dogs of War,Chicago Bears,DST,CHI,4,custom_completed_auction_results,C:\Users\mailp\Dropbox\Personal\FAMILY STUFF\Mike Stuff\Fantasy Football\2019\2019 Thunder Bowl Draft Results.csv
2019,dogs-of-war,Dogs of War,Dogs of War,Darrell Henderson,RB,LAR,5,custom_completed_auction_results,C:\Users\mailp\Dropbox\Personal\FAMILY STUFF\Mike Stuff\Fantasy Football\2019\2019 Thunder Bowl Draft Results.csv
2019,dogs-of-war,Dogs of War,Dogs of War,Darwin Thompson,RB,KC,3,custom_completed_auction_results,C:\Users\mailp\Dropbox\Personal\FAMILY STUFF\Mike Stuff\Fantasy Football\2019\2019 Thunder Bowl Draft Results.csv
2019,dogs-of-war,Dogs of War,Dogs of War,Derrick Henry,RB,TEN,13,custom_completed_auction_results,C:\Users\mailp\Dropbox\Personal\FAMILY STUFF\Mike Stuff\Fantasy Football\2019\2019 Thunder Bowl Draft Results.csv
2019,dogs-of-war,Dogs of War,Dogs of War,Devin Singletary,RB,BUF,5,custom_completed_auction_results,C:\Users\mailp\Dropbox\Personal\FAMILY STUFF\Mike Stuff\Fantasy Football\2019\2019 Thunder Bowl Draft Results.csv
2019,dogs-of-war,Dogs of War,Dogs of War,KeeSean Johnson,WR,ARI,1,custom_completed_auction_results,C:\Users\mailp\Dropbox\Personal\FAMILY STUFF\Mike Stuff\Fantasy Football\2019\2019 Thunder Bowl Draft Results.csv
2019,dogs-of-war,Dogs of War,Dogs of War,Lamar Miller,RB,HOU,6,custom_completed_auction_results,C:\Users\mailp\Dropbox\Personal\FAMILY STUFF\Mike Stuff\Fantasy Football\2019\2019 Thunder Bowl Draft Results.csv
2019,dogs-of-war,Dogs of War,Dogs of War,Mark Ingram,RB,BAL,14,custom_completed_auction_results,C:\Users\mailp\Dropbox\Personal\FAMILY STUFF\Mike Stuff\Fantasy Football\2019\2019 Thunder Bowl Draft Results.csv
2019,dogs-of-war,Dogs of War,Dogs of War,Matt Ryan,QB,ATL,6,custom_completed_auction_results,C:\Users\mailp\Dropbox\Personal\FAMILY STUFF\Mike Stuff\Fantasy Football\2019\2019 Thunder Bowl Draft Results.csv
2019,dogs-of-war,Dogs of War,Dogs of War,Russell Wilson,QB,SEA,4,custom_completed_auction_results,C:\Users\mailp\Dropbox\Personal\FAMILY STUFF\Mike Stuff\Fantasy Football\2019\2019 Thunder Bowl Draft Results.csv
2019,dogs-of-war,Dogs of War,Dogs of War,Stephen Gostkowski,K,NE,3,custom_completed_auction_results,C:\Users\mailp\Dropbox\Personal\FAMILY STUFF\Mike Stuff\Fantasy Football\2019\2019 Thunder Bowl Draft Results.csv
2019,dogs-of-war,Dogs of War,Dogs of War,T.Y. Hilton,WR,IND,19,custom_completed_auction_results,C:\Users\mailp\Dropbox\Personal\FAMILY STUFF\Mike Stuff\Fantasy Football\2019\2019 Thunder Bowl Draft Results.csv
2019,el-guapo,El Guapo,El Guapo,A.J. Green,WR,CIN,7,custom_completed_auction_results,C:\Users\mailp\Dropbox\Personal\FAMILY STUFF\Mike Stuff\Fantasy Football\2019\2019 Thunder Bowl Draft Results.csv
2019,el-guapo,El Guapo,El Guapo,Baltimore Ravens,DST,BAL,1,custom_completed_auction_results,C:\Users\mailp\Dropbox\Personal\FAMILY STUFF\Mike Stuff\Fantasy Football\2019\2019 Thunder Bowl Draft Results.csv
2019,el-guapo,El Guapo,El Guapo,Cooper Kupp,WR,LAR,9,custom_completed_auction_results,C:\Users\mailp\Dropbox\Personal\FAMILY STUFF\Mike Stuff\Fantasy Football\2019\2019 Thunder Bowl Draft Results.csv
2019,el-guapo,El Guapo,El Guapo,David Montgomery,RB,CHI,9,custom_completed_auction_results,C:\Users\mailp\Dropbox\Personal\FAMILY STUFF\Mike Stuff\Fantasy Football\2019\2019 Thunder Bowl Draft Results.csv
2019,el-guapo,El Guapo,El Guapo,Drew Brees,QB,NO,6,custom_completed_auction_results,C:\Users\mailp\Dropbox\Personal\FAMILY STUFF\Mike Stuff\Fantasy Football\2019\2019 Thunder Bowl Draft Results.csv
2019,el-guapo,El Guapo,El Guapo,James Washington,WR,PIT,2,custom_completed_auction_results,C:\Users\mailp\Dropbox\Personal\FAMILY STUFF\Mike Stuff\Fantasy Football\2019\2019 Thunder Bowl Draft Results.csv
2019,el-guapo,El Guapo,El Guapo,Julian Edelman,WR,NE,9,custom_completed_auction_results,C:\Users\mailp\Dropbox\Personal\FAMILY STUFF\Mike Stuff\Fantasy Football\2019\2019 Thunder Bowl Draft Results.csv
2019,el-guapo,El Guapo,El Guapo,Lamar Jackson,QB,BAL,3,custom_completed_auction_results,C:\Users\mailp\Dropbox\Personal\FAMILY STUFF\Mike Stuff\Fantasy Football\2019\2019 Thunder Bowl Draft Results.csv
2019,el-guapo,El Guapo,El Guapo,Latavius Murray,RB,NO,3,custom_completed_auction_results,C:\Users\mailp\Dropbox\Personal\FAMILY STUFF\Mike Stuff\Fantasy Football\2019\2019 Thunder Bowl Draft Results.csv
2019,el-guapo,El Guapo,El Guapo,Rob Gronkowski,TE,NE,1,custom_completed_auction_results,C:\Users\mailp\Dropbox\Personal\FAMILY STUFF\Mike Stuff\Fantasy Football\2019\2019 Thunder Bowl Draft Results.csv
2019,el-guapo,El Guapo,El Guapo,Ronald Jones II,RB,TB,1,custom_completed_auction_results,C:\Users\mailp\Dropbox\Personal\FAMILY STUFF\Mike Stuff\Fantasy Football\2019\2019 Thunder Bowl Draft Results.csv
2019,el-guapo,El Guapo,El Guapo,Todd Gurley,RB,LAR,27,custom_completed_auction_results,C:\Users\mailp\Dropbox\Personal\FAMILY STUFF\Mike Stuff\Fantasy Football\2019\2019 Thunder Bowl Draft Results.csv
2019,el-guapo,El Guapo,El Guapo,Wil Lutz,K,NO,2,custom_completed_auction_results,C:\Users\mailp\Dropbox\Personal\FAMILY STUFF\Mike Stuff\Fantasy Football\2019\2019 Thunder Bowl Draft Results.csv
2019,goon-skwad,Goon Skwad,Goon Skwad,Adrian Peterson,RB,WAS,2,custom_completed_auction_results,C:\Users\mailp\Dropbox\Personal\FAMILY STUFF\Mike Stuff\Fantasy Football\2019\2019 Thunder Bowl Draft Results.csv
2019,goon-skwad,Goon Skwad,Goon Skwad,Ben Roethlisberger,QB,PIT,3,custom_completed_auction_results,C:\Users\mailp\Dropbox\Personal\FAMILY STUFF\Mike Stuff\Fantasy Football\2019\2019 Thunder Bowl Draft Results.csv
2019,goon-skwad,Goon Skwad,Goon Skwad,D.J. Moore,WR,CAR,5,custom_completed_auction_results,C:\Users\mailp\Dropbox\Personal\FAMILY STUFF\Mike Stuff\Fantasy Football\2019\2019 Thunder Bowl Draft Results.csv
2019,goon-skwad,Goon Skwad,Goon Skwad,Deshaun Watson,QB,HOU,12,custom_completed_auction_results,C:\Users\mailp\Dropbox\Personal\FAMILY STUFF\Mike Stuff\Fantasy Football\2019\2019 Thunder Bowl Draft Results.csv
2019,goon-skwad,Goon Skwad,Goon Skwad,Devonta Freeman,RB,ATL,23,custom_completed_auction_results,C:\Users\mailp\Dropbox\Personal\FAMILY STUFF\Mike Stuff\Fantasy Football\2019\2019 Thunder Bowl Draft Results.csv
2019,goon-skwad,Goon Skwad,Goon Skwad,Houston Texans,DST,HOU,3,custom_completed_auction_results,C:\Users\mailp\Dropbox\Personal\FAMILY STUFF\Mike Stuff\Fantasy Football\2019\2019 Thunder Bowl Draft Results.csv
2019,goon-skwad,Goon Skwad,Goon Skwad,Jared Cook,TE,NO,8,custom_completed_auction_results,C:\Users\mailp\Dropbox\Personal\FAMILY STUFF\Mike Stuff\Fantasy Football\2019\2019 Thunder Bowl Draft Results.csv
2019,goon-skwad,Goon Skwad,Goon Skwad,Jarvis Landry,WR,CLE,4,custom_completed_auction_results,C:\Users\mailp\Dropbox\Personal\FAMILY STUFF\Mike Stuff\Fantasy Football\2019\2019 Thunder Bowl Draft Results.csv
2019,goon-skwad,Goon Skwad,Goon Skwad,Kaimi Fairbairn,K,HOU,2,custom_completed_auction_results,C:\Users\mailp\Dropbox\Personal\FAMILY STUFF\Mike Stuff\Fantasy Football\2019\2019 Thunder Bowl Draft Results.csv
2019,goon-skwad,Goon Skwad,Goon Skwad,Kenny Golladay,WR,DET,11,custom_completed_auction_results,C:\Users\mailp\Dropbox\Personal\FAMILY STUFF\Mike Stuff\Fantasy Football\2019\2019 Thunder Bowl Draft Results.csv
2019,goon-skwad,Goon Skwad,Goon Skwad,LeSean McCoy,RB,BUF,3,custom_completed_auction_results,C:\Users\mailp\Dropbox\Personal\FAMILY STUFF\Mike Stuff\Fantasy Football\2019\2019 Thunder Bowl Draft Results.csv
2019,goon-skwad,Goon Skwad,Goon Skwad,Robby Anderson,WR,NYJ,1,custom_completed_auction_results,C:\Users\mailp\Dropbox\Personal\FAMILY STUFF\Mike Stuff\Fantasy Football\2019\2019 Thunder Bowl Draft Results.csv
2019,goon-skwad,Goon Skwad,Goon Skwad,Sony Michel,RB,NE,10,custom_completed_auction_results,C:\Users\mailp\Dropbox\Personal\FAMILY STUFF\Mike Stuff\Fantasy Football\2019\2019 Thunder Bowl Draft Results.csv
2019,orange-crush,Orange Crush,Orange Crush,Alexander Mattison,RB,MIN,1,custom_completed_auction_results,C:\Users\mailp\Dropbox\Personal\FAMILY STUFF\Mike Stuff\Fantasy Football\2019\2019 Thunder Bowl Draft Results.csv
2019,orange-crush,Orange Crush,Orange Crush,Allen Robinson,WR,CHI,3,custom_completed_auction_results,C:\Users\mailp\Dropbox\Personal\FAMILY STUFF\Mike Stuff\Fantasy Football\2019\2019 Thunder Bowl Draft Results.csv
2019,orange-crush,Orange Crush,Orange Crush,Alshon Jeffery,WR,PHI,5,custom_completed_auction_results,C:\Users\mailp\Dropbox\Personal\FAMILY STUFF\Mike Stuff\Fantasy Football\2019\2019 Thunder Bowl Draft Results.csv
2019,orange-crush,Orange Crush,Orange Crush,Christian McCaffrey,RB,CAR,37,custom_completed_auction_results,C:\Users\mailp\Dropbox\Personal\FAMILY STUFF\Mike Stuff\Fantasy Football\2019\2019 Thunder Bowl Draft Results.csv
2019,orange-crush,Orange Crush,Orange Crush,Cleveland Browns,DST,CLE,1,custom_completed_auction_results,C:\Users\mailp\Dropbox\Personal\FAMILY STUFF\Mike Stuff\Fantasy Football\2019\2019 Thunder Bowl Draft Results.csv
2019,orange-crush,Orange Crush,Orange Crush,Corey Davis,WR,TEN,2,custom_completed_auction_results,C:\Users\mailp\Dropbox\Personal\FAMILY STUFF\Mike Stuff\Fantasy Football\2019\2019 Thunder Bowl Draft Results.csv
2019,orange-crush,Orange Crush,Orange Crush,Delanie Walker,TE,TEN,1,custom_completed_auction_results,C:\Users\mailp\Dropbox\Personal\FAMILY STUFF\Mike Stuff\Fantasy Football\2019\2019 Thunder Bowl Draft Results.csv
2019,orange-crush,Orange Crush,Orange Crush,Kyler Murray,QB,ARI,2,custom_completed_auction_results,C:\Users\mailp\Dropbox\Personal\FAMILY STUFF\Mike Stuff\Fantasy Football\2019\2019 Thunder Bowl Draft Results.csv
2019,orange-crush,Orange Crush,Orange Crush,Mike Badgley,K,LAC,1,custom_completed_auction_results,C:\Users\mailp\Dropbox\Personal\FAMILY STUFF\Mike Stuff\Fantasy Football\2019\2019 Thunder Bowl Draft Results.csv
2019,orange-crush,Orange Crush,Orange Crush,Mike Williams,WR,LAC,4,custom_completed_auction_results,C:\Users\mailp\Dropbox\Personal\FAMILY STUFF\Mike Stuff\Fantasy Football\2019\2019 Thunder Bowl Draft Results.csv
2019,orange-crush,Orange Crush,Orange Crush,Noah Fant,TE,DEN,1,custom_completed_auction_results,C:\Users\mailp\Dropbox\Personal\FAMILY STUFF\Mike Stuff\Fantasy Football\2019\2019 Thunder Bowl Draft Results.csv
2019,orange-crush,Orange Crush,Orange Crush,Philip Rivers,QB,LAC,3,custom_completed_auction_results,C:\Users\mailp\Dropbox\Personal\FAMILY STUFF\Mike Stuff\Fantasy Football\2019\2019 Thunder Bowl Draft Results.csv
2019,orange-crush,Orange Crush,Orange Crush,Tony Pollard,RB,DAL,4,custom_completed_auction_results,C:\Users\mailp\Dropbox\Personal\FAMILY STUFF\Mike Stuff\Fantasy Football\2019\2019 Thunder Bowl Draft Results.csv
2019,super-suckers,Super Suckers,Super Suckers,Austin Hooper,TE,ATL,6,custom_completed_auction_results,C:\Users\mailp\Dropbox\Personal\FAMILY STUFF\Mike Stuff\Fantasy Football\2019\2019 Thunder Bowl Draft Results.csv
2019,super-suckers,Super Suckers,Super Suckers,Curtis Samuel,WR,CAR,1,custom_completed_auction_results,C:\Users\mailp\Dropbox\Personal\FAMILY STUFF\Mike Stuff\Fantasy Football\2019\2019 Thunder Bowl Draft Results.csv
2019,super-suckers,Super Suckers,Super Suckers,Donte Moncrief,WR,PIT,1,custom_completed_auction_results,C:\Users\mailp\Dropbox\Personal\FAMILY STUFF\Mike Stuff\Fantasy Football\2019\2019 Thunder Bowl Draft Results.csv
2019,super-suckers,Super Suckers,Super Suckers,Ito Smith,RB,ATL,1,custom_completed_auction_results,C:\Users\mailp\Dropbox\Personal\FAMILY STUFF\Mike Stuff\Fantasy Football\2019\2019 Thunder Bowl Draft Results.csv
2019,super-suckers,Super Suckers,Super Suckers,Justin Tucker,K,BAL,3,custom_completed_auction_results,C:\Users\mailp\Dropbox\Personal\FAMILY STUFF\Mike Stuff\Fantasy Football\2019\2019 Thunder Bowl Draft Results.csv
2019,super-suckers,Super Suckers,Super Suckers,Marvin Jones,WR,DET,1,custom_completed_auction_results,C:\Users\mailp\Dropbox\Personal\FAMILY STUFF\Mike Stuff\Fantasy Football\2019\2019 Thunder Bowl Draft Results.csv
2019,super-suckers,Super Suckers,Super Suckers,Miles Sanders,RB,PHI,6,custom_completed_auction_results,C:\Users\mailp\Dropbox\Personal\FAMILY STUFF\Mike Stuff\Fantasy Football\2019\2019 Thunder Bowl Draft Results.csv
2019,super-suckers,Super Suckers,Super Suckers,New Orleans Saints,DST,NO,1,custom_completed_auction_results,C:\Users\mailp\Dropbox\Personal\FAMILY STUFF\Mike Stuff\Fantasy Football\2019\2019 Thunder Bowl Draft Results.csv
2019,super-suckers,Super Suckers,Super Suckers,Rashaad Penny,RB,SEA,4,custom_completed_auction_results,C:\Users\mailp\Dropbox\Personal\FAMILY STUFF\Mike Stuff\Fantasy Football\2019\2019 Thunder Bowl Draft Results.csv
2019,super-suckers,Super Suckers,Super Suckers,Tarik Cohen,RB,CHI,7,custom_completed_auction_results,C:\Users\mailp\Dropbox\Personal\FAMILY STUFF\Mike Stuff\Fantasy Football\2019\2019 Thunder Bowl Draft Results.csv
2019,super-suckers,Super Suckers,Super Suckers,Tyler Boyd,WR,CIN,3,custom_completed_auction_results,C:\Users\mailp\Dropbox\Personal\FAMILY STUFF\Mike Stuff\Fantasy Football\2019\2019 Thunder Bowl Draft Results.csv
2019,super-suckers,Super Suckers,Super Suckers,Tyreek Hill,WR,KC,34,custom_completed_auction_results,C:\Users\mailp\Dropbox\Personal\FAMILY STUFF\Mike Stuff\Fantasy Football\2019\2019 Thunder Bowl Draft Results.csv
2019,super-suckers,Super Suckers,Super Suckers,Will Fuller,WR,HOU,1,custom_completed_auction_results,C:\Users\mailp\Dropbox\Personal\FAMILY STUFF\Mike Stuff\Fantasy Football\2019\2019 Thunder Bowl Draft Results.csv
2019,t-dogs,T-Dogs,T-Dogs,Amari Cooper,WR,DAL,22,custom_completed_auction_results,C:\Users\mailp\Dropbox\Personal\FAMILY STUFF\Mike Stuff\Fantasy Football\2019\2019 Thunder Bowl Draft Results.csv
2019,t-dogs,T-Dogs,T-Dogs,Brandon McManus,K,DEN,1,custom_completed_auction_results,C:\Users\mailp\Dropbox\Personal\FAMILY STUFF\Mike Stuff\Fantasy Football\2019\2019 Thunder Bowl Draft Results.csv
2019,t-dogs,T-Dogs,T-Dogs,Chase Edmonds,RB,ARI,1,custom_completed_auction_results,C:\Users\mailp\Dropbox\Personal\FAMILY STUFF\Mike Stuff\Fantasy Football\2019\2019 Thunder Bowl Draft Results.csv
2019,t-dogs,T-Dogs,T-Dogs,Dallas Cowboys,DST,DAL,1,custom_completed_auction_results,C:\Users\mailp\Dropbox\Personal\FAMILY STUFF\Mike Stuff\Fantasy Football\2019\2019 Thunder Bowl Draft Results.csv
2019,t-dogs,T-Dogs,T-Dogs,Dante Pettis,WR,SF,1,custom_completed_auction_results,C:\Users\mailp\Dropbox\Personal\FAMILY STUFF\Mike Stuff\Fantasy Football\2019\2019 Thunder Bowl Draft Results.csv
2019,t-dogs,T-Dogs,T-Dogs,Davante Adams,WR,GB,38,custom_completed_auction_results,C:\Users\mailp\Dropbox\Personal\FAMILY STUFF\Mike Stuff\Fantasy Football\2019\2019 Thunder Bowl Draft Results.csv
2019,t-dogs,T-Dogs,T-Dogs,Emmanuel Sanders,WR,DEN,5,custom_completed_auction_results,C:\Users\mailp\Dropbox\Personal\FAMILY STUFF\Mike Stuff\Fantasy Football\2019\2019 Thunder Bowl Draft Results.csv
2019,t-dogs,T-Dogs,T-Dogs,Evan Engram,TE,NYG,15,custom_completed_auction_results,C:\Users\mailp\Dropbox\Personal\FAMILY STUFF\Mike Stuff\Fantasy Football\2019\2019 Thunder Bowl Draft Results.csv
2019,t-dogs,T-Dogs,T-Dogs,Jared Goff,QB,LAR,4,custom_completed_auction_results,C:\Users\mailp\Dropbox\Personal\FAMILY STUFF\Mike Stuff\Fantasy Football\2019\2019 Thunder Bowl Draft Results.csv
2019,t-dogs,T-Dogs,T-Dogs,Justin Jackson,RB,LAC,1,custom_completed_auction_results,C:\Users\mailp\Dropbox\Personal\FAMILY STUFF\Mike Stuff\Fantasy Football\2019\2019 Thunder Bowl Draft Results.csv
2019,t-dogs,T-Dogs,T-Dogs,Kenyan Drake,RB,MIA,1,custom_completed_auction_results,C:\Users\mailp\Dropbox\Personal\FAMILY STUFF\Mike Stuff\Fantasy Football\2019\2019 Thunder Bowl Draft Results.csv
2019,t-dogs,T-Dogs,T-Dogs,Los Angeles Chargers,DST,LAC,1,custom_completed_auction_results,C:\Users\mailp\Dropbox\Personal\FAMILY STUFF\Mike Stuff\Fantasy Football\2019\2019 Thunder Bowl Draft Results.csv
2019,t-dogs,T-Dogs,T-Dogs,Malcolm Brown,RB,LAR,1,custom_completed_auction_results,C:\Users\mailp\Dropbox\Personal\FAMILY STUFF\Mike Stuff\Fantasy Football\2019\2019 Thunder Bowl Draft Results.csv
2019,the-bungles,The Bungles,Fumble-Brewskis,Carson Wentz,QB,PHI,6,custom_completed_auction_results,C:\Users\mailp\Dropbox\Personal\FAMILY STUFF\Mike Stuff\Fantasy Football\2019\2019 Thunder Bowl Draft Results.csv
2019,the-bungles,The Bungles,Fumble-Brewskis,Duke Johnson,RB,HOU,1,custom_completed_auction_results,C:\Users\mailp\Dropbox\Personal\FAMILY STUFF\Mike Stuff\Fantasy Football\2019\2019 Thunder Bowl Draft Results.csv
2019,the-bungles,The Bungles,Fumble-Brewskis,Golden Tate,WR,NYG,1,custom_completed_auction_results,C:\Users\mailp\Dropbox\Personal\FAMILY STUFF\Mike Stuff\Fantasy Football\2019\2019 Thunder Bowl Draft Results.csv
2019,the-bungles,The Bungles,Fumble-Brewskis,Harrison Butker,K,KC,3,custom_completed_auction_results,C:\Users\mailp\Dropbox\Personal\FAMILY STUFF\Mike Stuff\Fantasy Football\2019\2019 Thunder Bowl Draft Results.csv
2019,the-bungles,The Bungles,Fumble-Brewskis,John Brown,WR,BUF,1,custom_completed_auction_results,C:\Users\mailp\Dropbox\Personal\FAMILY STUFF\Mike Stuff\Fantasy Football\2019\2019 Thunder Bowl Draft Results.csv
2019,the-bungles,The Bungles,Fumble-Brewskis,Keenan Allen,WR,LAC,15,custom_completed_auction_results,C:\Users\mailp\Dropbox\Personal\FAMILY STUFF\Mike Stuff\Fantasy Football\2019\2019 Thunder Bowl Draft Results.csv
2019,the-bungles,The Bungles,Fumble-Brewskis,Matt Breida,RB,SF,1,custom_completed_auction_results,C:\Users\mailp\Dropbox\Personal\FAMILY STUFF\Mike Stuff\Fantasy Football\2019\2019 Thunder Bowl Draft Results.csv
2019,the-bungles,The Bungles,Fumble-Brewskis,Melvin Gordon,RB,LAC,8,custom_completed_auction_results,C:\Users\mailp\Dropbox\Personal\FAMILY STUFF\Mike Stuff\Fantasy Football\2019\2019 Thunder Bowl Draft Results.csv
2019,the-bungles,The Bungles,Fumble-Brewskis,Minnesota Vikings,DST,MIN,2,custom_completed_auction_results,C:\Users\mailp\Dropbox\Personal\FAMILY STUFF\Mike Stuff\Fantasy Football\2019\2019 Thunder Bowl Draft Results.csv
2019,the-bungles,The Bungles,Fumble-Brewskis,O.J. Howard,TE,TB,8,custom_completed_auction_results,C:\Users\mailp\Dropbox\Personal\FAMILY STUFF\Mike Stuff\Fantasy Football\2019\2019 Thunder Bowl Draft Results.csv
2019,the-bungles,The Bungles,Fumble-Brewskis,Stefon Diggs,WR,MIN,17,custom_completed_auction_results,C:\Users\mailp\Dropbox\Personal\FAMILY STUFF\Mike Stuff\Fantasy Football\2019\2019 Thunder Bowl Draft Results.csv
2019,the-bungles,The Bungles,Fumble-Brewskis,Sterling Shepard,WR,NYG,1,custom_completed_auction_results,C:\Users\mailp\Dropbox\Personal\FAMILY STUFF\Mike Stuff\Fantasy Football\2019\2019 Thunder Bowl Draft Results.csv
2019,the-hobbits,The Hobbits,The Hobbits,Baker Mayfield,QB,CLE,6,custom_completed_auction_results,C:\Users\mailp\Dropbox\Personal\FAMILY STUFF\Mike Stuff\Fantasy Football\2019\2019 Thunder Bowl Draft Results.csv
2019,the-hobbits,The Hobbits,The Hobbits,Chris Carson,RB,SEA,16,custom_completed_auction_results,C:\Users\mailp\Dropbox\Personal\FAMILY STUFF\Mike Stuff\Fantasy Football\2019\2019 Thunder Bowl Draft Results.csv
2019,the-hobbits,The Hobbits,The Hobbits,David Njoku,TE,CLE,6,custom_completed_auction_results,C:\Users\mailp\Dropbox\Personal\FAMILY STUFF\Mike Stuff\Fantasy Football\2019\2019 Thunder Bowl Draft Results.csv
2019,the-hobbits,The Hobbits,The Hobbits,Dede Westbrook,WR,JAX,6,custom_completed_auction_results,C:\Users\mailp\Dropbox\Personal\FAMILY STUFF\Mike Stuff\Fantasy Football\2019\2019 Thunder Bowl Draft Results.csv
2019,the-hobbits,The Hobbits,The Hobbits,Derrius Guice,RB,WAS,3,custom_completed_auction_results,C:\Users\mailp\Dropbox\Personal\FAMILY STUFF\Mike Stuff\Fantasy Football\2019\2019 Thunder Bowl Draft Results.csv
2019,the-hobbits,The Hobbits,The Hobbits,Josh Gordon,WR,NE,3,custom_completed_auction_results,C:\Users\mailp\Dropbox\Personal\FAMILY STUFF\Mike Stuff\Fantasy Football\2019\2019 Thunder Bowl Draft Results.csv
2019,the-hobbits,The Hobbits,The Hobbits,Josh Jacobs,RB,LV,15,custom_completed_auction_results,C:\Users\mailp\Dropbox\Personal\FAMILY STUFF\Mike Stuff\Fantasy Football\2019\2019 Thunder Bowl Draft Results.csv
2019,the-hobbits,The Hobbits,The Hobbits,Kalen Ballage,RB,MIA,1,custom_completed_auction_results,C:\Users\mailp\Dropbox\Personal\FAMILY STUFF\Mike Stuff\Fantasy Football\2019\2019 Thunder Bowl Draft Results.csv
2019,the-hobbits,The Hobbits,The Hobbits,Mike Evans,WR,TB,30,custom_completed_auction_results,C:\Users\mailp\Dropbox\Personal\FAMILY STUFF\Mike Stuff\Fantasy Football\2019\2019 Thunder Bowl Draft Results.csv
2019,the-hobbits,The Hobbits,The Hobbits,New England Patriots,DST,NE,2,custom_completed_auction_results,C:\Users\mailp\Dropbox\Personal\FAMILY STUFF\Mike Stuff\Fantasy Football\2019\2019 Thunder Bowl Draft Results.csv
2019,the-hobbits,The Hobbits,The Hobbits,Robbie Gould,K,SF,1,custom_completed_auction_results,C:\Users\mailp\Dropbox\Personal\FAMILY STUFF\Mike Stuff\Fantasy Football\2019\2019 Thunder Bowl Draft Results.csv
2019,the-hobbits,The Hobbits,The Hobbits,T.J. Hockenson,TE,DET,2,custom_completed_auction_results,C:\Users\mailp\Dropbox\Personal\FAMILY STUFF\Mike Stuff\Fantasy Football\2019\2019 Thunder Bowl Draft Results.csv
2019,the-hobbits,The Hobbits,The Hobbits,Tom Brady,QB,NE,1,custom_completed_auction_results,C:\Users\mailp\Dropbox\Personal\FAMILY STUFF\Mike Stuff\Fantasy Football\2019\2019 Thunder Bowl Draft Results.csv
2019,three-amigos,Three Amigos,The Whoopass,Adam Vinatieri,K,IND,1,custom_completed_auction_results,C:\Users\mailp\Dropbox\Personal\FAMILY STUFF\Mike Stuff\Fantasy Football\2019\2019 Thunder Bowl Draft Results.csv
2019,three-amigos,Three Amigos,The Whoopass,Cam Newton,QB,CAR,4,custom_completed_auction_results,C:\Users\mailp\Dropbox\Personal\FAMILY STUFF\Mike Stuff\Fantasy Football\2019\2019 Thunder Bowl Draft Results.csv
2019,three-amigos,Three Amigos,The Whoopass,Denver Broncos,DST,DEN,4,custom_completed_auction_results,C:\Users\mailp\Dropbox\Personal\FAMILY STUFF\Mike Stuff\Fantasy Football\2019\2019 Thunder Bowl Draft Results.csv
2019,three-amigos,Three Amigos,The Whoopass,Julio Jones,WR,ATL,31,custom_completed_auction_results,C:\Users\mailp\Dropbox\Personal\FAMILY STUFF\Mike Stuff\Fantasy Football\2019\2019 Thunder Bowl Draft Results.csv
2019,three-amigos,Three Amigos,The Whoopass,LeVeon Bell,RB,NYJ,27,custom_completed_auction_results,C:\Users\mailp\Dropbox\Personal\FAMILY STUFF\Mike Stuff\Fantasy Football\2019\2019 Thunder Bowl Draft Results.csv
2019,three-amigos,Three Amigos,The Whoopass,Marlon Mack,RB,IND,20,custom_completed_auction_results,C:\Users\mailp\Dropbox\Personal\FAMILY STUFF\Mike Stuff\Fantasy Football\2019\2019 Thunder Bowl Draft Results.csv
2021,angry-face,Angry Face,Angry Face,Antonio Brown,WR,TB,2,audited_modern_auction_purchase,C:\Users\mailp\OneDrive\Desktop\CODEX_D_Drive_Backup_2026-07-30_160939\thunder-bowl-2026\data\normalized\backtest_player_auction_2021_2025.csv
2021,angry-face,Angry Face,Angry Face,Chris Carson,RB,SEA,20,audited_modern_auction_purchase,C:\Users\mailp\OneDrive\Desktop\CODEX_D_Drive_Backup_2026-07-30_160939\thunder-bowl-2026\data\normalized\backtest_player_auction_2021_2025.csv
2021,angry-face,Angry Face,Angry Face,Clyde Edwards-Helaire,RB,KC,16,audited_modern_auction_purchase,C:\Users\mailp\OneDrive\Desktop\CODEX_D_Drive_Backup_2026-07-30_160939\thunder-bowl-2026\data\normalized\backtest_player_auction_2021_2025.csv
2021,angry-face,Angry Face,Angry Face,Damien Harris,RB,NE,5,audited_modern_auction_purchase,C:\Users\mailp\OneDrive\Desktop\CODEX_D_Drive_Backup_2026-07-30_160939\thunder-bowl-2026\data\normalized\backtest_player_auction_2021_2025.csv
2021,angry-face,Angry Face,Angry Face,Greg Zuerlein,K,DAL,1,audited_modern_auction_purchase,C:\Users\mailp\OneDrive\Desktop\CODEX_D_Drive_Backup_2026-07-30_160939\thunder-bowl-2026\data\normalized\backtest_player_auction_2021_2025.csv
2021,angry-face,Angry Face,Angry Face,James Conner,RB,ARI,2,audited_modern_auction_purchase,C:\Users\mailp\OneDrive\Desktop\CODEX_D_Drive_Backup_2026-07-30_160939\thunder-bowl-2026\data\normalized\backtest_player_auction_2021_2025.csv
2021,angry-face,Angry Face,Angry Face,Joe Burrow,QB,CIN,3,audited_modern_auction_purchase,C:\Users\mailp\OneDrive\Desktop\CODEX_D_Drive_Backup_2026-07-30_160939\thunder-bowl-2026\data\normalized\backtest_player_auction_2021_2025.csv
2021,angry-face,Angry Face,Angry Face,JuJu Smith-Schuster,WR,PIT,1,audited_modern_auction_purchase,C:\Users\mailp\OneDrive\Desktop\CODEX_D_Drive_Backup_2026-07-30_160939\thunder-bowl-2026\data\normalized\backtest_player_auction_2021_2025.csv
2021,angry-face,Angry Face,Angry Face,Keenan Allen,WR,LAC,22,audited_modern_auction_purchase,C:\Users\mailp\OneDrive\Desktop\CODEX_D_Drive_Backup_2026-07-30_160939\thunder-bowl-2026\data\normalized\backtest_player_auction_2021_2025.csv
2021,angry-face,Angry Face,Angry Face,Pittsburgh Steelers,DST,PIT,3,audited_modern_auction_purchase,C:\Users\mailp\OneDrive\Desktop\CODEX_D_Drive_Backup_2026-07-30_160939\thunder-bowl-2026\data\normalized\backtest_player_auction_2021_2025.csv
2021,angry-face,Angry Face,Angry Face,Ryan Tannehill,QB,TEN,6,audited_modern_auction_purchase,C:\Users\mailp\OneDrive\Desktop\CODEX_D_Drive_Backup_2026-07-30_160939\thunder-bowl-2026\data\normalized\backtest_player_auction_2021_2025.csv
2021,big-head,Big Head,Big Head,Alvin Kamara,RB,NO,37,audited_modern_auction_purchase,C:\Users\mailp\OneDrive\Desktop\CODEX_D_Drive_Backup_2026-07-30_160939\thunder-bowl-2026\data\normalized\backtest_player_auction_2021_2025.csv
2021,big-head,Big Head,Big Head,Baltimore Ravens,DST,BAL,3,audited_modern_auction_purchase,C:\Users\mailp\OneDrive\Desktop\CODEX_D_Drive_Backup_2026-07-30_160939\thunder-bowl-2026\data\normalized\backtest_player_auction_2021_2025.csv
2021,big-head,Big Head,Big Head,Courtland Sutton,WR,DEN,3,audited_modern_auction_purchase,C:\Users\mailp\OneDrive\Desktop\CODEX_D_Drive_Backup_2026-07-30_160939\thunder-bowl-2026\data\normalized\backtest_player_auction_2021_2025.csv
2021,big-head,Big Head,Big Head,Dallas Goedert,TE,PHI,2,audited_modern_auction_purchase,C:\Users\mailp\OneDrive\Desktop\CODEX_D_Drive_Backup_2026-07-30_160939\thunder-bowl-2026\data\normalized\backtest_player_auction_2021_2025.csv
2021,big-head,Big Head,Big Head,Justin Tucker,K,BAL,2,audited_modern_auction_purchase,C:\Users\mailp\OneDrive\Desktop\CODEX_D_Drive_Backup_2026-07-30_160939\thunder-bowl-2026\data\normalized\backtest_player_auction_2021_2025.csv
2021,big-head,Big Head,Big Head,Nyheim Hines,RB,IND,1,audited_modern_auction_purchase,C:\Users\mailp\OneDrive\Desktop\CODEX_D_Drive_Backup_2026-07-30_160939\thunder-bowl-2026\data\normalized\backtest_player_auction_2021_2025.csv
2021,big-head,Big Head,Big Head,Tom Brady,QB,TB,5,audited_modern_auction_purchase,C:\Users\mailp\OneDrive\Desktop\CODEX_D_Drive_Backup_2026-07-30_160939\thunder-bowl-2026\data\normalized\backtest_player_auction_2021_2025.csv
2021,big-head,Big Head,Big Head,Tyreek Hill,WR,KC,31,audited_modern_auction_purchase,C:\Users\mailp\OneDrive\Desktop\CODEX_D_Drive_Backup_2026-07-30_160939\thunder-bowl-2026\data\normalized\backtest_player_auction_2021_2025.csv
2021,crime-and-punishment,Crime and Punishment,Crime and Punishment,Chris Godwin Jr.,WR,TB,7,audited_modern_auction_purchase,C:\Users\mailp\OneDrive\Desktop\CODEX_D_Drive_Backup_2026-07-30_160939\thunder-bowl-2026\data\normalized\backtest_player_auction_2021_2025.csv
2021,crime-and-punishment,Crime and Punishment,Crime and Punishment,Devin Singletary,RB,BUF,2,audited_modern_auction_purchase,C:\Users\mailp\OneDrive\Desktop\CODEX_D_Drive_Backup_2026-07-30_160939\thunder-bowl-2026\data\normalized\backtest_player_auction_2021_2025.csv
2021,crime-and-punishment,Crime and Punishment,Crime and Punishment,Jason Sanders,K,MIA,1,audited_modern_auction_purchase,C:\Users\mailp\OneDrive\Desktop\CODEX_D_Drive_Backup_2026-07-30_160939\thunder-bowl-2026\data\normalized\backtest_player_auction_2021_2025.csv
2021,crime-and-punishment,Crime and Punishment,Crime and Punishment,Kyle Pitts,TE,ATL,8,audited_modern_auction_purchase,C:\Users\mailp\OneDrive\Desktop\CODEX_D_Drive_Backup_2026-07-30_160939\thunder-bowl-2026\data\normalized\backtest_player_auction_2021_2025.csv
2021,crime-and-punishment,Crime and Punishment,Crime and Punishment,Melvin Gordon,RB,DEN,5,audited_modern_auction_purchase,C:\Users\mailp\OneDrive\Desktop\CODEX_D_Drive_Backup_2026-07-30_160939\thunder-bowl-2026\data\normalized\backtest_player_auction_2021_2025.csv
2021,crime-and-punishment,Crime and Punishment,Crime and Punishment,New England Patriots,DST,NE,3,audited_modern_auction_purchase,C:\Users\mailp\OneDrive\Desktop\CODEX_D_Drive_Backup_2026-07-30_160939\thunder-bowl-2026\data\normalized\backtest_player_auction_2021_2025.csv
2021,crime-and-punishment,Crime and Punishment,Crime and Punishment,Nick Chubb,RB,CLE,30,audited_modern_auction_purchase,C:\Users\mailp\OneDrive\Desktop\CODEX_D_Drive_Backup_2026-07-30_160939\thunder-bowl-2026\data\normalized\backtest_player_auction_2021_2025.csv
2021,dogs-of-war,Dogs of War,Dogs of War,A.J. Brown,WR,TEN,24,audited_modern_auction_purchase,C:\Users\mailp\OneDrive\Desktop\CODEX_D_Drive_Backup_2026-07-30_160939\thunder-bowl-2026\data\normalized\backtest_player_auction_2021_2025.csv
2021,dogs-of-war,Dogs of War,Dogs of War,Austin Ekeler,RB,LAC,36,audited_modern_auction_purchase,C:\Users\mailp\OneDrive\Desktop\CODEX_D_Drive_Backup_2026-07-30_160939\thunder-bowl-2026\data\normalized\backtest_player_auction_2021_2025.csv
2021,dogs-of-war,Dogs of War,Dogs of War,Jason Myers,K,SEA,1,audited_modern_auction_purchase,C:\Users\mailp\OneDrive\Desktop\CODEX_D_Drive_Backup_2026-07-30_160939\thunder-bowl-2026\data\normalized\backtest_player_auction_2021_2025.csv
2021,dogs-of-war,Dogs of War,Dogs of War,Lamar Jackson,QB,BAL,14,audited_modern_auction_purchase,C:\Users\mailp\OneDrive\Desktop\CODEX_D_Drive_Backup_2026-07-30_160939\thunder-bowl-2026\data\normalized\backtest_player_auction_2021_2025.csv
2021,dogs-of-war,Dogs of War,Dogs of War,T.J. Hockenson,TE,DET,16,audited_modern_auction_purchase,C:\Users\mailp\OneDrive\Desktop\CODEX_D_Drive_Backup_2026-07-30_160939\thunder-bowl-2026\data\normalized\backtest_player_auction_2021_2025.csv
2021,dogs-of-war,Dogs of War,Dogs of War,Washington Football Team,DST,WAS,3,audited_modern_auction_purchase,C:\Users\mailp\OneDrive\Desktop\CODEX_D_Drive_Backup_2026-07-30_160939\thunder-bowl-2026\data\normalized\backtest_player_auction_2021_2025.csv
2021,el-guapo,El Guapo,El Guapo,DeAndre Hopkins,WR,ARI,23,audited_modern_auction_purchase,C:\Users\mailp\OneDrive\Desktop\CODEX_D_Drive_Backup_2026-07-30_160939\thunder-bowl-2026\data\normalized\backtest_player_auction_2021_2025.csv
2021,el-guapo,El Guapo,El Guapo,Jalen Hurts,QB,PHI,3,audited_modern_auction_purchase,C:\Users\mailp\OneDrive\Desktop\CODEX_D_Drive_Backup_2026-07-30_160939\thunder-bowl-2026\data\normalized\backtest_player_auction_2021_2025.csv
2021,el-guapo,El Guapo,El Guapo,Jameis Winston,QB,NO,1,audited_modern_auction_purchase,C:\Users\mailp\OneDrive\Desktop\CODEX_D_Drive_Backup_2026-07-30_160939\thunder-bowl-2026\data\normalized\backtest_player_auction_2021_2025.csv
2021,el-guapo,El Guapo,El Guapo,Los Angeles Rams,DST,LAR,3,audited_modern_auction_purchase,C:\Users\mailp\OneDrive\Desktop\CODEX_D_Drive_Backup_2026-07-30_160939\thunder-bowl-2026\data\normalized\backtest_player_auction_2021_2025.csv
2021,el-guapo,El Guapo,El Guapo,Mike Davis,RB,ATL,10,audited_modern_auction_purchase,C:\Users\mailp\OneDrive\Desktop\CODEX_D_Drive_Backup_2026-07-30_160939\thunder-bowl-2026\data\normalized\backtest_player_auction_2021_2025.csv
2021,el-guapo,El Guapo,El Guapo,Mike Evans,WR,TB,10,audited_modern_auction_purchase,C:\Users\mailp\OneDrive\Desktop\CODEX_D_Drive_Backup_2026-07-30_160939\thunder-bowl-2026\data\normalized\backtest_player_auction_2021_2025.csv
2021,el-guapo,El Guapo,El Guapo,Najee Harris,RB,PIT,32,audited_modern_auction_purchase,C:\Users\mailp\OneDrive\Desktop\CODEX_D_Drive_Backup_2026-07-30_160939\thunder-bowl-2026\data\normalized\backtest_player_auction_2021_2025.csv
2021,el-guapo,El Guapo,El Guapo,Travis Etienne,RB,JAX,1,audited_modern_auction_purchase,C:\Users\mailp\OneDrive\Desktop\CODEX_D_Drive_Backup_2026-07-30_160939\thunder-bowl-2026\data\normalized\backtest_player_auction_2021_2025.csv
2021,el-guapo,El Guapo,El Guapo,Tyler Bass,K,BUF,2,audited_modern_auction_purchase,C:\Users\mailp\OneDrive\Desktop\CODEX_D_Drive_Backup_2026-07-30_160939\thunder-bowl-2026\data\normalized\backtest_player_auction_2021_2025.csv
2021,goon-skwad,Goon Skwad,Goon Skwad,Amari Cooper,WR,DAL,12,audited_modern_auction_purchase,C:\Users\mailp\OneDrive\Desktop\CODEX_D_Drive_Backup_2026-07-30_160939\thunder-bowl-2026\data\normalized\backtest_player_auction_2021_2025.csv
2021,goon-skwad,Goon Skwad,Goon Skwad,D'Andre Swift,RB,DET,14,audited_modern_auction_purchase,C:\Users\mailp\OneDrive\Desktop\CODEX_D_Drive_Backup_2026-07-30_160939\thunder-bowl-2026\data\normalized\backtest_player_auction_2021_2025.csv
2021,goon-skwad,Goon Skwad,Goon Skwad,DJ Moore,WR,CAR,6,audited_modern_auction_purchase,C:\Users\mailp\OneDrive\Desktop\CODEX_D_Drive_Backup_2026-07-30_160939\thunder-bowl-2026\data\normalized\backtest_player_auction_2021_2025.csv
2021,goon-skwad,Goon Skwad,Goon Skwad,George Kittle,TE,SF,19,audited_modern_auction_purchase,C:\Users\mailp\OneDrive\Desktop\CODEX_D_Drive_Backup_2026-07-30_160939\thunder-bowl-2026\data\normalized\backtest_player_auction_2021_2025.csv
2021,goon-skwad,Goon Skwad,Goon Skwad,Ja'Marr Chase,WR,CIN,2,audited_modern_auction_purchase,C:\Users\mailp\OneDrive\Desktop\CODEX_D_Drive_Backup_2026-07-30_160939\thunder-bowl-2026\data\normalized\backtest_player_auction_2021_2025.csv
2021,goon-skwad,Goon Skwad,Goon Skwad,Julio Jones,WR,TEN,6,audited_modern_auction_purchase,C:\Users\mailp\OneDrive\Desktop\CODEX_D_Drive_Backup_2026-07-30_160939\thunder-bowl-2026\data\normalized\backtest_player_auction_2021_2025.csv
2021,goon-skwad,Goon Skwad,Goon Skwad,Kansas City Chiefs,DST,KC,1,audited_modern_auction_purchase,C:\Users\mailp\OneDrive\Desktop\CODEX_D_Drive_Backup_2026-07-30_160939\thunder-bowl-2026\data\normalized\backtest_player_auction_2021_2025.csv
2021,goon-skwad,Goon Skwad,Goon Skwad,Robbie Gould,K,SF,1,audited_modern_auction_purchase,C:\Users\mailp\OneDrive\Desktop\CODEX_D_Drive_Backup_2026-07-30_160939\thunder-bowl-2026\data\normalized\backtest_player_auction_2021_2025.csv
2021,goon-skwad,Goon Skwad,Goon Skwad,Younghoe Koo,K,ATL,2,audited_modern_auction_purchase,C:\Users\mailp\OneDrive\Desktop\CODEX_D_Drive_Backup_2026-07-30_160939\thunder-bowl-2026\data\normalized\backtest_player_auction_2021_2025.csv
2021,orange-crush,Orange Crush,Orange Crush,Aaron Jones,RB,GB,36,audited_modern_auction_purchase,C:\Users\mailp\OneDrive\Desktop\CODEX_D_Drive_Backup_2026-07-30_160939\thunder-bowl-2026\data\normalized\backtest_player_auction_2021_2025.csv
2021,orange-crush,Orange Crush,Orange Crush,Chicago Bears,DST,CHI,1,audited_modern_auction_purchase,C:\Users\mailp\OneDrive\Desktop\CODEX_D_Drive_Backup_2026-07-30_160939\thunder-bowl-2026\data\normalized\backtest_player_auction_2021_2025.csv
2021,orange-crush,Orange Crush,Orange Crush,Deebo Samuel Sr.,WR,SF,2,audited_modern_auction_purchase,C:\Users\mailp\OneDrive\Desktop\CODEX_D_Drive_Backup_2026-07-30_160939\thunder-bowl-2026\data\normalized\backtest_player_auction_2021_2025.csv
2021,orange-crush,Orange Crush,Orange Crush,Ezekiel Elliott,RB,DAL,30,audited_modern_auction_purchase,C:\Users\mailp\OneDrive\Desktop\CODEX_D_Drive_Backup_2026-07-30_160939\thunder-bowl-2026\data\normalized\backtest_player_auction_2021_2025.csv
2021,orange-crush,Orange Crush,Orange Crush,Gerald Everett,TE,SEA,1,audited_modern_auction_purchase,C:\Users\mailp\OneDrive\Desktop\CODEX_D_Drive_Backup_2026-07-30_160939\thunder-bowl-2026\data\normalized\backtest_player_auction_2021_2025.csv
2021,orange-crush,Orange Crush,Orange Crush,Jonnu Smith,TE,NE,1,audited_modern_auction_purchase,C:\Users\mailp\OneDrive\Desktop\CODEX_D_Drive_Backup_2026-07-30_160939\thunder-bowl-2026\data\normalized\backtest_player_auction_2021_2025.csv
2021,orange-crush,Orange Crush,Orange Crush,Ryan Succop,K,TB,1,audited_modern_auction_purchase,C:\Users\mailp\OneDrive\Desktop\CODEX_D_Drive_Backup_2026-07-30_160939\thunder-bowl-2026\data\normalized\backtest_player_auction_2021_2025.csv
2021,orange-crush,Orange Crush,Orange Crush,Terry McLaurin,WR,WAS,23,audited_modern_auction_purchase,C:\Users\mailp\OneDrive\Desktop\CODEX_D_Drive_Backup_2026-07-30_160939\thunder-bowl-2026\data\normalized\backtest_player_auction_2021_2025.csv
2021,super-suckers,Super Suckers,Super Suckers,Brandon Aiyuk,WR,SF,4,audited_modern_auction_purchase,C:\Users\mailp\OneDrive\Desktop\CODEX_D_Drive_Backup_2026-07-30_160939\thunder-bowl-2026\data\normalized\backtest_player_auction_2021_2025.csv
2021,super-suckers,Super Suckers,Super Suckers,Indianapolis Colts,DST,IND,4,audited_modern_auction_purchase,C:\Users\mailp\OneDrive\Desktop\CODEX_D_Drive_Backup_2026-07-30_160939\thunder-bowl-2026\data\normalized\backtest_player_auction_2021_2025.csv
2021,super-suckers,Super Suckers,Super Suckers,Marvin Jones,WR,JAX,1,audited_modern_auction_purchase,C:\Users\mailp\OneDrive\Desktop\CODEX_D_Drive_Backup_2026-07-30_160939\thunder-bowl-2026\data\normalized\backtest_player_auction_2021_2025.csv
2021,super-suckers,Super Suckers,Super Suckers,Michael Thomas,WR,NO,2,audited_modern_auction_purchase,C:\Users\mailp\OneDrive\Desktop\CODEX_D_Drive_Backup_2026-07-30_160939\thunder-bowl-2026\data\normalized\backtest_player_auction_2021_2025.csv
2021,super-suckers,Super Suckers,Super Suckers,Miles Sanders,RB,PHI,5,audited_modern_auction_purchase,C:\Users\mailp\OneDrive\Desktop\CODEX_D_Drive_Backup_2026-07-30_160939\thunder-bowl-2026\data\normalized\backtest_player_auction_2021_2025.csv
2021,super-suckers,Super Suckers,Super Suckers,Robbie Chosen,WR,CAR,9,audited_modern_auction_purchase,C:\Users\mailp\OneDrive\Desktop\CODEX_D_Drive_Backup_2026-07-30_160939\thunder-bowl-2026\data\normalized\backtest_player_auction_2021_2025.csv
2021,super-suckers,Super Suckers,Super Suckers,Rodrigo Blankenship,K,IND,1,audited_modern_auction_purchase,C:\Users\mailp\OneDrive\Desktop\CODEX_D_Drive_Backup_2026-07-30_160939\thunder-bowl-2026\data\normalized\backtest_player_auction_2021_2025.csv
2021,super-suckers,Super Suckers,Super Suckers,Ronald Jones,RB,TB,2,audited_modern_auction_purchase,C:\Users\mailp\OneDrive\Desktop\CODEX_D_Drive_Backup_2026-07-30_160939\thunder-bowl-2026\data\normalized\backtest_player_auction_2021_2025.csv
2021,super-suckers,Super Suckers,Super Suckers,Russell Wilson,QB,SEA,9,audited_modern_auction_purchase,C:\Users\mailp\OneDrive\Desktop\CODEX_D_Drive_Backup_2026-07-30_160939\thunder-bowl-2026\data\normalized\backtest_player_auction_2021_2025.csv
2021,super-suckers,Super Suckers,Super Suckers,Travis Kelce,TE,KC,35,audited_modern_auction_purchase,C:\Users\mailp\OneDrive\Desktop\CODEX_D_Drive_Backup_2026-07-30_160939\thunder-bowl-2026\data\normalized\backtest_player_auction_2021_2025.csv
2021,super-suckers,Super Suckers,Super Suckers,Trey Lance,QB,SF,1,audited_modern_auction_purchase,C:\Users\mailp\OneDrive\Desktop\CODEX_D_Drive_Backup_2026-07-30_160939\thunder-bowl-2026\data\normalized\backtest_player_auction_2021_2025.csv
2021,super-suckers,Super Suckers,Super Suckers,Zack Moss,RB,BUF,2,audited_modern_auction_purchase,C:\Users\mailp\OneDrive\Desktop\CODEX_D_Drive_Backup_2026-07-30_160939\thunder-bowl-2026\data\normalized\backtest_player_auction_2021_2025.csv
2021,t-dogs,T-Dogs,T-Dogs,AJ Dillon,RB,GB,8,audited_modern_auction_purchase,C:\Users\mailp\OneDrive\Desktop\CODEX_D_Drive_Backup_2026-07-30_160939\thunder-bowl-2026\data\normalized\backtest_player_auction_2021_2025.csv
2021,t-dogs,T-Dogs,T-Dogs,Brandon McManus,K,DEN,1,audited_modern_auction_purchase,C:\Users\mailp\OneDrive\Desktop\CODEX_D_Drive_Backup_2026-07-30_160939\thunder-bowl-2026\data\normalized\backtest_player_auction_2021_2025.csv
2021,t-dogs,T-Dogs,T-Dogs,Chase Claypool,WR,PIT,1,audited_modern_auction_purchase,C:\Users\mailp\OneDrive\Desktop\CODEX_D_Drive_Backup_2026-07-30_160939\thunder-bowl-2026\data\normalized\backtest_player_auction_2021_2025.csv
2021,t-dogs,T-Dogs,T-Dogs,Chuba Hubbard,RB,CAR,2,audited_modern_auction_purchase,C:\Users\mailp\OneDrive\Desktop\CODEX_D_Drive_Backup_2026-07-30_160939\thunder-bowl-2026\data\normalized\backtest_player_auction_2021_2025.csv
2021,t-dogs,T-Dogs,T-Dogs,DeVonta Smith,WR,PHI,2,audited_modern_auction_purchase,C:\Users\mailp\OneDrive\Desktop\CODEX_D_Drive_Backup_2026-07-30_160939\thunder-bowl-2026\data\normalized\backtest_player_auction_2021_2025.csv
2021,t-dogs,T-Dogs,T-Dogs,Josh Jacobs,RB,LV,20,audited_modern_auction_purchase,C:\Users\mailp\OneDrive\Desktop\CODEX_D_Drive_Backup_2026-07-30_160939\thunder-bowl-2026\data\normalized\backtest_player_auction_2021_2025.csv
2021,t-dogs,T-Dogs,T-Dogs,Kenyan Drake,RB,LV,3,audited_modern_auction_purchase,C:\Users\mailp\OneDrive\Desktop\CODEX_D_Drive_Backup_2026-07-30_160939\thunder-bowl-2026\data\normalized\backtest_player_auction_2021_2025.csv
2021,t-dogs,T-Dogs,T-Dogs,Marquez Callaway,WR,NO,2,audited_modern_auction_purchase,C:\Users\mailp\OneDrive\Desktop\CODEX_D_Drive_Backup_2026-07-30_160939\thunder-bowl-2026\data\normalized\backtest_player_auction_2021_2025.csv
2021,t-dogs,T-Dogs,T-Dogs,Patrick Mahomes,QB,KC,19,audited_modern_auction_purchase,C:\Users\mailp\OneDrive\Desktop\CODEX_D_Drive_Backup_2026-07-30_160939\thunder-bowl-2026\data\normalized\backtest_player_auction_2021_2025.csv
2021,t-dogs,T-Dogs,T-Dogs,Robert Woods,WR,LAR,24,audited_modern_auction_purchase,C:\Users\mailp\OneDrive\Desktop\CODEX_D_Drive_Backup_2026-07-30_160939\thunder-bowl-2026\data\normalized\backtest_player_auction_2021_2025.csv
2021,t-dogs,T-Dogs,T-Dogs,San Francisco 49ers,DST,SF,4,audited_modern_auction_purchase,C:\Users\mailp\OneDrive\Desktop\CODEX_D_Drive_Backup_2026-07-30_160939\thunder-bowl-2026\data\normalized\backtest_player_auction_2021_2025.csv
2021,t-dogs,T-Dogs,T-Dogs,Trey Sermon,RB,SF,6,audited_modern_auction_purchase,C:\Users\mailp\OneDrive\Desktop\CODEX_D_Drive_Backup_2026-07-30_160939\thunder-bowl-2026\data\normalized\backtest_player_auction_2021_2025.csv
2021,the-bungles,The Bungles,The Bungles,Aaron Rodgers,QB,GB,7,audited_modern_auction_purchase,C:\Users\mailp\OneDrive\Desktop\CODEX_D_Drive_Backup_2026-07-30_160939\thunder-bowl-2026\data\normalized\backtest_player_auction_2021_2025.csv
2021,the-bungles,The Bungles,The Bungles,Adam Thielen,WR,MIN,10,audited_modern_auction_purchase,C:\Users\mailp\OneDrive\Desktop\CODEX_D_Drive_Backup_2026-07-30_160939\thunder-bowl-2026\data\normalized\backtest_player_auction_2021_2025.csv
2021,the-bungles,The Bungles,The Bungles,Chase Edmonds,RB,ARI,9,audited_modern_auction_purchase,C:\Users\mailp\OneDrive\Desktop\CODEX_D_Drive_Backup_2026-07-30_160939\thunder-bowl-2026\data\normalized\backtest_player_auction_2021_2025.csv
2021,the-bungles,The Bungles,The Bungles,Daniel Carlson,K,LV,1,audited_modern_auction_purchase,C:\Users\mailp\OneDrive\Desktop\CODEX_D_Drive_Backup_2026-07-30_160939\thunder-bowl-2026\data\normalized\backtest_player_auction_2021_2025.csv
2021,the-bungles,The Bungles,The Bungles,Jared Cook,TE,LAC,2,audited_modern_auction_purchase,C:\Users\mailp\OneDrive\Desktop\CODEX_D_Drive_Backup_2026-07-30_160939\thunder-bowl-2026\data\normalized\backtest_player_auction_2021_2025.csv
2021,the-bungles,The Bungles,The Bungles,Kareem Hunt,RB,CLE,9,audited_modern_auction_purchase,C:\Users\mailp\OneDrive\Desktop\CODEX_D_Drive_Backup_2026-07-30_160939\thunder-bowl-2026\data\normalized\backtest_player_auction_2021_2025.csv
2021,the-bungles,The Bungles,The Bungles,Kenny Golladay,WR,NYG,2,audited_modern_auction_purchase,C:\Users\mailp\OneDrive\Desktop\CODEX_D_Drive_Backup_2026-07-30_160939\thunder-bowl-2026\data\normalized\backtest_player_auction_2021_2025.csv
2021,the-bungles,The Bungles,The Bungles,Leonard Fournette,RB,TB,1,audited_modern_auction_purchase,C:\Users\mailp\OneDrive\Desktop\CODEX_D_Drive_Backup_2026-07-30_160939\thunder-bowl-2026\data\normalized\backtest_player_auction_2021_2025.csv
2021,the-bungles,The Bungles,The Bungles,Odell Beckham Jr.,WR,CLE,4,audited_modern_auction_purchase,C:\Users\mailp\OneDrive\Desktop\CODEX_D_Drive_Backup_2026-07-30_160939\thunder-bowl-2026\data\normalized\backtest_player_auction_2021_2025.csv
2021,the-bungles,The Bungles,The Bungles,Rob Gronkowski,TE,TB,1,audited_modern_auction_purchase,C:\Users\mailp\OneDrive\Desktop\CODEX_D_Drive_Backup_2026-07-30_160939\thunder-bowl-2026\data\normalized\backtest_player_auction_2021_2025.csv
2021,the-bungles,The Bungles,The Bungles,Saquon Barkley,RB,NYG,27,audited_modern_auction_purchase,C:\Users\mailp\OneDrive\Desktop\CODEX_D_Drive_Backup_2026-07-30_160939\thunder-bowl-2026\data\normalized\backtest_player_auction_2021_2025.csv
2021,the-bungles,The Bungles,The Bungles,Tampa Bay Buccaneers,DST,TB,1,audited_modern_auction_purchase,C:\Users\mailp\OneDrive\Desktop\CODEX_D_Drive_Backup_2026-07-30_160939\thunder-bowl-2026\data\normalized\backtest_player_auction_2021_2025.csv
2021,the-hobbits,The Hobbits,The Hobbits,Christian McCaffrey,RB,CAR,43,audited_modern_auction_purchase,C:\Users\mailp\OneDrive\Desktop\CODEX_D_Drive_Backup_2026-07-30_160939\thunder-bowl-2026\data\normalized\backtest_player_auction_2021_2025.csv
2021,the-hobbits,The Hobbits,The Hobbits,Cooper Kupp,WR,LAR,8,audited_modern_auction_purchase,C:\Users\mailp\OneDrive\Desktop\CODEX_D_Drive_Backup_2026-07-30_160939\thunder-bowl-2026\data\normalized\backtest_player_auction_2021_2025.csv
2021,the-hobbits,The Hobbits,The Hobbits,Denver Broncos,DST,DEN,3,audited_modern_auction_purchase,C:\Users\mailp\OneDrive\Desktop\CODEX_D_Drive_Backup_2026-07-30_160939\thunder-bowl-2026\data\normalized\backtest_player_auction_2021_2025.csv
2021,the-hobbits,The Hobbits,The Hobbits,Harrison Butker,K,KC,2,audited_modern_auction_purchase,C:\Users\mailp\OneDrive\Desktop\CODEX_D_Drive_Backup_2026-07-30_160939\thunder-bowl-2026\data\normalized\backtest_player_auction_2021_2025.csv
2021,the-hobbits,The Hobbits,The Hobbits,James Robinson,RB,JAX,17,audited_modern_auction_purchase,C:\Users\mailp\OneDrive\Desktop\CODEX_D_Drive_Backup_2026-07-30_160939\thunder-bowl-2026\data\normalized\backtest_player_auction_2021_2025.csv
2021,the-hobbits,The Hobbits,The Hobbits,Javonte Williams,RB,DEN,7,audited_modern_auction_purchase,C:\Users\mailp\OneDrive\Desktop\CODEX_D_Drive_Backup_2026-07-30_160939\thunder-bowl-2026\data\normalized\backtest_player_auction_2021_2025.csv
2021,the-hobbits,The Hobbits,The Hobbits,Justin Fields,QB,CHI,1,audited_modern_auction_purchase,C:\Users\mailp\OneDrive\Desktop\CODEX_D_Drive_Backup_2026-07-30_160939\thunder-bowl-2026\data\normalized\backtest_player_auction_2021_2025.csv
2021,the-hobbits,The Hobbits,The Hobbits,Tyler Higbee,TE,LAR,5,audited_modern_auction_purchase,C:\Users\mailp\OneDrive\Desktop\CODEX_D_Drive_Backup_2026-07-30_160939\thunder-bowl-2026\data\normalized\backtest_player_auction_2021_2025.csv
2021,the-hobbits,The Hobbits,The Hobbits,Tyler Lockett,WR,SEA,7,audited_modern_auction_purchase,C:\Users\mailp\OneDrive\Desktop\CODEX_D_Drive_Backup_2026-07-30_160939\thunder-bowl-2026\data\normalized\backtest_player_auction_2021_2025.csv
2021,three-amigos,Three Amigos,Three Amigos,Buffalo Bills,DST,BUF,3,audited_modern_auction_purchase,C:\Users\mailp\OneDrive\Desktop\CODEX_D_Drive_Backup_2026-07-30_160939\thunder-bowl-2026\data\normalized\backtest_player_auction_2021_2025.csv
2021,three-amigos,Three Amigos,Three Amigos,Dalvin Cook,RB,MIN,38,audited_modern_auction_purchase,C:\Users\mailp\OneDrive\Desktop\CODEX_D_Drive_Backup_2026-07-30_160939\thunder-bowl-2026\data\normalized\backtest_player_auction_2021_2025.csv
2021,three-amigos,Three Amigos,Three Amigos,Darrell Henderson,RB,LAR,6,audited_modern_auction_purchase,C:\Users\mailp\OneDrive\Desktop\CODEX_D_Drive_Backup_2026-07-30_160939\thunder-bowl-2026\data\normalized\backtest_player_auction_2021_2025.csv
2021,three-amigos,Three Amigos,Three Amigos,Diontae Johnson,WR,PIT,12,audited_modern_auction_purchase,C:\Users\mailp\OneDrive\Desktop\CODEX_D_Drive_Backup_2026-07-30_160939\thunder-bowl-2026\data\normalized\backtest_player_auction_2021_2025.csv
2021,three-amigos,Three Amigos,Three Amigos,Gus Edwards,RB,BAL,9,audited_modern_auction_purchase,C:\Users\mailp\OneDrive\Desktop\CODEX_D_Drive_Backup_2026-07-30_160939\thunder-bowl-2026\data\normalized\backtest_player_auction_2021_2025.csv
2021,three-amigos,Three Amigos,Three Amigos,J.K. Dobbins,RB,BAL,11,audited_modern_auction_purchase,C:\Users\mailp\OneDrive\Desktop\CODEX_D_Drive_Backup_2026-07-30_160939\thunder-bowl-2026\data\normalized\backtest_player_auction_2021_2025.csv
2021,three-amigos,Three Amigos,Three Amigos,Logan Thomas,TE,WAS,6,audited_modern_auction_purchase,C:\Users\mailp\OneDrive\Desktop\CODEX_D_Drive_Backup_2026-07-30_160939\thunder-bowl-2026\data\normalized\backtest_player_auction_2021_2025.csv
2021,three-amigos,Three Amigos,Three Amigos,Michael Carter,RB,NYJ,1,audited_modern_auction_purchase,C:\Users\mailp\OneDrive\Desktop\CODEX_D_Drive_Backup_2026-07-30_160939\thunder-bowl-2026\data\normalized\backtest_player_auction_2021_2025.csv
2021,three-amigos,Three Amigos,Three Amigos,Raheem Mostert,RB,SF,4,audited_modern_auction_purchase,C:\Users\mailp\OneDrive\Desktop\CODEX_D_Drive_Backup_2026-07-30_160939\thunder-bowl-2026\data\normalized\backtest_player_auction_2021_2025.csv
2021,three-amigos,Three Amigos,Three Amigos,Robert Tonyan,TE,GB,2,audited_modern_auction_purchase,C:\Users\mailp\OneDrive\Desktop\CODEX_D_Drive_Backup_2026-07-30_160939\thunder-bowl-2026\data\normalized\backtest_player_auction_2021_2025.csv
2021,three-amigos,Three Amigos,Three Amigos,Tyler Boyd,WR,CIN,2,audited_modern_auction_purchase,C:\Users\mailp\OneDrive\Desktop\CODEX_D_Drive_Backup_2026-07-30_160939\thunder-bowl-2026\data\normalized\backtest_player_auction_2021_2025.csv
2021,three-amigos,Three Amigos,Three Amigos,Wil Lutz,K,NO,1,audited_modern_auction_purchase,C:\Users\mailp\OneDrive\Desktop\CODEX_D_Drive_Backup_2026-07-30_160939\thunder-bowl-2026\data\normalized\backtest_player_auction_2021_2025.csv
2022,angry-face,Angry Face,Angry Face,Cordarrelle Patterson,RB,ATL,5,audited_modern_auction_purchase,C:\Users\mailp\OneDrive\Desktop\CODEX_D_Drive_Backup_2026-07-30_160939\thunder-bowl-2026\data\normalized\backtest_player_auction_2021_2025.csv
2022,angry-face,Angry Face,Angry Face,Dallas Goedert,TE,PHI,7,audited_modern_auction_purchase,C:\Users\mailp\OneDrive\Desktop\CODEX_D_Drive_Backup_2026-07-30_160939\thunder-bowl-2026\data\normalized\backtest_player_auction_2021_2025.csv
2022,angry-face,Angry Face,Angry Face,Elijah Mitchell,RB,SF,14,audited_modern_auction_purchase,C:\Users\mailp\OneDrive\Desktop\CODEX_D_Drive_Backup_2026-07-30_160939\thunder-bowl-2026\data\normalized\backtest_player_auction_2021_2025.csv
2022,angry-face,Angry Face,Angry Face,Indianapolis Colts,DST,IND,1,audited_modern_auction_purchase,C:\Users\mailp\OneDrive\Desktop\CODEX_D_Drive_Backup_2026-07-30_160939\thunder-bowl-2026\data\normalized\backtest_player_auction_2021_2025.csv
2022,angry-face,Angry Face,Angry Face,J.K. Dobbins,RB,BAL,8,audited_modern_auction_purchase,C:\Users\mailp\OneDrive\Desktop\CODEX_D_Drive_Backup_2026-07-30_160939\thunder-bowl-2026\data\normalized\backtest_player_auction_2021_2025.csv
2022,angry-face,Angry Face,Angry Face,Jeff Wilson,RB,SF,2,audited_modern_auction_purchase,C:\Users\mailp\OneDrive\Desktop\CODEX_D_Drive_Backup_2026-07-30_160939\thunder-bowl-2026\data\normalized\backtest_player_auction_2021_2025.csv
2022,angry-face,Angry Face,Angry Face,Josh Jacobs,RB,LV,12,audited_modern_auction_purchase,C:\Users\mailp\OneDrive\Desktop\CODEX_D_Drive_Backup_2026-07-30_160939\thunder-bowl-2026\data\normalized\backtest_player_auction_2021_2025.csv
2022,angry-face,Angry Face,Angry Face,JuJu Smith-Schuster,WR,KC,14,audited_modern_auction_purchase,C:\Users\mailp\OneDrive\Desktop\CODEX_D_Drive_Backup_2026-07-30_160939\thunder-bowl-2026\data\normalized\backtest_player_auction_2021_2025.csv
2022,angry-face,Angry Face,Angry Face,Kirk Cousins,QB,MIN,1,audited_modern_auction_purchase,C:\Users\mailp\OneDrive\Desktop\CODEX_D_Drive_Backup_2026-07-30_160939\thunder-bowl-2026\data\normalized\backtest_player_auction_2021_2025.csv
2022,angry-face,Angry Face,Angry Face,Patrick Mahomes,QB,KC,17,audited_modern_auction_purchase,C:\Users\mailp\OneDrive\Desktop\CODEX_D_Drive_Backup_2026-07-30_160939\thunder-bowl-2026\data\normalized\backtest_player_auction_2021_2025.csv
2022,angry-face,Angry Face,Angry Face,Rodrigo Blankenship,K,IND,1,audited_modern_auction_purchase,C:\Users\mailp\OneDrive\Desktop\CODEX_D_Drive_Backup_2026-07-30_160939\thunder-bowl-2026\data\normalized\backtest_player_auction_2021_2025.csv
2022,angry-face,Angry Face,Angry Face,Terry McLaurin,WR,WAS,10,audited_modern_auction_purchase,C:\Users\mailp\OneDrive\Desktop\CODEX_D_Drive_Backup_2026-07-30_160939\thunder-bowl-2026\data\normalized\backtest_player_auction_2021_2025.csv
2022,big-head,Big Head,Big Head,Austin Ekeler,RB,LAC,39,audited_modern_auction_purchase,C:\Users\mailp\OneDrive\Desktop\CODEX_D_Drive_Backup_2026-07-30_160939\thunder-bowl-2026\data\normalized\backtest_player_auction_2021_2025.csv
2022,big-head,Big Head,Big Head,Buffalo Bills,DST,BUF,4,audited_modern_auction_purchase,C:\Users\mailp\OneDrive\Desktop\CODEX_D_Drive_Backup_2026-07-30_160939\thunder-bowl-2026\data\normalized\backtest_player_auction_2021_2025.csv
2022,big-head,Big Head,Big Head,Hunter Henry,TE,NE,1,audited_modern_auction_purchase,C:\Users\mailp\OneDrive\Desktop\CODEX_D_Drive_Backup_2026-07-30_160939\thunder-bowl-2026\data\normalized\backtest_player_auction_2021_2025.csv
2022,big-head,Big Head,Big Head,Kareem Hunt,RB,CLE,2,audited_modern_auction_purchase,C:\Users\mailp\OneDrive\Desktop\CODEX_D_Drive_Backup_2026-07-30_160939\thunder-bowl-2026\data\normalized\backtest_player_auction_2021_2025.csv
2022,big-head,Big Head,Big Head,Kyler Murray,QB,ARI,3,audited_modern_auction_purchase,C:\Users\mailp\OneDrive\Desktop\CODEX_D_Drive_Backup_2026-07-30_160939\thunder-bowl-2026\data\normalized\backtest_player_auction_2021_2025.csv
2022,big-head,Big Head,Big Head,Mike Gesicki,TE,MIA,1,audited_modern_auction_purchase,C:\Users\mailp\OneDrive\Desktop\CODEX_D_Drive_Backup_2026-07-30_160939\thunder-bowl-2026\data\normalized\backtest_player_auction_2021_2025.csv
2022,big-head,Big Head,Big Head,Rashod Bateman,WR,BAL,3,audited_modern_auction_purchase,C:\Users\mailp\OneDrive\Desktop\CODEX_D_Drive_Backup_2026-07-30_160939\thunder-bowl-2026\data\normalized\backtest_player_auction_2021_2025.csv
2022,big-head,Big Head,Big Head,Russell Wilson,QB,DEN,7,audited_modern_auction_purchase,C:\Users\mailp\OneDrive\Desktop\CODEX_D_Drive_Backup_2026-07-30_160939\thunder-bowl-2026\data\normalized\backtest_player_auction_2021_2025.csv
2022,big-head,Big Head,Big Head,Stefon Diggs,WR,BUF,33,audited_modern_auction_purchase,C:\Users\mailp\OneDrive\Desktop\CODEX_D_Drive_Backup_2026-07-30_160939\thunder-bowl-2026\data\normalized\backtest_player_auction_2021_2025.csv
2022,big-head,Big Head,Big Head,Tyler Bass,K,BUF,2,audited_modern_auction_purchase,C:\Users\mailp\OneDrive\Desktop\CODEX_D_Drive_Backup_2026-07-30_160939\thunder-bowl-2026\data\normalized\backtest_player_auction_2021_2025.csv
2022,crime-and-punishment,Crime and Punishment,Crime and Punishment,Aaron Jones,RB,GB,34,audited_modern_auction_purchase,C:\Users\mailp\OneDrive\Desktop\CODEX_D_Drive_Backup_2026-07-30_160939\thunder-bowl-2026\data\normalized\backtest_player_auction_2021_2025.csv
2022,crime-and-punishment,Crime and Punishment,Crime and Punishment,Antonio Gibson,RB,WAS,3,audited_modern_auction_purchase,C:\Users\mailp\OneDrive\Desktop\CODEX_D_Drive_Backup_2026-07-30_160939\thunder-bowl-2026\data\normalized\backtest_player_auction_2021_2025.csv
2022,crime-and-punishment,Crime and Punishment,Crime and Punishment,Breece Hall,RB,NYJ,10,audited_modern_auction_purchase,C:\Users\mailp\OneDrive\Desktop\CODEX_D_Drive_Backup_2026-07-30_160939\thunder-bowl-2026\data\normalized\backtest_player_auction_2021_2025.csv
2022,crime-and-punishment,Crime and Punishment,Crime and Punishment,Darnell Mooney,WR,CHI,7,audited_modern_auction_purchase,C:\Users\mailp\OneDrive\Desktop\CODEX_D_Drive_Backup_2026-07-30_160939\thunder-bowl-2026\data\normalized\backtest_player_auction_2021_2025.csv
2022,crime-and-punishment,Crime and Punishment,Crime and Punishment,Davante Adams,WR,LV,28,audited_modern_auction_purchase,C:\Users\mailp\OneDrive\Desktop\CODEX_D_Drive_Backup_2026-07-30_160939\thunder-bowl-2026\data\normalized\backtest_player_auction_2021_2025.csv
2022,crime-and-punishment,Crime and Punishment,Crime and Punishment,Green Bay Packers,DST,GB,2,audited_modern_auction_purchase,C:\Users\mailp\OneDrive\Desktop\CODEX_D_Drive_Backup_2026-07-30_160939\thunder-bowl-2026\data\normalized\backtest_player_auction_2021_2025.csv
2022,crime-and-punishment,Crime and Punishment,Crime and Punishment,Harrison Butker,K,KC,3,audited_modern_auction_purchase,C:\Users\mailp\OneDrive\Desktop\CODEX_D_Drive_Backup_2026-07-30_160939\thunder-bowl-2026\data\normalized\backtest_player_auction_2021_2025.csv
2022,dogs-of-war,Dogs of War,Dogs of War,Brandon McManus,K,DEN,2,audited_modern_auction_purchase,C:\Users\mailp\OneDrive\Desktop\CODEX_D_Drive_Backup_2026-07-30_160939\thunder-bowl-2026\data\normalized\backtest_player_auction_2021_2025.csv
2022,dogs-of-war,Dogs of War,Dogs of War,Christian McCaffrey,RB,CAR,37,audited_modern_auction_purchase,C:\Users\mailp\OneDrive\Desktop\CODEX_D_Drive_Backup_2026-07-30_160939\thunder-bowl-2026\data\normalized\backtest_player_auction_2021_2025.csv
2022,dogs-of-war,Dogs of War,Dogs of War,Darren Waller,TE,LV,15,audited_modern_auction_purchase,C:\Users\mailp\OneDrive\Desktop\CODEX_D_Drive_Backup_2026-07-30_160939\thunder-bowl-2026\data\normalized\backtest_player_auction_2021_2025.csv
2022,dogs-of-war,Dogs of War,Dogs of War,Isiah Pacheco,RB,KC,2,audited_modern_auction_purchase,C:\Users\mailp\OneDrive\Desktop\CODEX_D_Drive_Backup_2026-07-30_160939\thunder-bowl-2026\data\normalized\backtest_player_auction_2021_2025.csv
2022,dogs-of-war,Dogs of War,Dogs of War,Keenan Allen,WR,LAC,23,audited_modern_auction_purchase,C:\Users\mailp\OneDrive\Desktop\CODEX_D_Drive_Backup_2026-07-30_160939\thunder-bowl-2026\data\normalized\backtest_player_auction_2021_2025.csv
2022,dogs-of-war,Dogs of War,Dogs of War,Marquise Brown,WR,ARI,6,audited_modern_auction_purchase,C:\Users\mailp\OneDrive\Desktop\CODEX_D_Drive_Backup_2026-07-30_160939\thunder-bowl-2026\data\normalized\backtest_player_auction_2021_2025.csv
2022,dogs-of-war,Dogs of War,Dogs of War,Miles Sanders,RB,PHI,4,audited_modern_auction_purchase,C:\Users\mailp\OneDrive\Desktop\CODEX_D_Drive_Backup_2026-07-30_160939\thunder-bowl-2026\data\normalized\backtest_player_auction_2021_2025.csv
2022,dogs-of-war,Dogs of War,Dogs of War,Pittsburgh Steelers,DST,PIT,2,audited_modern_auction_purchase,C:\Users\mailp\OneDrive\Desktop\CODEX_D_Drive_Backup_2026-07-30_160939\thunder-bowl-2026\data\normalized\backtest_player_auction_2021_2025.csv
2022,dogs-of-war,Dogs of War,Dogs of War,Tom Brady,QB,TB,6,audited_modern_auction_purchase,C:\Users\mailp\OneDrive\Desktop\CODEX_D_Drive_Backup_2026-07-30_160939\thunder-bowl-2026\data\normalized\backtest_player_auction_2021_2025.csv
2022,el-guapo,El Guapo,El Guapo,Adam Thielen,WR,MIN,18,audited_modern_auction_purchase,C:\Users\mailp\OneDrive\Desktop\CODEX_D_Drive_Backup_2026-07-30_160939\thunder-bowl-2026\data\normalized\backtest_player_auction_2021_2025.csv
2022,el-guapo,El Guapo,El Guapo,Alexander Mattison,RB,MIN,5,audited_modern_auction_purchase,C:\Users\mailp\OneDrive\Desktop\CODEX_D_Drive_Backup_2026-07-30_160939\thunder-bowl-2026\data\normalized\backtest_player_auction_2021_2025.csv
2022,el-guapo,El Guapo,El Guapo,Allen Lazard,WR,GB,10,audited_modern_auction_purchase,C:\Users\mailp\OneDrive\Desktop\CODEX_D_Drive_Backup_2026-07-30_160939\thunder-bowl-2026\data\normalized\backtest_player_auction_2021_2025.csv
2022,el-guapo,El Guapo,El Guapo,Chris Godwin Jr.,WR,TB,6,audited_modern_auction_purchase,C:\Users\mailp\OneDrive\Desktop\CODEX_D_Drive_Backup_2026-07-30_160939\thunder-bowl-2026\data\normalized\backtest_player_auction_2021_2025.csv
2022,el-guapo,El Guapo,El Guapo,Damien Harris,RB,NE,2,audited_modern_auction_purchase,C:\Users\mailp\OneDrive\Desktop\CODEX_D_Drive_Backup_2026-07-30_160939\thunder-bowl-2026\data\normalized\backtest_player_auction_2021_2025.csv
2022,el-guapo,El Guapo,El Guapo,George Kittle,TE,SF,16,audited_modern_auction_purchase,C:\Users\mailp\OneDrive\Desktop\CODEX_D_Drive_Backup_2026-07-30_160939\thunder-bowl-2026\data\normalized\backtest_player_auction_2021_2025.csv
2022,el-guapo,El Guapo,El Guapo,Jaylen Waddle,WR,MIA,6,audited_modern_auction_purchase,C:\Users\mailp\OneDrive\Desktop\CODEX_D_Drive_Backup_2026-07-30_160939\thunder-bowl-2026\data\normalized\backtest_player_auction_2021_2025.csv
2022,el-guapo,El Guapo,El Guapo,Joe Burrow,QB,CIN,7,audited_modern_auction_purchase,C:\Users\mailp\OneDrive\Desktop\CODEX_D_Drive_Backup_2026-07-30_160939\thunder-bowl-2026\data\normalized\backtest_player_auction_2021_2025.csv
2022,el-guapo,El Guapo,El Guapo,Los Angeles Rams,DST,LAR,1,audited_modern_auction_purchase,C:\Users\mailp\OneDrive\Desktop\CODEX_D_Drive_Backup_2026-07-30_160939\thunder-bowl-2026\data\normalized\backtest_player_auction_2021_2025.csv
2022,el-guapo,El Guapo,El Guapo,Matt Prater,K,ARI,1,audited_modern_auction_purchase,C:\Users\mailp\OneDrive\Desktop\CODEX_D_Drive_Backup_2026-07-30_160939\thunder-bowl-2026\data\normalized\backtest_player_auction_2021_2025.csv
2022,el-guapo,El Guapo,El Guapo,Melvin Gordon,RB,DEN,5,audited_modern_auction_purchase,C:\Users\mailp\OneDrive\Desktop\CODEX_D_Drive_Backup_2026-07-30_160939\thunder-bowl-2026\data\normalized\backtest_player_auction_2021_2025.csv
2022,el-guapo,El Guapo,El Guapo,Rhamondre Stevenson,RB,NE,8,audited_modern_auction_purchase,C:\Users\mailp\OneDrive\Desktop\CODEX_D_Drive_Backup_2026-07-30_160939\thunder-bowl-2026\data\normalized\backtest_player_auction_2021_2025.csv
2022,goon-skwad,Goon Skwad,Goon Skwad,Aaron Rodgers,QB,GB,3,audited_modern_auction_purchase,C:\Users\mailp\OneDrive\Desktop\CODEX_D_Drive_Backup_2026-07-30_160939\thunder-bowl-2026\data\normalized\backtest_player_auction_2021_2025.csv
2022,goon-skwad,Goon Skwad,Goon Skwad,Brandin Cooks,WR,HOU,9,audited_modern_auction_purchase,C:\Users\mailp\OneDrive\Desktop\CODEX_D_Drive_Backup_2026-07-30_160939\thunder-bowl-2026\data\normalized\backtest_player_auction_2021_2025.csv
2022,goon-skwad,Goon Skwad,Goon Skwad,Christian Kirk,WR,JAX,1,audited_modern_auction_purchase,C:\Users\mailp\OneDrive\Desktop\CODEX_D_Drive_Backup_2026-07-30_160939\thunder-bowl-2026\data\normalized\backtest_player_auction_2021_2025.csv
2022,goon-skwad,Goon Skwad,Goon Skwad,Clyde Edwards-Helaire,RB,KC,12,audited_modern_auction_purchase,C:\Users\mailp\OneDrive\Desktop\CODEX_D_Drive_Backup_2026-07-30_160939\thunder-bowl-2026\data\normalized\backtest_player_auction_2021_2025.csv
2022,goon-skwad,Goon Skwad,Goon Skwad,Greg Joseph,K,MIN,1,audited_modern_auction_purchase,C:\Users\mailp\OneDrive\Desktop\CODEX_D_Drive_Backup_2026-07-30_160939\thunder-bowl-2026\data\normalized\backtest_player_auction_2021_2025.csv
2022,goon-skwad,Goon Skwad,Goon Skwad,Kenny Gainwell,RB,PHI,1,audited_modern_auction_purchase,C:\Users\mailp\OneDrive\Desktop\CODEX_D_Drive_Backup_2026-07-30_160939\thunder-bowl-2026\data\normalized\backtest_player_auction_2021_2025.csv
2022,goon-skwad,Goon Skwad,Goon Skwad,New England Patriots,DST,NE,1,audited_modern_auction_purchase,C:\Users\mailp\OneDrive\Desktop\CODEX_D_Drive_Backup_2026-07-30_160939\thunder-bowl-2026\data\normalized\backtest_player_auction_2021_2025.csv
2022,goon-skwad,Goon Skwad,Goon Skwad,Nick Chubb,RB,CLE,26,audited_modern_auction_purchase,C:\Users\mailp\OneDrive\Desktop\CODEX_D_Drive_Backup_2026-07-30_160939\thunder-bowl-2026\data\normalized\backtest_player_auction_2021_2025.csv
2022,goon-skwad,Goon Skwad,Goon Skwad,Travis Kelce,TE,KC,26,audited_modern_auction_purchase,C:\Users\mailp\OneDrive\Desktop\CODEX_D_Drive_Backup_2026-07-30_160939\thunder-bowl-2026\data\normalized\backtest_player_auction_2021_2025.csv
2022,orange-crush,Orange Crush,Orange Crush,Albert Okwuegbunam,TE,DEN,2,audited_modern_auction_purchase,C:\Users\mailp\OneDrive\Desktop\CODEX_D_Drive_Backup_2026-07-30_160939\thunder-bowl-2026\data\normalized\backtest_player_auction_2021_2025.csv
2022,orange-crush,Orange Crush,Orange Crush,Amon-Ra St. Brown,WR,DET,11,audited_modern_auction_purchase,C:\Users\mailp\OneDrive\Desktop\CODEX_D_Drive_Backup_2026-07-30_160939\thunder-bowl-2026\data\normalized\backtest_player_auction_2021_2025.csv
2022,orange-crush,Orange Crush,Orange Crush,Brian Robinson,RB,WAS,4,audited_modern_auction_purchase,C:\Users\mailp\OneDrive\Desktop\CODEX_D_Drive_Backup_2026-07-30_160939\thunder-bowl-2026\data\normalized\backtest_player_auction_2021_2025.csv
2022,orange-crush,Orange Crush,Orange Crush,Daniel Carlson,K,LV,1,audited_modern_auction_purchase,C:\Users\mailp\OneDrive\Desktop\CODEX_D_Drive_Backup_2026-07-30_160939\thunder-bowl-2026\data\normalized\backtest_player_auction_2021_2025.csv
2022,orange-crush,Orange Crush,Orange Crush,Denver Broncos,DST,DEN,2,audited_modern_auction_purchase,C:\Users\mailp\OneDrive\Desktop\CODEX_D_Drive_Backup_2026-07-30_160939\thunder-bowl-2026\data\normalized\backtest_player_auction_2021_2025.csv
2022,orange-crush,Orange Crush,Orange Crush,Jalen Hurts,QB,PHI,4,audited_modern_auction_purchase,C:\Users\mailp\OneDrive\Desktop\CODEX_D_Drive_Backup_2026-07-30_160939\thunder-bowl-2026\data\normalized\backtest_player_auction_2021_2025.csv
2022,orange-crush,Orange Crush,Orange Crush,James Cook,RB,BUF,2,audited_modern_auction_purchase,C:\Users\mailp\OneDrive\Desktop\CODEX_D_Drive_Backup_2026-07-30_160939\thunder-bowl-2026\data\normalized\backtest_player_auction_2021_2025.csv
2022,orange-crush,Orange Crush,Orange Crush,Jerry Jeudy,WR,DEN,7,audited_modern_auction_purchase,C:\Users\mailp\OneDrive\Desktop\CODEX_D_Drive_Backup_2026-07-30_160939\thunder-bowl-2026\data\normalized\backtest_player_auction_2021_2025.csv
2022,orange-crush,Orange Crush,Orange Crush,Mark Andrews,TE,BAL,22,audited_modern_auction_purchase,C:\Users\mailp\OneDrive\Desktop\CODEX_D_Drive_Backup_2026-07-30_160939\thunder-bowl-2026\data\normalized\backtest_player_auction_2021_2025.csv
2022,orange-crush,Orange Crush,Orange Crush,Najee Harris,RB,PIT,39,audited_modern_auction_purchase,C:\Users\mailp\OneDrive\Desktop\CODEX_D_Drive_Backup_2026-07-30_160939\thunder-bowl-2026\data\normalized\backtest_player_auction_2021_2025.csv
2022,super-suckers,Super Suckers,Super Suckers,Chris Olave,WR,NO,1,audited_modern_auction_purchase,C:\Users\mailp\OneDrive\Desktop\CODEX_D_Drive_Backup_2026-07-30_160939\thunder-bowl-2026\data\normalized\backtest_player_auction_2021_2025.csv
2022,super-suckers,Super Suckers,Super Suckers,DeAndre Hopkins,WR,ARI,9,audited_modern_auction_purchase,C:\Users\mailp\OneDrive\Desktop\CODEX_D_Drive_Backup_2026-07-30_160939\thunder-bowl-2026\data\normalized\backtest_player_auction_2021_2025.csv
2022,super-suckers,Super Suckers,Super Suckers,Derrick Henry,RB,TEN,39,audited_modern_auction_purchase,C:\Users\mailp\OneDrive\Desktop\CODEX_D_Drive_Backup_2026-07-30_160939\thunder-bowl-2026\data\normalized\backtest_player_auction_2021_2025.csv
2022,super-suckers,Super Suckers,Super Suckers,James Robinson,RB,JAX,1,audited_modern_auction_purchase,C:\Users\mailp\OneDrive\Desktop\CODEX_D_Drive_Backup_2026-07-30_160939\thunder-bowl-2026\data\normalized\backtest_player_auction_2021_2025.csv
2022,super-suckers,Super Suckers,Super Suckers,Justin Fields,QB,CHI,1,audited_modern_auction_purchase,C:\Users\mailp\OneDrive\Desktop\CODEX_D_Drive_Backup_2026-07-30_160939\thunder-bowl-2026\data\normalized\backtest_player_auction_2021_2025.csv
2022,super-suckers,Super Suckers,Super Suckers,Justin Tucker,K,BAL,2,audited_modern_auction_purchase,C:\Users\mailp\OneDrive\Desktop\CODEX_D_Drive_Backup_2026-07-30_160939\thunder-bowl-2026\data\normalized\backtest_player_auction_2021_2025.csv
2022,super-suckers,Super Suckers,Super Suckers,Pat Freiermuth,TE,PIT,3,audited_modern_auction_purchase,C:\Users\mailp\OneDrive\Desktop\CODEX_D_Drive_Backup_2026-07-30_160939\thunder-bowl-2026\data\normalized\backtest_player_auction_2021_2025.csv
2022,super-suckers,Super Suckers,Super Suckers,Skyy Moore,WR,KC,1,audited_modern_auction_purchase,C:\Users\mailp\OneDrive\Desktop\CODEX_D_Drive_Backup_2026-07-30_160939\thunder-bowl-2026\data\normalized\backtest_player_auction_2021_2025.csv
2022,super-suckers,Super Suckers,Super Suckers,Tampa Bay Buccaneers,DST,TB,2,audited_modern_auction_purchase,C:\Users\mailp\OneDrive\Desktop\CODEX_D_Drive_Backup_2026-07-30_160939\thunder-bowl-2026\data\normalized\backtest_player_auction_2021_2025.csv
2022,super-suckers,Super Suckers,Super Suckers,Tony Pollard,RB,DAL,6,audited_modern_auction_purchase,C:\Users\mailp\OneDrive\Desktop\CODEX_D_Drive_Backup_2026-07-30_160939\thunder-bowl-2026\data\normalized\backtest_player_auction_2021_2025.csv
2022,super-suckers,Super Suckers,Super Suckers,Tyreek Hill,WR,MIA,25,audited_modern_auction_purchase,C:\Users\mailp\OneDrive\Desktop\CODEX_D_Drive_Backup_2026-07-30_160939\thunder-bowl-2026\data\normalized\backtest_player_auction_2021_2025.csv
2022,super-suckers,Super Suckers,Super Suckers,Zamir White,RB,LV,1,audited_modern_auction_purchase,C:\Users\mailp\OneDrive\Desktop\CODEX_D_Drive_Backup_2026-07-30_160939\thunder-bowl-2026\data\normalized\backtest_player_auction_2021_2025.csv
2022,t-dogs,T-Dogs,T-Dogs,AJ Dillon,RB,GB,17,audited_modern_auction_purchase,C:\Users\mailp\OneDrive\Desktop\CODEX_D_Drive_Backup_2026-07-30_160939\thunder-bowl-2026\data\normalized\backtest_player_auction_2021_2025.csv
2022,t-dogs,T-Dogs,T-Dogs,Chase Edmonds,RB,MIA,7,audited_modern_auction_purchase,C:\Users\mailp\OneDrive\Desktop\CODEX_D_Drive_Backup_2026-07-30_160939\thunder-bowl-2026\data\normalized\backtest_player_auction_2021_2025.csv
2022,t-dogs,T-Dogs,T-Dogs,Cole Kmet,TE,CHI,3,audited_modern_auction_purchase,C:\Users\mailp\OneDrive\Desktop\CODEX_D_Drive_Backup_2026-07-30_160939\thunder-bowl-2026\data\normalized\backtest_player_auction_2021_2025.csv
2022,t-dogs,T-Dogs,T-Dogs,DJ Moore,WR,CAR,17,audited_modern_auction_purchase,C:\Users\mailp\OneDrive\Desktop\CODEX_D_Drive_Backup_2026-07-30_160939\thunder-bowl-2026\data\normalized\backtest_player_auction_2021_2025.csv
2022,t-dogs,T-Dogs,T-Dogs,Dak Prescott,QB,DAL,4,audited_modern_auction_purchase,C:\Users\mailp\OneDrive\Desktop\CODEX_D_Drive_Backup_2026-07-30_160939\thunder-bowl-2026\data\normalized\backtest_player_auction_2021_2025.csv
2022,t-dogs,T-Dogs,T-Dogs,Dameon Pierce,RB,HOU,13,audited_modern_auction_purchase,C:\Users\mailp\OneDrive\Desktop\CODEX_D_Drive_Backup_2026-07-30_160939\thunder-bowl-2026\data\normalized\backtest_player_auction_2021_2025.csv
2022,t-dogs,T-Dogs,T-Dogs,Darrell Henderson,RB,LAR,1,audited_modern_auction_purchase,C:\Users\mailp\OneDrive\Desktop\CODEX_D_Drive_Backup_2026-07-30_160939\thunder-bowl-2026\data\normalized\backtest_player_auction_2021_2025.csv
2022,t-dogs,T-Dogs,T-Dogs,Evan McPherson,K,CIN,2,audited_modern_auction_purchase,C:\Users\mailp\OneDrive\Desktop\CODEX_D_Drive_Backup_2026-07-30_160939\thunder-bowl-2026\data\normalized\backtest_player_auction_2021_2025.csv
2022,t-dogs,T-Dogs,T-Dogs,Kenneth Walker III,RB,SEA,9,audited_modern_auction_purchase,C:\Users\mailp\OneDrive\Desktop\CODEX_D_Drive_Backup_2026-07-30_160939\thunder-bowl-2026\data\normalized\backtest_player_auction_2021_2025.csv
2022,t-dogs,T-Dogs,T-Dogs,Rashaad Penny,RB,SEA,8,audited_modern_auction_purchase,C:\Users\mailp\OneDrive\Desktop\CODEX_D_Drive_Backup_2026-07-30_160939\thunder-bowl-2026\data\normalized\backtest_player_auction_2021_2025.csv
2022,t-dogs,T-Dogs,T-Dogs,San Francisco 49ers,DST,SF,2,audited_modern_auction_purchase,C:\Users\mailp\OneDrive\Desktop\CODEX_D_Drive_Backup_2026-07-30_160939\thunder-bowl-2026\data\normalized\backtest_player_auction_2021_2025.csv
2022,t-dogs,T-Dogs,T-Dogs,Trevor Lawrence,QB,JAX,2,audited_modern_auction_purchase,C:\Users\mailp\OneDrive\Desktop\CODEX_D_Drive_Backup_2026-07-30_160939\thunder-bowl-2026\data\normalized\backtest_player_auction_2021_2025.csv
2022,the-bungles,The Bungles,The Bungles,Alvin Kamara,RB,NO,23,audited_modern_auction_purchase,C:\Users\mailp\OneDrive\Desktop\CODEX_D_Drive_Backup_2026-07-30_160939\thunder-bowl-2026\data\normalized\backtest_player_auction_2021_2025.csv
2022,the-bungles,The Bungles,The Bungles,Amari Cooper,WR,CLE,2,audited_modern_auction_purchase,C:\Users\mailp\OneDrive\Desktop\CODEX_D_Drive_Backup_2026-07-30_160939\thunder-bowl-2026\data\normalized\backtest_player_auction_2021_2025.csv
2022,the-bungles,The Bungles,The Bungles,Baltimore Ravens,DST,BAL,2,audited_modern_auction_purchase,C:\Users\mailp\OneDrive\Desktop\CODEX_D_Drive_Backup_2026-07-30_160939\thunder-bowl-2026\data\normalized\backtest_player_auction_2021_2025.csv
2022,the-bungles,The Bungles,The Bungles,Chase Claypool,WR,PIT,1,audited_modern_auction_purchase,C:\Users\mailp\OneDrive\Desktop\CODEX_D_Drive_Backup_2026-07-30_160939\thunder-bowl-2026\data\normalized\backtest_player_auction_2021_2025.csv
2022,the-bungles,The Bungles,The Bungles,DK Metcalf,WR,SEA,10,audited_modern_auction_purchase,C:\Users\mailp\OneDrive\Desktop\CODEX_D_Drive_Backup_2026-07-30_160939\thunder-bowl-2026\data\normalized\backtest_player_auction_2021_2025.csv
2022,the-bungles,The Bungles,The Bungles,DeVonta Smith,WR,PHI,11,audited_modern_auction_purchase,C:\Users\mailp\OneDrive\Desktop\CODEX_D_Drive_Backup_2026-07-30_160939\thunder-bowl-2026\data\normalized\backtest_player_auction_2021_2025.csv
2022,the-bungles,The Bungles,The Bungles,Dustin Hopkins,K,LAC,2,audited_modern_auction_purchase,C:\Users\mailp\OneDrive\Desktop\CODEX_D_Drive_Backup_2026-07-30_160939\thunder-bowl-2026\data\normalized\backtest_player_auction_2021_2025.csv
2022,the-bungles,The Bungles,The Bungles,Kadarius Toney,WR,NYG,1,audited_modern_auction_purchase,C:\Users\mailp\OneDrive\Desktop\CODEX_D_Drive_Backup_2026-07-30_160939\thunder-bowl-2026\data\normalized\backtest_player_auction_2021_2025.csv
2022,the-bungles,The Bungles,The Bungles,Lamar Jackson,QB,BAL,7,audited_modern_auction_purchase,C:\Users\mailp\OneDrive\Desktop\CODEX_D_Drive_Backup_2026-07-30_160939\thunder-bowl-2026\data\normalized\backtest_player_auction_2021_2025.csv
2022,the-bungles,The Bungles,The Bungles,Matt Ryan,QB,IND,1,audited_modern_auction_purchase,C:\Users\mailp\OneDrive\Desktop\CODEX_D_Drive_Backup_2026-07-30_160939\thunder-bowl-2026\data\normalized\backtest_player_auction_2021_2025.csv
2022,the-bungles,The Bungles,The Bungles,Saquon Barkley,RB,NYG,27,audited_modern_auction_purchase,C:\Users\mailp\OneDrive\Desktop\CODEX_D_Drive_Backup_2026-07-30_160939\thunder-bowl-2026\data\normalized\backtest_player_auction_2021_2025.csv
2022,the-bungles,The Bungles,The Bungles,Zach Ertz,TE,ARI,4,audited_modern_auction_purchase,C:\Users\mailp\OneDrive\Desktop\CODEX_D_Drive_Backup_2026-07-30_160939\thunder-bowl-2026\data\normalized\backtest_player_auction_2021_2025.csv
2022,the-hobbits,The Hobbits,The Hobbits,A.J. Brown,WR,PHI,24,audited_modern_auction_purchase,C:\Users\mailp\OneDrive\Desktop\CODEX_D_Drive_Backup_2026-07-30_160939\thunder-bowl-2026\data\normalized\backtest_player_auction_2021_2025.csv
2022,the-hobbits,The Hobbits,The Hobbits,Cairo Santos,K,CHI,1,audited_modern_auction_purchase,C:\Users\mailp\OneDrive\Desktop\CODEX_D_Drive_Backup_2026-07-30_160939\thunder-bowl-2026\data\normalized\backtest_player_auction_2021_2025.csv
2022,the-hobbits,The Hobbits,The Hobbits,Dallas Cowboys,DST,DAL,1,audited_modern_auction_purchase,C:\Users\mailp\OneDrive\Desktop\CODEX_D_Drive_Backup_2026-07-30_160939\thunder-bowl-2026\data\normalized\backtest_player_auction_2021_2025.csv
2022,the-hobbits,The Hobbits,The Hobbits,Dawson Knox,TE,BUF,4,audited_modern_auction_purchase,C:\Users\mailp\OneDrive\Desktop\CODEX_D_Drive_Backup_2026-07-30_160939\thunder-bowl-2026\data\normalized\backtest_player_auction_2021_2025.csv
2022,the-hobbits,The Hobbits,The Hobbits,Devin Singletary,RB,BUF,5,audited_modern_auction_purchase,C:\Users\mailp\OneDrive\Desktop\CODEX_D_Drive_Backup_2026-07-30_160939\thunder-bowl-2026\data\normalized\backtest_player_auction_2021_2025.csv
2022,the-hobbits,The Hobbits,The Hobbits,Elijah Moore,WR,NYJ,4,audited_modern_auction_purchase,C:\Users\mailp\OneDrive\Desktop\CODEX_D_Drive_Backup_2026-07-30_160939\thunder-bowl-2026\data\normalized\backtest_player_auction_2021_2025.csv
2022,the-hobbits,The Hobbits,The Hobbits,Ezekiel Elliott,RB,DAL,16,audited_modern_auction_purchase,C:\Users\mailp\OneDrive\Desktop\CODEX_D_Drive_Backup_2026-07-30_160939\thunder-bowl-2026\data\normalized\backtest_player_auction_2021_2025.csv
2022,the-hobbits,The Hobbits,The Hobbits,Hunter Renfrow,WR,LV,4,audited_modern_auction_purchase,C:\Users\mailp\OneDrive\Desktop\CODEX_D_Drive_Backup_2026-07-30_160939\thunder-bowl-2026\data\normalized\backtest_player_auction_2021_2025.csv
2022,the-hobbits,The Hobbits,The Hobbits,Mike Evans,WR,TB,22,audited_modern_auction_purchase,C:\Users\mailp\OneDrive\Desktop\CODEX_D_Drive_Backup_2026-07-30_160939\thunder-bowl-2026\data\normalized\backtest_player_auction_2021_2025.csv
2022,the-hobbits,The Hobbits,The Hobbits,T.J. Hockenson,TE,DET,7,audited_modern_auction_purchase,C:\Users\mailp\OneDrive\Desktop\CODEX_D_Drive_Backup_2026-07-30_160939\thunder-bowl-2026\data\normalized\backtest_player_auction_2021_2025.csv
2022,three-amigos,Three Amigos,Three Amigos,Brandon Aiyuk,WR,SF,4,audited_modern_auction_purchase,C:\Users\mailp\OneDrive\Desktop\CODEX_D_Drive_Backup_2026-07-30_160939\thunder-bowl-2026\data\normalized\backtest_player_auction_2021_2025.csv
2022,three-amigos,Three Amigos,Three Amigos,Dalton Schultz,TE,DAL,10,audited_modern_auction_purchase,C:\Users\mailp\OneDrive\Desktop\CODEX_D_Drive_Backup_2026-07-30_160939\thunder-bowl-2026\data\normalized\backtest_player_auction_2021_2025.csv
2022,three-amigos,Three Amigos,Three Amigos,Dalvin Cook,RB,MIN,34,audited_modern_auction_purchase,C:\Users\mailp\OneDrive\Desktop\CODEX_D_Drive_Backup_2026-07-30_160939\thunder-bowl-2026\data\normalized\backtest_player_auction_2021_2025.csv
2022,three-amigos,Three Amigos,Three Amigos,Diontae Johnson,WR,PIT,11,audited_modern_auction_purchase,C:\Users\mailp\OneDrive\Desktop\CODEX_D_Drive_Backup_2026-07-30_160939\thunder-bowl-2026\data\normalized\backtest_player_auction_2021_2025.csv
2022,three-amigos,Three Amigos,Three Amigos,Gabe Davis,WR,BUF,7,audited_modern_auction_purchase,C:\Users\mailp\OneDrive\Desktop\CODEX_D_Drive_Backup_2026-07-30_160939\thunder-bowl-2026\data\normalized\backtest_player_auction_2021_2025.csv
2022,three-amigos,Three Amigos,Three Amigos,Irv Smith,TE,MIN,1,audited_modern_auction_purchase,C:\Users\mailp\OneDrive\Desktop\CODEX_D_Drive_Backup_2026-07-30_160939\thunder-bowl-2026\data\normalized\backtest_player_auction_2021_2025.csv
2022,three-amigos,Three Amigos,Three Amigos,Kenny Pickett,QB,PIT,1,audited_modern_auction_purchase,C:\Users\mailp\OneDrive\Desktop\CODEX_D_Drive_Backup_2026-07-30_160939\thunder-bowl-2026\data\normalized\backtest_player_auction_2021_2025.csv
2022,three-amigos,Three Amigos,Three Amigos,Matt Gay,K,LAR,2,audited_modern_auction_purchase,C:\Users\mailp\OneDrive\Desktop\CODEX_D_Drive_Backup_2026-07-30_160939\thunder-bowl-2026\data\normalized\backtest_player_auction_2021_2025.csv
2022,three-amigos,Three Amigos,Three Amigos,Mike Williams,WR,LAC,16,audited_modern_auction_purchase,C:\Users\mailp\OneDrive\Desktop\CODEX_D_Drive_Backup_2026-07-30_160939\thunder-bowl-2026\data\normalized\backtest_player_auction_2021_2025.csv
2022,three-amigos,Three Amigos,Three Amigos,New Orleans Saints,DST,NO,1,audited_modern_auction_purchase,C:\Users\mailp\OneDrive\Desktop\CODEX_D_Drive_Backup_2026-07-30_160939\thunder-bowl-2026\data\normalized\backtest_player_auction_2021_2025.csv
2022,three-amigos,Three Amigos,Three Amigos,Romeo Doubs,WR,GB,1,audited_modern_auction_purchase,C:\Users\mailp\OneDrive\Desktop\CODEX_D_Drive_Backup_2026-07-30_160939\thunder-bowl-2026\data\normalized\backtest_player_auction_2021_2025.csv
2023,angry-face,Angry Face,Angry Face,Christian Kirk,WR,JAX,3,audited_modern_draft_or_keeper_unresolved,C:\Users\mailp\OneDrive\Desktop\CODEX_D_Drive_Backup_2026-07-30_160939\thunder-bowl-2026\data\normalized\backtest_player_auction_2021_2025.csv
2023,angry-face,Angry Face,Angry Face,Christian Watson,WR,GB,8,audited_modern_draft_or_keeper_unresolved,C:\Users\mailp\OneDrive\Desktop\CODEX_D_Drive_Backup_2026-07-30_160939\thunder-bowl-2026\data\normalized\backtest_player_auction_2021_2025.csv
2023,angry-face,Angry Face,Angry Face,D'Andre Swift,RB,PHI,3,audited_modern_draft_or_keeper_unresolved,C:\Users\mailp\OneDrive\Desktop\CODEX_D_Drive_Backup_2026-07-30_160939\thunder-bowl-2026\data\normalized\backtest_player_auction_2021_2025.csv
2023,angry-face,Angry Face,Angry Face,Dalvin Cook,RB,NYJ,4,audited_modern_draft_or_keeper_unresolved,C:\Users\mailp\OneDrive\Desktop\CODEX_D_Drive_Backup_2026-07-30_160939\thunder-bowl-2026\data\normalized\backtest_player_auction_2021_2025.csv
2023,angry-face,Angry Face,Angry Face,Diontae Johnson,WR,PIT,5,audited_modern_draft_or_keeper_unresolved,C:\Users\mailp\OneDrive\Desktop\CODEX_D_Drive_Backup_2026-07-30_160939\thunder-bowl-2026\data\normalized\backtest_player_auction_2021_2025.csv
2023,angry-face,Angry Face,Angry Face,Jahmyr Gibbs,RB,DET,16,audited_modern_draft_or_keeper_unresolved,C:\Users\mailp\OneDrive\Desktop\CODEX_D_Drive_Backup_2026-07-30_160939\thunder-bowl-2026\data\normalized\backtest_player_auction_2021_2025.csv
2023,angry-face,Angry Face,Angry Face,Jaylen Waddle,WR,MIA,21,audited_modern_draft_or_keeper_unresolved,C:\Users\mailp\OneDrive\Desktop\CODEX_D_Drive_Backup_2026-07-30_160939\thunder-bowl-2026\data\normalized\backtest_player_auction_2021_2025.csv
2023,angry-face,Angry Face,Angry Face,Jerry Jeudy,WR,DEN,5,audited_modern_draft_or_keeper_unresolved,C:\Users\mailp\OneDrive\Desktop\CODEX_D_Drive_Backup_2026-07-30_160939\thunder-bowl-2026\data\normalized\backtest_player_auction_2021_2025.csv
2023,angry-face,Angry Face,Angry Face,Josh Allen,QB,BUF,18,audited_modern_draft_or_keeper_unresolved,C:\Users\mailp\OneDrive\Desktop\CODEX_D_Drive_Backup_2026-07-30_160939\thunder-bowl-2026\data\normalized\backtest_player_auction_2021_2025.csv
2023,angry-face,Angry Face,Angry Face,Matt Gay,K,IND,1,audited_modern_draft_or_keeper_unresolved,C:\Users\mailp\OneDrive\Desktop\CODEX_D_Drive_Backup_2026-07-30_160939\thunder-bowl-2026\data\normalized\backtest_player_auction_2021_2025.csv
2023,angry-face,Angry Face,Angry Face,Pittsburgh,DST,PIT,2,audited_modern_draft_or_keeper_unresolved,C:\Users\mailp\OneDrive\Desktop\CODEX_D_Drive_Backup_2026-07-30_160939\thunder-bowl-2026\data\normalized\backtest_player_auction_2021_2025.csv
2023,big-head,Big Head,Big Head,Austin Ekeler,RB,LAC,39,audited_modern_draft_or_keeper_unresolved,C:\Users\mailp\OneDrive\Desktop\CODEX_D_Drive_Backup_2026-07-30_160939\thunder-bowl-2026\data\normalized\backtest_player_auction_2021_2025.csv
2023,big-head,Big Head,Big Head,Chris Godwin Jr.,WR,TB,4,audited_modern_draft_or_keeper_unresolved,C:\Users\mailp\OneDrive\Desktop\CODEX_D_Drive_Backup_2026-07-30_160939\thunder-bowl-2026\data\normalized\backtest_player_auction_2021_2025.csv
2023,big-head,Big Head,Big Head,Dallas,DST,DAL,5,audited_modern_draft_or_keeper_unresolved,C:\Users\mailp\OneDrive\Desktop\CODEX_D_Drive_Backup_2026-07-30_160939\thunder-bowl-2026\data\normalized\backtest_player_auction_2021_2025.csv
2023,big-head,Big Head,Big Head,Dalton Schultz,TE,HOU,1,audited_modern_draft_or_keeper_unresolved,C:\Users\mailp\OneDrive\Desktop\CODEX_D_Drive_Backup_2026-07-30_160939\thunder-bowl-2026\data\normalized\backtest_player_auction_2021_2025.csv
2023,big-head,Big Head,Big Head,DeVonta Smith,WR,PHI,14,audited_modern_draft_or_keeper_unresolved,C:\Users\mailp\OneDrive\Desktop\CODEX_D_Drive_Backup_2026-07-30_160939\thunder-bowl-2026\data\normalized\backtest_player_auction_2021_2025.csv
2023,big-head,Big Head,Big Head,Jamaal Williams,RB,NO,1,audited_modern_draft_or_keeper_unresolved,C:\Users\mailp\OneDrive\Desktop\CODEX_D_Drive_Backup_2026-07-30_160939\thunder-bowl-2026\data\normalized\backtest_player_auction_2021_2025.csv
2023,big-head,Big Head,Big Head,Michael Pittman,WR,IND,1,audited_modern_draft_or_keeper_unresolved,C:\Users\mailp\OneDrive\Desktop\CODEX_D_Drive_Backup_2026-07-30_160939\thunder-bowl-2026\data\normalized\backtest_player_auction_2021_2025.csv
2023,big-head,Big Head,Big Head,Najee Harris,RB,PIT,16,audited_modern_draft_or_keeper_unresolved,C:\Users\mailp\OneDrive\Desktop\CODEX_D_Drive_Backup_2026-07-30_160939\thunder-bowl-2026\data\normalized\backtest_player_auction_2021_2025.csv
2023,big-head,Big Head,Big Head,Trevor Lawrence,QB,JAX,7,audited_modern_draft_or_keeper_unresolved,C:\Users\mailp\OneDrive\Desktop\CODEX_D_Drive_Backup_2026-07-30_160939\thunder-bowl-2026\data\normalized\backtest_player_auction_2021_2025.csv
2023,big-head,Big Head,Big Head,Tyler Bass,K,BUF,2,audited_modern_draft_or_keeper_unresolved,C:\Users\mailp\OneDrive\Desktop\CODEX_D_Drive_Backup_2026-07-30_160939\thunder-bowl-2026\data\normalized\backtest_player_auction_2021_2025.csv
2023,crime-and-punishment,Crime and Punishment,Crime and Punishment,DJ Moore,WR,CHI,5,audited_modern_draft_or_keeper_unresolved,C:\Users\mailp\OneDrive\Desktop\CODEX_D_Drive_Backup_2026-07-30_160939\thunder-bowl-2026\data\normalized\backtest_player_auction_2021_2025.csv
2023,crime-and-punishment,Crime and Punishment,Crime and Punishment,Dallas Goedert,TE,PHI,6,audited_modern_draft_or_keeper_unresolved,C:\Users\mailp\OneDrive\Desktop\CODEX_D_Drive_Backup_2026-07-30_160939\thunder-bowl-2026\data\normalized\backtest_player_auction_2021_2025.csv
2023,crime-and-punishment,Crime and Punishment,Crime and Punishment,Graham Gano,K,NYG,1,audited_modern_draft_or_keeper_unresolved,C:\Users\mailp\OneDrive\Desktop\CODEX_D_Drive_Backup_2026-07-30_160939\thunder-bowl-2026\data\normalized\backtest_player_auction_2021_2025.csv
2023,crime-and-punishment,Crime and Punishment,Crime and Punishment,Justin Herbert,QB,LAC,8,audited_modern_draft_or_keeper_unresolved,C:\Users\mailp\OneDrive\Desktop\CODEX_D_Drive_Backup_2026-07-30_160939\thunder-bowl-2026\data\normalized\backtest_player_auction_2021_2025.csv
2023,crime-and-punishment,Crime and Punishment,Crime and Punishment,San Francisco,DST,SF,5,audited_modern_draft_or_keeper_unresolved,C:\Users\mailp\OneDrive\Desktop\CODEX_D_Drive_Backup_2026-07-30_160939\thunder-bowl-2026\data\normalized\backtest_player_auction_2021_2025.csv
2023,crime-and-punishment,Crime and Punishment,Crime and Punishment,Saquon Barkley,RB,NYG,33,audited_modern_draft_or_keeper_unresolved,C:\Users\mailp\OneDrive\Desktop\CODEX_D_Drive_Backup_2026-07-30_160939\thunder-bowl-2026\data\normalized\backtest_player_auction_2021_2025.csv
2023,crime-and-punishment,Crime and Punishment,Crime and Punishment,Zay Flowers,WR,BAL,3,audited_modern_draft_or_keeper_unresolved,C:\Users\mailp\OneDrive\Desktop\CODEX_D_Drive_Backup_2026-07-30_160939\thunder-bowl-2026\data\normalized\backtest_player_auction_2021_2025.csv
2023,dogs-of-war,Dogs of War,Dogs of War,Baltimore,DST,BAL,3,audited_modern_draft_or_keeper_unresolved,C:\Users\mailp\OneDrive\Desktop\CODEX_D_Drive_Backup_2026-07-30_160939\thunder-bowl-2026\data\normalized\backtest_player_auction_2021_2025.csv
2023,dogs-of-war,Dogs of War,Dogs of War,Christian McCaffrey,RB,SF,37,audited_modern_draft_or_keeper_unresolved,C:\Users\mailp\OneDrive\Desktop\CODEX_D_Drive_Backup_2026-07-30_160939\thunder-bowl-2026\data\normalized\backtest_player_auction_2021_2025.csv
2023,dogs-of-war,Dogs of War,Dogs of War,DK Metcalf,WR,SEA,21,audited_modern_draft_or_keeper_unresolved,C:\Users\mailp\OneDrive\Desktop\CODEX_D_Drive_Backup_2026-07-30_160939\thunder-bowl-2026\data\normalized\backtest_player_auction_2021_2025.csv
2023,dogs-of-war,Dogs of War,Dogs of War,DeAndre Hopkins,WR,TEN,10,audited_modern_draft_or_keeper_unresolved,C:\Users\mailp\OneDrive\Desktop\CODEX_D_Drive_Backup_2026-07-30_160939\thunder-bowl-2026\data\normalized\backtest_player_auction_2021_2025.csv
2023,dogs-of-war,Dogs of War,Dogs of War,Jared Goff,QB,DET,2,audited_modern_draft_or_keeper_unresolved,C:\Users\mailp\OneDrive\Desktop\CODEX_D_Drive_Backup_2026-07-30_160939\thunder-bowl-2026\data\normalized\backtest_player_auction_2021_2025.csv
2023,dogs-of-war,Dogs of War,Dogs of War,Pat Freiermuth,TE,PIT,5,audited_modern_draft_or_keeper_unresolved,C:\Users\mailp\OneDrive\Desktop\CODEX_D_Drive_Backup_2026-07-30_160939\thunder-bowl-2026\data\normalized\backtest_player_auction_2021_2025.csv
2023,dogs-of-war,Dogs of War,Dogs of War,Younghoe Koo,K,ATL,3,audited_modern_draft_or_keeper_unresolved,C:\Users\mailp\OneDrive\Desktop\CODEX_D_Drive_Backup_2026-07-30_160939\thunder-bowl-2026\data\normalized\backtest_player_auction_2021_2025.csv
2023,dogs-of-war,Dogs of War,Dogs of War,Zach Charbonnet,RB,SEA,5,audited_modern_draft_or_keeper_unresolved,C:\Users\mailp\OneDrive\Desktop\CODEX_D_Drive_Backup_2026-07-30_160939\thunder-bowl-2026\data\normalized\backtest_player_auction_2021_2025.csv
2023,el-guapo,El Guapo,El Guapo,A.J. Brown,WR,PHI,26,audited_modern_draft_or_keeper_unresolved,C:\Users\mailp\OneDrive\Desktop\CODEX_D_Drive_Backup_2026-07-30_160939\thunder-bowl-2026\data\normalized\backtest_player_auction_2021_2025.csv
2023,el-guapo,El Guapo,El Guapo,Brandon Aubrey,K,DAL,2,audited_modern_draft_or_keeper_unresolved,C:\Users\mailp\OneDrive\Desktop\CODEX_D_Drive_Backup_2026-07-30_160939\thunder-bowl-2026\data\normalized\backtest_player_auction_2021_2025.csv
2023,el-guapo,El Guapo,El Guapo,Brian Robinson,RB,WAS,2,audited_modern_draft_or_keeper_unresolved,C:\Users\mailp\OneDrive\Desktop\CODEX_D_Drive_Backup_2026-07-30_160939\thunder-bowl-2026\data\normalized\backtest_player_auction_2021_2025.csv
2023,el-guapo,El Guapo,El Guapo,Bryce Young,QB,CAR,1,audited_modern_draft_or_keeper_unresolved,C:\Users\mailp\OneDrive\Desktop\CODEX_D_Drive_Backup_2026-07-30_160939\thunder-bowl-2026\data\normalized\backtest_player_auction_2021_2025.csv
2023,el-guapo,El Guapo,El Guapo,Derrick Henry,RB,TEN,28,audited_modern_draft_or_keeper_unresolved,C:\Users\mailp\OneDrive\Desktop\CODEX_D_Drive_Backup_2026-07-30_160939\thunder-bowl-2026\data\normalized\backtest_player_auction_2021_2025.csv
2023,el-guapo,El Guapo,El Guapo,Juwan Johnson,TE,NO,1,audited_modern_draft_or_keeper_unresolved,C:\Users\mailp\OneDrive\Desktop\CODEX_D_Drive_Backup_2026-07-30_160939\thunder-bowl-2026\data\normalized\backtest_player_auction_2021_2025.csv
2023,el-guapo,El Guapo,El Guapo,Kirk Cousins,QB,MIN,2,audited_modern_draft_or_keeper_unresolved,C:\Users\mailp\OneDrive\Desktop\CODEX_D_Drive_Backup_2026-07-30_160939\thunder-bowl-2026\data\normalized\backtest_player_auction_2021_2025.csv
2023,el-guapo,El Guapo,El Guapo,Mike Williams,WR,LAC,2,audited_modern_draft_or_keeper_unresolved,C:\Users\mailp\OneDrive\Desktop\CODEX_D_Drive_Backup_2026-07-30_160939\thunder-bowl-2026\data\normalized\backtest_player_auction_2021_2025.csv
2023,el-guapo,El Guapo,El Guapo,NY Jets,DST,NYJ,1,audited_modern_draft_or_keeper_unresolved,C:\Users\mailp\OneDrive\Desktop\CODEX_D_Drive_Backup_2026-07-30_160939\thunder-bowl-2026\data\normalized\backtest_player_auction_2021_2025.csv
2023,el-guapo,El Guapo,El Guapo,Rashee Rice,WR,KC,1,audited_modern_draft_or_keeper_unresolved,C:\Users\mailp\OneDrive\Desktop\CODEX_D_Drive_Backup_2026-07-30_160939\thunder-bowl-2026\data\normalized\backtest_player_auction_2021_2025.csv
2023,el-guapo,El Guapo,El Guapo,T.J. Hockenson,TE,MIN,9,audited_modern_draft_or_keeper_unresolved,C:\Users\mailp\OneDrive\Desktop\CODEX_D_Drive_Backup_2026-07-30_160939\thunder-bowl-2026\data\normalized\backtest_player_auction_2021_2025.csv
2023,goon-skwad,Goon Skwad,Goon Skwad,Aaron Jones,RB,GB,17,audited_modern_draft_or_keeper_unresolved,C:\Users\mailp\OneDrive\Desktop\CODEX_D_Drive_Backup_2026-07-30_160939\thunder-bowl-2026\data\normalized\backtest_player_auction_2021_2025.csv
2023,goon-skwad,Goon Skwad,Goon Skwad,Amari Cooper,WR,CLE,12,audited_modern_draft_or_keeper_unresolved,C:\Users\mailp\OneDrive\Desktop\CODEX_D_Drive_Backup_2026-07-30_160939\thunder-bowl-2026\data\normalized\backtest_player_auction_2021_2025.csv
2023,goon-skwad,Goon Skwad,Goon Skwad,Breece Hall,RB,NYJ,10,audited_modern_draft_or_keeper_unresolved,C:\Users\mailp\OneDrive\Desktop\CODEX_D_Drive_Backup_2026-07-30_160939\thunder-bowl-2026\data\normalized\backtest_player_auction_2021_2025.csv
2023,goon-skwad,Goon Skwad,Goon Skwad,Jake Moody,K,SF,1,audited_modern_draft_or_keeper_unresolved,C:\Users\mailp\OneDrive\Desktop\CODEX_D_Drive_Backup_2026-07-30_160939\thunder-bowl-2026\data\normalized\backtest_player_auction_2021_2025.csv
2023,goon-skwad,Goon Skwad,Goon Skwad,Jerick McKinnon,RB,KC,2,audited_modern_draft_or_keeper_unresolved,C:\Users\mailp\OneDrive\Desktop\CODEX_D_Drive_Backup_2026-07-30_160939\thunder-bowl-2026\data\normalized\backtest_player_auction_2021_2025.csv
2023,goon-skwad,Goon Skwad,Goon Skwad,Miami,DST,MIA,1,audited_modern_draft_or_keeper_unresolved,C:\Users\mailp\OneDrive\Desktop\CODEX_D_Drive_Backup_2026-07-30_160939\thunder-bowl-2026\data\normalized\backtest_player_auction_2021_2025.csv
2023,goon-skwad,Goon Skwad,Goon Skwad,Patrick Mahomes,QB,KC,24,audited_modern_draft_or_keeper_unresolved,C:\Users\mailp\OneDrive\Desktop\CODEX_D_Drive_Backup_2026-07-30_160939\thunder-bowl-2026\data\normalized\backtest_player_auction_2021_2025.csv
2023,goon-skwad,Goon Skwad,Goon Skwad,Raheem Mostert,RB,MIA,2,audited_modern_draft_or_keeper_unresolved,C:\Users\mailp\OneDrive\Desktop\CODEX_D_Drive_Backup_2026-07-30_160939\thunder-bowl-2026\data\normalized\backtest_player_auction_2021_2025.csv
2023,orange-crush,Orange Crush,Orange Crush,Cam Akers,RB,LAR,6,audited_modern_draft_or_keeper_unresolved,C:\Users\mailp\OneDrive\Desktop\CODEX_D_Drive_Backup_2026-07-30_160939\thunder-bowl-2026\data\normalized\backtest_player_auction_2021_2025.csv
2023,orange-crush,Orange Crush,Orange Crush,Dalton Kincaid,TE,BUF,3,audited_modern_draft_or_keeper_unresolved,C:\Users\mailp\OneDrive\Desktop\CODEX_D_Drive_Backup_2026-07-30_160939\thunder-bowl-2026\data\normalized\backtest_player_auction_2021_2025.csv
2023,orange-crush,Orange Crush,Orange Crush,Javonte Williams,RB,DEN,6,audited_modern_draft_or_keeper_unresolved,C:\Users\mailp\OneDrive\Desktop\CODEX_D_Drive_Backup_2026-07-30_160939\thunder-bowl-2026\data\normalized\backtest_player_auction_2021_2025.csv
2023,orange-crush,Orange Crush,Orange Crush,Justin Tucker,K,BAL,3,audited_modern_draft_or_keeper_unresolved,C:\Users\mailp\OneDrive\Desktop\CODEX_D_Drive_Backup_2026-07-30_160939\thunder-bowl-2026\data\normalized\backtest_player_auction_2021_2025.csv
2023,orange-crush,Orange Crush,Orange Crush,Mark Andrews,TE,BAL,17,audited_modern_draft_or_keeper_unresolved,C:\Users\mailp\OneDrive\Desktop\CODEX_D_Drive_Backup_2026-07-30_160939\thunder-bowl-2026\data\normalized\backtest_player_auction_2021_2025.csv
2023,orange-crush,Orange Crush,Orange Crush,New England,DST,NE,4,audited_modern_draft_or_keeper_unresolved,C:\Users\mailp\OneDrive\Desktop\CODEX_D_Drive_Backup_2026-07-30_160939\thunder-bowl-2026\data\normalized\backtest_player_auction_2021_2025.csv
2023,orange-crush,Orange Crush,Orange Crush,Rashod Bateman,WR,BAL,1,audited_modern_draft_or_keeper_unresolved,C:\Users\mailp\OneDrive\Desktop\CODEX_D_Drive_Backup_2026-07-30_160939\thunder-bowl-2026\data\normalized\backtest_player_auction_2021_2025.csv
2023,orange-crush,Orange Crush,Orange Crush,Travis Etienne,RB,JAX,13,audited_modern_draft_or_keeper_unresolved,C:\Users\mailp\OneDrive\Desktop\CODEX_D_Drive_Backup_2026-07-30_160939\thunder-bowl-2026\data\normalized\backtest_player_auction_2021_2025.csv
2023,orange-crush,Orange Crush,Orange Crush,Tyreek Hill,WR,MIA,39,audited_modern_draft_or_keeper_unresolved,C:\Users\mailp\OneDrive\Desktop\CODEX_D_Drive_Backup_2026-07-30_160939\thunder-bowl-2026\data\normalized\backtest_player_auction_2021_2025.csv
2023,super-suckers,Super Suckers,Super Suckers,AJ Dillon,RB,GB,4,audited_modern_draft_or_keeper_unresolved,C:\Users\mailp\OneDrive\Desktop\CODEX_D_Drive_Backup_2026-07-30_160939\thunder-bowl-2026\data\normalized\backtest_player_auction_2021_2025.csv
2023,super-suckers,Super Suckers,Super Suckers,Brandon Aiyuk,WR,SF,4,audited_modern_draft_or_keeper_unresolved,C:\Users\mailp\OneDrive\Desktop\CODEX_D_Drive_Backup_2026-07-30_160939\thunder-bowl-2026\data\normalized\backtest_player_auction_2021_2025.csv
2023,super-suckers,Super Suckers,Super Suckers,Buffalo,DST,BUF,4,audited_modern_draft_or_keeper_unresolved,C:\Users\mailp\OneDrive\Desktop\CODEX_D_Drive_Backup_2026-07-30_160939\thunder-bowl-2026\data\normalized\backtest_player_auction_2021_2025.csv
2023,super-suckers,Super Suckers,Super Suckers,Chig Okonkwo,TE,TEN,2,audited_modern_draft_or_keeper_unresolved,C:\Users\mailp\OneDrive\Desktop\CODEX_D_Drive_Backup_2026-07-30_160939\thunder-bowl-2026\data\normalized\backtest_player_auction_2021_2025.csv
2023,super-suckers,Super Suckers,Super Suckers,Daniel Carlson,K,LV,2,audited_modern_draft_or_keeper_unresolved,C:\Users\mailp\OneDrive\Desktop\CODEX_D_Drive_Backup_2026-07-30_160939\thunder-bowl-2026\data\normalized\backtest_player_auction_2021_2025.csv
2023,super-suckers,Super Suckers,Super Suckers,David Njoku,TE,CLE,3,audited_modern_draft_or_keeper_unresolved,C:\Users\mailp\OneDrive\Desktop\CODEX_D_Drive_Backup_2026-07-30_160939\thunder-bowl-2026\data\normalized\backtest_player_auction_2021_2025.csv
2023,super-suckers,Super Suckers,Super Suckers,Isiah Pacheco,RB,KC,6,audited_modern_draft_or_keeper_unresolved,C:\Users\mailp\OneDrive\Desktop\CODEX_D_Drive_Backup_2026-07-30_160939\thunder-bowl-2026\data\normalized\backtest_player_auction_2021_2025.csv
2023,super-suckers,Super Suckers,Super Suckers,J.K. Dobbins,RB,BAL,11,audited_modern_draft_or_keeper_unresolved,C:\Users\mailp\OneDrive\Desktop\CODEX_D_Drive_Backup_2026-07-30_160939\thunder-bowl-2026\data\normalized\backtest_player_auction_2021_2025.csv
2023,super-suckers,Super Suckers,Super Suckers,Jahan Dotson,WR,WAS,3,audited_modern_draft_or_keeper_unresolved,C:\Users\mailp\OneDrive\Desktop\CODEX_D_Drive_Backup_2026-07-30_160939\thunder-bowl-2026\data\normalized\backtest_player_auction_2021_2025.csv
2023,super-suckers,Super Suckers,Super Suckers,James Cook,RB,BUF,7,audited_modern_draft_or_keeper_unresolved,C:\Users\mailp\OneDrive\Desktop\CODEX_D_Drive_Backup_2026-07-30_160939\thunder-bowl-2026\data\normalized\backtest_player_auction_2021_2025.csv
2023,super-suckers,Super Suckers,Super Suckers,Lamar Jackson,QB,BAL,11,audited_modern_draft_or_keeper_unresolved,C:\Users\mailp\OneDrive\Desktop\CODEX_D_Drive_Backup_2026-07-30_160939\thunder-bowl-2026\data\normalized\backtest_player_auction_2021_2025.csv
2023,super-suckers,Super Suckers,Super Suckers,Stefon Diggs,WR,BUF,35,audited_modern_draft_or_keeper_unresolved,C:\Users\mailp\OneDrive\Desktop\CODEX_D_Drive_Backup_2026-07-30_160939\thunder-bowl-2026\data\normalized\backtest_player_auction_2021_2025.csv
2023,t-dogs,T-Dogs,T-Dogs,Bijan Robinson,RB,ATL,37,audited_modern_draft_or_keeper_unresolved,C:\Users\mailp\OneDrive\Desktop\CODEX_D_Drive_Backup_2026-07-30_160939\thunder-bowl-2026\data\normalized\backtest_player_auction_2021_2025.csv
2023,t-dogs,T-Dogs,T-Dogs,Calvin Ridley,WR,JAX,24,audited_modern_draft_or_keeper_unresolved,C:\Users\mailp\OneDrive\Desktop\CODEX_D_Drive_Backup_2026-07-30_160939\thunder-bowl-2026\data\normalized\backtest_player_auction_2021_2025.csv
2023,t-dogs,T-Dogs,T-Dogs,Chad Ryland,K,NE,2,audited_modern_draft_or_keeper_unresolved,C:\Users\mailp\OneDrive\Desktop\CODEX_D_Drive_Backup_2026-07-30_160939\thunder-bowl-2026\data\normalized\backtest_player_auction_2021_2025.csv
2023,t-dogs,T-Dogs,T-Dogs,David Montgomery,RB,DET,5,audited_modern_draft_or_keeper_unresolved,C:\Users\mailp\OneDrive\Desktop\CODEX_D_Drive_Backup_2026-07-30_160939\thunder-bowl-2026\data\normalized\backtest_player_auction_2021_2025.csv
2023,t-dogs,T-Dogs,T-Dogs,Geno Smith,QB,SEA,1,audited_modern_draft_or_keeper_unresolved,C:\Users\mailp\OneDrive\Desktop\CODEX_D_Drive_Backup_2026-07-30_160939\thunder-bowl-2026\data\normalized\backtest_player_auction_2021_2025.csv
2023,t-dogs,T-Dogs,T-Dogs,Jaylen Warren,RB,PIT,3,audited_modern_draft_or_keeper_unresolved,C:\Users\mailp\OneDrive\Desktop\CODEX_D_Drive_Backup_2026-07-30_160939\thunder-bowl-2026\data\normalized\backtest_player_auction_2021_2025.csv
2023,t-dogs,T-Dogs,T-Dogs,Keenan Allen,WR,LAC,20,audited_modern_draft_or_keeper_unresolved,C:\Users\mailp\OneDrive\Desktop\CODEX_D_Drive_Backup_2026-07-30_160939\thunder-bowl-2026\data\normalized\backtest_player_auction_2021_2025.csv
2023,t-dogs,T-Dogs,T-Dogs,Michael Thomas,WR,NO,1,audited_modern_draft_or_keeper_unresolved,C:\Users\mailp\OneDrive\Desktop\CODEX_D_Drive_Backup_2026-07-30_160939\thunder-bowl-2026\data\normalized\backtest_player_auction_2021_2025.csv
2023,t-dogs,T-Dogs,T-Dogs,New Orleans,DST,NO,2,audited_modern_draft_or_keeper_unresolved,C:\Users\mailp\OneDrive\Desktop\CODEX_D_Drive_Backup_2026-07-30_160939\thunder-bowl-2026\data\normalized\backtest_player_auction_2021_2025.csv
2023,t-dogs,T-Dogs,T-Dogs,Sam LaPorta,TE,DET,1,audited_modern_draft_or_keeper_unresolved,C:\Users\mailp\OneDrive\Desktop\CODEX_D_Drive_Backup_2026-07-30_160939\thunder-bowl-2026\data\normalized\backtest_player_auction_2021_2025.csv
2023,t-dogs,T-Dogs,T-Dogs,Tyjae Spears,RB,TEN,2,audited_modern_draft_or_keeper_unresolved,C:\Users\mailp\OneDrive\Desktop\CODEX_D_Drive_Backup_2026-07-30_160939\thunder-bowl-2026\data\normalized\backtest_player_auction_2021_2025.csv
2023,the-bungles,The Bungles,The Bungles,Aaron Rodgers,QB,NYJ,4,audited_modern_draft_or_keeper_unresolved,C:\Users\mailp\OneDrive\Desktop\CODEX_D_Drive_Backup_2026-07-30_160939\thunder-bowl-2026\data\normalized\backtest_player_auction_2021_2025.csv
2023,the-bungles,The Bungles,The Bungles,Alexander Mattison,RB,MIN,12,audited_modern_draft_or_keeper_unresolved,C:\Users\mailp\OneDrive\Desktop\CODEX_D_Drive_Backup_2026-07-30_160939\thunder-bowl-2026\data\normalized\backtest_player_auction_2021_2025.csv
2023,the-bungles,The Bungles,The Bungles,Alvin Kamara,RB,NO,8,audited_modern_draft_or_keeper_unresolved,C:\Users\mailp\OneDrive\Desktop\CODEX_D_Drive_Backup_2026-07-30_160939\thunder-bowl-2026\data\normalized\backtest_player_auction_2021_2025.csv
2023,the-bungles,The Bungles,The Bungles,Cameron Dicker,K,LAC,2,audited_modern_draft_or_keeper_unresolved,C:\Users\mailp\OneDrive\Desktop\CODEX_D_Drive_Backup_2026-07-30_160939\thunder-bowl-2026\data\normalized\backtest_player_auction_2021_2025.csv
2023,the-bungles,The Bungles,The Bungles,Dameon Pierce,RB,HOU,12,audited_modern_draft_or_keeper_unresolved,C:\Users\mailp\OneDrive\Desktop\CODEX_D_Drive_Backup_2026-07-30_160939\thunder-bowl-2026\data\normalized\backtest_player_auction_2021_2025.csv
2023,the-bungles,The Bungles,The Bungles,Deshaun Watson,QB,CLE,7,audited_modern_draft_or_keeper_unresolved,C:\Users\mailp\OneDrive\Desktop\CODEX_D_Drive_Backup_2026-07-30_160939\thunder-bowl-2026\data\normalized\backtest_player_auction_2021_2025.csv
2023,the-bungles,The Bungles,The Bungles,George Kittle,TE,SF,11,audited_modern_draft_or_keeper_unresolved,C:\Users\mailp\OneDrive\Desktop\CODEX_D_Drive_Backup_2026-07-30_160939\thunder-bowl-2026\data\normalized\backtest_player_auction_2021_2025.csv
2023,the-bungles,The Bungles,The Bungles,Kenneth Walker III,RB,SEA,12,audited_modern_draft_or_keeper_unresolved,C:\Users\mailp\OneDrive\Desktop\CODEX_D_Drive_Backup_2026-07-30_160939\thunder-bowl-2026\data\normalized\backtest_player_auction_2021_2025.csv
2023,the-bungles,The Bungles,The Bungles,NY Giants,DST,NYG,1,audited_modern_draft_or_keeper_unresolved,C:\Users\mailp\OneDrive\Desktop\CODEX_D_Drive_Backup_2026-07-30_160939\thunder-bowl-2026\data\normalized\backtest_player_auction_2021_2025.csv
2023,the-bungles,The Bungles,The Bungles,Odell Beckham Jr.,WR,BAL,1,audited_modern_draft_or_keeper_unresolved,C:\Users\mailp\OneDrive\Desktop\CODEX_D_Drive_Backup_2026-07-30_160939\thunder-bowl-2026\data\normalized\backtest_player_auction_2021_2025.csv
2023,the-bungles,The Bungles,The Bungles,Terry McLaurin,WR,WAS,6,audited_modern_draft_or_keeper_unresolved,C:\Users\mailp\OneDrive\Desktop\CODEX_D_Drive_Backup_2026-07-30_160939\thunder-bowl-2026\data\normalized\backtest_player_auction_2021_2025.csv
2023,the-bungles,The Bungles,The Bungles,Tyler Higbee,TE,LAR,3,audited_modern_draft_or_keeper_unresolved,C:\Users\mailp\OneDrive\Desktop\CODEX_D_Drive_Backup_2026-07-30_160939\thunder-bowl-2026\data\normalized\backtest_player_auction_2021_2025.csv
2023,the-bungles,The Bungles,The Bungles,Tyler Lockett,WR,SEA,9,audited_modern_draft_or_keeper_unresolved,C:\Users\mailp\OneDrive\Desktop\CODEX_D_Drive_Backup_2026-07-30_160939\thunder-bowl-2026\data\normalized\backtest_player_auction_2021_2025.csv
2023,the-hobbits,The Hobbits,The Hobbits,Anthony Richardson,QB,IND,3,audited_modern_draft_or_keeper_unresolved,C:\Users\mailp\OneDrive\Desktop\CODEX_D_Drive_Backup_2026-07-30_160939\thunder-bowl-2026\data\normalized\backtest_player_auction_2021_2025.csv
2023,the-hobbits,The Hobbits,The Hobbits,Antonio Gibson,RB,WAS,3,audited_modern_draft_or_keeper_unresolved,C:\Users\mailp\OneDrive\Desktop\CODEX_D_Drive_Backup_2026-07-30_160939\thunder-bowl-2026\data\normalized\backtest_player_auction_2021_2025.csv
2023,the-hobbits,The Hobbits,The Hobbits,Courtland Sutton,WR,DEN,3,audited_modern_draft_or_keeper_unresolved,C:\Users\mailp\OneDrive\Desktop\CODEX_D_Drive_Backup_2026-07-30_160939\thunder-bowl-2026\data\normalized\backtest_player_auction_2021_2025.csv
2023,the-hobbits,The Hobbits,The Hobbits,Harrison Butker,K,KC,3,audited_modern_draft_or_keeper_unresolved,C:\Users\mailp\OneDrive\Desktop\CODEX_D_Drive_Backup_2026-07-30_160939\thunder-bowl-2026\data\normalized\backtest_player_auction_2021_2025.csv
2023,the-hobbits,The Hobbits,The Hobbits,James Conner,RB,ARI,6,audited_modern_draft_or_keeper_unresolved,C:\Users\mailp\OneDrive\Desktop\CODEX_D_Drive_Backup_2026-07-30_160939\thunder-bowl-2026\data\normalized\backtest_player_auction_2021_2025.csv
2023,the-hobbits,The Hobbits,The Hobbits,Joe Mixon,RB,CIN,23,audited_modern_draft_or_keeper_unresolved,C:\Users\mailp\OneDrive\Desktop\CODEX_D_Drive_Backup_2026-07-30_160939\thunder-bowl-2026\data\normalized\backtest_player_auction_2021_2025.csv
2023,the-hobbits,The Hobbits,The Hobbits,Justin Jefferson,WR,MIN,41,audited_modern_draft_or_keeper_unresolved,C:\Users\mailp\OneDrive\Desktop\CODEX_D_Drive_Backup_2026-07-30_160939\thunder-bowl-2026\data\normalized\backtest_player_auction_2021_2025.csv
2023,the-hobbits,The Hobbits,The Hobbits,Philadelphia,DST,PHI,2,audited_modern_draft_or_keeper_unresolved,C:\Users\mailp\OneDrive\Desktop\CODEX_D_Drive_Backup_2026-07-30_160939\thunder-bowl-2026\data\normalized\backtest_player_auction_2021_2025.csv
2023,the-hobbits,The Hobbits,The Hobbits,Tua Tagovailoa,QB,MIA,2,audited_modern_draft_or_keeper_unresolved,C:\Users\mailp\OneDrive\Desktop\CODEX_D_Drive_Backup_2026-07-30_160939\thunder-bowl-2026\data\normalized\backtest_player_auction_2021_2025.csv
2023,three-amigos,Three Amigos,Three Amigos,CeeDee Lamb,WR,DAL,33,audited_modern_draft_or_keeper_unresolved,C:\Users\mailp\OneDrive\Desktop\CODEX_D_Drive_Backup_2026-07-30_160939\thunder-bowl-2026\data\normalized\backtest_player_auction_2021_2025.csv
2023,three-amigos,Three Amigos,Three Amigos,Chase Edmonds,RB,TB,1,audited_modern_draft_or_keeper_unresolved,C:\Users\mailp\OneDrive\Desktop\CODEX_D_Drive_Backup_2026-07-30_160939\thunder-bowl-2026\data\normalized\backtest_player_auction_2021_2025.csv
2023,three-amigos,Three Amigos,Three Amigos,Chuba Hubbard,RB,CAR,1,audited_modern_draft_or_keeper_unresolved,C:\Users\mailp\OneDrive\Desktop\CODEX_D_Drive_Backup_2026-07-30_160939\thunder-bowl-2026\data\normalized\backtest_player_auction_2021_2025.csv
2023,three-amigos,Three Amigos,Three Amigos,Dak Prescott,QB,DAL,2,audited_modern_draft_or_keeper_unresolved,C:\Users\mailp\OneDrive\Desktop\CODEX_D_Drive_Backup_2026-07-30_160939\thunder-bowl-2026\data\normalized\backtest_player_auction_2021_2025.csv
2023,three-amigos,Three Amigos,Three Amigos,Evan McPherson,K,CIN,2,audited_modern_draft_or_keeper_unresolved,C:\Users\mailp\OneDrive\Desktop\CODEX_D_Drive_Backup_2026-07-30_160939\thunder-bowl-2026\data\normalized\backtest_player_auction_2021_2025.csv
2023,three-amigos,Three Amigos,Three Amigos,Greg Dulcich,TE,DEN,1,audited_modern_draft_or_keeper_unresolved,C:\Users\mailp\OneDrive\Desktop\CODEX_D_Drive_Backup_2026-07-30_160939\thunder-bowl-2026\data\normalized\backtest_player_auction_2021_2025.csv
2023,three-amigos,Three Amigos,Three Amigos,Jaxon Smith-Njigba,WR,SEA,2,audited_modern_draft_or_keeper_unresolved,C:\Users\mailp\OneDrive\Desktop\CODEX_D_Drive_Backup_2026-07-30_160939\thunder-bowl-2026\data\normalized\backtest_player_auction_2021_2025.csv
2023,three-amigos,Three Amigos,Three Amigos,Kansas City,DST,KC,1,audited_modern_draft_or_keeper_unresolved,C:\Users\mailp\OneDrive\Desktop\CODEX_D_Drive_Backup_2026-07-30_160939\thunder-bowl-2026\data\normalized\backtest_player_auction_2021_2025.csv
2023,three-amigos,Three Amigos,Three Amigos,Khalil Herbert,RB,CHI,4,audited_modern_draft_or_keeper_unresolved,C:\Users\mailp\OneDrive\Desktop\CODEX_D_Drive_Backup_2026-07-30_160939\thunder-bowl-2026\data\normalized\backtest_player_auction_2021_2025.csv
2023,three-amigos,Three Amigos,Three Amigos,Kyle Pitts,TE,ATL,7,audited_modern_draft_or_keeper_unresolved,C:\Users\mailp\OneDrive\Desktop\CODEX_D_Drive_Backup_2026-07-30_160939\thunder-bowl-2026\data\normalized\backtest_player_auction_2021_2025.csv
2023,three-amigos,Three Amigos,Three Amigos,Mike Evans,WR,TB,4,audited_modern_draft_or_keeper_unresolved,C:\Users\mailp\OneDrive\Desktop\CODEX_D_Drive_Backup_2026-07-30_160939\thunder-bowl-2026\data\normalized\backtest_player_auction_2021_2025.csv
2023,three-amigos,Three Amigos,Three Amigos,Nick Chubb,RB,CLE,35,audited_modern_draft_or_keeper_unresolved,C:\Users\mailp\OneDrive\Desktop\CODEX_D_Drive_Backup_2026-07-30_160939\thunder-bowl-2026\data\normalized\backtest_player_auction_2021_2025.csv
2024,angry-face,Angry Face,Angry Face,Brock Purdy,QB,SF,2,audited_modern_draft_or_keeper_unresolved,C:\Users\mailp\OneDrive\Desktop\CODEX_D_Drive_Backup_2026-07-30_160939\thunder-bowl-2026\data\normalized\backtest_player_auction_2021_2025.csv
2024,angry-face,Angry Face,Angry Face,Caleb Williams,QB,CHI,4,audited_modern_draft_or_keeper_unresolved,C:\Users\mailp\OneDrive\Desktop\CODEX_D_Drive_Backup_2026-07-30_160939\thunder-bowl-2026\data\normalized\backtest_player_auction_2021_2025.csv
2024,angry-face,Angry Face,Angry Face,Cleveland Browns,DST,CLE,5,audited_modern_draft_or_keeper_unresolved,C:\Users\mailp\OneDrive\Desktop\CODEX_D_Drive_Backup_2026-07-30_160939\thunder-bowl-2026\data\normalized\backtest_player_auction_2021_2025.csv
2024,angry-face,Angry Face,Angry Face,David Montgomery,RB,DET,12,audited_modern_draft_or_keeper_unresolved,C:\Users\mailp\OneDrive\Desktop\CODEX_D_Drive_Backup_2026-07-30_160939\thunder-bowl-2026\data\normalized\backtest_player_auction_2021_2025.csv
2024,angry-face,Angry Face,Angry Face,Greg Zuerlein,K,NYJ,1,audited_modern_draft_or_keeper_unresolved,C:\Users\mailp\OneDrive\Desktop\CODEX_D_Drive_Backup_2026-07-30_160939\thunder-bowl-2026\data\normalized\backtest_player_auction_2021_2025.csv
2024,angry-face,Angry Face,Angry Face,Josh Palmer,WR,LAC,1,audited_modern_draft_or_keeper_unresolved,C:\Users\mailp\OneDrive\Desktop\CODEX_D_Drive_Backup_2026-07-30_160939\thunder-bowl-2026\data\normalized\backtest_player_auction_2021_2025.csv
2024,angry-face,Angry Face,Angry Face,Keenan Allen,WR,CHI,1,audited_modern_draft_or_keeper_unresolved,C:\Users\mailp\OneDrive\Desktop\CODEX_D_Drive_Backup_2026-07-30_160939\thunder-bowl-2026\data\normalized\backtest_player_auction_2021_2025.csv
2024,angry-face,Angry Face,Angry Face,Mike Badgley,K,DET,1,audited_modern_draft_or_keeper_unresolved,C:\Users\mailp\OneDrive\Desktop\CODEX_D_Drive_Backup_2026-07-30_160939\thunder-bowl-2026\data\normalized\backtest_player_auction_2021_2025.csv
2024,angry-face,Angry Face,Angry Face,Raheem Mostert,RB,MIA,5,audited_modern_draft_or_keeper_unresolved,C:\Users\mailp\OneDrive\Desktop\CODEX_D_Drive_Backup_2026-07-30_160939\thunder-bowl-2026\data\normalized\backtest_player_auction_2021_2025.csv
2024,angry-face,Angry Face,Angry Face,Rashee Rice,WR,KC,4,audited_modern_draft_or_keeper_unresolved,C:\Users\mailp\OneDrive\Desktop\CODEX_D_Drive_Backup_2026-07-30_160939\thunder-bowl-2026\data\normalized\backtest_player_auction_2021_2025.csv
2024,angry-face,Angry Face,Angry Face,Stefon Diggs,WR,HOU,6,audited_modern_draft_or_keeper_unresolved,C:\Users\mailp\OneDrive\Desktop\CODEX_D_Drive_Backup_2026-07-30_160939\thunder-bowl-2026\data\normalized\backtest_player_auction_2021_2025.csv
2024,angry-face,Angry Face,Angry Face,Travis Kelce,TE,KC,20,audited_modern_draft_or_keeper_unresolved,C:\Users\mailp\OneDrive\Desktop\CODEX_D_Drive_Backup_2026-07-30_160939\thunder-bowl-2026\data\normalized\backtest_player_auction_2021_2025.csv
2024,big-head,Big Head,Big Head,Baltimore Ravens,DST,BAL,5,audited_modern_draft_or_keeper_unresolved,C:\Users\mailp\OneDrive\Desktop\CODEX_D_Drive_Backup_2026-07-30_160939\thunder-bowl-2026\data\normalized\backtest_player_auction_2021_2025.csv
2024,big-head,Big Head,Big Head,Christian Kirk,WR,JAX,2,audited_modern_draft_or_keeper_unresolved,C:\Users\mailp\OneDrive\Desktop\CODEX_D_Drive_Backup_2026-07-30_160939\thunder-bowl-2026\data\normalized\backtest_player_auction_2021_2025.csv
2024,big-head,Big Head,Big Head,Christian McCaffrey,RB,SF,40,audited_modern_draft_or_keeper_unresolved,C:\Users\mailp\OneDrive\Desktop\CODEX_D_Drive_Backup_2026-07-30_160939\thunder-bowl-2026\data\normalized\backtest_player_auction_2021_2025.csv
2024,big-head,Big Head,Big Head,D'Andre Swift,RB,CHI,6,audited_modern_draft_or_keeper_unresolved,C:\Users\mailp\OneDrive\Desktop\CODEX_D_Drive_Backup_2026-07-30_160939\thunder-bowl-2026\data\normalized\backtest_player_auction_2021_2025.csv
2024,big-head,Big Head,Big Head,Dallas Goedert,TE,PHI,1,audited_modern_draft_or_keeper_unresolved,C:\Users\mailp\OneDrive\Desktop\CODEX_D_Drive_Backup_2026-07-30_160939\thunder-bowl-2026\data\normalized\backtest_player_auction_2021_2025.csv
2024,big-head,Big Head,Big Head,Jaleel McLaughlin,RB,DEN,1,audited_modern_draft_or_keeper_unresolved,C:\Users\mailp\OneDrive\Desktop\CODEX_D_Drive_Backup_2026-07-30_160939\thunder-bowl-2026\data\normalized\backtest_player_auction_2021_2025.csv
2024,big-head,Big Head,Big Head,Jaylen Warren,RB,PIT,3,audited_modern_draft_or_keeper_unresolved,C:\Users\mailp\OneDrive\Desktop\CODEX_D_Drive_Backup_2026-07-30_160939\thunder-bowl-2026\data\normalized\backtest_player_auction_2021_2025.csv
2024,big-head,Big Head,Big Head,Justin Tucker,K,BAL,4,audited_modern_draft_or_keeper_unresolved,C:\Users\mailp\OneDrive\Desktop\CODEX_D_Drive_Backup_2026-07-30_160939\thunder-bowl-2026\data\normalized\backtest_player_auction_2021_2025.csv
2024,big-head,Big Head,Big Head,Kyler Murray,QB,ARI,12,audited_modern_draft_or_keeper_unresolved,C:\Users\mailp\OneDrive\Desktop\CODEX_D_Drive_Backup_2026-07-30_160939\thunder-bowl-2026\data\normalized\backtest_player_auction_2021_2025.csv
2024,big-head,Big Head,Big Head,Marvin Harrison Jr.,WR,ARI,18,audited_modern_draft_or_keeper_unresolved,C:\Users\mailp\OneDrive\Desktop\CODEX_D_Drive_Backup_2026-07-30_160939\thunder-bowl-2026\data\normalized\backtest_player_auction_2021_2025.csv
2024,big-head,Big Head,Big Head,Tua Tagovailoa,QB,MIA,1,audited_modern_draft_or_keeper_unresolved,C:\Users\mailp\OneDrive\Desktop\CODEX_D_Drive_Backup_2026-07-30_160939\thunder-bowl-2026\data\normalized\backtest_player_auction_2021_2025.csv
2024,crime-and-punishment,Crime and Punishment,Crime and Punishment,Brandon Aubrey,K,DAL,3,audited_modern_draft_or_keeper_unresolved,C:\Users\mailp\OneDrive\Desktop\CODEX_D_Drive_Backup_2026-07-30_160939\thunder-bowl-2026\data\normalized\backtest_player_auction_2021_2025.csv
2024,crime-and-punishment,Crime and Punishment,Crime and Punishment,CeeDee Lamb,WR,DAL,43,audited_modern_draft_or_keeper_unresolved,C:\Users\mailp\OneDrive\Desktop\CODEX_D_Drive_Backup_2026-07-30_160939\thunder-bowl-2026\data\normalized\backtest_player_auction_2021_2025.csv
2024,crime-and-punishment,Crime and Punishment,Crime and Punishment,Devin Singletary,RB,NYG,3,audited_modern_draft_or_keeper_unresolved,C:\Users\mailp\OneDrive\Desktop\CODEX_D_Drive_Backup_2026-07-30_160939\thunder-bowl-2026\data\normalized\backtest_player_auction_2021_2025.csv
2024,crime-and-punishment,Crime and Punishment,Crime and Punishment,Joe Mixon,RB,HOU,25,audited_modern_draft_or_keeper_unresolved,C:\Users\mailp\OneDrive\Desktop\CODEX_D_Drive_Backup_2026-07-30_160939\thunder-bowl-2026\data\normalized\backtest_player_auction_2021_2025.csv
2024,crime-and-punishment,Crime and Punishment,Crime and Punishment,Kyle Pitts,TE,ATL,13,audited_modern_draft_or_keeper_unresolved,C:\Users\mailp\OneDrive\Desktop\CODEX_D_Drive_Backup_2026-07-30_160939\thunder-bowl-2026\data\normalized\backtest_player_auction_2021_2025.csv
2024,crime-and-punishment,Crime and Punishment,Crime and Punishment,New York Jets,DST,NYJ,3,audited_modern_draft_or_keeper_unresolved,C:\Users\mailp\OneDrive\Desktop\CODEX_D_Drive_Backup_2026-07-30_160939\thunder-bowl-2026\data\normalized\backtest_player_auction_2021_2025.csv
2024,dogs-of-war,Dogs of War,Dogs of War,Amari Cooper,WR,CLE,5,audited_modern_draft_or_keeper_unresolved,C:\Users\mailp\OneDrive\Desktop\CODEX_D_Drive_Backup_2026-07-30_160939\thunder-bowl-2026\data\normalized\backtest_player_auction_2021_2025.csv
2024,dogs-of-war,Dogs of War,Dogs of War,Brian Thomas Jr.,WR,JAX,7,audited_modern_draft_or_keeper_unresolved,C:\Users\mailp\OneDrive\Desktop\CODEX_D_Drive_Backup_2026-07-30_160939\thunder-bowl-2026\data\normalized\backtest_player_auction_2021_2025.csv
2024,dogs-of-war,Dogs of War,Dogs of War,Gus Edwards,RB,LAC,4,audited_modern_draft_or_keeper_unresolved,C:\Users\mailp\OneDrive\Desktop\CODEX_D_Drive_Backup_2026-07-30_160939\thunder-bowl-2026\data\normalized\backtest_player_auction_2021_2025.csv
2024,dogs-of-war,Dogs of War,Dogs of War,Ja'Tavion Sanders,TE,CAR,1,audited_modern_draft_or_keeper_unresolved,C:\Users\mailp\OneDrive\Desktop\CODEX_D_Drive_Backup_2026-07-30_160939\thunder-bowl-2026\data\normalized\backtest_player_auction_2021_2025.csv
2024,dogs-of-war,Dogs of War,Dogs of War,Jake Ferguson,TE,DAL,6,audited_modern_draft_or_keeper_unresolved,C:\Users\mailp\OneDrive\Desktop\CODEX_D_Drive_Backup_2026-07-30_160939\thunder-bowl-2026\data\normalized\backtest_player_auction_2021_2025.csv
2024,dogs-of-war,Dogs of War,Dogs of War,Jared Goff,QB,DET,2,audited_modern_draft_or_keeper_unresolved,C:\Users\mailp\OneDrive\Desktop\CODEX_D_Drive_Backup_2026-07-30_160939\thunder-bowl-2026\data\normalized\backtest_player_auction_2021_2025.csv
2024,dogs-of-war,Dogs of War,Dogs of War,Justin Jefferson,WR,MIN,27,audited_modern_draft_or_keeper_unresolved,C:\Users\mailp\OneDrive\Desktop\CODEX_D_Drive_Backup_2026-07-30_160939\thunder-bowl-2026\data\normalized\backtest_player_auction_2021_2025.csv
2024,dogs-of-war,Dogs of War,Dogs of War,Lamar Jackson,QB,BAL,12,audited_modern_draft_or_keeper_unresolved,C:\Users\mailp\OneDrive\Desktop\CODEX_D_Drive_Backup_2026-07-30_160939\thunder-bowl-2026\data\normalized\backtest_player_auction_2021_2025.csv
2024,dogs-of-war,Dogs of War,Dogs of War,Matt Gay,K,IND,2,audited_modern_draft_or_keeper_unresolved,C:\Users\mailp\OneDrive\Desktop\CODEX_D_Drive_Backup_2026-07-30_160939\thunder-bowl-2026\data\normalized\backtest_player_auction_2021_2025.csv
2024,dogs-of-war,Dogs of War,Dogs of War,New England Patriots,DST,NE,2,audited_modern_draft_or_keeper_unresolved,C:\Users\mailp\OneDrive\Desktop\CODEX_D_Drive_Backup_2026-07-30_160939\thunder-bowl-2026\data\normalized\backtest_player_auction_2021_2025.csv
2024,dogs-of-war,Dogs of War,Dogs of War,Nico Collins,WR,HOU,13,audited_modern_draft_or_keeper_unresolved,C:\Users\mailp\OneDrive\Desktop\CODEX_D_Drive_Backup_2026-07-30_160939\thunder-bowl-2026\data\normalized\backtest_player_auction_2021_2025.csv
2024,dogs-of-war,Dogs of War,Dogs of War,Rome Odunze,WR,CHI,2,audited_modern_draft_or_keeper_unresolved,C:\Users\mailp\OneDrive\Desktop\CODEX_D_Drive_Backup_2026-07-30_160939\thunder-bowl-2026\data\normalized\backtest_player_auction_2021_2025.csv
2024,el-guapo,El Guapo,El Guapo,Austin Ekeler,RB,WAS,2,audited_modern_draft_or_keeper_unresolved,C:\Users\mailp\OneDrive\Desktop\CODEX_D_Drive_Backup_2026-07-30_160939\thunder-bowl-2026\data\normalized\backtest_player_auction_2021_2025.csv
2024,el-guapo,El Guapo,El Guapo,Deebo Samuel Sr.,WR,SF,18,audited_modern_draft_or_keeper_unresolved,C:\Users\mailp\OneDrive\Desktop\CODEX_D_Drive_Backup_2026-07-30_160939\thunder-bowl-2026\data\normalized\backtest_player_auction_2021_2025.csv
2024,el-guapo,El Guapo,El Guapo,Houston Texans,DST,HOU,1,audited_modern_draft_or_keeper_unresolved,C:\Users\mailp\OneDrive\Desktop\CODEX_D_Drive_Backup_2026-07-30_160939\thunder-bowl-2026\data\normalized\backtest_player_auction_2021_2025.csv
2024,el-guapo,El Guapo,El Guapo,Jonathan Taylor,RB,IND,29,audited_modern_draft_or_keeper_unresolved,C:\Users\mailp\OneDrive\Desktop\CODEX_D_Drive_Backup_2026-07-30_160939\thunder-bowl-2026\data\normalized\backtest_player_auction_2021_2025.csv
2024,el-guapo,El Guapo,El Guapo,Malik Nabers,WR,NYG,8,audited_modern_draft_or_keeper_unresolved,C:\Users\mailp\OneDrive\Desktop\CODEX_D_Drive_Backup_2026-07-30_160939\thunder-bowl-2026\data\normalized\backtest_player_auction_2021_2025.csv
2024,el-guapo,El Guapo,El Guapo,Patrick Mahomes,QB,KC,15,audited_modern_draft_or_keeper_unresolved,C:\Users\mailp\OneDrive\Desktop\CODEX_D_Drive_Backup_2026-07-30_160939\thunder-bowl-2026\data\normalized\backtest_player_auction_2021_2025.csv
2024,el-guapo,El Guapo,El Guapo,Rhamondre Stevenson,RB,NE,11,audited_modern_draft_or_keeper_unresolved,C:\Users\mailp\OneDrive\Desktop\CODEX_D_Drive_Backup_2026-07-30_160939\thunder-bowl-2026\data\normalized\backtest_player_auction_2021_2025.csv
2024,el-guapo,El Guapo,El Guapo,Tyler Bass,K,BUF,1,audited_modern_draft_or_keeper_unresolved,C:\Users\mailp\OneDrive\Desktop\CODEX_D_Drive_Backup_2026-07-30_160939\thunder-bowl-2026\data\normalized\backtest_player_auction_2021_2025.csv
2024,goon-skwad,Goon Skwad,Goon Skwad,Cooper Kupp,WR,LAR,25,audited_modern_draft_or_keeper_unresolved,C:\Users\mailp\OneDrive\Desktop\CODEX_D_Drive_Backup_2026-07-30_160939\thunder-bowl-2026\data\normalized\backtest_player_auction_2021_2025.csv
2024,goon-skwad,Goon Skwad,Goon Skwad,Davante Adams,WR,LV,19,audited_modern_draft_or_keeper_unresolved,C:\Users\mailp\OneDrive\Desktop\CODEX_D_Drive_Backup_2026-07-30_160939\thunder-bowl-2026\data\normalized\backtest_player_auction_2021_2025.csv
2024,goon-skwad,Goon Skwad,Goon Skwad,DeAndre Hopkins,WR,TEN,1,audited_modern_draft_or_keeper_unresolved,C:\Users\mailp\OneDrive\Desktop\CODEX_D_Drive_Backup_2026-07-30_160939\thunder-bowl-2026\data\normalized\backtest_player_auction_2021_2025.csv
2024,goon-skwad,Goon Skwad,Goon Skwad,Diontae Johnson,WR,CAR,1,audited_modern_draft_or_keeper_unresolved,C:\Users\mailp\OneDrive\Desktop\CODEX_D_Drive_Backup_2026-07-30_160939\thunder-bowl-2026\data\normalized\backtest_player_auction_2021_2025.csv
2024,goon-skwad,Goon Skwad,Goon Skwad,Jake Moody,K,SF,3,audited_modern_draft_or_keeper_unresolved,C:\Users\mailp\OneDrive\Desktop\CODEX_D_Drive_Backup_2026-07-30_160939\thunder-bowl-2026\data\normalized\backtest_player_auction_2021_2025.csv
2024,goon-skwad,Goon Skwad,Goon Skwad,Josh Allen,QB,BUF,16,audited_modern_draft_or_keeper_unresolved,C:\Users\mailp\OneDrive\Desktop\CODEX_D_Drive_Backup_2026-07-30_160939\thunder-bowl-2026\data\normalized\backtest_player_auction_2021_2025.csv
2024,goon-skwad,Goon Skwad,Goon Skwad,Kansas City Chiefs,DST,KC,3,audited_modern_draft_or_keeper_unresolved,C:\Users\mailp\OneDrive\Desktop\CODEX_D_Drive_Backup_2026-07-30_160939\thunder-bowl-2026\data\normalized\backtest_player_auction_2021_2025.csv
2024,goon-skwad,Goon Skwad,Goon Skwad,Saquon Barkley,RB,PHI,33,audited_modern_draft_or_keeper_unresolved,C:\Users\mailp\OneDrive\Desktop\CODEX_D_Drive_Backup_2026-07-30_160939\thunder-bowl-2026\data\normalized\backtest_player_auction_2021_2025.csv
2024,orange-crush,Orange Crush,Orange Crush,Buffalo Bills,DST,BUF,1,audited_modern_draft_or_keeper_unresolved,C:\Users\mailp\OneDrive\Desktop\CODEX_D_Drive_Backup_2026-07-30_160939\thunder-bowl-2026\data\normalized\backtest_player_auction_2021_2025.csv
2024,orange-crush,Orange Crush,Orange Crush,Dalton Kincaid,TE,BUF,16,audited_modern_draft_or_keeper_unresolved,C:\Users\mailp\OneDrive\Desktop\CODEX_D_Drive_Backup_2026-07-30_160939\thunder-bowl-2026\data\normalized\backtest_player_auction_2021_2025.csv
2024,orange-crush,Orange Crush,Orange Crush,James Conner,RB,ARI,11,audited_modern_draft_or_keeper_unresolved,C:\Users\mailp\OneDrive\Desktop\CODEX_D_Drive_Backup_2026-07-30_160939\thunder-bowl-2026\data\normalized\backtest_player_auction_2021_2025.csv
2024,orange-crush,Orange Crush,Orange Crush,Javonte Williams,RB,DEN,4,audited_modern_draft_or_keeper_unresolved,C:\Users\mailp\OneDrive\Desktop\CODEX_D_Drive_Backup_2026-07-30_160939\thunder-bowl-2026\data\normalized\backtest_player_auction_2021_2025.csv
2024,orange-crush,Orange Crush,Orange Crush,Jordan Mason,RB,SF,1,audited_modern_draft_or_keeper_unresolved,C:\Users\mailp\OneDrive\Desktop\CODEX_D_Drive_Backup_2026-07-30_160939\thunder-bowl-2026\data\normalized\backtest_player_auction_2021_2025.csv
2024,orange-crush,Orange Crush,Orange Crush,Ladd McConkey,WR,LAC,1,audited_modern_draft_or_keeper_unresolved,C:\Users\mailp\OneDrive\Desktop\CODEX_D_Drive_Backup_2026-07-30_160939\thunder-bowl-2026\data\normalized\backtest_player_auction_2021_2025.csv
2024,orange-crush,Orange Crush,Orange Crush,Najee Harris,RB,PIT,4,audited_modern_draft_or_keeper_unresolved,C:\Users\mailp\OneDrive\Desktop\CODEX_D_Drive_Backup_2026-07-30_160939\thunder-bowl-2026\data\normalized\backtest_player_auction_2021_2025.csv
2024,orange-crush,Orange Crush,Orange Crush,Tyreek Hill,WR,MIA,38,audited_modern_draft_or_keeper_unresolved,C:\Users\mailp\OneDrive\Desktop\CODEX_D_Drive_Backup_2026-07-30_160939\thunder-bowl-2026\data\normalized\backtest_player_auction_2021_2025.csv
2024,orange-crush,Orange Crush,Orange Crush,Younghoe Koo,K,ATL,2,audited_modern_draft_or_keeper_unresolved,C:\Users\mailp\OneDrive\Desktop\CODEX_D_Drive_Backup_2026-07-30_160939\thunder-bowl-2026\data\normalized\backtest_player_auction_2021_2025.csv
2024,super-suckers,Super Suckers,Super Suckers,De'Von Achane,RB,MIA,22,audited_modern_draft_or_keeper_unresolved,C:\Users\mailp\OneDrive\Desktop\CODEX_D_Drive_Backup_2026-07-30_160939\thunder-bowl-2026\data\normalized\backtest_player_auction_2021_2025.csv
2024,super-suckers,Super Suckers,Super Suckers,George Pickens,WR,PIT,4,audited_modern_draft_or_keeper_unresolved,C:\Users\mailp\OneDrive\Desktop\CODEX_D_Drive_Backup_2026-07-30_160939\thunder-bowl-2026\data\normalized\backtest_player_auction_2021_2025.csv
2024,super-suckers,Super Suckers,Super Suckers,Jake Elliott,K,PHI,2,audited_modern_draft_or_keeper_unresolved,C:\Users\mailp\OneDrive\Desktop\CODEX_D_Drive_Backup_2026-07-30_160939\thunder-bowl-2026\data\normalized\backtest_player_auction_2021_2025.csv
2024,super-suckers,Super Suckers,Super Suckers,Jayden Daniels,QB,WAS,5,audited_modern_draft_or_keeper_unresolved,C:\Users\mailp\OneDrive\Desktop\CODEX_D_Drive_Backup_2026-07-30_160939\thunder-bowl-2026\data\normalized\backtest_player_auction_2021_2025.csv
2024,super-suckers,Super Suckers,Super Suckers,Jerome Ford,RB,CLE,1,audited_modern_draft_or_keeper_unresolved,C:\Users\mailp\OneDrive\Desktop\CODEX_D_Drive_Backup_2026-07-30_160939\thunder-bowl-2026\data\normalized\backtest_player_auction_2021_2025.csv
2024,super-suckers,Super Suckers,Super Suckers,Jonathon Brooks,RB,CAR,10,audited_modern_draft_or_keeper_unresolved,C:\Users\mailp\OneDrive\Desktop\CODEX_D_Drive_Backup_2026-07-30_160939\thunder-bowl-2026\data\normalized\backtest_player_auction_2021_2025.csv
2024,super-suckers,Super Suckers,Super Suckers,Nick Chubb,RB,CLE,2,audited_modern_draft_or_keeper_unresolved,C:\Users\mailp\OneDrive\Desktop\CODEX_D_Drive_Backup_2026-07-30_160939\thunder-bowl-2026\data\normalized\backtest_player_auction_2021_2025.csv
2024,super-suckers,Super Suckers,Super Suckers,Pat Freiermuth,TE,PIT,1,audited_modern_draft_or_keeper_unresolved,C:\Users\mailp\OneDrive\Desktop\CODEX_D_Drive_Backup_2026-07-30_160939\thunder-bowl-2026\data\normalized\backtest_player_auction_2021_2025.csv
2024,super-suckers,Super Suckers,Super Suckers,Philadelphia Eagles,DST,PHI,2,audited_modern_draft_or_keeper_unresolved,C:\Users\mailp\OneDrive\Desktop\CODEX_D_Drive_Backup_2026-07-30_160939\thunder-bowl-2026\data\normalized\backtest_player_auction_2021_2025.csv
2024,super-suckers,Super Suckers,Super Suckers,T.J. Hockenson,TE,MIN,3,audited_modern_draft_or_keeper_unresolved,C:\Users\mailp\OneDrive\Desktop\CODEX_D_Drive_Backup_2026-07-30_160939\thunder-bowl-2026\data\normalized\backtest_player_auction_2021_2025.csv
2024,super-suckers,Super Suckers,Super Suckers,Terry McLaurin,WR,WAS,2,audited_modern_draft_or_keeper_unresolved,C:\Users\mailp\OneDrive\Desktop\CODEX_D_Drive_Backup_2026-07-30_160939\thunder-bowl-2026\data\normalized\backtest_player_auction_2021_2025.csv
2024,super-suckers,Super Suckers,Super Suckers,Travis Etienne,RB,JAX,34,audited_modern_draft_or_keeper_unresolved,C:\Users\mailp\OneDrive\Desktop\CODEX_D_Drive_Backup_2026-07-30_160939\thunder-bowl-2026\data\normalized\backtest_player_auction_2021_2025.csv
2024,t-dogs,T-Dogs,T-Dogs,A.J. Brown,WR,PHI,37,audited_modern_draft_or_keeper_unresolved,C:\Users\mailp\OneDrive\Desktop\CODEX_D_Drive_Backup_2026-07-30_160939\thunder-bowl-2026\data\normalized\backtest_player_auction_2021_2025.csv
2024,t-dogs,T-Dogs,T-Dogs,Anthony Richardson,QB,IND,10,audited_modern_draft_or_keeper_unresolved,C:\Users\mailp\OneDrive\Desktop\CODEX_D_Drive_Backup_2026-07-30_160939\thunder-bowl-2026\data\normalized\backtest_player_auction_2021_2025.csv
2024,t-dogs,T-Dogs,T-Dogs,Brian Robinson,RB,WAS,4,audited_modern_draft_or_keeper_unresolved,C:\Users\mailp\OneDrive\Desktop\CODEX_D_Drive_Backup_2026-07-30_160939\thunder-bowl-2026\data\normalized\backtest_player_auction_2021_2025.csv
2024,t-dogs,T-Dogs,T-Dogs,Chase Brown,RB,CIN,2,audited_modern_draft_or_keeper_unresolved,C:\Users\mailp\OneDrive\Desktop\CODEX_D_Drive_Backup_2026-07-30_160939\thunder-bowl-2026\data\normalized\backtest_player_auction_2021_2025.csv
2024,t-dogs,T-Dogs,T-Dogs,Jaylen Waddle,WR,MIA,12,audited_modern_draft_or_keeper_unresolved,C:\Users\mailp\OneDrive\Desktop\CODEX_D_Drive_Backup_2026-07-30_160939\thunder-bowl-2026\data\normalized\backtest_player_auction_2021_2025.csv
2024,t-dogs,T-Dogs,T-Dogs,Ka'imi Fairbairn,K,HOU,3,audited_modern_draft_or_keeper_unresolved,C:\Users\mailp\OneDrive\Desktop\CODEX_D_Drive_Backup_2026-07-30_160939\thunder-bowl-2026\data\normalized\backtest_player_auction_2021_2025.csv
2024,t-dogs,T-Dogs,T-Dogs,Kenneth Walker III,RB,SEA,18,audited_modern_draft_or_keeper_unresolved,C:\Users\mailp\OneDrive\Desktop\CODEX_D_Drive_Backup_2026-07-30_160939\thunder-bowl-2026\data\normalized\backtest_player_auction_2021_2025.csv
2024,t-dogs,T-Dogs,T-Dogs,Los Angeles Chargers,DST,LAC,2,audited_modern_draft_or_keeper_unresolved,C:\Users\mailp\OneDrive\Desktop\CODEX_D_Drive_Backup_2026-07-30_160939\thunder-bowl-2026\data\normalized\backtest_player_auction_2021_2025.csv
2024,t-dogs,T-Dogs,T-Dogs,Tony Pollard,RB,TEN,4,audited_modern_draft_or_keeper_unresolved,C:\Users\mailp\OneDrive\Desktop\CODEX_D_Drive_Backup_2026-07-30_160939\thunder-bowl-2026\data\normalized\backtest_player_auction_2021_2025.csv
2024,t-dogs,T-Dogs,T-Dogs,Tyjae Spears,RB,TEN,1,audited_modern_draft_or_keeper_unresolved,C:\Users\mailp\OneDrive\Desktop\CODEX_D_Drive_Backup_2026-07-30_160939\thunder-bowl-2026\data\normalized\backtest_player_auction_2021_2025.csv
2024,t-dogs,T-Dogs,T-Dogs,Zach Charbonnet,RB,SEA,2,audited_modern_draft_or_keeper_unresolved,C:\Users\mailp\OneDrive\Desktop\CODEX_D_Drive_Backup_2026-07-30_160939\thunder-bowl-2026\data\normalized\backtest_player_auction_2021_2025.csv
2024,t-dogs,T-Dogs,T-Dogs,Zay Flowers,WR,BAL,4,audited_modern_draft_or_keeper_unresolved,C:\Users\mailp\OneDrive\Desktop\CODEX_D_Drive_Backup_2026-07-30_160939\thunder-bowl-2026\data\normalized\backtest_player_auction_2021_2025.csv
2024,the-bungles,The Bungles,The Bungles,Alvin Kamara,RB,NO,18,audited_modern_draft_or_keeper_unresolved,C:\Users\mailp\OneDrive\Desktop\CODEX_D_Drive_Backup_2026-07-30_160939\thunder-bowl-2026\data\normalized\backtest_player_auction_2021_2025.csv
2024,the-bungles,The Bungles,The Bungles,DeVonta Smith,WR,PHI,8,audited_modern_draft_or_keeper_unresolved,C:\Users\mailp\OneDrive\Desktop\CODEX_D_Drive_Backup_2026-07-30_160939\thunder-bowl-2026\data\normalized\backtest_player_auction_2021_2025.csv
2024,the-bungles,The Bungles,The Bungles,Evan Engram,TE,JAX,15,audited_modern_draft_or_keeper_unresolved,C:\Users\mailp\OneDrive\Desktop\CODEX_D_Drive_Backup_2026-07-30_160939\thunder-bowl-2026\data\normalized\backtest_player_auction_2021_2025.csv
2024,the-bungles,The Bungles,The Bungles,Harrison Butker,K,KC,4,audited_modern_draft_or_keeper_unresolved,C:\Users\mailp\OneDrive\Desktop\CODEX_D_Drive_Backup_2026-07-30_160939\thunder-bowl-2026\data\normalized\backtest_player_auction_2021_2025.csv
2024,the-bungles,The Bungles,The Bungles,Joe Burrow,QB,CIN,16,audited_modern_draft_or_keeper_unresolved,C:\Users\mailp\OneDrive\Desktop\CODEX_D_Drive_Backup_2026-07-30_160939\thunder-bowl-2026\data\normalized\backtest_player_auction_2021_2025.csv
2024,the-bungles,The Bungles,The Bungles,Mike Gesicki,TE,CIN,1,audited_modern_draft_or_keeper_unresolved,C:\Users\mailp\OneDrive\Desktop\CODEX_D_Drive_Backup_2026-07-30_160939\thunder-bowl-2026\data\normalized\backtest_player_auction_2021_2025.csv
2024,the-bungles,The Bungles,The Bungles,San Francisco 49ers,DST,SF,5,audited_modern_draft_or_keeper_unresolved,C:\Users\mailp\OneDrive\Desktop\CODEX_D_Drive_Backup_2026-07-30_160939\thunder-bowl-2026\data\normalized\backtest_player_auction_2021_2025.csv
2024,the-bungles,The Bungles,The Bungles,Tee Higgins,WR,CIN,11,audited_modern_draft_or_keeper_unresolved,C:\Users\mailp\OneDrive\Desktop\CODEX_D_Drive_Backup_2026-07-30_160939\thunder-bowl-2026\data\normalized\backtest_player_auction_2021_2025.csv
2024,the-bungles,The Bungles,The Bungles,Zamir White,RB,LV,9,audited_modern_draft_or_keeper_unresolved,C:\Users\mailp\OneDrive\Desktop\CODEX_D_Drive_Backup_2026-07-30_160939\thunder-bowl-2026\data\normalized\backtest_player_auction_2021_2025.csv
2024,the-hobbits,The Hobbits,The Hobbits,Aaron Jones,RB,MIN,8,audited_modern_draft_or_keeper_unresolved,C:\Users\mailp\OneDrive\Desktop\CODEX_D_Drive_Backup_2026-07-30_160939\thunder-bowl-2026\data\normalized\backtest_player_auction_2021_2025.csv
2024,the-hobbits,The Hobbits,The Hobbits,Bijan Robinson,RB,ATL,39,audited_modern_draft_or_keeper_unresolved,C:\Users\mailp\OneDrive\Desktop\CODEX_D_Drive_Backup_2026-07-30_160939\thunder-bowl-2026\data\normalized\backtest_player_auction_2021_2025.csv
2024,the-hobbits,The Hobbits,The Hobbits,Blake Corum,RB,LAR,3,audited_modern_draft_or_keeper_unresolved,C:\Users\mailp\OneDrive\Desktop\CODEX_D_Drive_Backup_2026-07-30_160939\thunder-bowl-2026\data\normalized\backtest_player_auction_2021_2025.csv
2024,the-hobbits,The Hobbits,The Hobbits,Brandon Aiyuk,WR,SF,7,audited_modern_draft_or_keeper_unresolved,C:\Users\mailp\OneDrive\Desktop\CODEX_D_Drive_Backup_2026-07-30_160939\thunder-bowl-2026\data\normalized\backtest_player_auction_2021_2025.csv
2024,the-hobbits,The Hobbits,The Hobbits,DK Metcalf,WR,SEA,12,audited_modern_draft_or_keeper_unresolved,C:\Users\mailp\OneDrive\Desktop\CODEX_D_Drive_Backup_2026-07-30_160939\thunder-bowl-2026\data\normalized\backtest_player_auction_2021_2025.csv
2024,the-hobbits,The Hobbits,The Hobbits,Dallas Cowboys,DST,DAL,5,audited_modern_draft_or_keeper_unresolved,C:\Users\mailp\OneDrive\Desktop\CODEX_D_Drive_Backup_2026-07-30_160939\thunder-bowl-2026\data\normalized\backtest_player_auction_2021_2025.csv
2024,the-hobbits,The Hobbits,The Hobbits,David Njoku,TE,CLE,3,audited_modern_draft_or_keeper_unresolved,C:\Users\mailp\OneDrive\Desktop\CODEX_D_Drive_Backup_2026-07-30_160939\thunder-bowl-2026\data\normalized\backtest_player_auction_2021_2025.csv
2024,the-hobbits,The Hobbits,The Hobbits,Jason Sanders,K,MIA,1,audited_modern_draft_or_keeper_unresolved,C:\Users\mailp\OneDrive\Desktop\CODEX_D_Drive_Backup_2026-07-30_160939\thunder-bowl-2026\data\normalized\backtest_player_auction_2021_2025.csv
2024,the-hobbits,The Hobbits,The Hobbits,Jordan Love,QB,GB,10,audited_modern_draft_or_keeper_unresolved,C:\Users\mailp\OneDrive\Desktop\CODEX_D_Drive_Backup_2026-07-30_160939\thunder-bowl-2026\data\normalized\backtest_player_auction_2021_2025.csv
2024,the-hobbits,The Hobbits,The Hobbits,Tyler Allgeier,RB,ATL,2,audited_modern_draft_or_keeper_unresolved,C:\Users\mailp\OneDrive\Desktop\CODEX_D_Drive_Backup_2026-07-30_160939\thunder-bowl-2026\data\normalized\backtest_player_auction_2021_2025.csv
2024,three-amigos,Three Amigos,Three Amigos,Brock Bowers,TE,LV,3,audited_modern_draft_or_keeper_unresolved,C:\Users\mailp\OneDrive\Desktop\CODEX_D_Drive_Backup_2026-07-30_160939\thunder-bowl-2026\data\normalized\backtest_player_auction_2021_2025.csv
2024,three-amigos,Three Amigos,Three Amigos,Chuba Hubbard,RB,CAR,1,audited_modern_draft_or_keeper_unresolved,C:\Users\mailp\OneDrive\Desktop\CODEX_D_Drive_Backup_2026-07-30_160939\thunder-bowl-2026\data\normalized\backtest_player_auction_2021_2025.csv
2024,three-amigos,Three Amigos,Three Amigos,Derrick Henry,RB,BAL,20,audited_modern_draft_or_keeper_unresolved,C:\Users\mailp\OneDrive\Desktop\CODEX_D_Drive_Backup_2026-07-30_160939\thunder-bowl-2026\data\normalized\backtest_player_auction_2021_2025.csv
2024,three-amigos,Three Amigos,Three Amigos,Evan McPherson,K,CIN,2,audited_modern_draft_or_keeper_unresolved,C:\Users\mailp\OneDrive\Desktop\CODEX_D_Drive_Backup_2026-07-30_160939\thunder-bowl-2026\data\normalized\backtest_player_auction_2021_2025.csv
2024,three-amigos,Three Amigos,Three Amigos,Ezekiel Elliott,RB,DAL,1,audited_modern_draft_or_keeper_unresolved,C:\Users\mailp\OneDrive\Desktop\CODEX_D_Drive_Backup_2026-07-30_160939\thunder-bowl-2026\data\normalized\backtest_player_auction_2021_2025.csv
2024,three-amigos,Three Amigos,Three Amigos,George Kittle,TE,SF,16,audited_modern_draft_or_keeper_unresolved,C:\Users\mailp\OneDrive\Desktop\CODEX_D_Drive_Backup_2026-07-30_160939\thunder-bowl-2026\data\normalized\backtest_player_auction_2021_2025.csv
2024,three-amigos,Three Amigos,Three Amigos,Ja'Marr Chase,WR,CIN,32,audited_modern_draft_or_keeper_unresolved,C:\Users\mailp\OneDrive\Desktop\CODEX_D_Drive_Backup_2026-07-30_160939\thunder-bowl-2026\data\normalized\backtest_player_auction_2021_2025.csv
2024,three-amigos,Three Amigos,Three Amigos,Mike Evans,WR,TB,20,audited_modern_draft_or_keeper_unresolved,C:\Users\mailp\OneDrive\Desktop\CODEX_D_Drive_Backup_2026-07-30_160939\thunder-bowl-2026\data\normalized\backtest_player_auction_2021_2025.csv
2024,three-amigos,Three Amigos,Three Amigos,Pittsburgh Steelers,DST,PIT,2,audited_modern_draft_or_keeper_unresolved,C:\Users\mailp\OneDrive\Desktop\CODEX_D_Drive_Backup_2026-07-30_160939\thunder-bowl-2026\data\normalized\backtest_player_auction_2021_2025.csv
2024,three-amigos,Three Amigos,Three Amigos,Xavier Worthy,WR,KC,1,audited_modern_draft_or_keeper_unresolved,C:\Users\mailp\OneDrive\Desktop\CODEX_D_Drive_Backup_2026-07-30_160939\thunder-bowl-2026\data\normalized\backtest_player_auction_2021_2025.csv
2024,three-amigos,Three Amigos,Three Amigos,Zack Moss,RB,CIN,1,audited_modern_draft_or_keeper_unresolved,C:\Users\mailp\OneDrive\Desktop\CODEX_D_Drive_Backup_2026-07-30_160939\thunder-bowl-2026\data\normalized\backtest_player_auction_2021_2025.csv
2025,angry-face,Angry Face,Angry Face,Chris Boswell,K,PIT,1,audited_modern_auction_purchase,C:\Users\mailp\OneDrive\Desktop\CODEX_D_Drive_Backup_2026-07-30_160939\thunder-bowl-2026\data\normalized\backtest_player_auction_2021_2025.csv
2025,angry-face,Angry Face,Angry Face,Chuba Hubbard,RB,CAR,13,audited_modern_auction_purchase,C:\Users\mailp\OneDrive\Desktop\CODEX_D_Drive_Backup_2026-07-30_160939\thunder-bowl-2026\data\normalized\backtest_player_auction_2021_2025.csv
2025,angry-face,Angry Face,Angry Face,Dak Prescott,QB,DAL,10,audited_modern_auction_purchase,C:\Users\mailp\OneDrive\Desktop\CODEX_D_Drive_Backup_2026-07-30_160939\thunder-bowl-2026\data\normalized\backtest_player_auction_2021_2025.csv
2025,angry-face,Angry Face,Angry Face,David Montgomery,RB,DET,6,audited_modern_auction_purchase,C:\Users\mailp\OneDrive\Desktop\CODEX_D_Drive_Backup_2026-07-30_160939\thunder-bowl-2026\data\normalized\backtest_player_auction_2021_2025.csv
2025,angry-face,Angry Face,Angry Face,Drake London,WR,ATL,29,audited_modern_auction_purchase,C:\Users\mailp\OneDrive\Desktop\CODEX_D_Drive_Backup_2026-07-30_160939\thunder-bowl-2026\data\normalized\backtest_player_auction_2021_2025.csv
2025,angry-face,Angry Face,Angry Face,Kansas City Chiefs,DST,KC,1,audited_modern_auction_purchase,C:\Users\mailp\OneDrive\Desktop\CODEX_D_Drive_Backup_2026-07-30_160939\thunder-bowl-2026\data\normalized\backtest_player_auction_2021_2025.csv
2025,angry-face,Angry Face,Angry Face,Mark Andrews,TE,BAL,10,audited_modern_auction_purchase,C:\Users\mailp\OneDrive\Desktop\CODEX_D_Drive_Backup_2026-07-30_160939\thunder-bowl-2026\data\normalized\backtest_player_auction_2021_2025.csv
2025,angry-face,Angry Face,Angry Face,Tyreek Hill,WR,MIA,6,audited_modern_auction_purchase,C:\Users\mailp\OneDrive\Desktop\CODEX_D_Drive_Backup_2026-07-30_160939\thunder-bowl-2026\data\normalized\backtest_player_auction_2021_2025.csv
2025,big-head,Big Head,Big Head,Ashton Jeanty,RB,LV,29,audited_modern_auction_purchase,C:\Users\mailp\OneDrive\Desktop\CODEX_D_Drive_Backup_2026-07-30_160939\thunder-bowl-2026\data\normalized\backtest_player_auction_2021_2025.csv
2025,big-head,Big Head,Big Head,Caleb Williams,QB,CHI,3,audited_modern_auction_purchase,C:\Users\mailp\OneDrive\Desktop\CODEX_D_Drive_Backup_2026-07-30_160939\thunder-bowl-2026\data\normalized\backtest_player_auction_2021_2025.csv
2025,big-head,Big Head,Big Head,Kaleb Johnson,RB,PIT,4,audited_modern_auction_purchase,C:\Users\mailp\OneDrive\Desktop\CODEX_D_Drive_Backup_2026-07-30_160939\thunder-bowl-2026\data\normalized\backtest_player_auction_2021_2025.csv
2025,big-head,Big Head,Big Head,Kyler Murray,QB,ARI,3,audited_modern_auction_purchase,C:\Users\mailp\OneDrive\Desktop\CODEX_D_Drive_Backup_2026-07-30_160939\thunder-bowl-2026\data\normalized\backtest_player_auction_2021_2025.csv
2025,big-head,Big Head,Big Head,Minnesota Vikings,DST,MIN,2,audited_modern_auction_purchase,C:\Users\mailp\OneDrive\Desktop\CODEX_D_Drive_Backup_2026-07-30_160939\thunder-bowl-2026\data\normalized\backtest_player_auction_2021_2025.csv
2025,big-head,Big Head,Big Head,Raheem Mostert,RB,LV,1,audited_modern_auction_purchase,C:\Users\mailp\OneDrive\Desktop\CODEX_D_Drive_Backup_2026-07-30_160939\thunder-bowl-2026\data\normalized\backtest_player_auction_2021_2025.csv
2025,big-head,Big Head,Big Head,Saquon Barkley,RB,PHI,33,audited_modern_auction_purchase,C:\Users\mailp\OneDrive\Desktop\CODEX_D_Drive_Backup_2026-07-30_160939\thunder-bowl-2026\data\normalized\backtest_player_auction_2021_2025.csv
2025,big-head,Big Head,Big Head,T.J. Hockenson,TE,MIN,5,audited_modern_auction_purchase,C:\Users\mailp\OneDrive\Desktop\CODEX_D_Drive_Backup_2026-07-30_160939\thunder-bowl-2026\data\normalized\backtest_player_auction_2021_2025.csv
2025,big-head,Big Head,Big Head,Tetairoa McMillan,WR,CAR,10,audited_modern_auction_purchase,C:\Users\mailp\OneDrive\Desktop\CODEX_D_Drive_Backup_2026-07-30_160939\thunder-bowl-2026\data\normalized\backtest_player_auction_2021_2025.csv
2025,big-head,Big Head,Big Head,Wil Lutz,K,DEN,2,audited_modern_auction_purchase,C:\Users\mailp\OneDrive\Desktop\CODEX_D_Drive_Backup_2026-07-30_160939\thunder-bowl-2026\data\normalized\backtest_player_auction_2021_2025.csv
2025,big-head,Big Head,Big Head,Will Shipley,RB,PHI,2,audited_modern_auction_purchase,C:\Users\mailp\OneDrive\Desktop\CODEX_D_Drive_Backup_2026-07-30_160939\thunder-bowl-2026\data\normalized\backtest_player_auction_2021_2025.csv
2025,big-head,Big Head,Big Head,Zay Flowers,WR,BAL,2,audited_modern_auction_purchase,C:\Users\mailp\OneDrive\Desktop\CODEX_D_Drive_Backup_2026-07-30_160939\thunder-bowl-2026\data\normalized\backtest_player_auction_2021_2025.csv
2025,crime-and-punishment,Crime and Punishment,Crime and Punishment,Breece Hall,RB,NYJ,15,audited_modern_auction_purchase,C:\Users\mailp\OneDrive\Desktop\CODEX_D_Drive_Backup_2026-07-30_160939\thunder-bowl-2026\data\normalized\backtest_player_auction_2021_2025.csv
2025,crime-and-punishment,Crime and Punishment,Crime and Punishment,Brian Robinson,RB,WAS,2,audited_modern_auction_purchase,C:\Users\mailp\OneDrive\Desktop\CODEX_D_Drive_Backup_2026-07-30_160939\thunder-bowl-2026\data\normalized\backtest_player_auction_2021_2025.csv
2025,crime-and-punishment,Crime and Punishment,Crime and Punishment,CeeDee Lamb,WR,DAL,34,audited_modern_auction_purchase,C:\Users\mailp\OneDrive\Desktop\CODEX_D_Drive_Backup_2026-07-30_160939\thunder-bowl-2026\data\normalized\backtest_player_auction_2021_2025.csv
2025,crime-and-punishment,Crime and Punishment,Crime and Punishment,Colston Loveland,TE,CHI,6,audited_modern_auction_purchase,C:\Users\mailp\OneDrive\Desktop\CODEX_D_Drive_Backup_2026-07-30_160939\thunder-bowl-2026\data\normalized\backtest_player_auction_2021_2025.csv
2025,crime-and-punishment,Crime and Punishment,Crime and Punishment,Garrett Wilson,WR,NYJ,8,audited_modern_auction_purchase,C:\Users\mailp\OneDrive\Desktop\CODEX_D_Drive_Backup_2026-07-30_160939\thunder-bowl-2026\data\normalized\backtest_player_auction_2021_2025.csv
2025,crime-and-punishment,Crime and Punishment,Crime and Punishment,Josh Allen,QB,BUF,20,audited_modern_auction_purchase,C:\Users\mailp\OneDrive\Desktop\CODEX_D_Drive_Backup_2026-07-30_160939\thunder-bowl-2026\data\normalized\backtest_player_auction_2021_2025.csv
2025,crime-and-punishment,Crime and Punishment,Crime and Punishment,Pittsburgh Steelers,DST,PIT,6,audited_modern_auction_purchase,C:\Users\mailp\OneDrive\Desktop\CODEX_D_Drive_Backup_2026-07-30_160939\thunder-bowl-2026\data\normalized\backtest_player_auction_2021_2025.csv
2025,crime-and-punishment,Crime and Punishment,Crime and Punishment,Tyrone Tracy Jr.,RB,NYG,2,audited_modern_auction_purchase,C:\Users\mailp\OneDrive\Desktop\CODEX_D_Drive_Backup_2026-07-30_160939\thunder-bowl-2026\data\normalized\backtest_player_auction_2021_2025.csv
2025,dogs-of-war,Dogs of War,Dogs of War,Davante Adams,WR,LAR,17,audited_modern_auction_purchase,C:\Users\mailp\OneDrive\Desktop\CODEX_D_Drive_Backup_2026-07-30_160939\thunder-bowl-2026\data\normalized\backtest_player_auction_2021_2025.csv
2025,dogs-of-war,Dogs of War,Dogs of War,Jake Bates,K,DET,3,audited_modern_auction_purchase,C:\Users\mailp\OneDrive\Desktop\CODEX_D_Drive_Backup_2026-07-30_160939\thunder-bowl-2026\data\normalized\backtest_player_auction_2021_2025.csv
2025,dogs-of-war,Dogs of War,Dogs of War,Jordan Mason,RB,MIN,5,audited_modern_auction_purchase,C:\Users\mailp\OneDrive\Desktop\CODEX_D_Drive_Backup_2026-07-30_160939\thunder-bowl-2026\data\normalized\backtest_player_auction_2021_2025.csv
2025,dogs-of-war,Dogs of War,Dogs of War,Justin Herbert,QB,LAC,3,audited_modern_auction_purchase,C:\Users\mailp\OneDrive\Desktop\CODEX_D_Drive_Backup_2026-07-30_160939\thunder-bowl-2026\data\normalized\backtest_player_auction_2021_2025.csv
2025,dogs-of-war,Dogs of War,Dogs of War,Justin Jefferson,WR,MIN,30,audited_modern_auction_purchase,C:\Users\mailp\OneDrive\Desktop\CODEX_D_Drive_Backup_2026-07-30_160939\thunder-bowl-2026\data\normalized\backtest_player_auction_2021_2025.csv
2025,dogs-of-war,Dogs of War,Dogs of War,Matthew Golden,WR,GB,2,audited_modern_auction_purchase,C:\Users\mailp\OneDrive\Desktop\CODEX_D_Drive_Backup_2026-07-30_160939\thunder-bowl-2026\data\normalized\backtest_player_auction_2021_2025.csv
2025,dogs-of-war,Dogs of War,Dogs of War,Patrick Mahomes,QB,KC,10,audited_modern_auction_purchase,C:\Users\mailp\OneDrive\Desktop\CODEX_D_Drive_Backup_2026-07-30_160939\thunder-bowl-2026\data\normalized\backtest_player_auction_2021_2025.csv
2025,dogs-of-war,Dogs of War,Dogs of War,Philadelphia Eagles,DST,PHI,4,audited_modern_auction_purchase,C:\Users\mailp\OneDrive\Desktop\CODEX_D_Drive_Backup_2026-07-30_160939\thunder-bowl-2026\data\normalized\backtest_player_auction_2021_2025.csv
2025,dogs-of-war,Dogs of War,Dogs of War,Ricky Pearsall,WR,SF,9,audited_modern_auction_purchase,C:\Users\mailp\OneDrive\Desktop\CODEX_D_Drive_Backup_2026-07-30_160939\thunder-bowl-2026\data\normalized\backtest_player_auction_2021_2025.csv
2025,dogs-of-war,Dogs of War,Dogs of War,Rome Odunze,WR,CHI,2,audited_modern_auction_purchase,C:\Users\mailp\OneDrive\Desktop\CODEX_D_Drive_Backup_2026-07-30_160939\thunder-bowl-2026\data\normalized\backtest_player_auction_2021_2025.csv
2025,dogs-of-war,Dogs of War,Dogs of War,Sam LaPorta,TE,DET,6,audited_modern_auction_purchase,C:\Users\mailp\OneDrive\Desktop\CODEX_D_Drive_Backup_2026-07-30_160939\thunder-bowl-2026\data\normalized\backtest_player_auction_2021_2025.csv
2025,dogs-of-war,Dogs of War,Dogs of War,Tyjae Spears,RB,TEN,1,audited_modern_auction_purchase,C:\Users\mailp\OneDrive\Desktop\CODEX_D_Drive_Backup_2026-07-30_160939\thunder-bowl-2026\data\normalized\backtest_player_auction_2021_2025.csv
2025,el-guapo,El Guapo,El Guapo,Baltimore Ravens,DST,BAL,5,audited_modern_auction_purchase,C:\Users\mailp\OneDrive\Desktop\CODEX_D_Drive_Backup_2026-07-30_160939\thunder-bowl-2026\data\normalized\backtest_player_auction_2021_2025.csv
2025,el-guapo,El Guapo,El Guapo,Bijan Robinson,RB,ATL,46,audited_modern_auction_purchase,C:\Users\mailp\OneDrive\Desktop\CODEX_D_Drive_Backup_2026-07-30_160939\thunder-bowl-2026\data\normalized\backtest_player_auction_2021_2025.csv
2025,el-guapo,El Guapo,El Guapo,Brock Purdy,QB,SF,4,audited_modern_auction_purchase,C:\Users\mailp\OneDrive\Desktop\CODEX_D_Drive_Backup_2026-07-30_160939\thunder-bowl-2026\data\normalized\backtest_player_auction_2021_2025.csv
2025,el-guapo,El Guapo,El Guapo,Emeka Egbuka,WR,TB,10,audited_modern_auction_purchase,C:\Users\mailp\OneDrive\Desktop\CODEX_D_Drive_Backup_2026-07-30_160939\thunder-bowl-2026\data\normalized\backtest_player_auction_2021_2025.csv
2025,el-guapo,El Guapo,El Guapo,George Kittle,TE,SF,12,audited_modern_auction_purchase,C:\Users\mailp\OneDrive\Desktop\CODEX_D_Drive_Backup_2026-07-30_160939\thunder-bowl-2026\data\normalized\backtest_player_auction_2021_2025.csv
2025,el-guapo,El Guapo,El Guapo,Joe Mixon,RB,HOU,4,audited_modern_auction_purchase,C:\Users\mailp\OneDrive\Desktop\CODEX_D_Drive_Backup_2026-07-30_160939\thunder-bowl-2026\data\normalized\backtest_player_auction_2021_2025.csv
2025,el-guapo,El Guapo,El Guapo,Marvin Harrison Jr.,WR,ARI,8,audited_modern_auction_purchase,C:\Users\mailp\OneDrive\Desktop\CODEX_D_Drive_Backup_2026-07-30_160939\thunder-bowl-2026\data\normalized\backtest_player_auction_2021_2025.csv
2025,el-guapo,El Guapo,El Guapo,Ollie Gordon II,RB,MIA,3,audited_modern_auction_purchase,C:\Users\mailp\OneDrive\Desktop\CODEX_D_Drive_Backup_2026-07-30_160939\thunder-bowl-2026\data\normalized\backtest_player_auction_2021_2025.csv
2025,el-guapo,El Guapo,El Guapo,Younghoe Koo,K,ATL,2,audited_modern_auction_purchase,C:\Users\mailp\OneDrive\Desktop\CODEX_D_Drive_Backup_2026-07-30_160939\thunder-bowl-2026\data\normalized\backtest_player_auction_2021_2025.csv
2025,goon-skwad,Goon Skwad,Goon Skwad,A.J. Brown,WR,PHI,23,audited_modern_auction_purchase,C:\Users\mailp\OneDrive\Desktop\CODEX_D_Drive_Backup_2026-07-30_160939\thunder-bowl-2026\data\normalized\backtest_player_auction_2021_2025.csv
2025,goon-skwad,Goon Skwad,Goon Skwad,Alvin Kamara,RB,NO,16,audited_modern_auction_purchase,C:\Users\mailp\OneDrive\Desktop\CODEX_D_Drive_Backup_2026-07-30_160939\thunder-bowl-2026\data\normalized\backtest_player_auction_2021_2025.csv
2025,goon-skwad,Goon Skwad,Goon Skwad,Buffalo Bills,DST,BUF,5,audited_modern_auction_purchase,C:\Users\mailp\OneDrive\Desktop\CODEX_D_Drive_Backup_2026-07-30_160939\thunder-bowl-2026\data\normalized\backtest_player_auction_2021_2025.csv
2025,goon-skwad,Goon Skwad,Goon Skwad,Christian McCaffrey,RB,SF,24,audited_modern_auction_purchase,C:\Users\mailp\OneDrive\Desktop\CODEX_D_Drive_Backup_2026-07-30_160939\thunder-bowl-2026\data\normalized\backtest_player_auction_2021_2025.csv
2025,goon-skwad,Goon Skwad,Goon Skwad,Mike Evans,WR,TB,10,audited_modern_auction_purchase,C:\Users\mailp\OneDrive\Desktop\CODEX_D_Drive_Backup_2026-07-30_160939\thunder-bowl-2026\data\normalized\backtest_player_auction_2021_2025.csv
2025,goon-skwad,Goon Skwad,Goon Skwad,Tyler Bass,K,BUF,1,audited_modern_auction_purchase,C:\Users\mailp\OneDrive\Desktop\CODEX_D_Drive_Backup_2026-07-30_160939\thunder-bowl-2026\data\normalized\backtest_player_auction_2021_2025.csv
2025,orange-crush,Orange Crush,Orange Crush,Chase McLaughlin,K,TB,1,audited_modern_auction_purchase,C:\Users\mailp\OneDrive\Desktop\CODEX_D_Drive_Backup_2026-07-30_160939\thunder-bowl-2026\data\normalized\backtest_player_auction_2021_2025.csv
2025,orange-crush,Orange Crush,Orange Crush,D'Andre Swift,RB,CHI,11,audited_modern_auction_purchase,C:\Users\mailp\OneDrive\Desktop\CODEX_D_Drive_Backup_2026-07-30_160939\thunder-bowl-2026\data\normalized\backtest_player_auction_2021_2025.csv
2025,orange-crush,Orange Crush,Orange Crush,Detroit Lions,DST,DET,1,audited_modern_auction_purchase,C:\Users\mailp\OneDrive\Desktop\CODEX_D_Drive_Backup_2026-07-30_160939\thunder-bowl-2026\data\normalized\backtest_player_auction_2021_2025.csv
2025,orange-crush,Orange Crush,Orange Crush,Evan Engram,TE,DEN,6,audited_modern_auction_purchase,C:\Users\mailp\OneDrive\Desktop\CODEX_D_Drive_Backup_2026-07-30_160939\thunder-bowl-2026\data\normalized\backtest_player_auction_2021_2025.csv
2025,orange-crush,Orange Crush,Orange Crush,Jalen Hurts,QB,PHI,15,audited_modern_auction_purchase,C:\Users\mailp\OneDrive\Desktop\CODEX_D_Drive_Backup_2026-07-30_160939\thunder-bowl-2026\data\normalized\backtest_player_auction_2021_2025.csv
2025,orange-crush,Orange Crush,Orange Crush,Justin Fields,QB,NYJ,8,audited_modern_auction_purchase,C:\Users\mailp\OneDrive\Desktop\CODEX_D_Drive_Backup_2026-07-30_160939\thunder-bowl-2026\data\normalized\backtest_player_auction_2021_2025.csv
2025,orange-crush,Orange Crush,Orange Crush,Kenneth Walker III,RB,SEA,11,audited_modern_auction_purchase,C:\Users\mailp\OneDrive\Desktop\CODEX_D_Drive_Backup_2026-07-30_160939\thunder-bowl-2026\data\normalized\backtest_player_auction_2021_2025.csv
2025,orange-crush,Orange Crush,Orange Crush,RJ Harvey,RB,DEN,12,audited_modern_auction_purchase,C:\Users\mailp\OneDrive\Desktop\CODEX_D_Drive_Backup_2026-07-30_160939\thunder-bowl-2026\data\normalized\backtest_player_auction_2021_2025.csv
2025,orange-crush,Orange Crush,Orange Crush,Stefon Diggs,WR,NE,7,audited_modern_auction_purchase,C:\Users\mailp\OneDrive\Desktop\CODEX_D_Drive_Backup_2026-07-30_160939\thunder-bowl-2026\data\normalized\backtest_player_auction_2021_2025.csv
2025,orange-crush,Orange Crush,Orange Crush,Travis Etienne,RB,JAX,5,audited_modern_auction_purchase,C:\Users\mailp\OneDrive\Desktop\CODEX_D_Drive_Backup_2026-07-30_160939\thunder-bowl-2026\data\normalized\backtest_player_auction_2021_2025.csv
2025,orange-crush,Orange Crush,Orange Crush,Tyler Warren,TE,IND,10,audited_modern_auction_purchase,C:\Users\mailp\OneDrive\Desktop\CODEX_D_Drive_Backup_2026-07-30_160939\thunder-bowl-2026\data\normalized\backtest_player_auction_2021_2025.csv
2025,orange-crush,Orange Crush,Orange Crush,Zach Charbonnet,RB,SEA,4,audited_modern_auction_purchase,C:\Users\mailp\OneDrive\Desktop\CODEX_D_Drive_Backup_2026-07-30_160939\thunder-bowl-2026\data\normalized\backtest_player_auction_2021_2025.csv
2025,super-suckers,Super Suckers,Super Suckers,Amon-Ra St. Brown,WR,DET,30,audited_modern_auction_purchase,C:\Users\mailp\OneDrive\Desktop\CODEX_D_Drive_Backup_2026-07-30_160939\thunder-bowl-2026\data\normalized\backtest_player_auction_2021_2025.csv
2025,super-suckers,Super Suckers,Super Suckers,Cameron Dicker,K,LAC,3,audited_modern_auction_purchase,C:\Users\mailp\OneDrive\Desktop\CODEX_D_Drive_Backup_2026-07-30_160939\thunder-bowl-2026\data\normalized\backtest_player_auction_2021_2025.csv
2025,super-suckers,Super Suckers,Super Suckers,DJ Moore,WR,CHI,6,audited_modern_auction_purchase,C:\Users\mailp\OneDrive\Desktop\CODEX_D_Drive_Backup_2026-07-30_160939\thunder-bowl-2026\data\normalized\backtest_player_auction_2021_2025.csv
2025,super-suckers,Super Suckers,Super Suckers,Houston Texans,DST,HOU,2,audited_modern_auction_purchase,C:\Users\mailp\OneDrive\Desktop\CODEX_D_Drive_Backup_2026-07-30_160939\thunder-bowl-2026\data\normalized\backtest_player_auction_2021_2025.csv
2025,super-suckers,Super Suckers,Super Suckers,Joe Burrow,QB,CIN,22,audited_modern_auction_purchase,C:\Users\mailp\OneDrive\Desktop\CODEX_D_Drive_Backup_2026-07-30_160939\thunder-bowl-2026\data\normalized\backtest_player_auction_2021_2025.csv
2025,super-suckers,Super Suckers,Super Suckers,Josh Jacobs,RB,GB,27,audited_modern_auction_purchase,C:\Users\mailp\OneDrive\Desktop\CODEX_D_Drive_Backup_2026-07-30_160939\thunder-bowl-2026\data\normalized\backtest_player_auction_2021_2025.csv
2025,super-suckers,Super Suckers,Super Suckers,Michael Pittman,WR,IND,3,audited_modern_auction_purchase,C:\Users\mailp\OneDrive\Desktop\CODEX_D_Drive_Backup_2026-07-30_160939\thunder-bowl-2026\data\normalized\backtest_player_auction_2021_2025.csv
2025,super-suckers,Super Suckers,Super Suckers,Quinshon Judkins,RB,CLE,3,audited_modern_auction_purchase,C:\Users\mailp\OneDrive\Desktop\CODEX_D_Drive_Backup_2026-07-30_160939\thunder-bowl-2026\data\normalized\backtest_player_auction_2021_2025.csv
2025,super-suckers,Super Suckers,Super Suckers,Travis Hunter,WR,JAX,1,audited_modern_auction_purchase,C:\Users\mailp\OneDrive\Desktop\CODEX_D_Drive_Backup_2026-07-30_160939\thunder-bowl-2026\data\normalized\backtest_player_auction_2021_2025.csv
2025,t-dogs,T-Dogs,T-Dogs,Braelon Allen,RB,NYJ,1,audited_modern_auction_purchase,C:\Users\mailp\OneDrive\Desktop\CODEX_D_Drive_Backup_2026-07-30_160939\thunder-bowl-2026\data\normalized\backtest_player_auction_2021_2025.csv
2025,t-dogs,T-Dogs,T-Dogs,Cam Skattebo,RB,NYG,5,audited_modern_auction_purchase,C:\Users\mailp\OneDrive\Desktop\CODEX_D_Drive_Backup_2026-07-30_160939\thunder-bowl-2026\data\normalized\backtest_player_auction_2021_2025.csv
2025,t-dogs,T-Dogs,T-Dogs,Dalton Kincaid,TE,BUF,1,audited_modern_auction_purchase,C:\Users\mailp\OneDrive\Desktop\CODEX_D_Drive_Backup_2026-07-30_160939\thunder-bowl-2026\data\normalized\backtest_player_auction_2021_2025.csv
2025,t-dogs,T-Dogs,T-Dogs,Drake Maye,QB,NE,2,audited_modern_auction_purchase,C:\Users\mailp\OneDrive\Desktop\CODEX_D_Drive_Backup_2026-07-30_160939\thunder-bowl-2026\data\normalized\backtest_player_auction_2021_2025.csv
2025,t-dogs,T-Dogs,T-Dogs,George Pickens,WR,DAL,3,audited_modern_auction_purchase,C:\Users\mailp\OneDrive\Desktop\CODEX_D_Drive_Backup_2026-07-30_160939\thunder-bowl-2026\data\normalized\backtest_player_auction_2021_2025.csv
2025,t-dogs,T-Dogs,T-Dogs,Jacory Croskey-Merritt,RB,WAS,1,audited_modern_auction_purchase,C:\Users\mailp\OneDrive\Desktop\CODEX_D_Drive_Backup_2026-07-30_160939\thunder-bowl-2026\data\normalized\backtest_player_auction_2021_2025.csv
2025,t-dogs,T-Dogs,T-Dogs,Jason Sanders,K,MIA,1,audited_modern_auction_purchase,C:\Users\mailp\OneDrive\Desktop\CODEX_D_Drive_Backup_2026-07-30_160939\thunder-bowl-2026\data\normalized\backtest_player_auction_2021_2025.csv
2025,t-dogs,T-Dogs,T-Dogs,Jaylen Warren,RB,PIT,5,audited_modern_auction_purchase,C:\Users\mailp\OneDrive\Desktop\CODEX_D_Drive_Backup_2026-07-30_160939\thunder-bowl-2026\data\normalized\backtest_player_auction_2021_2025.csv
2025,t-dogs,T-Dogs,T-Dogs,Jonathan Taylor,RB,IND,22,audited_modern_auction_purchase,C:\Users\mailp\OneDrive\Desktop\CODEX_D_Drive_Backup_2026-07-30_160939\thunder-bowl-2026\data\normalized\backtest_player_auction_2021_2025.csv
2025,t-dogs,T-Dogs,T-Dogs,San Francisco 49ers,DST,SF,1,audited_modern_auction_purchase,C:\Users\mailp\OneDrive\Desktop\CODEX_D_Drive_Backup_2026-07-30_160939\thunder-bowl-2026\data\normalized\backtest_player_auction_2021_2025.csv
2025,t-dogs,T-Dogs,T-Dogs,TreVeyon Henderson,RB,NE,28,audited_modern_auction_purchase,C:\Users\mailp\OneDrive\Desktop\CODEX_D_Drive_Backup_2026-07-30_160939\thunder-bowl-2026\data\normalized\backtest_player_auction_2021_2025.csv
2025,t-dogs,T-Dogs,T-Dogs,Trevor Lawrence,QB,JAX,2,audited_modern_auction_purchase,C:\Users\mailp\OneDrive\Desktop\CODEX_D_Drive_Backup_2026-07-30_160939\thunder-bowl-2026\data\normalized\backtest_player_auction_2021_2025.csv
2025,the-bungles,The Bungles,The Bungles,Dallas Cowboys,DST,DAL,3,audited_modern_auction_purchase,C:\Users\mailp\OneDrive\Desktop\CODEX_D_Drive_Backup_2026-07-30_160939\thunder-bowl-2026\data\normalized\backtest_player_auction_2021_2025.csv
2025,the-bungles,The Bungles,The Bungles,DeVonta Smith,WR,PHI,6,audited_modern_auction_purchase,C:\Users\mailp\OneDrive\Desktop\CODEX_D_Drive_Backup_2026-07-30_160939\thunder-bowl-2026\data\normalized\backtest_player_auction_2021_2025.csv
2025,the-bungles,The Bungles,The Bungles,Evan McPherson,K,CIN,3,audited_modern_auction_purchase,C:\Users\mailp\OneDrive\Desktop\CODEX_D_Drive_Backup_2026-07-30_160939\thunder-bowl-2026\data\normalized\backtest_player_auction_2021_2025.csv
2025,the-bungles,The Bungles,The Bungles,Jake Ferguson,TE,DAL,1,audited_modern_auction_purchase,C:\Users\mailp\OneDrive\Desktop\CODEX_D_Drive_Backup_2026-07-30_160939\thunder-bowl-2026\data\normalized\backtest_player_auction_2021_2025.csv
2025,the-bungles,The Bungles,The Bungles,Jameson Williams,WR,DET,5,audited_modern_auction_purchase,C:\Users\mailp\OneDrive\Desktop\CODEX_D_Drive_Backup_2026-07-30_160939\thunder-bowl-2026\data\normalized\backtest_player_auction_2021_2025.csv
2025,the-bungles,The Bungles,The Bungles,Jordan Love,QB,GB,2,audited_modern_auction_purchase,C:\Users\mailp\OneDrive\Desktop\CODEX_D_Drive_Backup_2026-07-30_160939\thunder-bowl-2026\data\normalized\backtest_player_auction_2021_2025.csv
2025,the-bungles,The Bungles,The Bungles,Khalil Shakir,WR,BUF,2,audited_modern_auction_purchase,C:\Users\mailp\OneDrive\Desktop\CODEX_D_Drive_Backup_2026-07-30_160939\thunder-bowl-2026\data\normalized\backtest_player_auction_2021_2025.csv
2025,the-bungles,The Bungles,The Bungles,Kyle Pitts,TE,ATL,2,audited_modern_auction_purchase,C:\Users\mailp\OneDrive\Desktop\CODEX_D_Drive_Backup_2026-07-30_160939\thunder-bowl-2026\data\normalized\backtest_player_auction_2021_2025.csv
2025,the-bungles,The Bungles,The Bungles,Omarion Hampton,RB,LAC,30,audited_modern_auction_purchase,C:\Users\mailp\OneDrive\Desktop\CODEX_D_Drive_Backup_2026-07-30_160939\thunder-bowl-2026\data\normalized\backtest_player_auction_2021_2025.csv
2025,the-bungles,The Bungles,The Bungles,Rachaad White,RB,TB,1,audited_modern_auction_purchase,C:\Users\mailp\OneDrive\Desktop\CODEX_D_Drive_Backup_2026-07-30_160939\thunder-bowl-2026\data\normalized\backtest_player_auction_2021_2025.csv
2025,the-bungles,The Bungles,The Bungles,Tee Higgins,WR,CIN,24,audited_modern_auction_purchase,C:\Users\mailp\OneDrive\Desktop\CODEX_D_Drive_Backup_2026-07-30_160939\thunder-bowl-2026\data\normalized\backtest_player_auction_2021_2025.csv
2025,the-bungles,The Bungles,The Bungles,Tony Pollard,RB,TEN,6,audited_modern_auction_purchase,C:\Users\mailp\OneDrive\Desktop\CODEX_D_Drive_Backup_2026-07-30_160939\thunder-bowl-2026\data\normalized\backtest_player_auction_2021_2025.csv
2025,the-hobbits,The Hobbits,The Hobbits,Bo Nix,QB,DEN,6,audited_modern_auction_purchase,C:\Users\mailp\OneDrive\Desktop\CODEX_D_Drive_Backup_2026-07-30_160939\thunder-bowl-2026\data\normalized\backtest_player_auction_2021_2025.csv
2025,the-hobbits,The Hobbits,The Hobbits,Cam Ward,QB,TEN,2,audited_modern_auction_purchase,C:\Users\mailp\OneDrive\Desktop\CODEX_D_Drive_Backup_2026-07-30_160939\thunder-bowl-2026\data\normalized\backtest_player_auction_2021_2025.csv
2025,the-hobbits,The Hobbits,The Hobbits,DK Metcalf,WR,PIT,10,audited_modern_auction_purchase,C:\Users\mailp\OneDrive\Desktop\CODEX_D_Drive_Backup_2026-07-30_160939\thunder-bowl-2026\data\normalized\backtest_player_auction_2021_2025.csv
2025,the-hobbits,The Hobbits,The Hobbits,De'Von Achane,RB,MIA,31,audited_modern_auction_purchase,C:\Users\mailp\OneDrive\Desktop\CODEX_D_Drive_Backup_2026-07-30_160939\thunder-bowl-2026\data\normalized\backtest_player_auction_2021_2025.csv
2025,the-hobbits,The Hobbits,The Hobbits,Denver Broncos,DST,DEN,7,audited_modern_auction_purchase,C:\Users\mailp\OneDrive\Desktop\CODEX_D_Drive_Backup_2026-07-30_160939\thunder-bowl-2026\data\normalized\backtest_player_auction_2021_2025.csv
2025,the-hobbits,The Hobbits,The Hobbits,Isiah Pacheco,RB,KC,5,audited_modern_auction_purchase,C:\Users\mailp\OneDrive\Desktop\CODEX_D_Drive_Backup_2026-07-30_160939\thunder-bowl-2026\data\normalized\backtest_player_auction_2021_2025.csv
2025,the-hobbits,The Hobbits,The Hobbits,James Conner,RB,ARI,16,audited_modern_auction_purchase,C:\Users\mailp\OneDrive\Desktop\CODEX_D_Drive_Backup_2026-07-30_160939\thunder-bowl-2026\data\normalized\backtest_player_auction_2021_2025.csv
2025,the-hobbits,The Hobbits,The Hobbits,Jerry Jeudy,WR,CLE,2,audited_modern_auction_purchase,C:\Users\mailp\OneDrive\Desktop\CODEX_D_Drive_Backup_2026-07-30_160939\thunder-bowl-2026\data\normalized\backtest_player_auction_2021_2025.csv
2025,the-hobbits,The Hobbits,The Hobbits,Ka'imi Fairbairn,K,HOU,3,audited_modern_auction_purchase,C:\Users\mailp\OneDrive\Desktop\CODEX_D_Drive_Backup_2026-07-30_160939\thunder-bowl-2026\data\normalized\backtest_player_auction_2021_2025.csv
2025,the-hobbits,The Hobbits,The Hobbits,Travis Kelce,TE,KC,5,audited_modern_auction_purchase,C:\Users\mailp\OneDrive\Desktop\CODEX_D_Drive_Backup_2026-07-30_160939\thunder-bowl-2026\data\normalized\backtest_player_auction_2021_2025.csv
2025,three-amigos,Three Amigos,Three Amigos,Aaron Jones,RB,MIN,4,audited_modern_auction_purchase,C:\Users\mailp\OneDrive\Desktop\CODEX_D_Drive_Backup_2026-07-30_160939\thunder-bowl-2026\data\normalized\backtest_player_auction_2021_2025.csv
2025,three-amigos,Three Amigos,Three Amigos,Arizona Cardinals,DST,ARI,2,audited_modern_auction_purchase,C:\Users\mailp\OneDrive\Desktop\CODEX_D_Drive_Backup_2026-07-30_160939\thunder-bowl-2026\data\normalized\backtest_player_auction_2021_2025.csv
2025,three-amigos,Three Amigos,Three Amigos,Baker Mayfield,QB,TB,8,audited_modern_auction_purchase,C:\Users\mailp\OneDrive\Desktop\CODEX_D_Drive_Backup_2026-07-30_160939\thunder-bowl-2026\data\normalized\backtest_player_auction_2021_2025.csv
2025,three-amigos,Three Amigos,Three Amigos,Bhayshul Tuten,RB,JAX,3,audited_modern_auction_purchase,C:\Users\mailp\OneDrive\Desktop\CODEX_D_Drive_Backup_2026-07-30_160939\thunder-bowl-2026\data\normalized\backtest_player_auction_2021_2025.csv
2025,three-amigos,Three Amigos,Three Amigos,David Njoku,TE,CLE,7,audited_modern_auction_purchase,C:\Users\mailp\OneDrive\Desktop\CODEX_D_Drive_Backup_2026-07-30_160939\thunder-bowl-2026\data\normalized\backtest_player_auction_2021_2025.csv
2025,three-amigos,Three Amigos,Three Amigos,Derrick Henry,RB,BAL,28,audited_modern_auction_purchase,C:\Users\mailp\OneDrive\Desktop\CODEX_D_Drive_Backup_2026-07-30_160939\thunder-bowl-2026\data\normalized\backtest_player_auction_2021_2025.csv
2025,three-amigos,Three Amigos,Three Amigos,J.K. Dobbins,RB,DEN,5,audited_modern_auction_purchase,C:\Users\mailp\OneDrive\Desktop\CODEX_D_Drive_Backup_2026-07-30_160939\thunder-bowl-2026\data\normalized\backtest_player_auction_2021_2025.csv
2025,three-amigos,Three Amigos,Three Amigos,Matt Gay,K,WAS,2,audited_modern_auction_purchase,C:\Users\mailp\OneDrive\Desktop\CODEX_D_Drive_Backup_2026-07-30_160939\thunder-bowl-2026\data\normalized\backtest_player_auction_2021_2025.csv
