playerId,name,position,team,sourceRank,primarySource,primaryProjection,scheduleProjection,scheduleVbdDelta,fbg,latestFbgAug8,cbs,fantasyPros,sourceMedian,sourceRange,candidateModel,vbd,expectedVbd,vbdDelta,cbsVbd,fantasyProsVbd,intrinsic,market,maxBid,packMarket,packMaxBid,monotoneRoomCurveMarket,fbgValue,fbgGlobalRank,mflAav,fbgLatestTeam,fbgNegativeWeeks,marketPositionRank,fbgPositionRank,mflPositionRank,flags
fbg:GibbJa00,Jahmyr Gibbs,RB,DET,1,Thunder Bowl Consensus,365.8,362.8,-3.0,339.3,,386.5,372.2,372.2,47.2,349.7,165.9,165.9,0.0,188.8,170.6,52,32,38,38,38,38,50,1,20.45,,,2,1,10,
fbg:RobiBi01,Bijan Robinson,RB,ATL,2,Thunder Bowl Consensus,367.7,369.4,1.7,334.7,265.9,398.8,370.3,370.3,64.1,366.9,172.5,172.5,0.0,201.1,168.7,53,33,40,40,40,40,45,2,23.37,ATL,1,1,2,7,FBG_NEGATIVE_WEEK|PROJECTION_SOURCE_RANGE_50
fbg:ChasJa00,Ja'Marr Chase,WR,CIN,1,Thunder Bowl Consensus,338.0,335.0,-3.0,334.7,,344.0,335.5,335.5,9.3,301.8,122.6,122.6,0.0,126.9,125.9,39,29,32,32,32,32,30,10,29.06,,,2,1,4,
fbg:McCaCh00,Christian McCaffrey,RB,SF,3,Thunder Bowl Consensus,326.8,326.9,0.1,327.4,260.9,318.3,334.7,327.4,16.4,238.7,130.0,130.0,0.0,120.6,133.1,41,28,37,37,37,37,43,3,30.85,SF,0,3,3,3,CANDIDATE_MODEL_OUTLIER
fbg:TaylJo02,Jonathan Taylor,RB,IND,4,Thunder Bowl Consensus,309.9,309.6,-0.3,279.3,245.8,338.1,312.9,312.9,58.8,262.0,112.7,112.7,0.0,140.4,111.3,35,26,36,36,36,36,38,5,21.38,IND,0,4,4,8,PROJECTION_SOURCE_RANGE_50
fbg:JeanAs00,Ashton Jeanty,RB,LV,5,Thunder Bowl Consensus,282.2,281.8,-0.4,283.4,228.8,286.7,276.4,283.4,10.3,277.1,84.9,84.9,0.0,89.0,74.8,27,23,31,31,31,31,32,7,19.16,LV,0,6,6,13,
fbg:NacuPu00,Puka Nacua,WR,LAR,2,Thunder Bowl Consensus,341.5,338.5,-3.0,311.9,,373.4,339.8,339.8,61.5,295.7,126.1,126.1,0.0,156.3,130.2,40,31,38,38,38,38,25,13,18.10,,,1,2,11,PROJECTION_SOURCE_RANGE_50
fbg:BoweBr00,Brock Bowers,TE,LV,1,Thunder Bowl Consensus,252.2,249.2,-3.0,271.4,,241.3,243.6,243.6,30.1,202.0,76.0,76.0,0.0,46.7,76.2,25,20,19,19,19,19,16,27,13.66,,,2,1,3,
fbg:AchaDe00,De'Von Achane,RB,MIA,6,Thunder Bowl Consensus,290.4,291.4,1.0,262.1,207.8,317.6,292.1,292.1,55.5,255.5,94.5,94.5,0.0,119.9,90.5,29,24,34,34,34,34,25,14,12.14,MIA,0,5,10,21,PROJECTION_SOURCE_RANGE_50|MARKET_RANK_VS_MFL_12
fbg:SmitJa02,Jaxon Smith-Njigba,WR,SEA,3,Thunder Bowl Consensus,316.6,313.6,-3.0,285.6,,340.4,324.4,324.4,54.8,321.1,101.2,101.2,0.0,123.3,114.8,33,25,28,28,28,28,21,19,15.59,,,3,3,13,PROJECTION_SOURCE_RANGE_50
fbg:StBrAm00,Amon-Ra St. Brown,WR,DET,4,Thunder Bowl Consensus,307.0,308.4,1.4,285.4,182.6,316.7,319.4,316.7,34.0,298.4,96.0,96.0,0.0,99.6,109.8,30,24,27,27,27,27,19,20,25.01,DET,1,4,4,6,FBG_NEGATIVE_WEEK
fbg:BrowAJ00,A.J. Brown,WR,NE,5,Thunder Bowl Consensus,270.1,270.3,0.2,272.6,181.4,280.6,257.1,272.6,23.5,237.0,57.9,57.9,0.0,63.5,47.5,19,18,21,21,21,21,19,21,20.44,NE,0,7,5,10,
fbg:CookJa05,James Cook III,RB,BUF,7,Thunder Bowl Consensus,263.4,260.4,-3.0,258.1,,262.0,270.2,262.0,12.1,252.5,63.5,63.5,0.0,64.3,68.6,21,19,22,22,22,22,33,6,19.88,,,9,5,11,
fbg:LambCe00,CeeDee Lamb,WR,DAL,6,Thunder Bowl Consensus,270.6,270.8,0.2,266.2,177.0,272.9,272.9,272.9,6.7,249.5,58.4,58.4,0.0,55.8,63.3,19,19,24,24,24,24,17,23,30.02,DAL,1,6,6,3,FBG_NEGATIVE_WEEK
fbg:BrowCh06,Chase Brown,RB,CIN,8,Thunder Bowl Consensus,279.8,276.8,-3.0,261.2,,301.2,277.6,277.6,40.0,249.7,79.9,79.9,0.0,103.5,76.0,26,21,26,26,26,26,21,18,15.31,,,7,13,17,
fbg:HampOm00,Omarion Hampton,RB,LAC,9,Thunder Bowl Consensus,244.7,245.0,0.3,225.0,210.9,245.4,264.0,245.4,39.0,133.0,48.1,48.1,0.0,47.7,62.4,16,16,16,16,16,16,26,12,12.02,LAC,0,12,9,22,CANDIDATE_MODEL_OUTLIER
fbg:LondDr00,Drake London,WR,ATL,7,Thunder Bowl Consensus,291.7,292.9,1.2,261.6,166.8,327.1,287.1,287.1,65.5,270.7,80.5,80.5,0.0,110.0,77.5,25,22,26,26,26,26,15,29,14.15,ATL,1,5,8,18,FBG_NEGATIVE_WEEK|PROJECTION_SOURCE_RANGE_50|MARKET_RANK_VS_MFL_12
fbg:AlleJo01,Josh Allen,QB,BUF,1,Thunder Bowl Consensus,414.3,415.3,1.0,407.8,405.3,419.7,415.6,415.6,11.9,388.5,70.2,70.2,0.0,58.3,70.3,22,16,20,20,20,20,42,4,26.02,BUF,1,1,1,2,FBG_NEGATIVE_WEEK
fbg:McBrTr01,Trey McBride,TE,ARI,2,Thunder Bowl Consensus,255.5,252.5,-3.0,241.6,,270.8,254.5,254.5,29.2,233.2,79.3,79.3,0.0,76.2,87.1,26,23,31,31,31,31,10,39,17.38,,,1,2,1,
fbg:JeffJu00,Justin Jefferson,WR,MIN,8,Thunder Bowl Consensus,259.9,261.1,1.2,251.6,165.4,258.5,269.6,258.5,18.0,233.4,48.7,48.7,0.0,41.4,60.0,15,16,17,17,17,17,13,32,,MIN,1,9,9,,FBG_NEGATIVE_WEEK
fbg:BarkSa00,Saquon Barkley,RB,PHI,10,Thunder Bowl Consensus,258.3,259.0,0.7,249.8,214.5,259.6,265.7,259.6,15.9,207.8,62.1,62.1,0.0,61.9,64.1,20,17,18,18,18,18,28,11,25.84,PHI,0,10,8,4,
fbg:CollNi00,Nico Collins,WR,HOU,9,Thunder Bowl Consensus,253.0,250.0,-3.0,253.3,,257.1,248.6,253.3,8.5,193.3,37.6,37.6,0.0,40.0,39.0,13,13,12,12,12,12,16,25,20.63,,,12,7,8,CANDIDATE_MODEL_OUTLIER
fbg:WalkKe01,Ken Walker III,RB,KC,11,Thunder Bowl Consensus,240.8,240.9,0.1,246.8,,224.4,250.8,246.8,26.4,,44.0,44.0,0.0,26.7,49.2,14,15,14,14,14,14,22,17,,,,14,12,,
fbg:HallBr01,Breece Hall,RB,NYJ,12,Thunder Bowl Consensus,247.7,246.8,-0.9,243.8,192.3,246.0,253.3,246.0,9.5,203.5,49.9,49.9,0.0,48.3,51.7,16,16,17,17,17,17,16,28,13.34,NYJ,0,11,16,19,
fbg:PickGe00,George Pickens,WR,DAL,10,Thunder Bowl Consensus,259.0,259.2,0.2,233.7,164.3,291.7,252.2,252.2,58.0,254.4,46.8,46.8,0.0,74.6,42.6,15,15,15,15,15,15,12,34,13.81,DAL,1,10,10,19,FBG_NEGATIVE_WEEK|PROJECTION_SOURCE_RANGE_50
fbg:MayeDr00,Drake Maye,QB,NE,2,Thunder Bowl Consensus,376.3,375.7,-0.6,379.6,378.7,376.2,373.1,376.2,6.5,327.6,30.6,30.6,0.0,14.8,27.8,11,10,14,14,14,14,30,8,12.82,NE,0,2,2,9,
fbg:LoveJe01,Jeremiyah Love,RB,ARI,13,Thunder Bowl Consensus,239.7,239.8,0.1,233.1,184.2,230.3,255.6,233.1,25.3,220.1,42.9,42.9,0.0,32.6,54.0,14,15,13,13,13,13,14,30,51.56,ARI,0,15,17,1,MARKET_RANK_VS_MFL_12
fbg:HenrDe00,Derrick Henry,RB,BAL,14,Thunder Bowl Consensus,265.8,265.0,-0.8,236.7,223.1,288.2,273.1,273.1,51.5,252.6,68.1,68.1,0.0,90.5,71.5,22,20,24,24,24,24,30,9,25.63,BAL,0,8,7,5,PROJECTION_SOURCE_RANGE_50
fbg:WarrTy00,Tyler Warren,TE,IND,3,Thunder Bowl Consensus,202.9,202.1,-0.8,189.6,109.8,217.8,201.6,201.6,28.2,207.2,28.9,28.9,0.0,23.2,34.2,10,11,12,12,12,12,2,80,8.92,IND,0,4,6,9,
fbg:JacoJo00,Josh Jacobs,RB,GB,15,Thunder Bowl Consensus,244.5,244.7,0.2,233.3,205.0,243.5,256.8,243.5,23.5,226.6,47.8,47.8,0.0,45.8,55.2,16,16,14,14,14,14,23,16,19.21,GB,0,13,11,12,
fbg:LoveCo00,Colston Loveland,TE,CHI,4,Thunder Bowl Consensus,208.2,208.3,0.1,186.4,116.5,229.3,209.5,209.5,42.9,202.7,35.1,35.1,0.0,34.7,42.1,12,12,14,14,14,14,3,69,9.56,CHI,0,3,4,7,
fbg:RiceRa01,Rashee Rice,WR,KC,11,Thunder Bowl Consensus,265.4,262.4,-3.0,222.3,,301.1,273.6,273.6,78.8,154.5,50.0,50.0,0.0,84.0,64.0,17,17,18,18,18,18,10,38,12.07,,,8,11,24,PROJECTION_SOURCE_RANGE_50|CANDIDATE_MODEL_OUTLIER|MARKET_RANK_VS_MFL_12
fbg:SmitDe04,DeVonta Smith,WR,PHI,12,Thunder Bowl Consensus,238.0,238.4,0.4,237.4,152.8,239.9,236.7,237.4,3.2,221.6,26.0,26.0,0.0,22.8,27.1,9,12,10,10,10,10,10,41,20.61,PHI,1,14,12,9,FBG_NEGATIVE_WEEK
fbg:WillKy02,Kyren Williams,RB,LAR,16,Thunder Bowl Consensus,237.7,236.9,-0.8,230.7,,242.3,240.1,240.1,11.6,185.5,40.0,40.0,0.0,44.6,38.5,13,14,12,12,12,12,18,22,25.39,,,16,14,6,CANDIDATE_MODEL_OUTLIER
fbg:BurrJo01,Joe Burrow,QB,CIN,3,Thunder Bowl Consensus,368.4,368.1,-0.3,373.2,369.3,366.0,365.8,366.0,7.4,277.2,23.0,23.0,0.0,4.6,20.5,8,8,9,9,9,9,23,15,20.23,CIN,0,4,3,3,CANDIDATE_MODEL_OUTLIER
fbg:WillJa08,Javonte Williams,RB,DAL,17,Thunder Bowl Consensus,224.6,224.9,0.3,225.8,192.4,213.5,234.4,225.8,20.9,183.9,28.0,28.0,0.0,15.8,32.8,9,12,9,10,10,9,16,26,17.45,DAL,1,18,15,15,FBG_NEGATIVE_WEEK
fbg:OlavCh00,Chris Olave,WR,NO,13,Thunder Bowl Consensus,257.4,257.9,0.5,234.0,146.3,281.4,257.3,257.3,47.4,213.8,45.5,45.5,0.0,64.3,47.7,15,14,12,12,12,12,7,47,13.77,NO,0,11,15,20,
fbg:SkatCa00,Cam Skattebo,RB,NYG,18,Thunder Bowl Consensus,234.5,235.4,0.9,212.8,177.4,246.9,244.2,244.2,34.1,114.3,38.5,38.5,0.0,49.2,42.6,12,14,11,11,11,11,12,35,11.19,NYG,1,17,19,24,FBG_NEGATIVE_WEEK|CANDIDATE_MODEL_OUTLIER
fbg:NabeMa00,Malik Nabers,WR,NYG,14,Thunder Bowl Consensus,228.3,225.3,-3.0,214.7,,239.3,231.2,231.2,24.6,130.1,12.9,12.9,0.0,22.2,21.6,6,9,8,9,9,8,3,64,10.87,,,18,22,30,CANDIDATE_MODEL_OUTLIER|MARKET_RANK_VS_MFL_12
fbg:McCoLa00,Ladd McConkey,WR,LAC,15,Thunder Bowl Consensus,224.0,227.0,3.0,227.6,,232.0,212.4,227.6,19.6,199.3,14.6,14.6,0.0,14.9,2.8,5,10,9,7,7,9,6,51,8.13,,,17,17,39,MARKET_RANK_VS_MFL_12
fbg:JackLa00,Lamar Jackson,QB,BAL,4,Thunder Bowl Consensus,371.7,368.7,-3.0,363.6,,380.1,371.6,371.6,16.5,340.6,23.6,23.6,0.0,18.7,26.3,9,9,11,11,11,11,17,24,,,,3,4,,
fbg:EtieTr00,Travis Etienne Jr.,RB,NO,19,Thunder Bowl Consensus,224.5,225.0,0.5,213.6,179.7,228.1,232.1,228.1,18.5,221.5,28.1,28.1,0.0,30.4,30.5,9,12,10,9,9,10,13,33,15.58,NO,0,19,18,16,
fbg:FlowZa00,Zay Flowers,WR,BAL,16,Thunder Bowl Consensus,240.8,240.0,-0.8,221.5,145.5,257.5,243.8,243.8,36.0,243.4,27.6,27.6,0.0,40.4,34.2,10,12,11,11,11,11,7,49,11.05,BAL,0,13,16,27,MARKET_RANK_VS_MFL_12
fbg:McMiTe00,Tetairoa McMillan,WR,CAR,17,Thunder Bowl Consensus,221.4,222.4,1.0,213.9,141.8,222.8,227.6,222.8,13.7,224.3,10.0,10.0,0.0,5.7,18.0,4,8,6,6,6,6,5,55,8.29,CAR,0,20,19,37,MARKET_RANK_VS_MFL_12
fbg:JudkQu00,Quinshon Judkins,RB,CLE,20,Thunder Bowl Consensus,209.0,210.1,1.1,216.2,174.0,196.9,213.8,213.8,19.3,174.5,13.2,13.2,0.0,-0.8,12.2,5,11,7,7,7,7,11,37,11.15,CLE,1,22,21,25,FBG_NEGATIVE_WEEK
fbg:PittKy00,Kyle Pitts Sr.,TE,ATL,5,Thunder Bowl Consensus,197.4,197.8,0.4,181.1,111.1,215.8,195.6,195.6,34.7,186.1,24.6,24.6,0.0,21.2,28.2,8,9,8,8,8,8,2,77,13.43,ATL,1,5,5,4,FBG_NEGATIVE_WEEK
fbg:HiggTe00,Tee Higgins,WR,CIN,18,Thunder Bowl Consensus,228.2,229.1,0.9,220.0,148.0,243.7,221.3,221.3,23.7,186.2,16.7,16.7,0.0,26.6,11.7,6,10,9,9,9,9,9,44,11.06,CIN,1,16,13,26,FBG_NEGATIVE_WEEK
fbg:IrviBu00,Bucky Irving,RB,TB,21,Thunder Bowl Consensus,222.8,219.8,-3.0,207.7,,237.1,224.0,224.0,29.4,182.1,22.9,22.9,0.0,39.4,22.4,9,12,8,9,9,8,10,40,6.21,,,20,22,41,MARKET_RANK_VS_MFL_12
fbg:FannHa00,Harold Fannin Jr.,TE,CLE,6,Thunder Bowl Consensus,187.2,187.4,0.2,168.7,103.8,202.9,190.3,190.3,34.2,185.8,14.2,14.2,0.0,8.3,22.9,5,7,7,7,7,7,1,98,6.75,CLE,1,6,9,11,FBG_NEGATIVE_WEEK
fbg:DaniJa00,Jayden Daniels,QB,WAS,5,Thunder Bowl Consensus,359.2,356.2,-3.0,346.6,,369.8,361.6,361.6,23.2,258.7,11.1,11.1,0.0,8.4,16.3,5,6,5,6,6,5,9,43,10.75,,,7,6,14,CANDIDATE_MODEL_OUTLIER
fbg:BurdLu00,Luther Burden III,WR,CHI,19,Thunder Bowl Consensus,212.4,213.5,1.1,218.9,141.6,210.3,208.0,210.3,10.9,186.9,1.1,1.1,0.0,-6.8,-1.6,1,7,6,5,5,6,5,58,5.46,CHI,0,24,20,52,MARKET_RANK_VS_MFL_12
fbg:SwifDA00,D'Andre Swift,RB,CHI,22,Thunder Bowl Consensus,220.1,221.0,0.9,207.2,177.1,230.7,222.7,222.7,23.5,200.0,24.1,24.1,0.0,33.0,21.1,8,12,9,8,8,9,11,36,20.46,CHI,0,21,20,9,MARKET_RANK_VS_MFL_12
fbg:WarrJa00,Jaylen Warren,RB,PIT,23,Thunder Bowl Consensus,195.5,196.1,0.6,201.0,155.3,192.9,192.6,192.9,8.4,180.1,-0.8,-0.8,0.0,-4.8,-9.0,1,9,6,6,6,6,7,50,11.49,PIT,1,25,26,23,FBG_NEGATIVE_WEEK|BENCH_DEMAND_VALUE
cbs:1759407,Michael Burton,RB,CLE,100,Thunder Bowl Consensus,19.7,19.5,-0.2,,,22.6,16.9,19.8,5.7,31.7,-177.4,-177.4,0.0,-175.1,-184.7,1,1,1,1,1,1,,,,,,112,,,
fbg:KelcTr00,Travis Kelce,TE,KC,7,Thunder Bowl Consensus,184.6,183.9,-0.7,177.8,103.4,194.6,181.5,181.5,16.8,181.5,10.7,10.7,0.0,0.0,14.1,5,6,6,6,6,6,1,99,6.06,KC,0,7,10,15,
fbg:HurtJa00,Jalen Hurts,QB,PHI,6,Thunder Bowl Consensus,360.4,359.9,-0.5,353.4,354.4,366.2,361.8,361.8,12.8,329.1,14.8,14.8,0.0,4.8,16.5,6,7,7,7,7,7,13,31,15.45,PHI,0,5,5,6,
fbg:WilsGa00,Garrett Wilson,WR,NYJ,20,Thunder Bowl Consensus,232.2,230.9,-1.3,217.5,132.9,236.9,242.3,236.9,24.8,202.6,18.5,18.5,0.0,19.8,32.7,7,10,10,10,10,10,3,71,12.67,NYJ,0,15,26,22,
fbg:MoorDJ00,DJ Moore,WR,BUF,21,Thunder Bowl Consensus,212.6,213.5,0.9,220.9,139.3,209.1,207.8,209.1,13.1,204.4,1.1,1.1,0.0,-8.0,-1.8,1,7,5,5,5,5,4,61,15.24,BUF,1,23,21,15,FBG_NEGATIVE_WEEK
fbg:WaddJa00,Jaylen Waddle,WR,DEN,22,Thunder Bowl Consensus,212.9,209.9,-3.0,217.1,,211.9,209.6,211.9,7.5,192.7,-2.5,-2.5,0.0,-5.2,0.0,1,7,5,6,6,5,3,67,17.44,,,22,23,12,
cbs:1824308,Ameer Abdullah,RB,JAC,91,Thunder Bowl Consensus,26.7,25.8,-0.9,,,26.7,,26.7,,32.1,-171.1,-171.1,0.0,-171.0,,1,1,1,1,1,1,,,,,,88,,,
cbs:2010409,Dare Ogunbowale,RB,HOU,94,Thunder Bowl Consensus,22.0,21.6,-0.4,,,22.0,,22.0,,28.8,-175.3,-175.3,0.0,-175.7,,1,1,1,1,1,1,,,,,,103,,,
fbg:denxxx99,Denver Broncos,DST,DEN,1,Thunder Bowl Consensus,228.8,228.5,-0.3,177.7,146.6,281.0,,229.3,103.3,,73.4,73.4,0.0,112.4,,23,5,5,5,5,5,2,76,,DEN,0,1,2,,PROJECTION_SOURCE_RANGE_50
fbg:KrafTu00,Tucker Kraft,TE,GB,8,Thunder Bowl Consensus,181.0,181.0,0.0,171.8,116.5,196.6,174.9,174.9,24.8,140.5,7.8,7.8,0.0,2.0,7.5,3,5,3,3,3,3,3,63,12.03,GB,0,10,3,6,
fbg:PresDa01,Dak Prescott,QB,DAL,7,Thunder Bowl Consensus,358.3,357.6,-0.7,342.8,342.4,375.8,356.6,356.6,33.0,307.7,12.5,12.5,0.0,14.4,11.3,5,7,6,5,5,6,5,57,11.47,DAL,1,6,8,11,FBG_NEGATIVE_WEEK
fbg:EgbuEm00,Emeka Egbuka,WR,TB,23,Thunder Bowl Consensus,224.7,224.6,-0.1,215.5,143.2,231.2,227.7,227.7,15.7,228.3,12.2,12.2,0.0,14.1,18.1,5,9,7,8,8,7,6,54,8.24,TB,0,19,18,38,MARKET_RANK_VS_MFL_12
cbs:1620002,Tyler Johnson,WR,DAL,132,Thunder Bowl Consensus,36.7,36.5,-0.2,,0.0,36.7,,36.7,,,-175.9,-175.9,0.0,-180.4,,1,1,1,1,1,1,,,,DAL,0,145,,,
cbs:2131774,Andrew Beck,RB,NYJ,103,Thunder Bowl Consensus,18.2,17.8,-0.4,,,21.6,14.8,18.2,6.8,,-179.1,-179.1,0.0,-176.1,-186.8,1,1,1,1,1,1,,,,,,120,,,
cbs:2131579,Nick Chubb,RB,HOU,120,Thunder Bowl Consensus,14.9,14.5,-0.4,,,14.9,,14.9,,,-182.4,-182.4,0.0,-182.8,,1,1,1,1,1,1,,,,,,126,,,
cbs:1737078,DeAndre Hopkins,WR,BAL,197,Thunder Bowl Consensus,20.8,20.5,-0.3,,0.0,20.8,,20.8,,,-191.9,-191.9,0.0,-196.3,,1,1,1,1,1,1,,,,FA,0,199,,,TEAM_CONFLICT_FBG
cbs:2174957,Raheem Mostert,RB,LV,128,Thunder Bowl Consensus,11.8,11.4,-0.4,,,11.8,,11.8,,,-185.5,-185.5,0.0,-185.9,,1,1,1,1,1,1,,,,,,137,,,
fbg:htxxxx99,Houston Texans,DST,HOU,2,Thunder Bowl Consensus,218.9,219.2,0.3,175.2,149.4,263.6,,219.4,88.4,,64.1,64.1,0.0,95.0,,20,5,4,4,4,4,3,65,,HOU,0,2,1,,PROJECTION_SOURCE_RANGE_50
fbg:StafMa00,Matthew Stafford,QB,LAR,8,Thunder Bowl Consensus,349.0,349.5,0.5,341.9,333.8,351.7,353.4,351.7,11.5,307.8,4.4,4.4,0.0,-9.7,8.1,2,5,3,3,3,3,1,85,12.77,LAR,0,9,12,10,
cbs:2222046,Trayveon Williams,RB,CLE,99,Thunder Bowl Consensus,22.9,22.7,-0.2,,,22.9,,22.9,,16.5,-174.2,-174.2,0.0,-174.8,,1,1,1,1,1,1,,,,,,96,,,
cbs:1860834,Tyler Lockett,WR,LV,182,Thunder Bowl Consensus,24.8,24.5,-0.3,,0.0,24.8,,24.8,,,-187.9,-187.9,0.0,-192.3,,1,1,1,1,1,1,,,,FA,0,187,,,TEAM_CONFLICT_FBG
cbs:2188826,Adam Prentice,RB,DEN,139,Thunder Bowl Consensus,9.9,9.6,-0.3,,,9.2,10.6,9.9,1.4,,-187.3,-187.3,0.0,-188.5,-191.0,1,1,1,1,1,1,,,,,,143,,,
fbg:seaxxx99,Seattle Seahawks,DST,SEA,3,Thunder Bowl Consensus,204.6,204.0,-0.6,165.0,136.8,245.2,,205.1,80.2,,48.9,48.9,0.0,76.6,,16,4,3,3,3,3,1,83,,SEA,0,3,3,,PROJECTION_SOURCE_RANGE_50
fbg:ramxxx99,Los Angeles Rams,DST,LAR,4,Thunder Bowl Consensus,195.5,194.8,-0.7,150.1,117.7,242.0,,196.1,91.9,,39.7,39.7,0.0,73.4,,13,3,3,3,3,3,1,126,,LAR,0,4,10,,PROJECTION_SOURCE_RANGE_50
fbg:phixxx99,Philadelphia Eagles,DST,PHI,5,Thunder Bowl Consensus,188.8,187.9,-0.9,145.5,121.2,233.0,,189.3,87.5,,32.8,32.8,0.0,64.4,,11,3,3,3,3,3,1,115,,PHI,0,5,8,,PROJECTION_SOURCE_RANGE_50
fbg:MyerJa44,Jason Myers,K,SEA,1,Thunder Bowl Consensus,153.7,154.0,0.3,140.6,161.6,167.0,,153.8,26.4,143.3,22.6,22.6,0.0,30.0,,8,3,3,3,3,3,1,81,2.17,SEA,0,1,2,3,
fbg:FairKa99,Ka'imi Fairbairn,K,HOU,2,Thunder Bowl Consensus,147.3,146.8,-0.5,138.8,160.0,156.0,,147.4,17.2,134.1,15.4,15.4,0.0,19.0,,6,3,2,2,2,2,1,84,1.60,HOU,0,3,4,9,
fbg:AndrMa00,Mark Andrews,TE,BAL,9,Thunder Bowl Consensus,168.4,168.0,-0.4,168.7,104.4,173.3,163.3,168.7,10.0,155.6,-5.2,-5.2,0.0,-21.3,-4.1,1,2,2,2,2,2,1,96,5.00,BAL,0,13,8,16,
fbg:HerbJu00,Justin Herbert,QB,LAC,9,Thunder Bowl Consensus,345.1,345.1,0.0,341.4,340.9,353.0,341.0,341.4,12.0,326.8,0.0,0.0,0.0,-8.4,-4.3,1,4,2,2,2,2,4,60,18.48,LAC,0,12,9,4,
fbg:WillCa01,Caleb Williams,QB,CHI,10,Thunder Bowl Consensus,351.6,351.9,0.3,339.1,344.8,370.9,345.3,345.3,31.8,351.8,6.8,6.8,0.0,9.5,0.0,3,6,4,4,4,4,6,53,10.77,CHI,0,8,7,13,
fbg:LapoSa00,Sam LaPorta,TE,DET,10,Thunder Bowl Consensus,182.4,182.3,-0.1,166.1,105.9,198.1,183.3,183.3,32.0,155.5,9.1,9.1,0.0,3.5,15.9,4,5,5,5,5,5,1,90,7.10,DET,0,8,7,10,
fbg:LawrTr00,Trevor Lawrence,QB,JAX,11,Thunder Bowl Consensus,347.7,348.2,0.5,335.4,340.1,363.9,344.0,344.0,28.5,319.7,3.1,3.1,0.0,2.5,-1.3,2,5,3,3,3,3,4,62,14.85,JAX,1,11,10,7,FBG_NEGATIVE_WEEK
fbg:LikeIs00,Isaiah Likely,TE,NYG,11,Thunder Bowl Consensus,173.2,173.2,0.0,159.2,101.5,195.4,165.5,165.5,36.2,146.0,0.0,0.0,0.0,0.8,-1.9,1,4,2,2,2,2,1,102,6.22,NYG,1,12,11,13,FBG_NEGATIVE_WEEK
cbs:2071540,Marquez Valdes-Scantling,WR,DAL,126,Thunder Bowl Consensus,40.0,39.8,-0.2,,0.0,40.0,,40.0,,,-172.6,-172.6,0.0,-177.1,,1,1,1,1,1,1,,,,DAL,0,141,,,
cbs:2080270,Zay Jones,WR,ARI,144,Thunder Bowl Consensus,33.3,33.0,-0.3,,0.0,33.3,,33.3,,,-179.4,-179.4,0.0,-183.8,,1,1,1,1,1,1,,,,FA,0,154,,,TEAM_CONFLICT_FBG
cbs:1871375,Chris Moore,WR,BAL,160,Thunder Bowl Consensus,30.0,29.7,-0.3,,0.0,30.0,,30.0,,,-182.7,-182.7,0.0,-187.1,,1,1,1,1,1,1,,,,BAL,0,163,,,
cbs:1880880,Brandin Cooks,WR,BUF,163,Thunder Bowl Consensus,29.7,29.6,-0.1,,0.0,29.7,,29.7,,,-182.8,-182.8,0.0,-187.4,,1,1,1,1,1,1,,,,FA,0,165,,,TEAM_CONFLICT_FBG
cbs:2256736,Patrick Taylor,RB,SF,116,Thunder Bowl Consensus,19.1,18.8,-0.3,,,19.1,,19.1,,,-178.1,-178.1,0.0,-178.6,,1,1,1,1,1,1,,,,,,116,,,
cbs:1996786,Sterling Shepard,WR,TB,173,Thunder Bowl Consensus,27.7,27.4,-0.3,,,27.7,,27.7,,,-185.0,-185.0,0.0,-189.4,,1,1,1,1,1,1,,,,,,179,,,
cbs:2261254,Kene Nwangwu,RB,NYJ,118,Thunder Bowl Consensus,9.3,8.9,-0.4,,,18.7,0.0,9.3,18.7,,-188.0,-188.0,0.0,-179.0,-201.6,1,1,1,1,1,1,,,,,,145,,,
cbs:2131796,Josh Reynolds,WR,NYJ,188,Thunder Bowl Consensus,23.8,23.4,-0.4,,,23.8,,23.8,,,-189.0,-189.0,0.0,-193.3,,1,1,1,1,1,1,,,,,,193,,,
cbs:2251305,Miles Sanders,RB,DAL,136,Thunder Bowl Consensus,9.9,9.5,-0.4,,,9.9,,9.9,,,-187.4,-187.4,0.0,-187.8,,1,1,1,1,1,1,,,,,,144,,,
cbs:2249831,Travis Homer,RB,PIT,150,Thunder Bowl Consensus,2.4,2.1,-0.3,,,2.4,,2.4,,,-194.8,-194.8,0.0,-195.3,,1,1,1,1,1,1,,,,,,158,,,
fbg:minxxx99,Minnesota Vikings,DST,MIN,6,Thunder Bowl Consensus,176.5,176.5,0.0,155.1,129.8,198.4,,176.8,43.3,,21.4,21.4,0.0,29.8,,8,2,2,2,2,2,1,97,,MIN,0,6,4,,
fbg:atlxxx99,Atlanta Falcons,DST,ATL,7,Thunder Bowl Consensus,171.9,171.6,-0.3,148.2,109.9,196.2,,172.2,48.0,,16.5,16.5,0.0,27.6,,6,2,2,2,2,2,1,147,,ATL,1,7,18,,FBG_NEGATIVE_WEEK
fbg:detxxx99,Detroit Lions,DST,DET,8,Thunder Bowl Consensus,166.1,165.8,-0.3,144.0,113.2,188.8,,166.4,44.8,,10.7,10.7,0.0,20.2,,4,1,1,1,1,1,1,134,,DET,0,10,14,,
fbg:sdgxxx99,Los Angeles Chargers,DST,LAC,9,Thunder Bowl Consensus,166.5,166.1,-0.4,146.4,121.4,187.0,,166.7,40.6,,11.0,11.0,0.0,18.4,,5,2,2,2,2,2,1,114,,LAC,1,9,7,,FBG_NEGATIVE_WEEK
fbg:AubrBr00,Brandon Aubrey,K,DAL,3,Thunder Bowl Consensus,150.1,149.8,-0.3,146.2,,154.0,,150.1,7.8,132.4,18.4,18.4,0.0,17.0,,7,3,3,3,3,3,2,75,3.89,,,2,1,1,
fbg:GrupBl00,Blake Grupe,K,IND,4,Thunder Bowl Consensus,111.8,111.3,-0.5,71.5,82.8,153.0,,112.3,81.5,131.6,-20.1,-20.1,0.0,16.0,,1,1,1,1,1,1,1,236,,IND,0,22,29,,PROJECTION_SOURCE_RANGE_50|STARTER_VBD_SOURCE_DISAGREEMENT
fbg:FolkNi44,Nick Folk,K,ATL,5,Thunder Bowl Consensus,135.1,135.4,0.3,119.6,138.2,151.0,,135.3,31.4,129.9,4.0,4.0,0.0,14.0,,2,1,1,1,1,1,1,132,,ATL,1,8,18,,FBG_NEGATIVE_WEEK
fbg:BateJa00,Jake Bates,K,DET,6,Thunder Bowl Consensus,138.9,139.2,0.3,131.9,150.5,146.0,,138.9,14.1,125.7,7.8,7.8,0.0,9.0,,3,2,2,2,2,2,1,105,1.33,DET,0,5,8,13,
fbg:DickCa44,Cameron Dicker,K,LAC,7,Thunder Bowl Consensus,142.3,141.9,-0.4,140.6,161.1,144.0,,142.3,3.4,124.0,10.5,10.5,0.0,7.0,,4,2,2,2,2,2,1,82,2.04,LAC,0,4,3,4,
cbs:1850793,Darren Waller,TE,MIA,80,Thunder Bowl Consensus,24.5,23.8,-0.7,,0.0,24.5,,24.5,,,-149.4,-149.4,0.0,-170.1,,1,1,1,1,1,1,,,,FA,0,93,,,TEAM_CONFLICT_FBG
cbs:1685963,Zach Ertz,TE,WAS,84,Thunder Bowl Consensus,23.8,23.1,-0.7,,0.0,23.8,,23.8,,,-150.1,-150.1,0.0,-170.8,,1,1,1,1,1,1,,,,FA,0,96,,,TEAM_CONFLICT_FBG
cbs:2179491,David Sills,WR,TB,135,Thunder Bowl Consensus,35.0,34.7,-0.3,,,35.0,,35.0,,,-177.7,-177.7,0.0,-182.1,,1,1,1,1,1,1,,,,,,148,,,
cbs:26697211,Donovan Edwards,RB,MIA,101,Thunder Bowl Consensus,22.6,22.3,-0.3,,,22.3,22.9,22.6,0.6,34.5,-174.6,-174.6,0.0,-175.4,-178.7,1,1,1,1,1,1,,,,,,100,,,
cbs:2139642,Dante Pettis,WR,NO,171,Thunder Bowl Consensus,28.0,27.8,-0.2,,0.0,28.0,,28.0,,,-184.6,-184.6,0.0,-189.1,,1,1,1,1,1,1,,,,BUF,0,177,,,TEAM_CONFLICT_FBG
cbs:2139270,Noah Brown,WR,WAS,177,Thunder Bowl Consensus,27.0,26.8,-0.2,,0.0,27.0,,27.0,,,-185.6,-185.6,0.0,-190.1,,1,1,1,1,1,1,,,,FA,0,182,,,TEAM_CONFLICT_FBG
cbs:2180075,Scott Miller,WR,CHI,179,Thunder Bowl Consensus,25.5,25.3,-0.2,,,25.5,,25.5,,,-187.1,-187.1,0.0,-191.6,,1,1,1,1,1,1,,,,,,185,,,
cbs:26698435,Carson Steele,RB,PHI,121,Thunder Bowl Consensus,14.7,14.4,-0.3,,,14.7,,14.7,,,-182.5,-182.5,0.0,-183.0,,1,1,1,1,1,1,,,,,,127,,,
cbs:26698879,Corey Kiner,RB,ARI,122,Thunder Bowl Consensus,14.7,14.4,-0.3,,,14.7,,14.7,,,-182.5,-182.5,0.0,-183.0,,1,1,1,1,1,1,,,,,,128,,,
cbs:2804075,Michael Carter,RB,TEN,130,Thunder Bowl Consensus,11.5,11.2,-0.3,,,11.5,,11.5,,,-185.7,-185.7,0.0,-186.2,,1,1,1,1,1,1,,,,,,138,,,
cbs:2174795,DeAndre Carter,WR,CLE,200,Thunder Bowl Consensus,18.5,18.3,-0.2,,,18.5,,18.5,,,-194.1,-194.1,0.0,-198.6,,1,1,1,1,1,1,,,,,,205,,,
cbs:26728625,Lucas Scott,RB,BAL,148,Thunder Bowl Consensus,4.0,3.6,-0.4,,,4.0,,4.0,,,-193.3,-193.3,0.0,-193.7,,1,1,1,1,1,1,,,,,,155,,,
cbs:26697728,Robbie Ouzts,RB,SEA,151,Thunder Bowl Consensus,2.4,2.0,-0.4,,,2.4,,2.4,,,-194.9,-194.9,0.0,-195.3,,1,1,1,1,1,1,,,,,,157,,,
cbs:2240307,Shane Buechele,QB,BUF,62,Thunder Bowl Consensus,14.0,12.5,-1.5,,0.0,13.9,14.0,13.9,0.1,9.6,-332.6,-332.6,0.0,-347.5,-331.3,1,1,1,1,1,1,,,,BUF,0,50,,,
cbs:2071844,Joshua Dobbs,QB,NE,66,Thunder Bowl Consensus,13.6,12.1,-1.5,,0.0,13.6,,13.6,,10.8,-333.0,-333.0,0.0,-347.8,,1,1,1,1,1,1,,,,FA,0,53,,,TEAM_CONFLICT_FBG
fbg:pitxxx99,Pittsburgh Steelers,DST,PIT,10,Thunder Bowl Consensus,167.0,167.0,0.0,157.1,126.7,177.2,,167.1,20.1,,11.9,11.9,0.0,8.6,,5,2,2,2,2,2,1,103,,PIT,0,8,5,,
fbg:norxxx99,New Orleans Saints,DST,NO,11,Thunder Bowl Consensus,156.1,155.7,-0.4,137.1,117.0,175.6,,156.3,38.5,,0.6,0.6,0.0,7.0,,1,1,1,1,1,1,1,128,,NO,1,11,12,,FBG_NEGATIVE_WEEK
fbg:MeviHa00,Harrison Mevis,K,LAR,8,Thunder Bowl Consensus,131.9,131.7,-0.2,122.0,140.2,142.0,,132.0,20.0,122.4,0.3,0.3,0.0,5.0,,1,1,1,1,1,1,1,129,1.45,LAR,0,10,17,10,
fbg:SantCa44,Cairo Santos,K,CHI,9,Thunder Bowl Consensus,134.5,134.5,0.0,127.2,145.1,142.0,,134.6,14.8,122.4,3.1,3.1,0.0,5.0,,2,1,1,1,1,1,1,116,1.15,CHI,1,9,11,16,FBG_NEGATIVE_WEEK
fbg:McLaCh44,Chase McLaughlin,K,TB,10,Thunder Bowl Consensus,136.6,136.3,-0.3,132.2,151.6,141.0,,136.6,8.8,121.5,4.9,4.9,0.0,4.0,,3,2,2,2,2,2,1,101,1.79,TB,0,6,6,6,
fbg:ReicWi00,Will Reichard,K,MIN,11,Thunder Bowl Consensus,131.4,132.0,0.6,125.0,144.2,138.0,,131.5,13.0,119.0,0.6,0.6,0.0,1.0,,1,1,1,1,1,1,1,118,1.40,MIN,0,12,12,12,
fbg:KittGe00,George Kittle,TE,SF,12,Thunder Bowl Consensus,174.7,173.9,-0.8,156.4,99.7,197.3,170.9,170.9,40.9,152.0,0.7,0.7,0.0,2.7,3.5,1,4,3,3,3,3,1,108,9.01,SF,0,11,12,8,
fbg:LoopTy00,Tyler Loop,K,BAL,12,Thunder Bowl Consensus,136.5,135.8,-0.7,136.0,154.8,137.0,,136.5,1.0,118.2,4.4,4.4,0.0,0.0,,3,2,2,2,2,2,1,95,1.21,BAL,0,7,5,14,
fbg:McLaTe00,Terry McLaurin,WR,WAS,24,Thunder Bowl Consensus,211.9,208.9,-3.0,204.8,,216.5,214.5,214.5,11.7,202.8,-3.5,-3.5,0.0,-0.6,4.9,1,6,4,5,5,4,2,74,12.20,,,26,29,23,
fbg:MontDa01,David Montgomery,RB,HOU,24,Thunder Bowl Consensus,196.9,196.9,0.0,201.3,172.1,197.7,191.6,197.7,9.7,171.0,0.0,0.0,0.0,0.0,-10.0,1,9,7,7,7,7,10,42,17.47,HOU,0,23,23,14,BENCH_DEMAND_VALUE
fbg:NixxBo00,Bo Nix,QB,DEN,12,Thunder Bowl Consensus,334.0,334.2,0.2,333.1,335.6,328.7,340.3,333.1,11.6,335.9,-10.9,-10.9,0.0,-32.7,-5.0,1,3,1,1,1,1,3,66,7.12,DEN,1,16,11,23,FBG_NEGATIVE_WEEK
fbg:clexxx99,Cleveland Browns,DST,CLE,12,Thunder Bowl Consensus,154.6,154.5,-0.1,141.0,117.1,168.6,,154.8,27.6,,-0.6,-0.6,0.0,0.0,,1,1,1,1,1,1,1,127,,CLE,1,13,11,,FBG_NEGATIVE_WEEK
fbg:WillJa09,Jameson Williams,WR,DET,25,Thunder Bowl Consensus,216.8,217.7,0.9,211.1,147.3,222.0,217.3,217.3,10.9,160.4,5.3,5.3,0.0,4.9,7.7,2,8,6,6,6,6,8,45,8.51,DET,1,21,14,36,FBG_NEGATIVE_WEEK|CANDIDATE_MODEL_OUTLIER|MARKET_RANK_VS_MFL_12
fbg:bufxxx99,Buffalo Bills,DST,BUF,13,Thunder Bowl Consensus,155.1,155.1,0.0,142.7,118.6,167.8,,155.3,25.1,,0.0,0.0,0.0,-0.8,,1,1,1,1,1,1,1,125,,BUF,0,12,9,,
fbg:miaxxx99,Miami Dolphins,DST,MIA,14,Thunder Bowl Consensus,142.5,141.7,-0.8,118.3,82.8,167.2,,142.8,48.9,,-13.4,-13.4,0.0,-1.4,,1,1,1,1,1,1,1,204,,MIA,0,20,30,,
fbg:ravxxx99,Baltimore Ravens,DST,BAL,15,Thunder Bowl Consensus,154.5,153.7,-0.8,142.0,110.2,167.2,,154.6,25.2,,-1.4,-1.4,0.0,-1.4,,1,1,1,1,1,1,1,145,,BAL,1,14,17,,FBG_NEGATIVE_WEEK
fbg:otixxx99,Tennessee Titans,DST,TEN,16,Thunder Bowl Consensus,144.9,144.2,-0.7,123.6,91.8,166.6,,145.1,43.0,,-10.9,-10.9,0.0,-2.0,,1,1,1,1,1,1,1,190,,TEN,0,18,27,,
fbg:PurdBr00,Brock Purdy,QB,SF,13,Thunder Bowl Consensus,348.1,346.9,-1.2,329.9,331.8,366.6,348.3,348.3,36.7,257.0,1.8,1.8,0.0,5.2,3.0,2,5,3,3,3,3,1,91,8.79,SF,0,10,16,17,CANDIDATE_MODEL_OUTLIER
fbg:MahoPa00,Patrick Mahomes II,QB,KC,14,Thunder Bowl Consensus,345.0,344.4,-0.6,327.3,333.5,361.4,346.8,346.8,34.1,299.3,-0.7,-0.7,0.0,0.0,1.5,1,4,2,2,2,2,1,87,18.15,KC,0,13,14,5,
fbg:ButkHa99,Harrison Butker,K,KC,13,Thunder Bowl Consensus,129.3,128.6,-0.7,124.8,143.6,134.0,,129.4,9.2,115.6,-2.8,-2.8,0.0,-3.0,,1,1,1,1,1,1,1,122,1.97,KC,0,16,15,5,
fbg:LutzWi44,Wil Lutz,K,DEN,14,Thunder Bowl Consensus,130.7,130.7,0.0,127.4,147.1,134.0,,130.7,6.6,115.6,-0.7,-0.7,0.0,-3.0,,1,1,1,1,1,1,1,109,1.16,DEN,0,13,10,15,
fbg:McPhEv44,Evan McPherson,K,CIN,15,Thunder Bowl Consensus,130.2,130.5,0.3,126.4,143.8,134.0,,130.2,7.6,115.6,-0.9,-0.9,0.0,-3.0,,1,1,1,1,1,1,1,120,1.05,CIN,1,15,13,17,FBG_NEGATIVE_WEEK
fbg:GoedDa00,Dallas Goedert,TE,PHI,13,Thunder Bowl Consensus,181.5,181.4,-0.1,153.6,90.6,212.1,179.6,179.6,58.5,155.2,8.2,8.2,0.0,17.5,12.2,4,5,3,3,3,3,1,135,4.70,PHI,1,9,13,19,FBG_NEGATIVE_WEEK|PROJECTION_SOURCE_RANGE_50
fbg:GoffJa00,Jared Goff,QB,DET,15,Thunder Bowl Consensus,339.2,339.3,0.1,328.6,324.1,348.5,340.8,340.8,19.9,314.4,-5.8,-5.8,0.0,-12.9,-4.5,1,3,1,1,1,1,1,111,9.04,DET,0,15,17,16,
fbg:cinxxx99,Cincinnati Bengals,DST,CIN,17,Thunder Bowl Consensus,145.3,144.9,-0.4,127.5,88.0,163.6,,145.6,36.1,,-10.2,-10.2,0.0,-5.0,,1,1,1,1,1,1,1,194,,CIN,0,17,28,,
fbg:PittMi01,Michael Pittman Jr,WR,PIT,26,Thunder Bowl Consensus,189.4,190.3,0.9,198.6,122.9,179.3,190.2,190.2,19.3,175.9,-22.1,-22.1,0.0,-37.8,-19.4,1,4,2,2,2,2,1,92,10.11,PIT,1,34,33,33,FBG_NEGATIVE_WEEK
fbg:LittCa00,Cam Little,K,JAX,16,Thunder Bowl Consensus,131.4,131.4,0.0,131.7,150.5,131.0,,131.3,0.7,113.1,0.0,0.0,0.0,-6.0,,1,1,1,1,1,1,1,104,2.46,JAX,1,11,7,2,FBG_NEGATIVE_WEEK
fbg:PineEd44,Eddy Piñeiro,K,SF,17,Thunder Bowl Consensus,130.2,129.6,-0.6,130.3,148.9,130.0,,130.2,0.3,112.3,-1.8,-1.8,0.0,-7.0,,1,1,1,1,1,1,1,107,0.93,SF,0,14,9,18,
fbg:EvanMi00,Mike Evans,WR,SF,27,Thunder Bowl Consensus,207.4,207.5,0.1,195.9,133.8,222.6,204.0,204.0,26.7,191.1,-4.9,-4.9,0.0,5.5,-5.6,1,5,3,3,3,3,3,70,14.93,SF,0,27,25,16,
fbg:MurrKy00,Kyler Murray,QB,MIN,16,Thunder Bowl Consensus,318.6,319.2,0.6,312.3,332.0,330.3,313.3,313.3,18.0,240.8,-25.9,-25.9,0.0,-31.1,-32.0,1,1,1,1,1,1,1,89,11.29,MIN,1,18,15,12,FBG_NEGATIVE_WEEK|CANDIDATE_MODEL_OUTLIER
fbg:chixxx99,Chicago Bears,DST,CHI,18,Thunder Bowl Consensus,152.9,152.9,0.0,145.4,108.5,160.6,,153.0,15.2,,-2.2,-2.2,0.0,-8.0,,1,1,1,1,1,1,1,150,,CHI,1,15,20,,FBG_NEGATIVE_WEEK
fbg:nwexxx99,New England Patriots,DST,NE,19,Thunder Bowl Consensus,147.8,148.0,0.2,137.0,122.4,158.8,,147.9,21.8,,-7.1,-7.1,0.0,-9.8,,1,1,1,1,1,1,1,110,,NE,1,16,6,,FBG_NEGATIVE_WEEK
fbg:DartJa00,Jaxson Dart,QB,NYG,17,Thunder Bowl Consensus,342.9,344.0,1.1,318.3,333.7,365.5,345.3,345.3,47.2,291.6,-1.1,-1.1,0.0,4.1,0.0,1,4,1,1,1,1,1,86,10.67,NYG,1,14,13,15,FBG_NEGATIVE_WEEK
fbg:MoodJa44,Jake Moody,K,WAS,18,Thunder Bowl Consensus,108.4,108.6,0.2,90.2,102.4,127.0,,108.6,36.8,109.8,-22.8,-22.8,0.0,-10.0,,1,1,1,1,1,1,1,213,,WAS,1,24,26,,FBG_NEGATIVE_WEEK
fbg:SmytCh00,Charlie Smyth,K,NO,19,Thunder Bowl Consensus,119.6,119.4,-0.2,112.3,129.7,127.0,,119.7,14.7,109.8,-12.0,-12.0,0.0,-10.0,,1,1,1,1,1,1,1,155,,NO,0,18,20,,
fbg:FergJa01,Jake Ferguson,TE,DAL,14,Thunder Bowl Consensus,162.7,162.1,-0.6,141.4,82.5,179.6,167.4,167.4,38.2,151.0,-11.1,-11.1,0.0,-15.0,0.0,1,1,1,1,1,1,1,161,4.40,DAL,0,14,16,20,
fbg:AdamDa01,Davante Adams,WR,LAR,28,Thunder Bowl Consensus,211.7,212.4,0.7,200.4,136.1,213.0,221.9,213.0,21.5,194.1,0.0,0.0,0.0,-4.1,12.3,1,7,5,4,4,5,3,68,15.25,LAR,0,25,24,14,
fbg:HendTr00,TreVeyon Henderson,RB,NE,25,Thunder Bowl Consensus,196.9,197.0,0.1,189.2,156.8,199.9,201.6,199.9,12.4,201.1,0.1,0.1,0.0,2.2,0.0,1,9,7,7,7,7,7,46,7.67,NE,0,24,24,35,
fbg:BorrAn00,Andy Borregales,K,NE,20,Thunder Bowl Consensus,125.3,125.3,0.0,125.5,143.6,125.0,,125.3,0.5,,-6.1,-6.1,0.0,-12.0,,1,1,1,1,1,1,1,121,,NE,0,17,14,,
fbg:TateCa00,Carnell Tate,WR,TEN,29,Thunder Bowl Consensus,178.9,179.0,0.1,201.8,127.5,153.2,181.0,181.0,48.6,155.3,-33.4,-33.4,0.0,-63.9,-28.6,1,2,1,1,1,1,2,79,38.62,TEN,0,39,31,1,MARKET_RANK_VS_MFL_12
fbg:BassTy44,Tyler Bass,K,BUF,21,Thunder Bowl Consensus,116.6,116.6,0.0,109.3,121.6,124.0,,116.7,14.7,107.3,-14.8,-14.8,0.0,-13.0,,1,1,1,1,1,1,1,178,1.40,BUF,0,21,24,11,
fbg:raixxx99,Las Vegas Raiders,DST,LV,20,Thunder Bowl Consensus,135.2,134.3,-0.9,116.1,81.0,154.8,,135.4,38.7,,-20.8,-20.8,0.0,-13.8,,1,1,1,1,1,1,1,207,,LV,0,28,32,,
fbg:KincDa00,Dalton Kincaid,TE,BUF,15,Thunder Bowl Consensus,160.5,161.0,0.5,143.9,88.3,178.5,159.5,159.5,34.6,134.7,-12.2,-12.2,0.0,-16.1,-7.9,1,1,1,1,1,1,1,146,4.97,BUF,1,15,14,17,FBG_NEGATIVE_WEEK
fbg:OdunRo00,Rome Odunze,WR,CHI,30,Thunder Bowl Consensus,206.4,207.5,1.1,192.3,132.1,217.6,209.6,209.6,25.3,182.1,-4.9,-4.9,0.0,0.5,0.0,1,5,3,3,3,3,2,72,7.50,CHI,0,28,27,41,MARKET_RANK_VS_MFL_12
fbg:SmacTr00,Trey Smack,K,GB,22,Thunder Bowl Consensus,88.6,88.1,-0.5,56.0,64.0,122.0,,89.0,66.0,105.6,-43.3,-43.3,0.0,-15.0,,1,1,1,1,1,1,1,275,,GB,0,30,33,,PROJECTION_SOURCE_RANGE_50
fbg:MetcDK00,DK Metcalf,WR,PIT,31,Thunder Bowl Consensus,195.7,196.7,1.0,200.2,128.7,192.1,194.8,194.8,8.1,186.6,-15.7,-15.7,0.0,-25.0,-14.8,1,5,3,3,3,3,2,78,11.61,PIT,1,30,30,25,FBG_NEGATIVE_WEEK
fbg:SandJa44,Jason Sanders,K,NYJ,23,Thunder Bowl Consensus,98.6,97.9,-0.7,76.8,88.6,121.0,,98.9,44.2,104.7,-33.5,-33.5,0.0,-16.0,,1,1,1,1,1,1,1,229,,NYJ,0,28,28,,
fbg:SlyeJo44,Joey Slye,K,TEN,24,Thunder Bowl Consensus,107.2,107.0,-0.2,93.8,110.1,121.0,,107.4,27.2,104.7,-24.4,-24.4,0.0,-16.0,,1,1,1,1,1,1,1,199,,TEN,0,25,25,,
fbg:MayfBa00,Baker Mayfield,QB,TB,18,Thunder Bowl Consensus,328.8,327.5,-1.3,316.3,322.2,348.9,321.7,321.7,32.6,310.6,-17.6,-17.6,0.0,-12.5,-23.6,1,2,1,1,1,1,1,119,8.25,TB,0,17,18,18,
fbg:PierAl00,Alec Pierce,WR,IND,32,Thunder Bowl Consensus,205.1,204.5,-0.6,191.5,131.8,217.1,207.1,207.1,25.6,201.4,-7.9,-7.9,0.0,0.0,-2.5,1,5,3,3,3,3,2,73,12.72,IND,0,29,28,21,
fbg:ElliJa98,Jake Elliott,K,PHI,25,Thunder Bowl Consensus,119.3,119.0,-0.3,119.6,135.4,119.0,,119.3,0.6,103.1,-12.4,-12.4,0.0,-18.0,,1,1,1,1,1,1,1,141,1.63,PHI,0,19,19,7,MARKET_RANK_VS_MFL_12
fbg:PattRi44,Riley Patterson,K,MIA,26,Thunder Bowl Consensus,74.0,73.7,-0.3,30.0,34.7,119.0,,74.5,89.0,103.1,-57.7,-57.7,0.0,-18.0,,1,1,1,1,1,1,1,346,,MIA,0,32,36,,PROJECTION_SOURCE_RANGE_50
fbg:wasxxx99,Washington Commanders,DST,WAS,21,Thunder Bowl Consensus,138.1,137.9,-0.2,125.9,87.4,150.6,,138.3,24.7,,-17.2,-17.2,0.0,-18.0,,1,1,1,1,1,1,1,195,,WAS,1,24,29,,FBG_NEGATIVE_WEEK
fbg:StraBr00,Brenton Strange,TE,JAX,16,Thunder Bowl Consensus,155.9,156.0,0.1,137.1,84.0,179.9,151.2,151.2,42.8,107.5,-17.2,-17.2,0.0,-14.7,-16.2,1,1,1,1,1,1,1,157,3.81,JAX,1,16,15,23,FBG_NEGATIVE_WEEK|CANDIDATE_MODEL_OUTLIER
fbg:StevRh00,Rhamondre Stevenson,RB,NE,26,Thunder Bowl Consensus,186.0,186.1,0.1,185.0,148.5,187.4,185.5,185.5,2.4,155.0,-10.8,-10.8,0.0,-10.3,-16.1,1,8,5,5,5,5,5,56,9.13,NE,0,27,28,29,BENCH_DEMAND_VALUE
fbg:GonzZa99,Zane Gonzalez,K,MIA,27,Thunder Bowl Consensus,90.6,90.3,-0.3,63.9,73.6,118.0,,91.0,54.1,102.2,-41.1,-41.1,0.0,-19.0,,1,1,1,1,1,1,1,252,,MIA,0,29,31,,PROJECTION_SOURCE_RANGE_50
fbg:tamxxx99,Tampa Bay Buccaneers,DST,TB,22,Thunder Bowl Consensus,144.0,143.7,-0.3,138.9,108.8,149.2,,144.1,10.3,,-11.4,-11.4,0.0,-19.4,,1,1,1,1,1,1,1,149,,TB,1,19,19,,FBG_NEGATIVE_WEEK
fbg:TuteBh00,Bhayshul Tuten,RB,JAX,27,Thunder Bowl Consensus,193.1,193.8,0.7,177.2,155.4,194.4,208.0,194.4,30.8,179.5,-3.1,-3.1,0.0,-3.3,6.4,1,9,6,6,6,6,7,48,9.64,JAX,1,26,25,27,FBG_NEGATIVE_WEEK|BENCH_DEMAND_VALUE
fbg:kanxxx99,Kansas City Chiefs,DST,KC,23,Thunder Bowl Consensus,135.8,135.4,-0.4,125.0,104.7,146.8,,135.9,21.8,,-19.7,-19.7,0.0,-21.8,,1,1,1,1,1,1,1,158,,KC,0,27,22,,
fbg:RylaCh00,Chad Ryland,K,ARI,28,Thunder Bowl Consensus,111.6,111.5,-0.1,108.2,125.2,115.0,,111.6,6.8,99.7,-19.9,-19.9,0.0,-22.0,,1,1,1,1,1,1,1,166,,ARI,0,23,21,,
fbg:JohnJu00,Juwan Johnson,TE,NO,17,Thunder Bowl Consensus,154.9,154.8,-0.1,134.1,80.2,176.7,154.3,154.3,42.6,129.2,-18.4,-18.4,0.0,-17.9,-13.1,1,1,1,1,1,1,1,172,3.03,NO,0,17,18,27,
fbg:gnbxxx99,Green Bay Packers,DST,GB,24,Thunder Bowl Consensus,139.0,139.2,0.2,133.5,114.2,144.6,,139.1,11.1,,-15.9,-15.9,0.0,-24.0,,1,1,1,1,1,1,1,133,,GB,0,23,13,,
fbg:cltxxx99,Indianapolis Colts,DST,IND,25,Thunder Bowl Consensus,140.9,140.4,-0.5,137.6,102.6,144.2,,140.9,6.6,,-14.7,-14.7,0.0,-24.4,,1,1,1,1,1,1,1,162,,IND,0,21,23,,
fbg:HenrHu00,Hunter Henry,TE,NE,18,Thunder Bowl Consensus,149.4,149.1,-0.3,131.1,77.9,163.7,153.7,153.7,32.6,138.7,-24.1,-24.1,0.0,-30.9,-13.7,1,1,1,1,1,1,1,180,3.14,NE,0,18,19,26,
fbg:BoswCh44,Chris Boswell,K,PIT,29,Thunder Bowl Consensus,118.3,118.6,0.3,125.5,142.9,111.0,,118.3,14.5,96.3,-12.8,-12.8,0.0,-26.0,,1,1,1,1,1,1,1,124,1.61,PIT,0,20,16,8,MARKET_RANK_VS_MFL_12
fbg:PricJa00,Jadarian Price,RB,SEA,28,Thunder Bowl Consensus,183.0,183.8,0.8,174.6,153.1,187.0,187.4,187.0,12.8,172.3,-13.1,-13.1,0.0,-10.7,-14.2,1,7,5,5,5,5,6,52,36.55,SEA,1,29,27,2,FBG_NEGATIVE_WEEK|MARKET_RANK_VS_MFL_12
fbg:ThomBr01,Brian Thomas Jr.,WR,JAX,33,Thunder Bowl Consensus,184.8,186.5,1.7,183.2,,196.1,175.1,183.2,21.0,165.5,-25.9,-25.9,0.0,-21.0,-34.5,1,3,2,2,2,2,1,88,5.78,,,35,32,49,MARKET_RANK_VS_MFL_12
fbg:LoveJo01,Jordan Love,QB,GB,19,Thunder Bowl Consensus,310.4,309.2,-1.2,306.8,306.2,313.9,310.5,310.5,7.1,211.1,-35.9,-35.9,0.0,-47.5,-34.8,1,1,1,1,1,1,1,174,6.21,GB,0,21,21,24,CANDIDATE_MODEL_OUTLIER
fbg:carxxx99,Carolina Panthers,DST,CAR,26,Thunder Bowl Consensus,132.5,132.6,0.1,122.8,96.8,142.4,,132.6,19.6,,-22.5,-22.5,0.0,-26.2,,1,1,1,1,1,1,1,181,,CAR,1,29,25,,FBG_NEGATIVE_WEEK
fbg:HockTJ00,T.J. Hockenson,TE,MIN,19,Thunder Bowl Consensus,133.5,133.6,0.1,129.8,74.8,130.0,140.7,130.0,10.9,115.1,-39.6,-39.6,0.0,-64.6,-26.7,1,1,1,1,1,1,1,187,4.18,MIN,1,21,20,21,FBG_NEGATIVE_WEEK
fbg:PollTo01,Tony Pollard,RB,TEN,29,Thunder Bowl Consensus,185.2,185.0,-0.2,175.5,145.1,189.0,191.4,189.0,15.9,182.2,-11.9,-11.9,0.0,-8.7,-10.2,1,7,5,5,5,5,5,59,12.44,TEN,0,28,29,20,
fbg:SadiKe00,Kenyon Sadiq,TE,NYJ,20,Thunder Bowl Consensus,128.3,127.3,-1.0,121.2,80.5,133.7,130.1,130.1,12.5,124.1,-45.9,-45.9,0.0,-60.9,-37.3,1,1,1,1,1,1,1,168,17.17,NYJ,0,23,17,2,MARKET_RANK_VS_MFL_12
fbg:SchuDa00,Dalton Schultz,TE,HOU,21,Thunder Bowl Consensus,146.5,145.8,-0.7,128.1,73.2,163.0,148.8,148.8,34.9,127.1,-27.4,-27.4,0.0,-31.6,-18.6,1,1,1,1,1,1,1,191,1.85,HOU,0,19,23,38,MARKET_RANK_VS_MFL_12
fbg:dalxxx99,Dallas Cowboys,DST,DAL,27,Thunder Bowl Consensus,137.5,137.6,0.1,134.0,97.3,141.0,,137.5,7.0,,-17.5,-17.5,0.0,-27.6,,1,1,1,1,1,1,1,179,,DAL,0,25,24,,
fbg:nygxxx99,New York Giants,DST,NYG,28,Thunder Bowl Consensus,140.0,140.2,0.2,139.1,111.3,141.0,,140.1,1.9,,-14.9,-14.9,0.0,-27.6,,1,1,1,1,1,1,1,142,,NYG,1,22,16,,FBG_NEGATIVE_WEEK
fbg:SuttCo00,Courtland Sutton,WR,DEN,34,Thunder Bowl Consensus,195.6,192.6,-3.0,180.5,,202.1,204.3,202.1,23.8,181.8,-19.8,-19.8,0.0,-15.0,-5.3,1,4,3,3,3,3,1,106,7.73,,,31,35,40,
fbg:WatsCh00,Christian Watson,WR,GB,35,Thunder Bowl Consensus,189.9,189.8,-0.1,183.8,122.7,195.2,190.7,190.7,11.4,129.7,-22.6,-22.6,0.0,-21.9,-18.9,1,4,2,2,2,2,1,94,10.57,GB,0,33,34,32,CANDIDATE_MODEL_OUTLIER
fbg:OkonCh00,Chig Okonkwo,TE,WAS,22,Thunder Bowl Consensus,125.2,125.0,-0.2,120.1,72.8,129.2,126.4,126.4,9.1,,-48.2,-48.2,0.0,-65.4,-41.0,1,1,1,1,1,1,1,192,,WAS,0,26,24,,
fbg:DowdDa00,Rico Dowdle,RB,PIT,30,Thunder Bowl Consensus,182.1,182.6,0.5,174.2,140.3,186.4,185.8,185.8,12.2,131.6,-14.3,-14.3,0.0,-11.3,-15.8,1,7,4,4,4,4,1,93,8.12,PIT,1,30,30,34,FBG_NEGATIVE_WEEK|CANDIDATE_MODEL_OUTLIER
fbg:WashPa01,Parker Washington,WR,JAX,36,Thunder Bowl Consensus,184.5,185.2,0.7,181.0,115.3,193.8,178.9,181.0,14.9,140.4,-27.2,-27.2,0.0,-23.3,-30.7,1,3,2,2,2,2,1,112,10.94,JAX,1,36,36,28,FBG_NEGATIVE_WEEK|CANDIDATE_MODEL_OUTLIER
fbg:StroCJ00,C.J. Stroud,QB,HOU,20,Thunder Bowl Consensus,307.3,304.3,-3.0,301.8,,324.2,296.1,301.8,28.1,282.6,-40.8,-40.8,0.0,-37.2,-49.2,1,1,1,1,1,1,1,164,7.39,,,22,19,22,
fbg:HarrMa05,Marvin Harrison Jr.,WR,ARI,37,Thunder Bowl Consensus,192.8,192.6,-0.2,176.9,115.1,204.5,197.2,197.2,27.6,172.2,-19.8,-19.8,0.0,-12.6,-12.4,1,4,3,3,3,3,1,113,6.63,ARI,0,32,37,46,MARKET_RANK_VS_MFL_12
fbg:ShouTy00,Tyler Shough,QB,NO,21,Thunder Bowl Consensus,314.6,314.6,0.0,300.8,307.3,324.1,319.2,319.2,23.3,209.8,-30.5,-30.5,0.0,-37.3,-26.1,1,1,1,1,1,1,1,165,5.70,NO,0,19,20,25,CANDIDATE_MODEL_OUTLIER
fbg:jaxxxx99,Jacksonville Jaguars,DST,JAX,29,Thunder Bowl Consensus,137.3,137.5,0.2,138.4,112.4,136.2,,137.3,2.2,,-17.6,-17.6,0.0,-32.4,,1,1,1,1,1,1,1,136,,JAX,1,26,15,,FBG_NEGATIVE_WEEK
fbg:FitzRy01,Ryan Fitzgerald,K,CAR,30,Thunder Bowl Consensus,106.5,106.4,-0.1,108.9,124.6,104.0,,106.5,4.9,90.5,-25.0,-25.0,0.0,-33.0,,1,1,1,1,1,1,1,167,,CAR,0,26,22,,
fbg:GayxMa44,Matt Gay,K,LV,31,Thunder Bowl Consensus,71.5,71.0,-0.5,40.7,47.5,103.0,,71.8,62.3,89.6,-60.4,-60.4,0.0,-34.0,,1,1,1,1,1,1,1,305,,LV,0,33,34,,PROJECTION_SOURCE_RANGE_50
fbg:crdxxx99,Arizona Cardinals,DST,ARI,30,Thunder Bowl Consensus,124.5,124.1,-0.4,115.5,82.4,133.8,,124.7,18.3,,-31.0,-31.0,0.0,-34.8,,1,1,1,1,1,1,1,206,,ARI,1,30,31,,FBG_NEGATIVE_WEEK
fbg:RobiWa00,Wan'Dale Robinson,WR,TEN,38,Thunder Bowl Consensus,183.5,183.6,0.1,173.1,103.4,188.6,188.9,188.6,15.8,160.0,-28.8,-28.8,0.0,-28.5,-20.7,1,2,2,2,2,2,1,152,6.58,TEN,0,37,45,47,
fbg:BarnAJ00,AJ Barner,TE,SEA,23,Thunder Bowl Consensus,128.5,128.0,-0.5,119.5,73.7,141.6,124.6,124.6,22.1,128.1,-45.2,-45.2,0.0,-53.0,-42.8,1,1,1,1,1,1,1,189,2.37,SEA,1,22,22,30,FBG_NEGATIVE_WEEK
fbg:SzmyAn44,Andre Szmyt,K,CLE,32,Thunder Bowl Consensus,104.4,104.4,0.0,107.7,124.0,101.0,,104.3,6.7,88.0,-27.0,-27.0,0.0,-36.0,,1,1,1,1,1,1,1,173,,CLE,1,27,23,,FBG_NEGATIVE_WEEK
fbg:WilsMi01,Michael Wilson,WR,ARI,39,Thunder Bowl Consensus,177.9,177.7,-0.2,176.0,109.5,180.9,176.8,176.8,4.9,163.7,-34.7,-34.7,0.0,-36.2,-32.8,1,2,1,1,1,1,1,131,9.12,ARI,0,40,40,34,
fbg:WhitRa00,Rachaad White,RB,WAS,31,Thunder Bowl Consensus,154.3,154.5,0.2,145.7,125.3,150.0,167.4,150.0,21.7,159.6,-42.4,-42.4,0.0,-47.7,-34.2,1,4,2,2,2,2,1,138,9.18,WAS,1,36,33,28,FBG_NEGATIVE_WEEK
fbg:nyjxxx99,New York Jets,DST,NYJ,31,Thunder Bowl Consensus,124.0,123.4,-0.6,117.9,95.0,130.2,,124.0,12.3,,-31.7,-31.7,0.0,-38.4,,1,1,1,1,1,1,1,182,,NYJ,0,32,26,,
fbg:GainKe00,Kenny Gainwell,RB,TB,32,Thunder Bowl Consensus,173.1,173.3,0.2,163.3,117.8,188.2,168.0,168.0,24.9,,-23.6,-23.6,0.0,-9.5,-33.6,1,6,3,3,3,3,1,160,,TB,0,32,38,,
fbg:FreiPa00,Pat Freiermuth,TE,PIT,24,Thunder Bowl Consensus,127.3,126.7,-0.6,120.8,71.5,127.0,134.2,127.0,13.4,115.7,-46.5,-46.5,0.0,-67.6,-33.2,1,1,1,1,1,1,1,193,2.11,PIT,1,24,25,34,FBG_NEGATIVE_WEEK
fbg:JoneAa00,Aaron Jones Sr.,RB,MIN,33,Thunder Bowl Consensus,161.6,162.3,0.7,157.1,124.3,159.5,168.2,159.5,11.1,143.7,-34.6,-34.6,0.0,-38.2,-33.4,1,5,3,3,3,3,1,144,6.56,MIN,1,35,35,39,FBG_NEGATIVE_WEEK
fbg:JoneDa05,Daniel Jones,QB,IND,22,Thunder Bowl Consensus,314.0,312.3,-1.7,293.4,302.2,339.0,310.1,310.1,45.6,231.0,-32.8,-32.8,0.0,-22.4,-35.2,1,1,1,1,1,1,1,183,5.68,IND,0,20,22,26,CANDIDATE_MODEL_OUTLIER
fbg:GadsOr01,Oronde Gadsden,TE,LAC,26,Thunder Bowl Consensus,121.9,121.8,-0.1,114.2,74.1,133.0,118.8,118.8,18.8,114.8,-51.4,-51.4,0.0,-61.6,-48.6,1,1,1,1,1,1,1,188,6.13,LAC,0,27,21,14,MARKET_RANK_VS_MFL_12
fbg:HelmGu00,Gunnar Helm,TE,TEN,25,Thunder Bowl Consensus,108.4,107.9,-0.5,114.2,67.8,99.4,111.4,111.4,14.8,104.7,-65.3,-65.3,0.0,-95.2,-56.0,1,1,1,1,1,1,1,200,2.63,TEN,0,31,26,28,
fbg:GodwCh00,Chris Godwin Jr.,WR,TB,40,Thunder Bowl Consensus,181.1,181.0,-0.1,173.1,107.7,195.0,175.4,175.4,21.9,149.3,-31.4,-31.4,0.0,-22.1,-34.2,1,2,1,1,1,1,1,137,10.87,TB,0,38,41,29,
fbg:TysoJo00,Jordyn Tyson,WR,NO,41,Thunder Bowl Consensus,170.7,170.9,0.2,171.5,106.7,168.4,172.3,171.5,3.9,158.2,-41.5,-41.5,0.0,-48.7,-37.3,1,1,1,1,1,1,1,143,31.59,NO,0,44,43,2,MARKET_RANK_VS_MFL_12
fbg:JohnQu01,Quentin Johnston,WR,LAC,42,Thunder Bowl Consensus,175.6,175.8,0.2,168.2,113.5,188.9,169.8,169.8,20.7,160.3,-36.6,-36.6,0.0,-28.2,-39.8,1,1,1,1,1,1,1,123,7.43,LAC,0,41,38,42,
fbg:OttoCa00,Cade Otton,TE,TB,27,Thunder Bowl Consensus,134.8,134.2,-0.6,114.1,67.4,161.7,129.0,129.0,47.6,135.1,-39.0,-39.0,0.0,-32.9,-38.4,1,1,1,1,1,1,1,202,2.13,TB,0,20,27,32,MARKET_RANK_VS_MFL_12
fbg:sfoxxx99,San Francisco 49ers,DST,SF,32,Thunder Bowl Consensus,124.5,124.2,-0.3,123.6,105.8,125.4,,124.5,1.8,,-30.9,-30.9,0.0,-43.2,,1,1,1,1,1,1,1,154,,SF,1,31,21,,FBG_NEGATIVE_WEEK
fbg:GoldMa00,Matthew Golden,WR,GB,43,Thunder Bowl Consensus,158.1,157.9,-0.2,172.0,107.4,146.2,155.7,155.7,25.8,121.9,-54.5,-54.5,0.0,-70.9,-53.9,1,1,1,1,1,1,1,139,4.09,GB,0,51,42,60,
fbg:HarvRj00,RJ Harvey,RB,DEN,34,Thunder Bowl Consensus,172.7,173.2,0.5,138.5,115.4,202.8,177.6,177.6,64.3,191.8,-23.7,-23.7,0.0,5.1,-24.0,1,6,3,3,3,3,1,175,9.12,DEN,0,33,41,30,PROJECTION_SOURCE_RANGE_50
fbg:ReedJa01,Jayden Reed,WR,GB,44,Thunder Bowl Consensus,170.0,169.9,-0.1,160.9,110.0,173.4,175.8,173.4,14.9,131.8,-42.5,-42.5,0.0,-43.7,-33.8,1,1,1,1,1,1,1,130,4.78,GB,0,45,39,55,CANDIDATE_MODEL_OUTLIER
fbg:MonaKy00,Kyle Monangai,RB,CHI,35,Thunder Bowl Consensus,153.8,154.3,0.5,154.0,131.8,151.3,156.1,154.0,4.8,160.7,-42.6,-42.6,0.0,-46.4,-45.5,1,4,2,2,2,2,1,117,8.25,CHI,0,37,32,33,
fbg:DownJo00,Josh Downs,WR,IND,45,Thunder Bowl Consensus,175.0,174.5,-0.5,167.0,97.0,184.1,174.2,174.2,17.1,167.0,-37.9,-37.9,0.0,-33.0,-35.4,1,1,1,1,1,1,1,176,5.33,IND,0,42,50,53,
fbg:DobbJ.00,J.K. Dobbins,RB,DEN,36,Thunder Bowl Consensus,165.5,166.0,0.5,157.4,137.8,168.3,171.0,168.3,13.6,97.1,-30.9,-30.9,0.0,-29.4,-30.6,1,5,3,3,3,3,1,100,8.41,DEN,0,34,31,31,CANDIDATE_MODEL_OUTLIER
fbg:AddiJo00,Jordan Addison,WR,MIN,46,Thunder Bowl Consensus,167.2,167.9,0.7,160.2,105.5,172.3,169.1,169.1,12.1,156.9,-44.5,-44.5,0.0,-44.8,-40.5,1,1,1,1,1,1,1,148,7.33,MIN,1,46,44,43,FBG_NEGATIVE_WEEK
fbg:HubbCh00,Chuba Hubbard,RB,CAR,37,Thunder Bowl Consensus,174.4,175.2,0.8,153.3,124.8,184.0,186.2,184.0,32.9,172.6,-21.7,-21.7,0.0,-13.7,-15.4,1,6,4,4,4,4,1,140,10.22,CAR,1,31,34,26,FBG_NEGATIVE_WEEK
fbg:DulcGr00,Greg Dulcich,TE,MIA,28,Thunder Bowl Consensus,127.0,126.6,-0.4,103.8,64.5,144.3,133.4,133.4,40.5,52.3,-46.6,-46.6,0.0,-50.3,-34.0,1,1,1,1,1,1,1,209,2.45,MIA,0,25,29,29,CANDIDATE_MODEL_OUTLIER
fbg:HiggJa00,Jayden Higgins,WR,HOU,47,Thunder Bowl Consensus,150.2,149.9,-0.3,162.1,101.4,150.5,137.9,150.5,24.2,141.6,-62.5,-62.5,0.0,-66.6,-71.7,1,1,1,1,1,1,1,159,3.80,HOU,0,55,47,61,
fbg:MeyeJa00,Jakobi Meyers,WR,JAX,48,Thunder Bowl Consensus,172.9,173.6,0.7,155.5,98.1,177.6,185.8,177.6,30.3,166.3,-38.8,-38.8,0.0,-39.5,-23.8,1,1,1,1,1,1,1,170,6.71,JAX,1,43,49,45,FBG_NEGATIVE_WEEK
fbg:FergTe00,Terrance Ferguson,TE,LAR,29,Thunder Bowl Consensus,110.3,109.8,-0.5,106.3,66.7,111.7,112.9,111.7,6.6,72.1,-63.4,-63.4,0.0,-82.9,-54.5,1,1,1,1,1,1,1,203,3.42,LAR,0,29,28,25,
fbg:SaulBe00,Ben Sauls,K,NYG,33,Thunder Bowl Consensus,82.1,82.1,0.0,79.3,91.0,85.0,,82.2,5.7,74.5,-49.3,-49.3,0.0,-52.0,,1,1,1,1,1,1,1,222,,NYG,1,31,27,,FBG_NEGATIVE_WEEK
fbg:BrooJo00,Jonathon Brooks,RB,CAR,38,Thunder Bowl Consensus,150.2,150.8,0.6,145.4,119.5,161.0,144.4,145.4,16.6,35.3,-46.1,-46.1,0.0,-36.7,-57.2,1,4,2,2,2,2,1,156,7.44,CAR,1,38,37,37,FBG_NEGATIVE_WEEK|CANDIDATE_MODEL_OUTLIER
fbg:NjokDa00,David Njoku,TE,LAC,30,Thunder Bowl Consensus,95.2,94.9,-0.3,78.7,52.3,117.1,90.3,90.3,38.4,82.6,-78.3,-78.3,0.0,-77.5,-77.1,1,1,1,1,1,1,1,228,2.26,LAC,0,33,32,31,
fbg:ShakKh00,Khalil Shakir,WR,BUF,49,Thunder Bowl Consensus,158.5,159.0,0.5,149.8,92.9,154.3,171.4,154.3,21.6,146.9,-53.4,-53.4,0.0,-62.8,-38.2,1,1,1,1,1,1,1,186,5.46,BUF,1,50,54,51,FBG_NEGATIVE_WEEK
fbg:WillMa05,Malik Willis,QB,MIA,23,Thunder Bowl Consensus,299.4,299.1,-0.3,277.1,289.1,329.2,292.4,292.4,52.1,87.5,-46.0,-46.0,0.0,-32.2,-52.9,1,1,1,1,1,1,1,212,7.95,MIA,0,24,23,20,PROJECTION_SOURCE_RANGE_50|CANDIDATE_MODEL_OUTLIER
fbg:RodgAa00,Aaron Rodgers,QB,PIT,24,Thunder Bowl Consensus,260.6,260.3,-0.3,274.7,271.8,249.8,257.0,257.0,24.9,222.3,-84.8,-84.8,0.0,-111.6,-88.3,1,1,1,1,1,1,1,242,5.18,PIT,1,28,27,29,FBG_NEGATIVE_WEEK
fbg:GesiMi00,Mike Gesicki,TE,CIN,31,Thunder Bowl Consensus,108.6,108.2,-0.4,93.1,59.4,119.7,113.3,113.3,26.6,110.8,-65.0,-65.0,0.0,-74.9,-54.1,1,1,1,1,1,1,1,216,1.11,CIN,0,30,30,41,
fbg:WortXa00,Xavier Worthy,WR,KC,50,Thunder Bowl Consensus,160.1,160.1,0.0,153.3,,159.6,167.5,159.6,14.2,148.2,-52.3,-52.3,0.0,-57.5,-42.1,1,1,1,1,1,1,1,153,4.67,,,49,46,56,
fbg:DarnSa00,Sam Darnold,QB,SEA,25,Thunder Bowl Consensus,303.8,303.3,-0.5,271.8,282.5,332.3,307.9,307.9,60.5,242.0,-41.8,-41.8,0.0,-29.1,-37.4,1,1,1,1,1,1,1,220,7.54,SEA,1,23,24,21,FBG_NEGATIVE_WEEK|PROJECTION_SOURCE_RANGE_50|CANDIDATE_MODEL_OUTLIER
fbg:ConcKC00,KC Concepcion,WR,CLE,51,Thunder Bowl Consensus,149.0,149.6,0.6,144.4,93.2,157.9,144.8,144.8,13.5,129.5,-62.8,-62.8,0.0,-59.2,-64.8,1,1,1,1,1,1,1,184,20.64,CLE,1,57,52,7,FBG_NEGATIVE_WEEK|MARKET_RANK_VS_MFL_12
fbg:DoubRo00,Romeo Doubs,WR,NE,52,Thunder Bowl Consensus,157.6,157.6,0.0,153.1,96.8,159.1,160.8,159.1,7.7,142.6,-54.8,-54.8,0.0,-58.0,-48.8,1,1,1,1,1,1,1,177,5.14,NE,0,52,51,54,
fbg:EngrEv00,Evan Engram,TE,DEN,32,Thunder Bowl Consensus,110.4,110.1,-0.3,92.6,53.5,122.3,116.6,116.6,29.7,103.5,-63.1,-63.1,0.0,-72.3,-50.8,1,1,1,1,1,1,1,224,1.08,DEN,1,28,31,44,FBG_NEGATIVE_WEEK|MARKET_RANK_VS_MFL_12
fbg:LemoMa00,Makai Lemon,WR,PHI,53,Thunder Bowl Consensus,149.4,149.5,0.1,138.3,93.1,147.8,162.3,147.8,24.0,146.1,-62.9,-62.9,0.0,-69.3,-47.3,1,1,1,1,1,1,1,185,27.20,PHI,1,56,53,5,FBG_NEGATIVE_WEEK|MARKET_RANK_VS_MFL_12
fbg:CrosJa00,Jacory Croskey-Merritt,RB,WAS,39,Thunder Bowl Consensus,142.6,142.7,0.1,138.6,115.6,145.2,144.1,144.1,6.6,150.1,-54.2,-54.2,0.0,-52.5,-57.5,1,3,2,2,2,2,1,171,6.91,WAS,1,40,40,38,FBG_NEGATIVE_WEEK
cbs:3124276,Theo Wease Jr.,WR,MIA,54,Thunder Bowl Consensus,145.0,145.2,0.2,,0.0,144.7,145.3,145.0,0.6,35.4,-67.2,-67.2,0.0,-72.4,-64.3,1,1,1,1,1,1,,,,MIA,0,58,,,FBG_LATEST_ZERO|CANDIDATE_MODEL_OUTLIER
fbg:YounBr01,Bryce Young,QB,CAR,26,Thunder Bowl Consensus,278.0,278.6,0.6,265.2,272.9,289.0,280.2,280.2,23.8,260.7,-66.5,-66.5,0.0,-72.4,-65.1,1,1,1,1,1,1,1,239,4.55,CAR,0,25,26,30,
fbg:CoruBl00,Blake Corum,RB,LAR,40,Thunder Bowl Consensus,130.6,130.5,-0.1,133.7,121.2,119.5,138.3,133.7,18.8,130.2,-66.4,-66.4,0.0,-78.2,-63.3,1,2,1,1,1,1,1,151,5.67,LAR,0,42,36,42,
fbg:CokeJa01,Jalen Coker,WR,CAR,55,Thunder Bowl Consensus,152.1,152.7,0.6,145.5,87.2,157.7,153.3,153.3,12.2,102.8,-59.7,-59.7,0.0,-59.4,-56.3,1,1,1,1,1,1,1,196,2.63,CAR,0,53,55,71,CANDIDATE_MODEL_OUTLIER
fbg:MasoJo00,Jordan Mason,RB,MIN,41,Thunder Bowl Consensus,144.7,145.3,0.6,140.8,117.2,155.3,138.3,140.8,17.0,125.0,-51.6,-51.6,0.0,-42.4,-63.3,1,4,2,2,2,2,1,163,7.56,MIN,1,39,39,36,FBG_NEGATIVE_WEEK
fbg:CarlDa44,Daniel Carlson,K,FA,34,Thunder Bowl Consensus,33.0,32.4,-0.6,65.3,75.0,0.0,,32.6,65.3,3.2,-99.0,-99.0,0.0,-137.0,,1,1,1,1,1,1,1,250,,FA,0,34,30,,PROJECTION_SOURCE_RANGE_50
fbg:WardCa00,Cam Ward,QB,TEN,27,Thunder Bowl Consensus,265.8,264.7,-1.1,259.5,279.7,277.0,261.2,261.2,17.5,275.8,-80.4,-80.4,0.0,-84.4,-84.1,1,1,1,1,1,1,1,223,8.06,TEN,0,26,25,19,
fbg:McMaBr44,Brandon McManus,K,FA,35,Thunder Bowl Consensus,32.2,31.6,-0.6,63.7,73.0,0.0,,31.9,63.7,3.2,-99.8,-99.8,0.0,-137.0,,1,1,1,1,1,1,1,254,,FA,0,35,32,,PROJECTION_SOURCE_RANGE_50
fbg:SpeaTy00,Tyjae Spears,RB,TEN,42,Thunder Bowl Consensus,136.0,135.8,-0.2,127.5,88.1,144.3,136.4,136.4,16.8,120.3,-61.1,-61.1,0.0,-53.4,-65.2,1,3,2,2,2,2,1,226,4.34,TEN,0,41,46,48,
fbg:GrayNo00,Noah Gray,TE,KC,33,Thunder Bowl Consensus,55.0,54.2,-0.8,79.0,48.2,34.7,50.9,50.9,44.3,45.0,-119.0,-119.0,0.0,-159.9,-116.5,1,1,1,1,1,1,1,232,,KC,0,46,33,,MARKET_RANK_VS_FBG_12
fbg:JohnTh00,Theo Johnson,TE,NYG,34,Thunder Bowl Consensus,82.3,81.9,-0.4,70.5,47.7,100.4,76.3,76.3,29.9,73.4,-91.3,-91.3,0.0,-94.2,-91.1,1,1,1,1,1,1,1,234,1.05,NYG,1,35,35,45,FBG_NEGATIVE_WEEK
fbg:ParkCo00,Colby Parkinson,TE,LAR,35,Thunder Bowl Consensus,95.1,94.6,-0.5,76.4,47.9,117.5,91.9,91.9,41.1,73.4,-78.6,-78.6,0.0,-77.1,-75.5,1,1,1,1,1,1,1,233,2.00,LAR,0,34,34,36,
fbg:NailJa00,Jalen Nailor,WR,LV,56,Thunder Bowl Consensus,133.4,132.8,-0.6,134.3,85.3,135.8,130.0,134.3,5.8,88.4,-79.6,-79.6,0.0,-81.3,-79.6,1,1,1,1,1,1,1,201,2.43,LV,0,66,58,73,CANDIDATE_MODEL_OUTLIER
fbg:BostDe00,Denzel Boston,WR,CLE,57,Thunder Bowl Consensus,140.5,141.1,0.6,138.2,82.5,157.9,125.5,138.2,32.4,118.0,-71.3,-71.3,0.0,-59.2,-84.1,1,1,1,1,1,1,1,208,10.79,CLE,1,61,60,31,FBG_NEGATIVE_WEEK|MARKET_RANK_VS_MFL_12
fbg:TuckTr00,Tre Tucker,WR,LV,58,Thunder Bowl Consensus,141.0,140.4,-0.6,135.1,82.1,145.4,142.6,142.6,10.3,138.2,-72.0,-72.0,0.0,-71.7,-67.0,1,1,1,1,1,1,1,210,3.03,LV,0,59,61,63,
cbs:2804128,Marquise Brown,WR,PHI,59,Thunder Bowl Consensus,128.4,128.6,0.2,,,128.4,,128.4,,102.2,-83.8,-83.8,0.0,-88.7,,1,1,1,1,1,1,,,0.87,,,68,,83,
fbg:JeudJe00,Jerry Jeudy,WR,CLE,60,Thunder Bowl Consensus,137.3,137.9,0.6,122.7,78.7,144.8,144.6,144.6,22.1,138.3,-74.5,-74.5,0.0,-72.3,-65.0,1,1,1,1,1,1,1,214,4.35,CLE,1,63,63,57,FBG_NEGATIVE_WEEK
fbg:ShahRa00,Rashid Shaheed,WR,SEA,61,Thunder Bowl Consensus,151.9,152.2,0.3,126.2,86.9,172.8,157.3,157.3,46.6,124.9,-60.2,-60.2,0.0,-44.3,-52.3,1,1,1,1,1,1,1,198,4.26,SEA,1,54,57,59,FBG_NEGATIVE_WEEK
fbg:McMiJa00,Jalen McMillan,WR,TB,62,Thunder Bowl Consensus,128.9,128.7,-0.2,119.8,83.8,133.5,133.5,133.5,13.7,69.8,-83.7,-83.7,0.0,-83.6,-76.1,1,1,1,1,1,1,1,205,1.49,TB,0,67,59,78,CANDIDATE_MODEL_OUTLIER
fbg:SandJa00,Ja'Tavion Sanders,TE,CAR,36,Thunder Bowl Consensus,68.2,68.2,0.0,70.1,39.0,66.8,67.7,67.7,3.3,60.4,-105.0,-105.0,0.0,-127.8,-99.7,1,1,1,1,1,1,1,255,,CAR,0,41,36,,
fbg:TracTy00,Tyrone Tracy Jr.,RB,NYG,43,Thunder Bowl Consensus,126.4,126.7,0.3,116.2,92.1,144.0,119.4,119.4,27.8,129.4,-70.2,-70.2,0.0,-53.7,-82.2,1,2,1,1,1,1,1,219,6.43,NYG,1,44,44,40,FBG_NEGATIVE_WEEK
fbg:JennJa00,Jauan Jennings,WR,MIN,63,Thunder Bowl Consensus,134.4,134.9,0.5,117.3,76.9,152.2,134.2,134.2,34.9,125.6,-77.5,-77.5,0.0,-64.9,-75.4,1,1,1,1,1,1,1,217,2.90,MIN,1,65,64,66,FBG_NEGATIVE_WEEK
fbg:PachIs00,Isiah Pacheco,RB,DET,44,Thunder Bowl Consensus,115.3,115.6,0.3,105.8,94.3,124.5,115.9,115.9,18.7,95.9,-81.3,-81.3,0.0,-73.2,-85.7,1,1,1,1,1,1,1,218,3.32,DET,0,47,43,54,
fbg:TaylMa01,Mason Taylor,TE,NYJ,37,Thunder Bowl Consensus,96.9,96.0,-0.9,67.6,37.7,125.9,97.8,97.8,58.3,90.7,-77.2,-77.2,0.0,-68.7,-69.6,1,1,1,1,1,1,1,260,,NYJ,0,32,39,,PROJECTION_SOURCE_RANGE_50
fbg:SampDy00,Dylan Sampson,RB,CLE,45,Thunder Bowl Consensus,109.5,109.9,0.4,101.4,77.9,119.8,107.6,107.6,18.4,108.5,-87.0,-87.0,0.0,-77.9,-94.0,1,1,1,1,1,1,1,248,2.06,CLE,1,48,51,63,FBG_NEGATIVE_WEEK
fbg:KmetCo00,Cole Kmet,TE,CHI,38,Thunder Bowl Consensus,61.9,61.4,-0.5,63.8,37.8,55.8,66.0,63.8,10.2,68.2,-111.8,-111.8,0.0,-138.8,-101.4,1,1,1,1,1,1,1,259,1.18,CHI,0,43,38,39,
fbg:MarkWo00,Woody Marks,RB,HOU,46,Thunder Bowl Consensus,120.8,120.6,-0.2,109.8,88.1,128.1,124.7,124.7,18.3,125.5,-76.3,-76.3,0.0,-69.6,-76.9,1,1,1,1,1,1,1,227,4.97,HOU,0,46,47,46,
fbg:CharZa00,Zach Charbonnet,RB,SEA,47,Thunder Bowl Consensus,121.8,122.2,0.4,117.8,91.3,124.6,123.0,123.0,6.8,125.6,-74.7,-74.7,0.0,-73.1,-78.6,1,1,1,1,1,1,1,221,8.39,SEA,1,45,45,32,FBG_NEGATIVE_WEEK|MARKET_RANK_VS_MFL_12
fbg:BateRa00,Rashod Bateman,WR,BAL,64,Thunder Bowl Consensus,137.1,136.5,-0.6,118.3,80.7,159.9,133.6,133.6,41.6,105.4,-75.9,-75.9,0.0,-57.2,-76.0,1,1,1,1,1,1,1,211,1.48,BAL,0,64,62,79,
fbg:HigbTy01,Tyler Higbee,TE,LAR,39,Thunder Bowl Consensus,81.2,80.7,-0.5,59.7,37.0,113.3,71.2,71.2,53.6,76.9,-92.5,-92.5,0.0,-81.3,-96.2,1,1,1,1,1,1,1,261,0.88,LAR,0,36,40,47,PROJECTION_SOURCE_RANGE_50
fbg:KnoxDa00,Dawson Knox,TE,BUF,40,Thunder Bowl Consensus,77.0,76.8,-0.2,60.6,38.4,92.1,78.8,78.8,31.5,76.3,-96.4,-96.4,0.0,-102.5,-88.6,1,1,1,1,1,1,1,257,0.83,BUF,1,38,37,48,FBG_NEGATIVE_WEEK
fbg:KamaAl00,Alvin Kamara,RB,NO,48,Thunder Bowl Consensus,129.1,129.2,0.1,112.2,81.8,143.9,131.6,131.6,31.7,121.9,-67.7,-67.7,0.0,-53.8,-70.0,1,2,1,1,1,1,1,241,4.09,NO,0,43,50,50,
fbg:BrisJa00,Jacoby Brissett,QB,ARI,28,Thunder Bowl Consensus,265.3,263.9,-1.4,235.1,246.8,300.1,261.3,261.3,65.0,167.0,-81.2,-81.2,0.0,-61.3,-84.0,1,1,1,1,1,1,1,300,5.30,ARI,0,27,29,28,PROJECTION_SOURCE_RANGE_50|CANDIDATE_MODEL_OUTLIER
fbg:RodrCh01,Chris Rodriguez Jr.,RB,JAX,49,Thunder Bowl Consensus,105.3,105.5,0.2,102.9,96.0,118.3,95.0,102.9,23.3,62.8,-91.4,-91.4,0.0,-79.4,-106.6,1,1,1,1,1,1,1,215,4.72,JAX,1,50,42,47,FBG_NEGATIVE_WEEK|CANDIDATE_MODEL_OUTLIER
fbg:AllxEr00,Erick All Jr.,TE,CIN,41,Thunder Bowl Consensus,64.9,64.4,-0.5,59.7,34.6,76.9,58.3,59.7,18.6,35.7,-108.8,-108.8,0.0,-117.7,-109.1,1,1,1,1,1,1,1,268,0.24,CIN,0,42,41,51,
fbg:SmitGe01,Geno Smith,QB,NYJ,29,Thunder Bowl Consensus,254.5,252.1,-2.4,237.1,251.8,262.8,263.8,262.8,26.7,148.4,-93.0,-93.0,0.0,-98.6,-81.5,1,1,1,1,1,1,1,288,5.36,NYJ,0,29,28,27,CANDIDATE_MODEL_OUTLIER
fbg:MayeMi00,Michael Mayer,TE,LV,42,Thunder Bowl Consensus,77.5,76.8,-0.7,56.6,31.0,86.0,90.1,86.0,33.5,69.5,-96.4,-96.4,0.0,-108.6,-77.3,1,1,1,1,1,1,1,277,1.18,LV,0,37,45,40,
fbg:StowEl00,Eli Stowers,TE,PHI,43,Thunder Bowl Consensus,57.0,56.4,-0.6,45.8,33.9,71.6,53.8,53.8,25.8,65.2,-116.8,-116.8,0.0,-123.0,-113.6,1,1,1,1,1,1,1,272,12.37,PHI,1,44,43,5,FBG_NEGATIVE_WEEK|MARKET_RANK_VS_MFL_12
fbg:FantNo00,Noah Fant,TE,NO,44,Thunder Bowl Consensus,70.7,70.2,-0.5,55.7,32.6,90.8,65.9,65.9,35.1,76.7,-103.0,-103.0,0.0,-103.8,-101.5,1,1,1,1,1,1,1,274,,NO,0,39,44,,
fbg:ShraSp00,Spencer Shrader,K,IND,36,Thunder Bowl Consensus,18.1,17.6,-0.5,35.7,41.6,0.0,,17.9,35.7,3.2,-113.8,-113.8,0.0,-137.0,,1,1,1,1,1,1,1,326,,IND,0,36,35,,
fbg:ArroEl00,Elijah Arroyo,TE,SEA,45,Thunder Bowl Consensus,45.7,45.0,-0.7,62.1,34.2,26.4,48.3,48.3,35.7,37.7,-128.2,-128.2,0.0,-168.2,-119.1,1,1,1,1,1,1,1,270,,SEA,1,56,42,,FBG_NEGATIVE_WEEK
fbg:WashMa01,Malik Washington,WR,MIA,65,Thunder Bowl Consensus,109.0,109.3,0.3,110.8,64.7,109.2,106.9,109.2,3.9,106.3,-103.1,-103.1,0.0,-107.9,-102.7,1,1,1,1,1,1,1,237,3.13,MIA,1,74,67,62,FBG_NEGATIVE_WEEK
fbg:CoopOm00,Omar Cooper Jr.,WR,NYJ,66,Thunder Bowl Consensus,120.3,119.5,-0.8,105.8,66.3,134.9,120.6,120.6,29.1,122.8,-92.9,-92.9,0.0,-82.2,-89.0,1,1,1,1,1,1,1,231,14.75,NYJ,0,71,66,17,MARKET_RANK_VS_MFL_12
fbg:RidlCa00,Calvin Ridley,WR,TEN,67,Thunder Bowl Consensus,139.4,139.4,0.0,107.0,,159.6,152.3,152.3,52.6,124.4,-73.0,-73.0,0.0,-57.5,-57.3,1,1,1,1,1,1,1,225,2.54,,,62,65,72,PROJECTION_SOURCE_RANGE_50
fbg:AllgTy00,Tyler Allgeier,RB,ARI,50,Thunder Bowl Consensus,98.0,97.8,-0.2,99.4,84.1,98.7,96.0,98.7,3.4,105.1,-99.1,-99.1,0.0,-99.0,-105.6,1,1,1,1,1,1,1,230,3.77,ARI,0,51,48,53,
cbs:3123413,Bub Means,WR,NO,68,Thunder Bowl Consensus,106.0,106.1,0.1,,0.0,105.7,106.2,106.0,0.5,26.9,-106.3,-106.3,0.0,-111.4,-103.4,1,1,1,1,1,1,,,,NO,0,75,,,FBG_LATEST_ZERO|CANDIDATE_MODEL_OUTLIER
fbg:SamuDe00,Deebo Samuel Sr.,WR,SF,69,Thunder Bowl Consensus,164.5,164.5,0.0,143.6,98.1,176.0,174.4,174.4,32.4,147.3,-47.9,-47.9,0.0,-41.1,-35.2,1,1,1,1,1,1,1,169,2.66,SF,0,47,48,70,
fbg:ZvadDo00,Dominic Zvada,K,NYG,37,Thunder Bowl Consensus,17.8,17.4,-0.4,5.8,6.9,30.0,,17.9,24.2,28.4,-114.0,-114.0,0.0,-107.0,,1,1,1,1,1,1,,,,NYG,1,37,,,FBG_NEGATIVE_WEEK
fbg:FlouRy00,Ryan Flournoy,WR,DAL,70,Thunder Bowl Consensus,94.6,94.5,-0.1,112.2,64.7,81.6,89.6,89.6,30.6,,-117.9,-117.9,0.0,-135.5,-120.0,1,1,1,1,1,1,1,238,,DAL,1,84,68,,FBG_NEGATIVE_WEEK
fbg:HillJu00,Justice Hill,RB,BAL,51,Thunder Bowl Consensus,106.9,106.4,-0.5,88.9,61.3,116.1,116.0,116.0,27.2,101.8,-90.5,-90.5,0.0,-81.6,-85.6,1,1,1,1,1,1,1,287,2.02,BAL,0,49,55,65,
fbg:DellNa00,Tank Dell,WR,HOU,71,Thunder Bowl Consensus,140.7,140.4,-0.3,104.4,64.3,177.4,141.1,141.1,73.0,115.1,-72.0,-72.0,0.0,-39.7,-68.5,1,1,1,1,1,1,1,240,2.80,HOU,0,60,69,69,PROJECTION_SOURCE_RANGE_50
fbg:RobiBr01,Brian Robinson Jr,RB,ATL,52,Thunder Bowl Consensus,91.6,91.8,0.2,90.8,82.6,91.4,92.7,91.4,1.9,86.9,-105.1,-105.1,0.0,-106.3,-108.9,1,1,1,1,1,1,1,235,2.42,ATL,1,52,49,60,FBG_NEGATIVE_WEEK
cbs:2867599,Connor Heyward,TE,LV,46,Thunder Bowl Consensus,41.3,40.5,-0.8,,0.0,46.3,36.3,41.3,10.0,42.2,-132.7,-132.7,0.0,-148.3,-131.1,1,1,1,1,1,1,,,,LV,0,59,,,
fbg:WashDa02,Darnell Washington,TE,PIT,47,Thunder Bowl Consensus,70.3,69.6,-0.7,54.4,28.1,82.4,74.3,74.3,28.0,57.6,-103.6,-103.6,0.0,-112.2,-93.1,1,1,1,1,1,1,1,281,2.12,PIT,1,40,46,33,FBG_NEGATIVE_WEEK
fbg:DiggSt00,Stefon Diggs,WR,FA,72,Thunder Bowl Consensus,163.7,164.3,0.6,160.0,87.1,167.5,,163.8,7.5,,-48.1,-48.1,0.0,-49.6,,1,1,1,1,1,1,1,197,,WAS,0,48,56,,TEAM_CONFLICT_FBG
fbg:StriDe00,De'Zhaun Stribling,WR,SF,73,Thunder Bowl Consensus,124.4,124.3,-0.1,98.7,63.0,146.1,129.0,129.0,47.4,130.9,-88.1,-88.1,0.0,-71.0,-80.6,1,1,1,1,1,1,1,243,7.31,SF,0,69,70,44,
fbg:HarrTr03,Tre' Harris,WR,LAC,74,Thunder Bowl Consensus,88.3,88.3,0.0,116.0,62.8,58.9,89.5,89.5,57.1,,-124.1,-124.1,0.0,-158.2,-120.1,1,1,1,1,1,1,1,245,,LAC,0,92,72,,PROJECTION_SOURCE_RANGE_50
fbg:BoutKa00,Kayshon Boutte,WR,NE,75,Thunder Bowl Consensus,114.7,114.6,-0.1,106.3,62.9,132.5,105.6,106.3,26.9,78.9,-97.8,-97.8,0.0,-84.6,-104.0,1,1,1,1,1,1,1,244,2.28,NE,0,72,71,74,
fbg:BernGe00,Germie Bernard,WR,PIT,76,Thunder Bowl Consensus,99.5,99.8,0.3,71.5,61.6,109.7,117.7,109.7,46.2,110.3,-112.6,-112.6,0.0,-107.4,-91.9,1,1,1,1,1,1,1,246,6.05,PIT,1,79,73,48,FBG_NEGATIVE_WEEK
fbg:KuppCo00,Cooper Kupp,WR,SEA,77,Thunder Bowl Consensus,123.5,123.6,0.1,96.9,58.1,149.4,124.9,124.9,52.5,114.6,-88.8,-88.8,0.0,-67.7,-84.7,1,1,1,1,1,1,1,251,2.80,SEA,1,70,76,68,FBG_NEGATIVE_WEEK|PROJECTION_SOURCE_RANGE_50
fbg:KlarMa00,Max Klare,TE,LAR,48,Thunder Bowl Consensus,29.9,29.2,-0.7,40.6,24.8,29.0,20.0,29.0,20.6,33.6,-144.0,-144.0,0.0,-165.6,-147.4,1,1,1,1,1,1,1,291,6.42,LAR,0,74,48,12,MARKET_RANK_VS_MFL_12
fbg:TeSlIs00,Isaac TeSlaa,WR,DET,78,Thunder Bowl Consensus,92.1,92.3,0.2,95.3,60.5,96.1,85.0,95.3,11.1,82.4,-120.1,-120.1,0.0,-121.0,-124.6,1,1,1,1,1,1,1,247,1.16,DET,1,88,74,81,FBG_NEGATIVE_WEEK
fbg:AlleBr01,Braelon Allen,RB,NYJ,53,Thunder Bowl Consensus,88.8,88.3,-0.5,86.1,70.9,94.3,86.2,86.2,8.2,62.1,-108.6,-108.6,0.0,-103.4,-115.4,1,1,1,1,1,1,1,266,2.54,NYJ,0,53,53,59,
fbg:EvanMi01,Mitchell Evans,TE,CAR,50,Thunder Bowl Consensus,39.2,38.9,-0.3,40.2,24.7,39.7,37.7,39.7,2.5,41.2,-134.3,-134.3,0.0,-154.9,-129.7,1,1,1,1,1,1,1,292,,CAR,0,62,49,,
fbg:TongJa00,Jake Tonges,TE,SF,49,Thunder Bowl Consensus,38.8,38.0,-0.8,40.3,25.0,28.2,47.9,40.3,19.7,12.6,-135.2,-135.2,0.0,-166.4,-119.5,1,1,1,1,1,1,1,289,1.91,SF,0,63,47,37,
fbg:MoonDa00,Darnell Mooney,WR,NYG,79,Thunder Bowl Consensus,85.5,85.9,0.4,33.9,54.2,118.5,105.1,105.1,84.6,106.2,-126.5,-126.5,0.0,-98.6,-104.5,1,1,1,1,1,1,1,263,1.49,NYG,1,96,80,77,FBG_NEGATIVE_WEEK|PROJECTION_SOURCE_RANGE_50
cbs:2867325,Josh Palmer,WR,BUF,80,Thunder Bowl Consensus,94.6,94.9,0.3,,,94.6,,94.6,,82.2,-117.5,-117.5,0.0,-122.5,,1,1,1,1,1,1,,,,,,83,,,
fbg:TrauAd00,Adam Trautman,TE,DEN,51,Thunder Bowl Consensus,51.5,50.9,-0.6,40.8,22.1,66.2,47.8,47.8,25.4,49.6,-122.3,-122.3,0.0,-128.4,-119.6,1,1,1,1,1,1,1,295,,DEN,1,52,51,,FBG_NEGATIVE_WEEK
fbg:OlivJo00,Josh Oliver,TE,MIN,52,Thunder Bowl Consensus,53.1,52.6,-0.5,37.8,24.2,69.8,52.2,52.2,32.0,43.5,-120.6,-120.6,0.0,-124.8,-115.2,1,1,1,1,1,1,1,294,,MIN,1,49,50,,FBG_NEGATIVE_WEEK
fbg:WickDo00,Dontayvion Wicks,WR,PHI,81,Thunder Bowl Consensus,92.5,92.5,0.0,100.6,59.5,95.8,81.0,95.8,19.6,86.2,-119.9,-119.9,0.0,-121.3,-128.6,1,1,1,1,1,1,1,249,1.27,PHI,1,86,75,80,FBG_NEGATIVE_WEEK
fbg:BellDa03,Daniel Bellinger,TE,TEN,53,Thunder Bowl Consensus,54.1,53.5,-0.6,34.8,20.5,76.3,51.7,51.7,41.5,53.4,-119.7,-119.7,0.0,-118.3,-115.7,1,1,1,1,1,1,1,301,,TEN,0,48,53,,
fbg:MitcAd00,Adonai Mitchell,WR,NYJ,82,Thunder Bowl Consensus,97.8,97.1,-0.7,92.2,57.4,76.7,124.3,92.2,47.6,,-115.3,-115.3,0.0,-140.4,-85.3,1,1,1,1,1,1,1,253,,NYJ,0,81,77,,
fbg:BigsTa00,Tank Bigsby,RB,PHI,54,Thunder Bowl Consensus,85.0,85.0,0.0,87.0,73.1,100.5,67.6,87.0,32.9,68.7,-111.9,-111.9,0.0,-97.2,-134.0,1,1,1,1,1,1,1,258,2.73,PHI,0,57,52,57,
fbg:SampDr00,Drew Sample,TE,CIN,54,Thunder Bowl Consensus,31.8,31.1,-0.7,33.0,19.8,28.5,33.8,33.0,5.3,25.3,-142.1,-142.1,0.0,-166.1,-133.6,1,1,1,1,1,1,1,303,,CIN,0,68,54,,
fbg:TremTo00,Tommy Tremble,TE,CAR,55,Thunder Bowl Consensus,54.3,54.1,-0.2,33.0,17.8,66.5,63.8,63.8,33.5,61.2,-119.1,-119.1,0.0,-128.1,-103.6,1,1,1,1,1,1,1,309,0.50,CAR,0,47,56,50,
fbg:DelpOs00,Oscar Delp,TE,NO,56,Thunder Bowl Consensus,22.9,22.2,-0.7,32.4,17.7,27.4,8.8,27.4,23.6,28.2,-151.0,-151.0,0.0,-167.2,-158.6,1,1,1,1,1,1,1,311,3.63,NO,0,99,57,24,MARKET_RANK_VS_MFL_12
fbg:DotsJa00,Jahan Dotson,WR,ATL,83,Thunder Bowl Consensus,73.1,73.2,0.1,88.9,54.2,54.6,75.5,75.5,34.3,,-139.2,-139.2,0.0,-162.5,-134.1,1,1,1,1,1,1,1,262,,ATL,1,105,79,,FBG_NEGATIVE_WEEK
fbg:AiyuBr00,Brandon Aiyuk,WR,SF,84,Thunder Bowl Consensus,17.1,16.8,-0.3,33.8,22.6,0.0,,16.9,33.8,,-195.6,-195.6,0.0,-217.1,,1,1,1,1,1,1,1,367,,SF,0,214,118,,
fbg:DougCa00,Caleb Douglas,WR,MIA,85,Thunder Bowl Consensus,89.9,90.1,0.2,87.8,53.5,94.2,87.9,87.9,6.4,92.0,-122.3,-122.3,0.0,-122.9,-121.7,1,1,1,1,1,1,1,265,2.89,MIA,1,91,82,67,FBG_NEGATIVE_WEEK
fbg:IosiAn00,Andrei Iosivas,WR,CIN,86,Thunder Bowl Consensus,91.8,92.0,0.2,87.3,56.4,99.6,88.7,88.7,12.3,87.4,-120.4,-120.4,0.0,-117.5,-120.9,1,1,1,1,1,1,1,256,0.67,CIN,1,89,78,86,FBG_NEGATIVE_WEEK
cbs:2969073,Kevin Austin Jr.,WR,NO,87,Thunder Bowl Consensus,86.8,86.8,0.0,,0.0,86.8,,86.8,,,-125.6,-125.6,0.0,-130.3,,1,1,1,1,1,1,,,,NO,0,94,,,FBG_LATEST_ZERO
fbg:BrowDy00,Dyami Brown,WR,WAS,88,Thunder Bowl Consensus,56.0,56.0,0.0,44.7,35.1,38.9,84.4,44.7,45.5,,-156.4,-156.4,0.0,-178.2,-125.2,1,1,1,1,1,1,1,312,,WAS,0,127,103,,
fbg:MusgLu00,Luke Musgrave,TE,GB,57,Thunder Bowl Consensus,48.3,47.7,-0.6,31.6,18.1,63.5,50.1,50.1,31.9,40.8,-125.5,-125.5,0.0,-131.1,-117.3,1,1,1,1,1,1,1,306,,GB,0,55,55,,
fbg:HiggEl00,Elijah Higgins,TE,ARI,58,Thunder Bowl Consensus,41.1,40.4,-0.7,31.0,17.1,47.4,45.2,45.2,16.4,48.3,-132.8,-132.8,0.0,-147.2,-122.2,1,1,1,1,1,1,1,313,,ARI,0,60,58,,
cbs:1871322,Nick Vannett,TE,LAR,59,Thunder Bowl Consensus,31.2,30.5,-0.7,,,30.8,31.5,31.1,0.7,22.4,-142.7,-142.7,0.0,-163.8,-135.9,1,1,1,1,1,1,,,,,,71,,,
fbg:BryaPa00,Pat Bryant,WR,DEN,89,Thunder Bowl Consensus,75.1,75.2,0.1,93.5,52.8,58.9,72.4,72.4,34.6,,-137.2,-137.2,0.0,-158.2,-137.2,1,1,1,1,1,1,1,267,,DEN,1,102,83,,FBG_NEGATIVE_WEEK
fbg:SinnBe00,Ben Sinnott,TE,WAS,60,Thunder Bowl Consensus,32.6,32.0,-0.6,30.9,15.0,35.0,31.8,31.8,4.1,21.5,-141.2,-141.2,0.0,-159.6,-135.6,1,1,1,1,1,1,1,324,,WAS,0,67,62,,
fbg:HoopAu00,Austin Hooper,TE,ATL,61,Thunder Bowl Consensus,49.5,49.0,-0.5,29.0,15.5,64.2,55.6,55.6,35.2,62.2,-124.2,-124.2,0.0,-130.4,-111.8,1,1,1,1,1,1,1,321,,ATL,1,53,60,,FBG_NEGATIVE_WEEK
cbs:2962073,Will Mallory,TE,IND,62,Thunder Bowl Consensus,29.3,28.5,-0.8,,0.0,29.0,29.5,29.3,0.5,15.4,-144.7,-144.7,0.0,-165.6,-137.9,1,1,1,1,1,1,,,,IND,0,75,,,
fbg:ThorTy00,Tyquan Thornton,WR,KC,90,Thunder Bowl Consensus,99.2,99.3,0.1,97.8,54.1,107.1,92.8,97.8,14.3,59.3,-113.1,-113.1,0.0,-110.0,-116.8,1,1,1,1,1,1,1,264,1.16,KC,0,80,81,82,
cbs:2818971,Anthony Firkser,TE,WAS,63,Thunder Bowl Consensus,28.4,27.8,-0.6,,,28.4,,28.4,,22.2,-145.4,-145.4,0.0,-166.2,,1,1,1,1,1,1,,,,,,80,,,
cbs:2870478,Travis Vokolek,TE,ARI,64,Thunder Bowl Consensus,28.4,27.7,-0.7,,,28.4,,28.4,,9.6,-145.5,-145.5,0.0,-166.2,,1,1,1,1,1,1,,,,,,83,,,
cbs:29164633,Dallen Bentley,TE,DEN,65,Thunder Bowl Consensus,28.5,27.9,-0.6,,0.0,28.4,28.5,28.4,0.1,37.1,-145.3,-145.3,0.0,-166.2,-138.9,1,1,1,1,1,1,,,,DEN,0,78,,,
cbs:2965963,Teagan Quitoriano,TE,ARI,66,Thunder Bowl Consensus,28.4,27.7,-0.7,,0.0,28.4,,28.4,,9.6,-145.5,-145.5,0.0,-166.2,,1,1,1,1,1,1,,,,ARI,0,82,,,
cbs:3131519,Hayden Rucci,TE,SF,67,Thunder Bowl Consensus,29.1,28.3,-0.8,,,28.4,29.8,29.1,1.4,9.7,-144.9,-144.9,0.0,-166.2,-137.6,1,1,1,1,1,1,,,,,,76,,,
cbs:3165468,Rivaldo Fairweather,TE,ARI,68,Thunder Bowl Consensus,28.6,27.9,-0.7,,,28.4,28.8,28.6,0.4,37.2,-145.3,-145.3,0.0,-166.2,-138.6,1,1,1,1,1,1,,,,,,77,,,
fbg:BechJa00,Jack Bech,WR,LV,91,Thunder Bowl Consensus,66.5,66.0,-0.5,57.8,52.2,59.2,82.5,59.2,24.7,,-146.4,-146.4,0.0,-157.9,-127.1,1,1,1,1,1,1,1,269,,LV,0,113,84,,
fbg:VeleDe00,Devaughn Vele,WR,NO,92,Thunder Bowl Consensus,101.1,101.1,0.0,82.9,49.6,126.8,94.0,94.0,43.9,76.6,-111.3,-111.3,0.0,-90.3,-115.6,1,1,1,1,1,1,1,276,0.82,NO,0,77,87,85,
cbs:29148608,Cam Grandy,TE,CIN,69,Thunder Bowl Consensus,28.4,27.8,-0.6,,,27.8,29.0,28.4,1.2,9.5,-145.4,-145.4,0.0,-166.8,-138.4,1,1,1,1,1,1,,,,,,81,,,
cbs:26695325,Zaire Mitchell-Paden,TE,NO,70,Thunder Bowl Consensus,27.6,26.9,-0.7,,0.0,27.4,27.7,27.5,0.3,9.4,-146.3,-146.3,0.0,-167.2,-139.7,1,1,1,1,1,1,,,,NO,0,84,,,
fbg:StevDr01,Drew Stevens,K,WAS,38,Thunder Bowl Consensus,4.0,3.5,-0.5,8.0,9.2,0.0,,4.0,8.0,3.2,-127.9,-127.9,0.0,-137.0,,1,1,1,1,1,1,,,,WAS,1,38,,,FBG_NEGATIVE_WEEK
fbg:JohnTy00,Ty Johnson,RB,BUF,55,Thunder Bowl Consensus,86.9,87.0,0.1,62.0,53.0,103.3,96.0,96.0,41.3,89.3,-109.9,-109.9,0.0,-94.4,-105.6,1,1,1,1,1,1,1,310,1.02,BUF,1,56,57,73,FBG_NEGATIVE_WEEK
fbg:RariEl00,Eli Raridon,TE,NE,71,Thunder Bowl Consensus,42.9,42.2,-0.7,27.0,16.4,55.8,46.2,46.2,28.8,56.0,-131.0,-131.0,0.0,-138.8,-121.2,1,1,1,1,1,1,1,315,4.97,NE,0,58,59,18,MARKET_RANK_VS_MFL_12
cbs:2961761,Lucas Krull,TE,DEN,72,Thunder Bowl Consensus,13.3,12.6,-0.7,,0.0,26.8,0.0,13.4,26.8,10.1,-160.6,-160.6,0.0,-167.8,-167.4,1,1,1,1,1,1,,,,DEN,0,124,,,
fbg:MitcKe01,Keaton Mitchell,RB,LAC,56,Thunder Bowl Consensus,81.7,81.5,-0.2,96.9,62.2,77.5,70.5,77.5,26.4,40.1,-115.4,-115.4,0.0,-120.2,-131.1,1,1,1,1,1,1,1,286,2.04,LAC,0,58,54,64,
fbg:PeriSa00,Samaje Perine,RB,CIN,57,Thunder Bowl Consensus,87.7,87.9,0.2,75.4,50.8,91.2,96.6,91.2,21.2,76.5,-109.0,-109.0,0.0,-106.5,-105.0,1,1,1,1,1,1,1,320,1.02,CIN,0,55,61,72,
cbs:2260697,Tanner Conner,TE,NYG,73,Thunder Bowl Consensus,26.9,26.3,-0.6,,0.0,26.4,27.3,26.9,0.9,10.8,-146.9,-146.9,0.0,-168.2,-140.1,1,1,1,1,1,1,,,,NYG,0,85,,,
fbg:YorkCa44,Cade York,K,NYJ,39,Thunder Bowl Consensus,3.5,3.0,-0.5,6.9,8.0,0.0,,3.5,6.9,3.2,-128.4,-128.4,0.0,-137.0,,1,1,1,1,1,1,,,,NYJ,0,39,,,
fbg:WrigBr00,Brock Wright,TE,DET,74,Thunder Bowl Consensus,52.5,51.9,-0.6,25.1,15.4,82.2,50.7,50.7,57.1,44.5,-121.3,-121.3,0.0,-112.4,-116.7,1,1,1,1,1,1,1,322,,DET,0,51,61,,PROJECTION_SOURCE_RANGE_50
cbs:2183713,Donald Parham Jr.,TE,PIT,75,Thunder Bowl Consensus,24.8,24.1,-0.7,,,24.8,,24.8,,,-149.1,-149.1,0.0,-169.8,,1,1,1,1,1,1,,,,,,91,,,
cbs:2253359,Ian Thomas,TE,LV,76,Thunder Bowl Consensus,16.7,15.9,-0.8,,0.0,24.8,8.6,16.7,16.2,,-157.3,-157.3,0.0,-169.8,-158.8,1,1,1,1,1,1,,,,LV,0,114,,,
cbs:28875704,Jaren Kanak,TE,TEN,77,Thunder Bowl Consensus,25.2,24.5,-0.7,,0.0,24.8,25.6,25.2,0.8,,-148.7,-148.7,0.0,-169.8,-141.8,1,1,1,1,1,1,,,,TEN,0,89,,,
cbs:2963243,Zack Kuntz,TE,MIA,78,Thunder Bowl Consensus,30.0,29.3,-0.7,,,30.0,,30.0,,,-143.9,-143.9,0.0,-164.6,,1,1,1,1,1,1,,,,,,73,,,
cbs:3169583,Jaheim Bell,TE,PIT,79,Thunder Bowl Consensus,24.8,24.1,-0.7,,0.0,24.8,,24.8,,,-149.1,-149.1,0.0,-169.8,,1,1,1,1,1,1,,,,PIT,0,92,,,
fbg:LegeXa00,Xavier Legette,WR,CAR,93,Thunder Bowl Consensus,90.6,90.8,0.2,79.7,46.4,80.3,111.8,80.3,32.1,,-121.6,-121.6,0.0,-136.8,-97.8,1,1,1,1,1,1,1,279,,CAR,0,90,89,,
fbg:SmytDu00,Durham Smythe,TE,BAL,81,Thunder Bowl Consensus,23.0,22.3,-0.7,24.6,14.0,21.2,23.2,23.2,3.4,,-150.9,-150.9,0.0,-173.4,-144.2,1,1,1,1,1,1,1,327,,BAL,0,98,64,,
fbg:HuntTr00,Travis Hunter,WR,JAX,94,Thunder Bowl Consensus,85.9,86.1,0.2,83.8,51.1,61.9,111.9,83.8,50.0,,-126.3,-126.3,0.0,-155.2,-97.7,1,1,1,1,1,1,1,273,,JAX,1,95,86,,FBG_NEGATIVE_WEEK|PROJECTION_SOURCE_RANGE_50
fbg:KolaCh00,Charlie Kolar,TE,LAC,82,Thunder Bowl Consensus,56.3,55.9,-0.4,32.5,21.1,82.0,55.0,55.0,49.5,37.5,-117.3,-117.3,0.0,-112.6,-112.4,1,1,1,1,1,1,1,298,,LAC,0,45,52,,
fbg:KleiMa00,Marlin Klein,TE,HOU,83,Thunder Bowl Consensus,49.0,48.2,-0.8,24.0,13.6,79.0,44.5,44.5,55.0,64.8,-125.0,-125.0,0.0,-115.6,-122.9,1,1,1,1,1,1,1,329,1.10,HOU,0,54,65,43,PROJECTION_SOURCE_RANGE_50
cbs:2167520,Chris Manhertz,TE,NYG,85,Thunder Bowl Consensus,18.8,18.1,-0.7,,0.0,23.5,14.1,18.8,9.4,,-155.1,-155.1,0.0,-171.1,-153.3,1,1,1,1,1,1,,,,NYG,0,109,,,
cbs:2961855,Cole Turner,TE,MIA,86,Thunder Bowl Consensus,11.8,11.1,-0.7,,,23.8,0.0,11.9,23.8,,-162.1,-162.1,0.0,-170.8,-167.4,1,1,1,1,1,1,,,,,,127,,,
cbs:2975736,John FitzPatrick,TE,GB,87,Thunder Bowl Consensus,23.8,23.1,-0.7,,0.0,23.8,,23.8,,,-150.1,-150.1,0.0,-170.8,,1,1,1,1,1,1,,,,FA,0,95,,,TEAM_CONFLICT_FBG
cbs:3168310,Drake Dabney,TE,GB,88,Thunder Bowl Consensus,24.1,23.4,-0.7,,,23.8,24.4,24.1,0.6,,-149.8,-149.8,0.0,-170.8,-143.0,1,1,1,1,1,1,,,,,,94,,,
fbg:AlieMo00,Mo Alie-Cox,TE,IND,89,Thunder Bowl Consensus,17.1,16.3,-0.8,24.0,14.3,0.0,27.1,24.0,27.1,,-156.9,-156.9,0.0,-194.6,-140.3,1,1,1,1,1,1,1,325,,IND,0,112,63,,
cbs:29184228,Carter Runyon,TE,LV,90,Thunder Bowl Consensus,23.2,22.4,-0.8,,,23.2,,23.2,,,-150.8,-150.8,0.0,-171.4,,1,1,1,1,1,1,,,,,,97,,,
fbg:WestNi00,Nick Westbrook-Ikhine,WR,IND,95,Thunder Bowl Consensus,65.4,65.0,-0.4,77.2,48.2,58.4,60.3,60.3,18.8,,-147.4,-147.4,0.0,-158.7,-149.3,1,1,1,1,1,1,1,278,,IND,0,117,88,,
fbg:MatsKa00,Kansei Matsuzawa,K,LV,40,Thunder Bowl Consensus,1.0,0.5,-0.5,1.9,2.3,0.0,,0.9,1.9,3.2,-130.9,-130.9,0.0,-137.0,,1,1,1,1,1,1,,,,LV,0,40,,,
cbs:2239763,Ko Kieft,TE,TB,91,Thunder Bowl Consensus,15.1,14.3,-0.8,,0.0,21.2,9.1,15.1,12.1,,-158.9,-158.9,0.0,-173.4,-158.3,1,1,1,1,1,1,,,,TB,0,118,,,
cbs:26725942,Andrew Ogletree,TE,IND,92,Thunder Bowl Consensus,15.1,14.3,-0.8,,,21.2,9.0,15.1,12.2,,-158.9,-158.9,0.0,-173.4,-158.4,1,1,1,1,1,1,,,,,,117,,,
fbg:HavrLu44,Lucas Havrisik,K,FA,41,Thunder Bowl Consensus,0.7,0.1,-0.6,1.4,1.8,0.0,,0.7,1.4,3.2,-131.3,-131.3,0.0,-137.0,,1,1,1,1,1,1,,,,FA,0,41,,,
fbg:ColeKE02,Kevin Coleman Jr.,WR,MIA,96,Thunder Bowl Consensus,45.9,45.8,-0.1,59.1,35.6,26.1,52.0,52.0,33.0,,-166.6,-166.6,0.0,-191.0,-157.6,1,1,1,1,1,1,1,308,,MIA,1,135,102,,FBG_NEGATIVE_WEEK
fbg:SchoLu00,Luke Schoonmaker,TE,DAL,93,Thunder Bowl Consensus,25.2,24.4,-0.8,11.9,11.8,33.0,30.8,30.8,21.1,33.0,-148.8,-148.8,0.0,-161.6,-136.6,1,1,1,1,1,1,1,331,,DAL,0,90,66,,
fbg:KartJo00,Joshua Karty,K,FA,42,Thunder Bowl Consensus,0.3,-0.2,-0.5,0.6,0.9,0.0,,0.3,0.6,3.2,-131.6,-131.6,0.0,-137.0,,1,1,1,1,1,1,,,,FA,0,43,,,
fbg:PratMa44,Matt Prater,K,FA,43,Thunder Bowl Consensus,0.3,-0.2,-0.5,0.6,0.9,0.0,,0.3,0.6,3.2,-131.6,-131.6,0.0,-137.0,,1,1,1,1,1,1,,,,FA,0,44,,,
fbg:GanoGr44,Graham Gano,K,FA,44,Thunder Bowl Consensus,0.3,-0.2,-0.5,0.5,0.5,0.0,,0.3,0.5,3.2,-131.6,-131.6,0.0,-137.0,,1,1,1,1,1,1,,,,FA,0,42,,,
fbg:JohnEm00,Emmett Johnson,RB,KC,58,Thunder Bowl Consensus,32.9,32.6,-0.3,41.7,51.1,22.3,34.6,34.6,19.4,39.4,-164.3,-164.3,0.0,-175.4,-167.0,1,1,1,1,1,1,1,318,5.46,KC,0,83,60,44,
fbg:HibnMa00,Matt Hibner,TE,BAL,94,Thunder Bowl Consensus,31.3,30.6,-0.7,15.2,11.3,47.7,,31.5,32.5,,-142.6,-142.6,0.0,-146.9,,1,1,1,1,1,1,1,334,,BAL,0,70,67,,
fbg:ZaccOl00,Olamide Zaccheaus,WR,ATL,97,Thunder Bowl Consensus,77.2,77.3,0.1,55.8,35.6,107.1,69.4,69.4,51.3,72.6,-135.1,-135.1,0.0,-110.0,-140.2,1,1,1,1,1,1,1,307,,ATL,1,101,101,,FBG_NEGATIVE_WEEK|PROJECTION_SOURCE_RANGE_50
fbg:SimsBe00,Ben Sims,TE,MIA,95,Thunder Bowl Consensus,45.1,44.5,-0.6,17.9,9.4,72.9,45.1,45.1,55.0,17.6,-128.7,-128.7,0.0,-121.7,-122.3,1,1,1,1,1,1,1,344,,MIA,0,57,74,,PROJECTION_SOURCE_RANGE_50
fbg:TolbJa00,Jalen Tolbert,WR,MIA,98,Thunder Bowl Consensus,84.5,84.6,0.1,80.8,51.8,83.0,89.8,83.0,9.0,,-127.8,-127.8,0.0,-134.1,-119.8,1,1,1,1,1,1,1,271,,MIA,1,98,85,,FBG_NEGATIVE_WEEK
fbg:BourKe00,Kendrick Bourne,WR,ARI,99,Thunder Bowl Consensus,70.1,69.8,-0.3,73.3,44.7,86.5,50.5,73.3,36.0,,-142.6,-142.6,0.0,-130.6,-159.1,1,1,1,1,1,1,1,284,,ARI,0,111,93,,
fbg:HillTy00,Tyreek Hill,WR,FA,100,Thunder Bowl Consensus,15.7,15.4,-0.3,31.0,20.5,0.0,,15.5,31.0,,-197.0,-197.0,0.0,-217.1,,1,1,1,1,1,1,1,387,,FA,0,221,125,,
fbg:NoelJa00,Jaylin Noel,WR,HOU,101,Thunder Bowl Consensus,73.1,72.8,-0.3,70.5,44.6,74.6,74.1,74.1,4.1,,-139.6,-139.6,0.0,-142.5,-135.5,1,1,1,1,1,1,1,285,,HOU,0,106,94,,
fbg:BoerNa00,Nate Boerkircher,TE,JAX,96,Thunder Bowl Consensus,36.5,35.9,-0.6,18.5,11.2,54.1,37.3,37.3,35.6,52.1,-137.3,-137.3,0.0,-140.5,-130.1,1,1,1,1,1,1,1,335,2.01,JAX,1,64,68,35,FBG_NEGATIVE_WEEK|MARKET_RANK_VS_MFL_12
cbs:3117113,Tom Kennedy,WR,DET,102,Thunder Bowl Consensus,71.4,71.5,0.1,,,71.4,,71.4,,,-140.9,-140.9,0.0,-145.7,,1,1,1,1,1,1,,,,,,108,,,
fbg:SpanBr00,Brevyn Spann-Ford,TE,DAL,97,Thunder Bowl Consensus,20.2,19.4,-0.8,23.8,9.6,27.4,9.4,23.8,18.0,24.9,-153.8,-153.8,0.0,-167.2,-158.0,1,1,1,1,1,1,1,342,,DAL,0,103,73,,
fbg:DurhPa00,Payne Durham,TE,TB,99,Thunder Bowl Consensus,20.0,19.2,-0.8,16.9,10.9,22.8,20.4,20.4,5.9,,-154.0,-154.0,0.0,-171.8,-147.0,1,1,1,1,1,1,1,336,,TB,0,104,69,,
fbg:StovCa00,Cade Stover,TE,HOU,98,Thunder Bowl Consensus,25.7,25.0,-0.7,9.5,10.3,34.7,33.2,33.2,25.2,27.0,-148.2,-148.2,0.0,-159.9,-134.2,1,1,1,1,1,1,1,338,,HOU,0,88,70,,
fbg:StolJa00,Jack Stoll,TE,CLE,100,Thunder Bowl Consensus,15.9,15.2,-0.7,14.2,8.3,25.8,7.8,14.2,18.0,,-158.0,-158.0,0.0,-168.8,-159.6,1,1,1,1,1,1,1,348,,CLE,1,116,77,,FBG_NEGATIVE_WEEK
fbg:BlueJa01,Jaydon Blue,RB,DAL,59,Thunder Bowl Consensus,46.3,46.1,-0.2,72.0,56.5,19.7,46.5,46.5,52.3,,-150.8,-150.8,0.0,-178.0,-155.1,1,1,1,1,1,1,1,297,,DAL,1,74,56,,FBG_NEGATIVE_WEEK|PROJECTION_SOURCE_RANGE_50
fbg:TagoTu00,Tua Tagovailoa,QB,ATL,30,Thunder Bowl Consensus,211.8,211.5,-0.3,185.0,191.5,263.5,187.8,187.8,78.5,181.7,-133.6,-133.6,0.0,-97.9,-157.5,1,1,1,1,1,1,,,4.54,ATL,1,30,,31,FBG_NEGATIVE_WEEK|PROJECTION_SOURCE_RANGE_50
cbs:2787078,Jelani Woods,TE,NYJ,101,Thunder Bowl Consensus,7.9,7.1,-0.8,,0.0,15.9,0.0,8.0,15.9,,-166.1,-166.1,0.0,-178.7,-167.4,1,1,1,1,1,1,,,,NYJ,0,133,,,
cbs:2964419,Blake Whiteheart,TE,CLE,102,Thunder Bowl Consensus,7.9,7.2,-0.7,,0.0,15.9,0.0,8.0,15.9,,-166.0,-166.0,0.0,-178.7,-167.4,1,1,1,1,1,1,,,,CLE,0,132,,,
fbg:ColeKe01,Keon Coleman,WR,BUF,103,Thunder Bowl Consensus,65.3,65.3,0.0,73.3,46.2,63.2,59.4,63.2,13.9,,-147.1,-147.1,0.0,-153.9,-150.2,1,1,1,1,1,1,1,280,,BUF,1,118,90,,FBG_NEGATIVE_WEEK
fbg:JolyJu00,Justin Joly,TE,DEN,103,Thunder Bowl Consensus,21.7,21.0,-0.7,17.6,10.2,28.4,19.3,19.3,10.8,33.2,-152.2,-152.2,0.0,-166.2,-148.1,1,1,1,1,1,1,1,340,4.03,DEN,0,101,71,22,MARKET_RANK_VS_MFL_12
fbg:WhylJo00,Josh Whyle,TE,GB,104,Thunder Bowl Consensus,21.0,20.3,-0.7,15.6,8.8,23.8,23.6,23.6,8.2,,-152.9,-152.9,0.0,-170.8,-143.8,1,1,1,1,1,1,1,345,,GB,0,102,75,,
fbg:AtweTu00,Tutu Atwell,WR,MIA,104,Thunder Bowl Consensus,65.5,65.5,0.0,66.0,42.5,76.8,53.9,66.0,22.9,,-146.9,-146.9,0.0,-140.3,-155.7,1,1,1,1,1,1,1,290,,MIA,1,116,95,,FBG_NEGATIVE_WEEK
fbg:HaweJa00,Jackson Hawes,TE,BUF,105,Thunder Bowl Consensus,26.6,26.0,-0.6,15.4,9.8,34.0,30.5,30.5,18.6,33.5,-147.2,-147.2,0.0,-160.6,-136.9,1,1,1,1,1,1,1,341,,BUF,1,86,72,,FBG_NEGATIVE_WEEK
fbg:MoreFo00,Foster Moreau,TE,HOU,106,Thunder Bowl Consensus,25.9,25.1,-0.8,15.2,8.5,35.0,27.7,27.7,19.8,31.2,-148.1,-148.1,0.0,-159.6,-139.7,1,1,1,1,1,1,1,347,,HOU,0,87,76,,
fbg:WalkDe01,Devontez Walker,WR,BAL,105,Thunder Bowl Consensus,53.6,53.2,-0.4,57.3,45.4,68.4,35.2,57.3,33.2,,-159.2,-159.2,0.0,-148.7,-174.4,1,1,1,1,1,1,1,283,,BAL,0,131,92,,
fbg:LloyMa00,MarShawn Lloyd,RB,GB,60,Thunder Bowl Consensus,45.9,45.6,-0.3,72.1,51.3,21.4,43.5,43.5,50.7,,-151.3,-151.3,0.0,-176.3,-158.1,1,1,1,1,1,1,1,317,,GB,0,75,59,,PROJECTION_SOURCE_RANGE_50
fbg:RuckJe00,Jeremy Ruckert,TE,NYJ,107,Thunder Bowl Consensus,36.0,35.2,-0.8,8.7,7.3,57.7,42.1,42.1,49.0,35.8,-138.0,-138.0,0.0,-136.9,-125.3,1,1,1,1,1,1,1,352,,NYJ,0,65,79,,
fbg:RousSa00,Sam Roush,TE,CHI,108,Thunder Bowl Consensus,19.5,18.8,-0.7,14.7,7.9,26.4,17.5,17.5,11.7,31.8,-154.4,-154.4,0.0,-168.2,-149.9,1,1,1,1,1,1,1,350,1.11,CHI,0,105,78,42,
fbg:KacmWi00,Will Kacmarek,TE,MIA,109,Thunder Bowl Consensus,52.8,52.1,-0.7,13.9,6.9,83.3,61.9,61.9,69.4,74.1,-121.1,-121.1,0.0,-111.3,-105.5,1,1,1,1,1,1,1,355,0.91,MIA,0,50,80,46,PROJECTION_SOURCE_RANGE_50
fbg:FarrLu00,Luke Farrell,TE,SF,110,Thunder Bowl Consensus,12.9,12.1,-0.8,12.6,6.5,15.9,10.1,12.6,5.8,,-161.1,-161.1,0.0,-178.7,-157.3,1,1,1,1,1,1,1,357,,SF,0,125,81,,
fbg:BrooCh01,Chris Brooks,RB,GB,61,Thunder Bowl Consensus,67.8,67.6,-0.2,47.3,35.4,89.8,66.9,66.9,42.5,,-129.3,-129.3,0.0,-107.9,-134.7,1,1,1,1,1,1,,,,GB,0,65,,,
fbg:DaviRa02,Ray Davis,RB,BUF,62,Thunder Bowl Consensus,40.8,40.6,-0.2,66.1,44.8,19.6,36.2,36.2,46.5,,-156.3,-156.3,0.0,-178.1,-165.4,1,1,1,1,1,1,1,343,,BUF,1,76,63,,FBG_NEGATIVE_WEEK
fbg:WashMi00,Mike Washington Jr.,RB,LV,63,Thunder Bowl Consensus,77.8,77.4,-0.4,55.6,51.6,100.8,77.4,77.4,45.2,85.7,-119.5,-119.5,0.0,-96.9,-124.2,1,1,1,1,1,1,1,316,4.16,LV,0,60,58,49,
fbg:SaubEr00,Eric Saubert,TE,SEA,111,Thunder Bowl Consensus,6.2,5.4,-0.8,9.8,6.0,0.0,8.6,8.6,9.8,,-167.8,-167.8,0.0,-194.6,-158.8,1,1,1,1,1,1,1,358,,SEA,0,134,82,,
fbg:ConkTy00,Tyler Conklin,TE,DET,112,Thunder Bowl Consensus,13.4,12.6,-0.8,11.1,5.6,19.9,9.3,11.1,10.6,,-160.6,-160.6,0.0,-174.7,-158.1,1,1,1,1,1,1,1,362,,DET,0,123,84,,
fbg:HolaGe01,George Holani,RB,SEA,64,Thunder Bowl Consensus,38.6,38.5,-0.1,51.8,45.9,22.7,41.0,41.0,29.1,17.6,-158.4,-158.4,0.0,-175.0,-160.6,1,1,1,1,1,1,1,337,1.83,SEA,1,78,62,67,FBG_NEGATIVE_WEEK
fbg:BateJo00,John Bates,TE,WAS,113,Thunder Bowl Consensus,33.3,32.7,-0.6,6.6,3.4,50.4,43.5,43.5,43.8,40.8,-140.5,-140.5,0.0,-144.2,-123.9,1,1,1,1,1,1,1,385,,WAS,0,66,98,,
cbs:2864800,Stone Smartt,TE,PHI,115,Thunder Bowl Consensus,10.5,9.8,-0.7,,,10.5,,10.5,,,-163.4,-163.4,0.0,-184.1,,1,1,1,1,1,1,,,,,,129,,,
fbg:WoerCh00,Charlie Woerner,TE,ATL,114,Thunder Bowl Consensus,31.3,30.7,-0.6,10.5,5.8,53.1,30.8,30.8,42.6,24.0,-142.5,-142.5,0.0,-141.5,-136.6,1,1,1,1,1,1,1,360,,ATL,0,69,83,,
fbg:AdkiNa00,Nate Adkins,TE,DEN,116,Thunder Bowl Consensus,28.5,27.8,-0.7,10.0,5.3,44.4,31.5,31.5,34.4,25.3,-145.4,-145.4,0.0,-150.2,-135.9,1,1,1,1,1,1,1,365,,DEN,0,79,85,,
fbg:SlayDa00,Darius Slayton,WR,NYG,106,Thunder Bowl Consensus,92.6,93.1,0.5,60.2,42.3,117.9,100.5,100.5,57.7,103.3,-119.3,-119.3,0.0,-99.2,-109.1,1,1,1,1,1,1,1,293,0.85,NYG,1,85,96,84,FBG_NEGATIVE_WEEK|PROJECTION_SOURCE_RANGE_50
fbg:FranTr00,Troy Franklin,WR,DEN,107,Thunder Bowl Consensus,101.9,102.2,0.3,60.8,39.6,149.5,96.4,96.4,88.7,122.9,-110.2,-110.2,0.0,-67.6,-113.2,1,1,1,1,1,1,1,296,,DEN,1,76,97,,FBG_NEGATIVE_WEEK|PROJECTION_SOURCE_RANGE_50
cbs:2866424,Tylan Wallace,WR,CLE,108,Thunder Bowl Consensus,61.2,61.3,0.1,,0.0,61.2,,61.2,,,-151.1,-151.1,0.0,-155.9,,1,1,1,1,1,1,,,,CLE,0,120,,,FBG_LATEST_ZERO
fbg:ReimTi00,Tip Reiman,TE,ARI,117,Thunder Bowl Consensus,14.7,13.9,-0.8,9.2,5.1,26.8,8.4,9.2,18.4,10.1,-159.3,-159.3,0.0,-167.8,-159.0,1,1,1,1,1,1,1,366,,ARI,0,119,86,,
fbg:WillAn02,Antonio Williams,WR,WAS,109,Thunder Bowl Consensus,99.6,99.8,0.2,43.8,37.9,130.3,125.7,125.7,86.5,124.7,-112.6,-112.6,0.0,-86.8,-83.9,1,1,1,1,1,1,1,302,8.58,WAS,0,78,99,35,PROJECTION_SOURCE_RANGE_50|MARKET_RANK_VS_MFL_12
fbg:WileJa00,Jared Wiley,TE,KC,118,Thunder Bowl Consensus,17.4,16.6,-0.8,9.2,4.7,25.8,,17.5,16.6,9.0,-156.6,-156.6,0.0,-168.8,,1,1,1,1,1,1,1,370,,KC,0,111,89,,
cbs:26688308,Shane Zylstra,TE,BUF,119,Thunder Bowl Consensus,8.9,8.2,-0.7,,,8.9,,8.9,,,-165.0,-165.0,0.0,-185.7,,1,1,1,1,1,1,,,,,,131,,,
fbg:AlleDa01,Davis Allen,TE,LAR,120,Thunder Bowl Consensus,40.0,39.3,-0.7,8.9,4.8,67.8,44.0,44.0,58.9,37.5,-133.9,-133.9,0.0,-126.8,-123.4,1,1,1,1,1,1,1,369,,LAR,0,61,88,,PROJECTION_SOURCE_RANGE_50
fbg:HudsTa00,Tanner Hudson,TE,CIN,121,Thunder Bowl Consensus,19.3,18.6,-0.7,6.5,4.8,22.2,29.3,22.2,22.8,,-154.6,-154.6,0.0,-172.4,-138.1,1,1,1,1,1,1,1,368,,CIN,0,106,87,,
fbg:GalbJJ00,JJ Galbreath,TE,PIT,122,Thunder Bowl Consensus,1.3,0.5,-0.8,2.6,4.1,0.0,,1.3,2.6,,-172.7,-172.7,0.0,-194.6,,1,1,1,1,1,1,1,375,,FA,0,145,91,,TEAM_CONFLICT_FBG
fbg:BateBr00,Brenden Bates,TE,CLE,123,Thunder Bowl Consensus,12.0,11.3,-0.7,4.7,3.8,19.4,,12.0,14.7,,-161.9,-161.9,0.0,-175.2,,1,1,1,1,1,1,1,380,,CLE,0,126,94,,
fbg:CalcGr00,Grant Calcaterra,TE,PHI,124,Thunder Bowl Consensus,30.0,29.3,-0.7,6.1,4.0,56.1,28.5,28.5,50.0,25.7,-143.9,-143.9,0.0,-138.5,-138.9,1,1,1,1,1,1,1,376,,PHI,0,72,92,,PROJECTION_SOURCE_RANGE_50
fbg:JameJo02,Jordan James,RB,SF,65,Thunder Bowl Consensus,87.9,87.7,-0.2,51.1,40.8,121.4,92.0,92.0,70.3,105.0,-109.2,-109.2,0.0,-76.3,-109.6,1,1,1,1,1,1,1,363,2.74,SF,0,54,66,56,PROJECTION_SOURCE_RANGE_50
fbg:KoziTa00,Tanner Koziol,TE,JAX,125,Thunder Bowl Consensus,14.3,13.6,-0.7,7.3,4.3,26.4,9.4,9.4,19.1,28.1,-159.6,-159.6,0.0,-168.2,-158.0,1,1,1,1,1,1,1,374,0.78,JAX,0,121,90,49,
cbs:3162481,Mitchell Tinsley,WR,CIN,110,Thunder Bowl Consensus,61.5,61.5,0.0,,,61.5,,61.5,,,-150.9,-150.9,0.0,-155.6,,1,1,1,1,1,1,,,,,,119,,,
fbg:YuroBe00,Ben Yurosek,TE,MIN,126,Thunder Bowl Consensus,3.6,2.8,-0.8,7.2,3.8,0.0,,3.6,7.2,,-170.4,-170.4,0.0,-194.6,,1,1,1,1,1,1,1,381,,MIN,0,138,95,,
fbg:AlleLe01,LeQuint Allen Jr.,RB,JAX,66,Thunder Bowl Consensus,47.2,47.1,-0.1,56.4,34.2,39.3,45.7,45.7,17.1,,-149.8,-149.8,0.0,-158.4,-155.9,1,1,1,1,1,1,,,,JAX,1,73,,,FBG_NEGATIVE_WEEK
fbg:CulpDe00,Devin Culp,TE,TB,128,Thunder Bowl Consensus,19.0,18.2,-0.8,6.5,3.5,33.4,17.4,17.4,26.9,8.9,-155.0,-155.0,0.0,-161.2,-150.0,1,1,1,1,1,1,1,383,,TB,0,107,96,,
fbg:MorrQu00,Quintin Morris,TE,JAX,127,Thunder Bowl Consensus,2.3,1.5,-0.8,6.8,3.5,0.0,0.0,0.0,6.8,,-171.7,-171.7,0.0,-194.6,-167.4,1,1,1,1,1,1,1,384,,JAX,0,143,97,,
fbg:BartGa00,Gavin Bartholomew,TE,MIN,129,Thunder Bowl Consensus,3.3,2.5,-0.8,6.5,3.9,0.0,,3.3,6.5,,-170.7,-170.7,0.0,-194.6,,1,1,1,1,1,1,1,378,,MIN,0,140,93,,
fbg:VidaKi00,Kimani Vidal,RB,LAC,67,Thunder Bowl Consensus,68.9,68.7,-0.2,64.2,42.3,81.7,61.0,64.2,20.7,53.9,-128.2,-128.2,0.0,-116.0,-140.6,1,1,1,1,1,1,1,354,2.98,LAC,0,63,64,55,
fbg:MimsMa00,Marvin Mims Jr.,WR,DEN,111,Thunder Bowl Consensus,65.9,66.0,0.1,53.4,36.9,78.0,66.5,66.5,24.6,,-146.4,-146.4,0.0,-139.1,-143.1,1,1,1,1,1,1,1,304,,DEN,1,115,100,,FBG_NEGATIVE_WEEK
cbs:2961827,Colson Yankoff,TE,WAS,130,Thunder Bowl Consensus,5.3,4.5,-0.8,,0.0,5.3,,5.3,,,-168.7,-168.7,0.0,-189.3,,1,1,1,1,1,1,,,,WAS,0,135,,,
fbg:WrigJa04,Jaylen Wright,RB,MIA,68,Thunder Bowl Consensus,48.6,48.5,-0.1,39.4,29.1,56.3,50.4,50.4,16.9,42.9,-148.4,-148.4,0.0,-141.4,-151.2,1,1,1,1,1,1,,,4.06,MIA,0,71,,51,
fbg:FidoTh00,Thomas Fidone II,TE,NYG,131,Thunder Bowl Consensus,18.8,18.1,-0.7,4.4,2.8,26.2,26.1,26.1,21.8,,-155.1,-155.1,0.0,-168.4,-141.3,1,1,1,1,1,1,1,388,,NYG,0,110,99,,
fbg:McKeSe00,Sean McKeon,TE,IND,132,Thunder Bowl Consensus,2.5,1.7,-0.8,5.0,2.7,0.0,,2.5,5.0,,-171.5,-171.5,0.0,-194.6,,1,1,1,1,1,1,1,389,,IND,0,141,100,,
fbg:BlacKa00,Kaelon Black,RB,SF,69,Thunder Bowl Consensus,79.6,79.3,-0.3,52.0,41.1,114.8,72.8,72.8,62.8,94.2,-117.6,-117.6,0.0,-82.9,-128.8,1,1,1,1,1,1,1,359,5.43,SF,0,59,65,45,PROJECTION_SOURCE_RANGE_50
fbg:TurpKa00,KaVontae Turpin,WR,DAL,112,Thunder Bowl Consensus,66.4,66.2,-0.2,63.2,38.5,73.0,63.2,63.2,9.8,,-146.2,-146.2,0.0,-144.1,-146.4,1,1,1,1,1,1,1,299,,DAL,1,114,98,,FBG_NEGATIVE_WEEK
cbs:2964293,Jack Westover,TE,NE,133,Thunder Bowl Consensus,4.4,3.6,-0.8,,0.0,4.4,,4.4,,,-169.6,-169.6,0.0,-190.2,,1,1,1,1,1,1,,,,NE,0,136,,,
fbg:RoyeJo00,Joe Royer,TE,CLE,134,Thunder Bowl Consensus,14.5,13.8,-0.7,4.1,2.3,23.8,15.8,15.8,19.7,,-159.4,-159.4,0.0,-170.8,-151.6,1,1,1,1,1,1,1,391,,CLE,0,120,101,,
cbs:3165078,Jalen Brooks,WR,ARI,113,Thunder Bowl Consensus,31.0,30.7,-0.3,,,62.4,0.0,31.2,62.4,,-181.7,-181.7,0.0,-154.7,-209.6,1,1,1,1,1,1,,,,,,158,,,PROJECTION_SOURCE_RANGE_50
cbs:26727130,Max Bredeson,TE,MIN,136,Thunder Bowl Consensus,4.0,3.2,-0.8,,,4.0,,4.0,,,-170.0,-170.0,0.0,-190.6,,1,1,1,1,1,1,,,,,,137,,,
fbg:GranKy00,Kylen Granson,TE,TEN,135,Thunder Bowl Consensus,13.5,12.7,-0.8,4.1,1.9,23.2,,13.6,19.1,,-160.5,-160.5,0.0,-171.4,,1,1,1,1,1,1,1,396,,TEN,0,122,105,,
fbg:TraoSe00,Seydou Traore,TE,MIA,137,Thunder Bowl Consensus,17.1,16.2,-0.9,3.9,2.3,23.8,23.7,23.7,19.9,,-157.0,-157.0,0.0,-170.8,-143.7,1,1,1,1,1,1,1,392,,MIA,0,113,102,,
fbg:EndrJa00,Jack Endries,TE,CIN,138,Thunder Bowl Consensus,21.9,21.2,-0.7,3.7,2.2,31.0,31.2,31.0,27.5,38.9,-152.0,-152.0,0.0,-163.6,-136.2,1,1,1,1,1,1,1,394,,CIN,0,100,103,,
fbg:BellCh01,Chris Bell,WR,MIA,114,Thunder Bowl Consensus,73.8,73.9,0.1,56.6,34.6,76.4,88.5,76.4,31.9,,-138.5,-138.5,0.0,-140.7,-121.1,1,1,1,1,1,1,1,314,,MIA,1,104,104,,FBG_NEGATIVE_WEEK
cbs:3175781,Riley Nowakowski,TE,PIT,139,Thunder Bowl Consensus,3.4,2.6,-0.8,,0.0,3.4,,3.4,,,-170.6,-170.6,0.0,-191.2,,1,1,1,1,1,1,,,,PIT,0,139,,,
fbg:CuevJo00,Josh Cuevas,TE,BAL,140,Thunder Bowl Consensus,11.5,10.7,-0.8,3.3,2.0,22.8,8.7,8.7,19.5,,-162.5,-162.5,0.0,-171.8,-158.7,1,1,1,1,1,1,1,395,,BAL,0,128,104,,
fbg:MundJo00,Johnny Mundt,TE,PHI,141,Thunder Bowl Consensus,10.2,9.4,-0.8,8.4,1.3,14.2,8.2,8.4,6.0,,-163.8,-163.8,0.0,-180.4,-159.2,1,1,1,1,1,1,1,399,,PHI,0,130,107,,
fbg:ArkiTa00,Tanner Arkin,TE,NE,142,Thunder Bowl Consensus,1.5,0.7,-0.8,3.0,1.8,0.0,,1.5,3.0,,-172.5,-172.5,0.0,-194.6,,1,1,1,1,1,1,1,397,,NE,0,144,106,,
fbg:KirkCh00,Christian Kirk,WR,SF,115,Thunder Bowl Consensus,92.3,92.1,-0.2,40.8,29.1,142.9,94.3,94.3,102.1,98.7,-120.3,-120.3,0.0,-74.2,-115.3,1,1,1,1,1,1,1,333,1.86,SF,0,87,110,75,PROJECTION_SOURCE_RANGE_50
cbs:2221829,Feleipe Franks,TE,CAR,143,Thunder Bowl Consensus,2.4,1.6,-0.8,,,2.4,,2.4,,,-171.6,-171.6,0.0,-192.2,,1,1,1,1,1,1,,,,,,142,,,
fbg:DaviMa02,Malik Davis,RB,DAL,70,Thunder Bowl Consensus,62.7,62.5,-0.2,28.5,28.6,94.6,65.7,65.7,66.1,30.1,-134.4,-134.4,0.0,-103.1,-135.9,1,1,1,1,1,1,,,1.91,DAL,1,67,,66,FBG_NEGATIVE_WEEK|PROJECTION_SOURCE_RANGE_50
fbg:LongHu00,Hunter Long,TE,JAX,144,Thunder Bowl Consensus,16.0,15.3,-0.7,2.1,0.9,30.8,15.4,15.4,28.7,9.7,-157.9,-157.9,0.0,-163.8,-152.0,1,1,1,1,1,1,1,400,,JAX,0,115,108,,
cbs:2741208,Tyrell Shavers,WR,BUF,116,Thunder Bowl Consensus,33.5,33.4,-0.1,,0.0,56.2,11.0,33.6,45.2,,-179.0,-179.0,0.0,-160.9,-198.6,1,1,1,1,1,1,,,,BUF,0,152,,,
fbg:SharBa00,Bauer Sharp,TE,TB,145,Thunder Bowl Consensus,18.8,18.1,-0.7,1.0,0.5,27.4,28.2,27.4,27.2,36.6,-155.1,-155.1,0.0,-167.2,-139.2,1,1,1,1,1,1,,,,TB,0,108,,,
fbg:GiddDJ00,DJ Giddens,RB,IND,71,Thunder Bowl Consensus,33.3,32.9,-0.4,44.2,35.6,19.7,35.8,35.8,24.5,,-164.0,-164.0,0.0,-178.0,-165.8,1,1,1,1,1,1,,,,IND,0,82,,,
fbg:BranZa00,Zachariah Branch,WR,ATL,117,Thunder Bowl Consensus,85.4,85.5,0.1,67.2,45.6,91.0,98.4,91.0,31.2,95.0,-126.9,-126.9,0.0,-126.1,-111.2,1,1,1,1,1,1,1,282,5.53,ATL,1,97,91,50,FBG_NEGATIVE_WEEK
fbg:ColeJo00,Jonah Coleman,RB,DEN,72,Thunder Bowl Consensus,39.3,39.1,-0.2,61.3,38.5,23.3,32.8,32.8,38.0,39.2,-157.8,-157.8,0.0,-174.4,-168.8,1,1,1,1,1,1,1,386,14.95,DEN,0,77,67,18,MARKET_RANK_VS_MFL_12
fbg:DougDe00,DeMario Douglas,WR,NE,118,Thunder Bowl Consensus,57.5,57.3,-0.2,52.9,32.9,58.1,61.6,58.1,8.7,,-155.1,-155.1,0.0,-159.0,-148.0,1,1,1,1,1,1,1,323,,NE,0,124,106,,
fbg:HortTo00,Tory Horton,WR,SEA,119,Thunder Bowl Consensus,87.5,87.5,0.0,46.7,31.0,122.0,94.7,94.7,75.3,54.9,-124.9,-124.9,0.0,-95.1,-114.9,1,1,1,1,1,1,1,330,,SEA,1,93,108,,FBG_NEGATIVE_WEEK|PROJECTION_SOURCE_RANGE_50
fbg:HursTe00,Ted Hurst,WR,TB,120,Thunder Bowl Consensus,78.1,77.9,-0.2,52.6,33.3,99.3,82.9,82.9,46.7,91.8,-134.5,-134.5,0.0,-117.8,-126.7,1,1,1,1,1,1,1,319,4.27,TB,0,100,105,58,
fbg:JeffVa00,Van Jefferson,WR,WAS,121,Thunder Bowl Consensus,15.0,14.8,-0.2,3.2,5.0,27.0,,15.1,23.8,,-197.6,-197.6,0.0,-190.1,,1,1,1,1,1,1,,,,WAS,0,224,,,
fbg:LaneJa01,Ja'Kobi Lane,WR,BAL,122,Thunder Bowl Consensus,95.6,95.1,-0.5,64.7,31.6,126.2,96.5,96.5,61.5,102.7,-117.3,-117.3,0.0,-90.9,-113.1,1,1,1,1,1,1,1,328,2.91,BAL,0,82,107,65,PROJECTION_SOURCE_RANGE_50
fbg:JuszKy00,Kyle Juszczyk,RB,SF,73,Thunder Bowl Consensus,52.4,52.1,-0.3,37.3,21.7,65.2,55.0,55.0,27.9,65.9,-144.8,-144.8,0.0,-132.5,-146.6,1,1,1,1,1,1,,,,SF,0,69,,,
fbg:WilsEm00,Emanuel Wilson,RB,SEA,74,Thunder Bowl Consensus,58.8,58.8,0.0,34.3,33.0,91.5,51.1,51.1,57.2,63.2,-138.1,-138.1,0.0,-106.2,-150.5,1,1,1,1,1,1,,,1.43,SEA,1,68,,70,FBG_NEGATIVE_WEEK|PROJECTION_SOURCE_RANGE_50
fbg:DaviIs00,Isaiah Davis,RB,NYJ,75,Thunder Bowl Consensus,37.8,37.3,-0.5,34.4,25.2,35.5,43.4,35.5,9.0,45.7,-159.6,-159.6,0.0,-162.2,-158.2,1,1,1,1,1,1,,,1.75,NYJ,0,79,,68,
cbs:2867472,Ty Chandler,RB,NO,76,Thunder Bowl Consensus,37.4,37.2,-0.2,,,37.2,37.5,37.4,0.3,26.4,-159.7,-159.7,0.0,-160.5,-164.1,1,1,1,1,1,1,,,,,,80,,,
fbg:PalmJo01,Joshua Palmer,WR,BUF,123,Thunder Bowl Consensus,60.0,60.0,0.0,51.1,29.3,,69.0,60.0,17.9,,-152.4,-152.4,0.0,,-140.6,1,1,1,1,1,1,1,332,,BUF,1,121,109,,FBG_NEGATIVE_WEEK
fbg:BrooTa00,Tahj Brooks,RB,CIN,78,Thunder Bowl Consensus,16.1,15.8,-0.3,19.6,21.1,10.5,18.1,18.1,9.1,,-181.1,-181.1,0.0,-187.2,-183.5,1,1,1,1,1,1,,,,CIN,0,125,,,
fbg:RandAd00,Adam Randall,RB,BAL,77,Thunder Bowl Consensus,68.6,68.1,-0.5,41.0,31.4,99.2,66.2,66.2,58.2,87.7,-128.8,-128.8,0.0,-98.5,-135.4,1,1,1,1,1,1,,,2.56,BAL,0,64,,58,PROJECTION_SOURCE_RANGE_50
cbs:3172189,Frank Gore Jr.,RB,BUF,79,Thunder Bowl Consensus,34.7,34.5,-0.2,,,34.3,35.0,34.6,0.7,44.8,-162.4,-162.4,0.0,-163.4,-166.6,1,1,1,1,1,1,,,,,,81,,,
cbs:26694592,Beaux Collins,WR,NYG,124,Thunder Bowl Consensus,0.0,-0.3,-0.3,,,0.0,,0.0,,,-212.7,-212.7,0.0,-217.1,,1,1,1,1,1,1,,,,,,250,,,
fbg:ClaiDe00,Demond Claiborne,RB,MIN,80,Thunder Bowl Consensus,24.3,24.1,-0.2,26.8,28.0,22.3,23.8,23.8,4.5,34.7,-172.8,-172.8,0.0,-175.4,-177.8,1,1,1,1,1,1,,,3.83,MIN,1,94,,52,FBG_NEGATIVE_WEEK
fbg:SingNi00,Nicholas Singleton,RB,TEN,81,Thunder Bowl Consensus,25.0,24.7,-0.3,33.9,28.9,20.7,20.2,20.7,13.7,,-172.2,-172.2,0.0,-177.0,-181.4,1,1,1,1,1,1,,,,TEN,0,92,,,
fbg:SmitBr00,Brashard Smith,RB,KC,82,Thunder Bowl Consensus,47.9,47.6,-0.3,47.8,23.9,63.7,32.5,47.8,31.2,61.8,-149.3,-149.3,0.0,-134.0,-169.1,1,1,1,1,1,1,,,,KC,0,72,,,
fbg:MumpKo00,Konata Mumpfield,WR,LAR,125,Thunder Bowl Consensus,44.5,44.4,-0.1,42.2,27.9,61.8,29.6,42.2,32.2,,-168.0,-168.0,0.0,-155.3,-180.0,1,1,1,1,1,1,1,339,,LAR,0,138,111,,
fbg:EtieTr01,Trevor Etienne,RB,CAR,83,Thunder Bowl Consensus,20.2,20.0,-0.2,32.7,27.3,12.7,15.1,15.1,20.0,,-176.9,-176.9,0.0,-185.0,-186.5,1,1,1,1,1,1,,,,CAR,0,109,,,
fbg:FordJe00,Jerome Ford,RB,WAS,84,Thunder Bowl Consensus,24.2,23.9,-0.3,17.1,17.9,36.6,19.1,19.1,19.5,35.9,-173.0,-173.0,0.0,-161.1,-182.5,1,1,1,1,1,1,,,,WAS,0,95,,,
cbs:2820090,Austin Ekeler,RB,WAS,85,Thunder Bowl Consensus,31.2,31.0,-0.2,,,31.2,,31.2,,35.2,-165.9,-165.9,0.0,-166.5,,1,1,1,1,1,1,,,,,,84,,,
cbs:2246849,Devin Duvernay,WR,ARI,127,Thunder Bowl Consensus,19.9,19.6,-0.3,,0.0,40.0,0.0,20.0,40.0,,-192.8,-192.8,0.0,-177.1,-209.6,1,1,1,1,1,1,,,,ARI,0,201,,,
fbg:TillCe00,Cedric Tillman,WR,CLE,128,Thunder Bowl Consensus,56.3,56.4,0.1,17.5,24.2,97.8,54.4,54.4,80.3,55.2,-156.0,-156.0,0.0,-119.3,-155.2,1,1,1,1,1,1,1,356,,CLE,1,126,115,,FBG_NEGATIVE_WEEK|PROJECTION_SOURCE_RANGE_50
fbg:SingDe00,Devin Singletary,RB,NYG,86,Thunder Bowl Consensus,22.6,22.3,-0.3,28.3,22.8,19.7,19.8,19.8,8.6,,-174.6,-174.6,0.0,-178.0,-181.8,1,1,1,1,1,1,,,,NYG,1,99,,,FBG_NEGATIVE_WEEK
fbg:MillKe00,Kendre Miller,RB,NO,87,Thunder Bowl Consensus,16.8,16.5,-0.3,23.5,19.3,19.7,7.3,19.7,16.2,,-180.4,-180.4,0.0,-178.0,-194.3,1,1,1,1,1,1,,,,NO,0,123,,,
fbg:BellSk00,Skyler Bell,WR,BUF,129,Thunder Bowl Consensus,35.0,34.8,-0.2,32.2,25.1,30.4,42.5,32.2,12.1,,-177.6,-177.6,0.0,-186.7,-167.1,1,1,1,1,1,1,1,351,,BUF,1,149,113,,FBG_NEGATIVE_WEEK
fbg:McCaLu00,Luke McCaffrey,WR,WAS,130,Thunder Bowl Consensus,69.3,69.4,0.1,61.5,21.5,81.7,65.0,65.0,20.2,,-143.0,-143.0,0.0,-135.4,-144.6,1,1,1,1,1,1,1,379,,WAS,0,112,123,,
fbg:JohnTe01,Tez Johnson,WR,TB,131,Thunder Bowl Consensus,46.9,46.6,-0.3,36.9,25.8,82.9,21.4,36.9,61.5,,-165.8,-165.8,0.0,-134.2,-188.2,1,1,1,1,1,1,1,349,,TB,0,134,112,,PROJECTION_SOURCE_RANGE_50
fbg:GordOl00,Ollie Gordon II,RB,MIA,89,Thunder Bowl Consensus,31.0,30.8,-0.2,43.5,34.2,14.9,34.4,34.4,28.6,,-166.1,-166.1,0.0,-182.8,-167.2,1,1,1,1,1,1,,,,MIA,0,86,,,
fbg:LuepHu01,Hunter Luepke,RB,DAL,88,Thunder Bowl Consensus,25.6,25.3,-0.3,31.0,18.9,20.7,25.0,25.0,10.3,,-171.6,-171.6,0.0,-177.0,-176.6,1,1,1,1,1,1,,,,DAL,1,89,,,FBG_NEGATIVE_WEEK
cbs:2967463,Brycen Tremayne,WR,CAR,133,Thunder Bowl Consensus,22.2,22.1,-0.1,,0.0,36.3,8.2,22.3,28.1,,-190.3,-190.3,0.0,-180.8,-201.4,1,1,1,1,1,1,,,,CAR,0,197,,,
fbg:DemeEm00,Emari Demercado,RB,KC,90,Thunder Bowl Consensus,72.7,72.4,-0.3,36.0,16.1,100.5,82.4,82.4,64.5,71.5,-124.5,-124.5,0.0,-97.2,-119.2,1,1,1,1,1,1,,,0.43,KC,0,61,,74,PROJECTION_SOURCE_RANGE_50
fbg:ShipWi00,Will Shipley,RB,PHI,92,Thunder Bowl Consensus,24.9,24.6,-0.3,26.7,19.7,20.3,27.6,26.7,7.3,,-172.3,-172.3,0.0,-177.4,-174.0,1,1,1,1,1,1,,,,PHI,0,93,,,
cbs:2869402,Zavier Scott,RB,MIN,93,Thunder Bowl Consensus,13.1,12.8,-0.3,,,26.3,0.0,13.2,26.3,18.8,-184.1,-184.1,0.0,-171.4,-201.6,1,1,1,1,1,1,,,,,,131,,,
fbg:WalkJa01,Jahdae Walker,WR,CHI,134,Thunder Bowl Consensus,59.5,59.6,0.1,20.7,17.9,102.5,56.2,56.2,81.8,31.8,-152.8,-152.8,0.0,-114.6,-153.4,1,1,1,1,1,1,,,,CHI,0,123,,,PROJECTION_SOURCE_RANGE_50
cbs:2819876,Elijah Mitchell,RB,PHI,95,Thunder Bowl Consensus,13.1,12.8,-0.3,,,0.0,26.1,13.1,26.1,16.7,-184.1,-184.1,0.0,-197.7,-175.5,1,1,1,1,1,1,,,,,,130,,,
cbs:2964863,Nikko Remigio,WR,KC,136,Thunder Bowl Consensus,17.2,16.9,-0.3,,0.0,34.6,0.0,17.3,34.6,,-195.5,-195.5,0.0,-182.5,-209.6,1,1,1,1,1,1,,,,KC,0,212,,,
fbg:ThorDo00,Dont'e Thornton Jr.,WR,LV,137,Thunder Bowl Consensus,39.0,38.6,-0.4,30.2,23.1,54.9,32.3,32.3,24.7,,-173.8,-173.8,0.0,-162.2,-177.3,1,1,1,1,1,1,1,364,,LV,0,142,117,,
fbg:ConnJa00,James Conner,RB,ARI,96,Thunder Bowl Consensus,69.5,69.3,-0.2,25.9,19.9,122.1,61.6,61.6,96.2,73.8,-127.6,-127.6,0.0,-75.6,-140.0,1,1,1,1,1,1,,,2.09,ARI,0,62,,62,PROJECTION_SOURCE_RANGE_50
fbg:AyomEl00,Elic Ayomanor,WR,TEN,139,Thunder Bowl Consensus,83.1,82.9,-0.2,41.0,23.4,134.1,75.4,75.4,93.1,107.1,-129.5,-129.5,0.0,-83.0,-134.2,1,1,1,1,1,1,1,361,1.60,TEN,0,99,116,76,PROJECTION_SOURCE_RANGE_50
fbg:BrowMa05,Hollywood Brown,WR,PHI,138,Thunder Bowl Consensus,55.8,55.6,-0.2,22.2,22.0,,89.8,56.0,67.6,,-156.8,-156.8,0.0,,-119.8,1,1,1,1,1,1,1,372,,PHI,0,128,120,,PROJECTION_SOURCE_RANGE_50
fbg:BurkTr00,Treylon Burks,WR,WAS,140,Thunder Bowl Consensus,55.7,55.7,0.0,18.6,16.4,67.9,81.1,67.9,62.5,,-156.7,-156.7,0.0,-149.2,-128.5,1,1,1,1,1,1,,,,WAS,0,129,,,PROJECTION_SOURCE_RANGE_50
cbs:26696063,Dominic Lovett,WR,DET,141,Thunder Bowl Consensus,34.0,33.9,-0.1,,0.0,34.0,,34.0,,,-178.5,-178.5,0.0,-183.1,,1,1,1,1,1,1,,,,DET,0,150,,,
cbs:2828751,Colton Dowell,WR,SF,142,Thunder Bowl Consensus,28.7,28.4,-0.3,,,28.7,,28.7,,,-184.0,-184.0,0.0,-188.4,,1,1,1,1,1,1,,,,,,174,,,
cbs:3122273,Trey Palmer,WR,NO,143,Thunder Bowl Consensus,34.0,33.8,-0.2,,,34.0,,34.0,,,-178.6,-178.6,0.0,-183.1,,1,1,1,1,1,1,,,,,,151,,,
fbg:RoyaJa00,Jalen Royals,WR,KC,145,Thunder Bowl Consensus,25.8,25.6,-0.2,29.9,22.0,29.6,18.0,29.6,11.9,,-186.8,-186.8,0.0,-187.5,-191.6,1,1,1,1,1,1,1,373,,KC,0,184,121,,
cbs:2868959,Charlie Jones,WR,CIN,146,Thunder Bowl Consensus,16.4,16.2,-0.2,,0.0,33.0,0.0,16.5,33.0,,-196.2,-196.2,0.0,-184.1,-209.6,1,1,1,1,1,1,,,,CIN,0,217,,,
fbg:DuliAs00,Ashton Dulin,WR,IND,147,Thunder Bowl Consensus,70.3,69.9,-0.4,33.0,21.2,99.9,78.7,78.7,66.9,62.4,-142.5,-142.5,0.0,-117.2,-130.9,1,1,1,1,1,1,1,382,,IND,0,110,124,,PROJECTION_SOURCE_RANGE_50
fbg:WilsRo02,Roman Wilson,WR,PIT,148,Thunder Bowl Consensus,71.3,71.4,0.1,64.3,21.6,78.4,,71.3,14.1,,-141.0,-141.0,0.0,-138.7,,1,1,1,1,1,1,1,377,,PIT,1,109,122,,FBG_NEGATIVE_WEEK
fbg:CousKi00,Kirk Cousins,QB,LV,31,Thunder Bowl Consensus,85.7,84.1,-1.6,154.9,163.4,47.2,53.8,53.8,107.7,57.0,-261.0,-261.0,0.0,-314.2,-291.5,1,1,1,1,1,1,,,3.24,LV,0,34,,35,PROJECTION_SOURCE_RANGE_50|PRIMARY_OUTSIDE_CONSENSUS
cbs:2865894,Ihmir Smith-Marsette,WR,ARI,149,Thunder Bowl Consensus,32.4,32.1,-0.3,,,32.4,,32.4,,,-180.3,-180.3,0.0,-184.7,,1,1,1,1,1,1,,,,,,156,,,
fbg:AlleKa01,Kaytron Allen,RB,WAS,97,Thunder Bowl Consensus,31.1,30.8,-0.3,44.4,27.4,27.3,21.5,27.3,22.9,35.7,-166.1,-166.1,0.0,-170.4,-180.1,1,1,1,1,1,1,,,5.49,WAS,0,85,,43,
fbg:TuckSe00,Sean Tucker,RB,TB,98,Thunder Bowl Consensus,29.9,29.6,-0.3,24.4,20.5,33.4,31.9,31.9,9.0,32.1,-167.3,-167.3,0.0,-164.3,-169.7,1,1,1,1,1,1,,,1.74,TB,0,87,,69,
cbs:26695655,Lewis Bond,WR,HOU,150,Thunder Bowl Consensus,31.4,31.1,-0.3,,,31.4,,31.4,,,-181.3,-181.3,0.0,-185.7,,1,1,1,1,1,1,,,,,,157,,,
cbs:2804732,Elijah Cooks,WR,NO,151,Thunder Bowl Consensus,28.6,28.4,-0.2,,,28.6,,28.6,,,-184.0,-184.0,0.0,-188.5,,1,1,1,1,1,1,,,,,,176,,,
cbs:3171149,Ke'Shawn Williams,WR,CIN,152,Thunder Bowl Consensus,15.6,15.4,-0.2,,,31.4,0.0,15.7,31.4,,-197.0,-197.0,0.0,-185.7,-209.6,1,1,1,1,1,1,,,,,,222,,,
cbs:2867377,Carlos Washington Jr.,RB,MIA,102,Thunder Bowl Consensus,22.6,22.3,-0.3,,,22.3,22.9,22.6,0.6,,-174.6,-174.6,0.0,-175.4,-178.7,1,1,1,1,1,1,,,,,,98,,,
fbg:WillKy01,Kyle Williams,WR,NE,153,Thunder Bowl Consensus,27.3,27.0,-0.3,18.5,20.0,41.4,22.4,22.4,22.9,,-185.4,-185.4,0.0,-175.7,-187.2,1,1,1,1,1,1,1,390,,NE,0,180,126,,
cbs:29380891,Kameron Johnson,WR,TB,154,Thunder Bowl Consensus,16.3,16.0,-0.3,,,31.0,1.8,16.4,29.2,,-196.4,-196.4,0.0,-186.1,-207.8,1,1,1,1,1,1,,,,,,218,,,
fbg:RaymKa00,Kalif Raymond,WR,CHI,155,Thunder Bowl Consensus,54.8,54.9,0.1,61.7,24.7,55.8,46.8,55.8,14.9,,-157.5,-157.5,0.0,-161.3,-162.8,1,1,1,1,1,1,1,353,,CHI,0,130,114,,
cbs:3159102,Andre Baccellia,WR,ARI,156,Thunder Bowl Consensus,30.7,30.4,-0.3,,,30.7,,30.7,,,-182.0,-182.0,0.0,-186.4,,1,1,1,1,1,1,,,,,,159,,,
fbg:DikeCh00,Chimere Dike,WR,TEN,157,Thunder Bowl Consensus,74.3,74.2,-0.1,25.8,19.4,123.2,75.1,75.1,97.4,108.3,-138.2,-138.2,0.0,-93.9,-134.5,1,1,1,1,1,1,1,398,2.97,TEN,0,103,128,64,PROJECTION_SOURCE_RANGE_50
cbs:26726935,Josh Cameron,WR,JAC,158,Thunder Bowl Consensus,15.1,14.8,-0.3,,0.0,30.4,0.0,15.2,30.4,,-197.6,-197.6,0.0,-186.7,-209.6,1,1,1,1,1,1,,,,JAX,0,223,,,
cbs:2815163,Salvon Ahmed,RB,CHI,104,Thunder Bowl Consensus,21.4,21.2,-0.2,,,21.4,,21.4,,,-175.7,-175.7,0.0,-176.3,,1,1,1,1,1,1,,,,,,106,,,
cbs:3163291,Israel Abanikanda,RB,DAL,105,Thunder Bowl Consensus,22.3,22.0,-0.3,,,21.4,23.1,22.3,1.7,,-174.9,-174.9,0.0,-176.3,-178.5,1,1,1,1,1,1,,,,,,102,,,
cbs:3168666,Deuce Vaughn,RB,DEN,106,Thunder Bowl Consensus,21.4,21.1,-0.3,,,21.4,,21.4,,,-175.8,-175.8,0.0,-176.3,,1,1,1,1,1,1,,,,,,105,,,
cbs:2964236,Dameon Pierce,RB,PHI,107,Thunder Bowl Consensus,21.7,21.4,-0.3,,,21.3,22.1,21.7,0.8,,-175.5,-175.5,0.0,-176.4,-179.5,1,1,1,1,1,1,,,,,,104,,,
fbg:HollMa00,Mack Hollins,WR,NE,159,Thunder Bowl Consensus,45.0,44.8,-0.2,30.0,19.9,77.4,28.1,30.0,49.3,,-167.6,-167.6,0.0,-139.7,-181.5,1,1,1,1,1,1,1,393,,NE,0,137,127,,
cbs:2240685,Cedrick Wilson Jr.,WR,DET,161,Thunder Bowl Consensus,30.0,29.9,-0.1,,0.0,30.0,,30.0,,,-182.5,-182.5,0.0,-187.1,,1,1,1,1,1,1,,,,DET,0,162,,,
fbg:VakiSi99,Sione Vaki,RB,DET,108,Thunder Bowl Consensus,16.4,16.1,-0.3,27.6,16.7,5.0,,16.3,22.6,,-180.8,-180.8,0.0,-192.7,,1,1,1,1,1,1,,,,DET,0,124,,,
cbs:28901170,Eli Heidenreich,RB,PIT,109,Thunder Bowl Consensus,20.7,20.4,-0.3,,,20.7,,20.7,,,-176.5,-176.5,0.0,-177.0,,1,1,1,1,1,1,,,,,,108,,,
cbs:2968474,Ronnie Bell,WR,NO,162,Thunder Bowl Consensus,29.7,29.5,-0.2,,,29.7,,29.7,,,-182.9,-182.9,0.0,-187.4,,1,1,1,1,1,1,,,,,,166,,,
fbg:JohnKa01,Kaleb Johnson,RB,PIT,110,Thunder Bowl Consensus,11.4,11.1,-0.3,19.8,16.8,9.5,4.8,9.5,15.0,,-185.8,-185.8,0.0,-188.2,-196.8,1,1,1,1,1,1,,,,PIT,0,139,,,
cbs:3122024,Jakobie Keeney-James,WR,GB,164,Thunder Bowl Consensus,28.7,28.4,-0.3,,,28.7,,28.7,,,-184.0,-184.0,0.0,-188.4,,1,1,1,1,1,1,,,,,,175,,,
cbs:3166803,Brenden Rice,WR,GB,165,Thunder Bowl Consensus,29.4,29.1,-0.3,,,29.4,,29.4,,,-183.3,-183.3,0.0,-187.7,,1,1,1,1,1,1,,,,,,167,,,
cbs:3121860,Zonovan Knight,RB,ARI,111,Thunder Bowl Consensus,20.1,19.8,-0.3,,,20.1,,20.1,,,-177.1,-177.1,0.0,-177.6,,1,1,1,1,1,1,,,,,,110,,,
cbs:3171033,Malik Heath,WR,ATL,166,Thunder Bowl Consensus,29.0,28.9,-0.1,,,29.0,,29.0,,,-183.5,-183.5,0.0,-188.1,,1,1,1,1,1,1,,,,,,168,,,
fbg:SandRa00,Raheim Sanders,RB,CLE,112,Thunder Bowl Consensus,19.5,19.3,-0.2,19.9,17.8,19.1,,19.5,0.8,,-177.6,-177.6,0.0,-178.6,,1,1,1,1,1,1,,,,CLE,1,114,,,FBG_NEGATIVE_WEEK
cbs:2818351,David Moore,WR,CAR,167,Thunder Bowl Consensus,14.3,14.1,-0.2,,4.1,28.7,0.0,14.3,28.7,,-198.3,-198.3,0.0,-188.4,-209.6,1,1,1,1,1,1,,,,CAR,0,227,,,
cbs:2865783,Brandon Smith,WR,PIT,168,Thunder Bowl Consensus,28.7,28.5,-0.2,,,28.7,,28.7,,,-183.9,-183.9,0.0,-188.4,,1,1,1,1,1,1,,,,,,171,,,
cbs:2963723,Bryce Ford-Wheaton,WR,NYG,169,Thunder Bowl Consensus,28.7,28.6,-0.1,,,28.7,,28.7,,,-183.8,-183.8,0.0,-188.4,,1,1,1,1,1,1,,,,,,172,,,
cbs:3126493,Casey Washington,WR,ATL,170,Thunder Bowl Consensus,28.7,28.5,-0.2,,0.0,28.7,,28.7,,,-183.9,-183.9,0.0,-188.4,,1,1,1,1,1,1,,,,CAR,0,173,,,TEAM_CONFLICT_FBG
cbs:3133899,Terrell Jennings,RB,NE,113,Thunder Bowl Consensus,19.7,19.4,-0.3,,,19.7,,19.7,,,-177.5,-177.5,0.0,-178.0,,1,1,1,1,1,1,,,,,,113,,,
cbs:3123569,Eric Gray,RB,NYG,114,Thunder Bowl Consensus,18.3,18.0,-0.3,,,18.3,,18.3,,,-178.9,-178.9,0.0,-179.4,,1,1,1,1,1,1,,,,,,119,,,
fbg:LaubDy00,Dylan Laube,RB,LV,115,Thunder Bowl Consensus,8.0,7.6,-0.4,18.4,14.0,5.6,0.0,5.6,18.4,,-189.3,-189.3,0.0,-192.1,-201.6,1,1,1,1,1,1,,,,LV,0,146,,,
cbs:2963426,Blake Watson,RB,TEN,117,Thunder Bowl Consensus,19.1,18.8,-0.3,,,19.1,,19.1,,,-178.1,-178.1,0.0,-178.6,,1,1,1,1,1,1,,,,,,115,,,
cbs:3162613,Malachi Corley,WR,CLE,172,Thunder Bowl Consensus,18.5,18.3,-0.2,,0.0,27.8,9.3,18.6,18.5,,-194.1,-194.1,0.0,-189.3,-200.3,1,1,1,1,1,1,,,,CLE,0,206,,,
fbg:BurkDe00,Deion Burks,WR,IND,174,Thunder Bowl Consensus,29.8,29.4,-0.4,28.3,15.3,31.4,,29.9,3.1,,-183.0,-183.0,0.0,-185.7,,1,1,1,1,1,1,,,,IND,0,164,,,
cbs:2184383,K.J. Osborn,WR,TEN,176,Thunder Bowl Consensus,27.1,26.8,-0.3,,0.0,27.1,,27.1,,,-185.6,-185.6,0.0,-190.0,,1,1,1,1,1,1,,,,TEN,0,181,,,
fbg:GoulAn00,Anthony Gould,WR,IND,175,Thunder Bowl Consensus,24.4,24.1,-0.3,27.5,16.2,29.7,16.1,27.5,13.6,,-188.3,-188.3,0.0,-187.4,-193.5,1,1,1,1,1,1,,,,IND,0,189,,,
cbs:3165205,Darius Cooper,WR,PHI,178,Thunder Bowl Consensus,17.9,17.7,-0.2,,0.0,27.1,8.9,18.0,18.2,,-194.7,-194.7,0.0,-190.0,-200.7,1,1,1,1,1,1,,,,PHI,0,209,,,
cbs:2968506,Hassan Haskins,RB,LAC,119,Thunder Bowl Consensus,16.9,16.6,-0.3,,,16.9,,16.9,,,-180.3,-180.3,0.0,-180.8,,1,1,1,1,1,1,,,,,,122,,,
fbg:FielMa00,Malachi Fields,WR,NYG,180,Thunder Bowl Consensus,56.6,56.8,0.2,74.1,22.3,61.6,34.1,61.6,40.0,,-155.6,-155.6,0.0,-155.5,-175.5,1,1,1,1,1,1,1,371,,NYG,1,125,119,,FBG_NEGATIVE_WEEK
fbg:LaneJa00,Jaylin Lane,WR,WAS,181,Thunder Bowl Consensus,41.1,41.0,-0.1,9.3,7.8,53.6,61.0,53.6,51.7,,-171.4,-171.4,0.0,-163.5,-148.6,1,1,1,1,1,1,,,,WAS,0,140,,,PROJECTION_SOURCE_RANGE_50
cbs:3170389,LaJohntay Wester,WR,BAL,183,Thunder Bowl Consensus,12.3,12.0,-0.3,,0.0,24.7,0.0,12.3,24.7,,-200.4,-200.4,0.0,-192.4,-209.6,1,1,1,1,1,1,,,,BAL,0,232,,,
fbg:ThomZa01,Zavion Thomas,WR,CHI,184,Thunder Bowl Consensus,50.1,50.1,0.0,24.3,17.4,91.9,34.9,34.9,67.6,,-162.3,-162.3,0.0,-125.2,-174.7,1,1,1,1,1,1,,,,CHI,0,133,,,PROJECTION_SOURCE_RANGE_50
cbs:2964726,Ryan Miller,WR,NYG,185,Thunder Bowl Consensus,24.4,24.3,-0.1,,,24.4,,24.4,,,-188.1,-188.1,0.0,-192.7,,1,1,1,1,1,1,,,,,,190,,,
fbg:WhitJo04,Jordan Whittington,WR,LAR,186,Thunder Bowl Consensus,44.1,44.0,-0.1,24.5,15.0,67.6,40.8,40.8,43.1,,-168.4,-168.4,0.0,-149.5,-168.8,1,1,1,1,1,1,,,,LAR,0,139,,,
cbs:3122529,Tahj Washington,WR,MIA,187,Thunder Bowl Consensus,24.1,23.9,-0.2,,0.0,24.1,,24.1,,,-188.5,-188.5,0.0,-193.0,,1,1,1,1,1,1,,,,MIA,0,191,,,
fbg:WatsDe00,Deshaun Watson,QB,CLE,32,Thunder Bowl Consensus,132.6,131.8,-0.8,136.5,154.8,143.8,117.6,136.5,26.2,70.4,-213.3,-213.3,0.0,-217.6,-227.7,1,1,1,1,1,1,,,2.31,CLE,1,32,,39,FBG_NEGATIVE_WEEK|CANDIDATE_MODEL_OUTLIER
fbg:HutcXa00,Xavier Hutchinson,WR,HOU,189,Thunder Bowl Consensus,59.6,59.3,-0.3,23.8,15.1,91.8,63.9,63.9,68.0,73.3,-153.1,-153.1,0.0,-125.3,-145.7,1,1,1,1,1,1,,,0.31,HOU,0,122,,87,PROJECTION_SOURCE_RANGE_50
fbg:HarrNa00,Najee Harris,RB,FA,123,Thunder Bowl Consensus,19.8,19.4,-0.4,14.7,11.7,22.3,22.4,22.3,7.7,31.6,-177.5,-177.5,0.0,-175.4,-179.2,1,1,1,1,1,1,,,,FA,0,111,,,
cbs:3161133,Mason Kinsey,WR,TEN,190,Thunder Bowl Consensus,11.6,11.3,-0.3,,0.0,23.4,0.0,11.7,23.4,,-201.1,-201.1,0.0,-193.7,-209.6,1,1,1,1,1,1,,,,TEN,0,235,,,
fbg:JordJa00,Jawhar Jordan,RB,HOU,124,Thunder Bowl Consensus,52.2,51.9,-0.3,14.9,9.7,92.4,50.1,50.1,77.5,19.4,-145.0,-145.0,0.0,-105.3,-151.5,1,1,1,1,1,1,,,,HOU,0,70,,,PROJECTION_SOURCE_RANGE_50
fbg:SarrEl00,Elijah Sarratt,WR,BAL,191,Thunder Bowl Consensus,35.2,34.8,-0.4,19.6,13.9,26.7,59.4,26.7,39.8,,-177.6,-177.6,0.0,-190.4,-150.2,1,1,1,1,1,1,,,,BAL,0,147,,,
fbg:AlixRa00,Rasheen Ali,RB,BAL,125,Thunder Bowl Consensus,12.1,11.7,-0.4,13.9,11.8,22.4,0.0,13.9,22.4,16.0,-185.2,-185.2,0.0,-175.3,-201.6,1,1,1,1,1,1,,,,BAL,0,135,,,
cbs:2963569,Elijah Moore,WR,PHI,192,Thunder Bowl Consensus,22.5,22.3,-0.2,,0.0,22.5,,22.5,,,-190.1,-190.1,0.0,-194.6,,1,1,1,1,1,1,,,,PHI,0,196,,,
fbg:LambKe00,Keandre Lambert-Smith,WR,LAC,193,Thunder Bowl Consensus,23.4,23.1,-0.3,8.0,15.0,35.7,26.9,26.9,27.7,,-189.3,-189.3,0.0,-181.4,-182.7,1,1,1,1,1,1,,,,LAC,0,194,,,
cbs:2961993,British Brooks,RB,HOU,126,Thunder Bowl Consensus,7.5,7.1,-0.4,,,12.7,2.4,7.5,10.3,,-189.8,-189.8,0.0,-185.0,-199.2,1,1,1,1,1,1,,,,,,150,,,
fbg:BondIs00,Isaiah Bond,WR,CLE,194,Thunder Bowl Consensus,45.8,45.8,0.0,33.4,13.4,73.9,30.5,33.4,43.4,,-166.6,-166.6,0.0,-143.2,-179.1,1,1,1,1,1,1,,,,CLE,1,136,,,FBG_NEGATIVE_WEEK
cbs:3124679,Evan Hull,RB,HOU,127,Thunder Bowl Consensus,10.5,10.1,-0.4,,,10.5,,10.5,,,-186.8,-186.8,0.0,-187.2,,1,1,1,1,1,1,,,,,,141,,,
fbg:HornJi00,Jimmy Horn Jr.,WR,CAR,195,Thunder Bowl Consensus,24.6,24.4,-0.2,19.5,10.9,33.3,21.3,21.3,13.8,,-188.0,-188.0,0.0,-183.8,-188.3,1,1,1,1,1,1,,,,CAR,0,188,,,
fbg:TinsMi00,Mitch Tinsley,WR,CIN,196,Thunder Bowl Consensus,18.4,18.2,-0.2,17.2,14.6,,19.6,18.4,2.4,,-194.2,-194.2,0.0,,-190.0,1,1,1,1,1,1,,,,CIN,0,207,,,
fbg:YounCo00,Colbie Young,WR,CIN,198,Thunder Bowl Consensus,23.9,23.7,-0.2,27.1,12.7,35.0,9.6,27.1,25.4,,-188.7,-188.7,0.0,-182.1,-200.0,1,1,1,1,1,1,,,,CIN,0,192,,,
fbg:IngoAl00,Alec Ingold,RB,LAC,129,Thunder Bowl Consensus,13.8,13.4,-0.4,13.9,6.1,11.2,16.2,13.9,5.0,,-183.5,-183.5,0.0,-186.5,-185.4,1,1,1,1,1,1,,,,LAC,0,129,,,
fbg:ThomBr02,Brenen Thompson,WR,LAC,199,Thunder Bowl Consensus,27.9,27.7,-0.2,25.0,13.0,31.4,27.3,27.3,6.4,,-184.7,-184.7,0.0,-185.7,-182.3,1,1,1,1,1,1,,,,LAC,0,178,,,
fbg:HuntJa02,Jarquez Hunter,RB,LAR,131,Thunder Bowl Consensus,18.6,18.3,-0.3,11.2,10.8,21.4,23.2,21.4,12.0,,-178.6,-178.6,0.0,-176.3,-178.4,1,1,1,1,1,1,,,,LAR,0,118,,,
fbg:McLaJa00,Jaleel McLaughlin,RB,DEN,132,Thunder Bowl Consensus,3.0,2.7,-0.3,5.9,5.7,0.0,,3.0,5.9,,-194.2,-194.2,0.0,-197.7,,1,1,1,1,1,1,,,,DEN,0,156,,,
cbs:2963641,Zamir White,RB,LV,133,Thunder Bowl Consensus,10.9,10.5,-0.4,,,10.9,,10.9,,,-186.4,-186.4,0.0,-186.8,,1,1,1,1,1,1,,,,,,140,,,
fbg:NealDe00,Devin Neal,RB,NO,134,Thunder Bowl Consensus,22.4,22.1,-0.3,10.3,8.8,37.9,19.2,19.2,27.6,22.6,-174.8,-174.8,0.0,-159.8,-182.4,1,1,1,1,1,1,,,,NO,0,101,,,
fbg:AlleCy00,Cyrus Allen,WR,KC,201,Thunder Bowl Consensus,35.3,35.2,-0.1,30.7,13.7,31.4,43.9,31.4,13.2,,-177.2,-177.2,0.0,-185.7,-165.7,1,1,1,1,1,1,,,,KC,0,146,,,
cbs:26718347,Gage Larvadain,WR,CLE,202,Thunder Bowl Consensus,9.0,8.7,-0.3,,0.0,18.1,0.0,9.1,18.1,,-203.7,-203.7,0.0,-199.0,-209.6,1,1,1,1,1,1,,,,CLE,0,238,,,
fbg:McGoSe00,Seth McGowan,RB,IND,135,Thunder Bowl Consensus,25.2,24.9,-0.3,22.3,7.6,30.0,23.4,23.4,7.7,37.8,-172.0,-172.0,0.0,-167.7,-178.2,1,1,1,1,1,1,,,2.32,IND,0,90,,61,
fbg:AustCa00,Calvin Austin III,WR,NYG,203,Thunder Bowl Consensus,71.9,72.2,0.3,55.0,16.4,101.2,60.0,60.0,46.2,83.9,-140.2,-140.2,0.0,-115.9,-149.6,1,1,1,1,1,1,,,,NYG,1,107,,,FBG_NEGATIVE_WEEK
fbg:FeltTa00,Tai Felton,WR,MIN,204,Thunder Bowl Consensus,29.0,28.9,-0.1,25.4,11.3,53.2,8.6,25.4,44.6,,-183.5,-183.5,0.0,-163.9,-201.0,1,1,1,1,1,1,,,,MIN,1,169,,,FBG_NEGATIVE_WEEK
fbg:RicaPa00,Patrick Ricard,RB,NYG,137,Thunder Bowl Consensus,7.8,7.5,-0.3,8.4,4.4,7.6,7.3,7.6,1.1,,-189.4,-189.4,0.0,-190.1,-194.3,1,1,1,1,1,1,,,,NYG,0,148,,,
fbg:GuerIs00,Isaac Guerendo,RB,SF,138,Thunder Bowl Consensus,17.3,17.0,-0.3,8.0,7.1,29.2,14.8,14.8,21.2,25.2,-179.9,-179.9,0.0,-168.5,-186.8,1,1,1,1,1,1,,,,SF,0,121,,,
fbg:AlleKe00,Keenan Allen,WR,FA,205,Thunder Bowl Consensus,19.5,19.2,-0.3,17.8,11.4,21.2,,19.5,3.4,,-193.2,-193.2,0.0,-195.9,,1,1,1,1,1,1,,,,FA,0,202,,,
fbg:DillA.00,AJ Dillon,RB,CAR,140,Thunder Bowl Consensus,66.3,66.4,0.1,9.1,6.8,96.3,94.5,94.5,87.2,79.0,-130.5,-130.5,0.0,-101.4,-107.1,1,1,1,1,1,1,,,,CAR,0,66,,,PROJECTION_SOURCE_RANGE_50
fbg:BrazCh01,Chris Brazzell II,WR,CAR,206,Thunder Bowl Consensus,8.5,8.2,-0.3,16.9,6.4,0.0,,8.4,16.9,,-204.2,-204.2,0.0,-217.1,,1,1,1,1,1,1,,,,CAR,0,239,,,
cbs:2186388,Alex Bachman,WR,LV,208,Thunder Bowl Consensus,16.9,16.6,-0.3,,,16.9,,16.9,,,-195.8,-195.8,0.0,-200.2,,1,1,1,1,1,1,,,,,,215,,,
fbg:SkowBe00,Ben Skowronek,WR,PIT,207,Thunder Bowl Consensus,33.4,33.3,-0.1,12.4,9.2,76.7,11.7,12.4,65.0,,-179.1,-179.1,0.0,-140.4,-197.9,1,1,1,1,1,1,,,,PIT,0,153,,,PROJECTION_SOURCE_RANGE_50
fbg:StroPi00,Pierre Strong Jr,RB,GB,141,Thunder Bowl Consensus,1.1,0.7,-0.4,2.1,8.1,0.0,,1.1,2.1,,-196.2,-196.2,0.0,-197.7,,1,1,1,1,1,1,,,,GB,0,159,,,
cbs:3161112,Reggie Gilliam,RB,NE,142,Thunder Bowl Consensus,8.0,7.7,-0.3,,,7.6,8.3,8.0,0.7,,-189.2,-189.2,0.0,-190.1,-193.3,1,1,1,1,1,1,,,,,,147,,,
cbs:2804813,Gabe Davis,WR,BUF,209,Thunder Bowl Consensus,16.5,16.3,-0.2,,0.0,16.5,,16.5,,,-196.1,-196.1,0.0,-200.6,,1,1,1,1,1,1,,,,FA,0,216,,,TEAM_CONFLICT_FBG
fbg:JohnRo07,Roschon Johnson,RB,CHI,143,Thunder Bowl Consensus,25.1,24.9,-0.2,8.2,6.3,33.1,34.2,33.1,26.0,32.2,-172.0,-172.0,0.0,-164.6,-167.4,1,1,1,1,1,1,,,,CHI,0,91,,,
fbg:DortGr00,Greg Dortch,WR,DET,210,Thunder Bowl Consensus,24.8,24.7,-0.1,17.5,9.0,42.7,14.5,17.5,28.2,,-187.7,-187.7,0.0,-174.4,-195.1,1,1,1,1,1,1,,,,DET,0,186,,,
fbg:MillJa01,Jam Miller,RB,NE,144,Thunder Bowl Consensus,18.8,18.5,-0.3,4.8,5.1,25.6,26.1,25.6,21.3,37.3,-178.4,-178.4,0.0,-172.1,-175.5,1,1,1,1,1,1,,,1.15,NE,0,117,,71,
fbg:WillSa00,Savion Williams,WR,GB,211,Thunder Bowl Consensus,37.8,37.4,-0.4,17.2,10.3,27.3,69.0,27.3,51.8,,-175.0,-175.0,0.0,-189.8,-140.6,1,1,1,1,1,1,,,,GB,0,144,,,PROJECTION_SOURCE_RANGE_50
cbs:2967664,Julius Chestnut,RB,TEN,145,Thunder Bowl Consensus,6.2,5.9,-0.3,,,6.2,,6.2,,,-191.0,-191.0,0.0,-191.5,,1,1,1,1,1,1,,,,,,153,,,
cbs:2968491,Ben VanSumeren,RB,BUF,146,Thunder Bowl Consensus,7.0,6.6,-0.4,,,7.0,,7.0,,,-190.3,-190.3,0.0,-190.7,,1,1,1,1,1,1,,,,,,151,,,
fbg:MullKa00,Kalel Mullings,RB,TEN,147,Thunder Bowl Consensus,12.3,11.9,-0.4,5.7,4.4,19.1,,12.4,13.4,,-185.0,-185.0,0.0,-178.6,,1,1,1,1,1,1,,,,TEN,0,134,,,
cbs:3127427,Xavier Gipson,WR,NYG,212,Thunder Bowl Consensus,13.9,13.7,-0.2,,,13.9,,13.9,,,-198.7,-198.7,0.0,-203.2,,1,1,1,1,1,1,,,,,,228,,,
fbg:WeavXa00,Xavier Weaver,WR,ARI,213,Thunder Bowl Consensus,38.1,37.8,-0.3,14.1,8.2,62.6,,38.4,48.5,,-174.6,-174.6,0.0,-154.5,,1,1,1,1,1,1,,,,ARI,0,143,,,
fbg:GoodTy00,Tyler Goodson,RB,ATL,149,Thunder Bowl Consensus,7.6,7.2,-0.4,3.7,3.2,11.5,,7.6,7.8,,-189.7,-189.7,0.0,-186.2,,1,1,1,1,1,1,,,,ATL,0,149,,,
fbg:SamuCu00,Curtis Samuel,WR,FA,215,Thunder Bowl Consensus,5.5,5.2,-0.3,10.8,0.0,0.0,,5.4,10.8,,-207.2,-207.2,0.0,-217.1,,1,1,1,1,1,1,,,,FA,0,241,,,
fbg:TiptMa00,Mason Tipton,WR,NO,214,Thunder Bowl Consensus,22.6,22.4,-0.2,11.0,5.8,57.3,0.0,11.0,57.3,,-190.0,-190.0,0.0,-159.8,-209.6,1,1,1,1,1,1,,,,NO,0,195,,,PROJECTION_SOURCE_RANGE_50
fbg:HuntKa00,Kareem Hunt,RB,FA,152,Thunder Bowl Consensus,10.4,10.0,-0.4,1.8,1.4,19.1,,10.5,17.3,,-186.9,-186.9,0.0,-178.6,,1,1,1,1,1,1,,,,FA,0,142,,,
fbg:MixoJo00,Joe Mixon,RB,FA,153,Thunder Bowl Consensus,0.9,0.5,-0.4,1.8,1.4,0.0,,0.9,1.8,,-196.4,-196.4,0.0,-197.7,,1,1,1,1,1,1,,,,FA,0,160,,,
fbg:DallDe00,DeeJay Dallas,RB,JAX,155,Thunder Bowl Consensus,5.3,4.9,-0.4,1.7,1.8,14.2,0.0,1.7,14.2,,-192.0,-192.0,0.0,-183.5,-201.6,1,1,1,1,1,1,,,,JAX,0,154,,,
fbg:McNiJe00,Jeremy McNichols,RB,WAS,154,Thunder Bowl Consensus,21.0,20.7,-0.3,8.7,1.6,27.3,27.2,27.2,18.6,22.7,-176.2,-176.2,0.0,-170.4,-174.4,1,1,1,1,1,1,,,,WAS,0,107,,,
fbg:RobiDe01,Demarcus Robinson,WR,SF,216,Thunder Bowl Consensus,52.3,52.1,-0.2,8.7,4.9,96.6,52.7,52.7,87.9,67.7,-160.3,-160.3,0.0,-120.5,-156.9,1,1,1,1,1,1,,,,SF,0,132,,,PROJECTION_SOURCE_RANGE_50
fbg:PattJa00,Jaret Patterson,RB,LAC,156,Thunder Bowl Consensus,12.7,12.3,-0.4,4.8,1.7,20.7,,12.8,15.9,,-184.6,-184.6,0.0,-177.0,,1,1,1,1,1,1,,,,LAC,0,132,,,
fbg:BensTr01,Trey Benson,RB,ARI,157,Thunder Bowl Consensus,6.8,6.4,-0.4,1.4,0.9,19.3,0.0,1.4,19.3,,-190.5,-190.5,0.0,-178.4,-201.6,1,1,1,1,1,1,,,,ARI,0,152,,,
fbg:MetcJo00,John Metchie III,WR,CAR,217,Thunder Bowl Consensus,113.6,114.0,0.4,19.8,10.4,160.2,162.3,160.2,142.5,120.6,-98.4,-98.4,0.0,-56.9,-47.3,1,1,1,1,1,1,,,,CAR,0,73,,,PROJECTION_SOURCE_RANGE_50|PRIMARY_OUTSIDE_CONSENSUS
fbg:MafaPh00,Phil Mafah,RB,DAL,158,Thunder Bowl Consensus,22.8,22.4,-0.4,7.9,0.9,33.1,27.6,27.6,25.2,9.9,-174.5,-174.5,0.0,-164.6,-174.0,1,1,1,1,1,1,,,,DAL,0,97,,,
fbg:SmitXa00,Xavier Smith,WR,LAR,218,Thunder Bowl Consensus,17.4,17.2,-0.2,10.0,6.3,32.7,9.8,10.0,22.9,,-195.2,-195.2,0.0,-184.4,-199.8,1,1,1,1,1,1,,,,LAR,0,210,,,
fbg:BadiTy00,Tyler Badie,RB,DEN,159,Thunder Bowl Consensus,12.7,12.3,-0.4,0.9,0.7,18.4,19.1,18.4,18.2,,-184.6,-184.6,0.0,-179.3,-182.5,1,1,1,1,1,1,,,,DEN,0,133,,,
fbg:DaniCJ00,CJ Daniels,WR,LAR,219,Thunder Bowl Consensus,17.3,17.0,-0.3,9.7,5.4,33.0,9.5,9.7,23.5,,-195.4,-195.4,0.0,-184.1,-200.1,1,1,1,1,1,1,,,,LAR,0,211,,,
fbg:EstiAu00,Audric Estimé,RB,NO,160,Thunder Bowl Consensus,11.9,11.6,-0.3,0.7,0.4,23.3,,12.0,22.6,20.2,-185.3,-185.3,0.0,-174.4,,1,1,1,1,1,1,,,,NO,0,136,,,
fbg:KnigZo00,Bam Knight,RB,ARI,161,Thunder Bowl Consensus,0.3,-0.1,-0.4,0.5,0.3,,0.0,0.3,0.5,,-197.0,-197.0,0.0,,-201.6,1,1,1,1,1,1,,,,ARI,0,161,,,
fbg:WatkJo00,Jordan Watkins,WR,SF,220,Thunder Bowl Consensus,20.7,20.4,-0.3,7.6,4.4,34.0,,20.8,26.4,,-192.0,-192.0,0.0,-183.1,,1,1,1,1,1,1,,,,SF,0,200,,,
fbg:VirgRe00,Reggie Virgil,WR,ARI,221,Thunder Bowl Consensus,16.2,15.9,-0.3,8.6,4.9,32.4,7.9,8.6,24.5,,-196.5,-196.5,0.0,-184.7,-201.7,1,1,1,1,1,1,,,,ARI,0,220,,,
fbg:MingJo00,Jonathan Mingo,WR,DAL,222,Thunder Bowl Consensus,19.0,18.7,-0.3,17.8,4.8,30.4,8.8,17.8,21.6,,-193.7,-193.7,0.0,-186.7,-200.8,1,1,1,1,1,1,,,,DAL,0,203,,,
fbg:BrowBa01,Barion Brown,WR,NO,223,Thunder Bowl Consensus,17.1,16.8,-0.3,11.7,5.0,31.4,8.5,11.7,22.9,,-195.6,-195.6,0.0,-185.7,-201.1,1,1,1,1,1,1,,,,NO,0,213,,,
fbg:PricMy00,Myles Price,WR,MIN,224,Thunder Bowl Consensus,3.6,3.2,-0.4,10.8,4.6,0.0,0.0,0.0,10.8,,-209.2,-209.2,0.0,-217.1,-209.6,1,1,1,1,1,1,,,,MIN,0,243,,,
fbg:SmitAr01,Arian Smith,WR,NYJ,225,Thunder Bowl Consensus,16.2,15.8,-0.4,8.0,4.9,37.3,3.6,8.0,33.7,,-196.6,-196.6,0.0,-179.8,-206.0,1,1,1,1,1,1,,,,NYJ,0,219,,,
fbg:WiliIs00,Isaiah Williams,WR,NYJ,226,Thunder Bowl Consensus,32.8,32.3,-0.5,9.0,4.1,80.5,9.7,9.7,71.5,,-180.1,-180.1,0.0,-136.6,-199.9,1,1,1,1,1,1,,,,NYJ,0,155,,,PROJECTION_SOURCE_RANGE_50
fbg:LancBr00,Bryce Lance,WR,NO,227,Thunder Bowl Consensus,26.6,26.4,-0.2,7.0,3.9,31.4,41.8,31.4,34.8,,-186.0,-186.0,0.0,-185.7,-167.8,1,1,1,1,1,1,,,,NO,0,183,,,
cbs:27017067,Dareke Young,WR,LV,228,Thunder Bowl Consensus,3.4,3.1,-0.3,,0.0,6.9,0.0,3.5,6.9,,-209.3,-209.3,0.0,-210.2,-209.6,1,1,1,1,1,1,,,,LV,0,244,,,
fbg:HumpLi00,Lil'Jordan Humphrey,WR,DEN,229,Thunder Bowl Consensus,18.2,18.0,-0.2,6.6,3.6,30.0,,18.3,23.4,,-194.4,-194.4,0.0,-187.1,,1,1,1,1,1,1,,,,DEN,0,208,,,
fbg:WetjKa00,Kaden Wetjen,WR,PIT,230,Thunder Bowl Consensus,13.5,13.3,-0.2,6.3,4.2,28.7,5.9,6.3,22.8,,-199.1,-199.1,0.0,-188.4,-203.7,1,1,1,1,1,1,,,,PIT,0,229,,,
fbg:MarsTe00,Terrace Marshall Jr,WR,MIA,231,Thunder Bowl Consensus,2.7,2.4,-0.3,5.4,3.6,0.0,,2.7,5.4,,-210.0,-210.0,0.0,-217.1,,1,1,1,1,1,1,,,,MIA,0,245,,,
fbg:TreaLa00,Laquon Treadwell,WR,IND,232,Thunder Bowl Consensus,4.7,4.4,-0.3,5.7,3.4,0.0,8.4,5.7,8.4,,-208.0,-208.0,0.0,-217.1,-201.2,1,1,1,1,1,1,,,,IND,0,242,,,
fbg:HendEm00,Emmanuel Henderson Jr.,WR,SEA,233,Thunder Bowl Consensus,18.7,18.5,-0.2,5.7,3.4,32.0,,18.9,26.3,,-193.9,-193.9,0.0,-185.1,,1,1,1,1,1,1,,,,SEA,0,204,,,
fbg:PolkJa00,Ja'Lynn Polk,WR,FA,234,Thunder Bowl Consensus,0.9,0.6,-0.3,1.8,3.6,0.0,,0.9,1.8,,-211.8,-211.8,0.0,-217.1,,1,1,1,1,1,1,,,,FA,0,248,,,
fbg:CoveBr00,Britain Covey,WR,PHI,236,Thunder Bowl Consensus,9.7,9.4,-0.3,3.7,2.9,25.5,0.0,3.7,25.5,,-203.0,-203.0,0.0,-191.6,-209.6,1,1,1,1,1,1,,,,PHI,0,237,,,
fbg:PatrTi00,Tim Patrick,WR,NYJ,235,Thunder Bowl Consensus,12.4,12.1,-0.3,4.7,2.8,20.2,,12.4,15.5,,-200.3,-200.3,0.0,-196.9,,1,1,1,1,1,1,,,,NYJ,0,231,,,
fbg:WatsJu01,Justin Watson,WR,HOU,237,Thunder Bowl Consensus,14.5,14.2,-0.3,4.6,2.8,30.7,8.5,8.5,26.1,,-198.2,-198.2,0.0,-186.4,-201.1,1,1,1,1,1,1,,,,HOU,0,226,,,
fbg:WilsJo02,Johnny Wilson,WR,PHI,238,Thunder Bowl Consensus,30.4,30.3,-0.1,2.9,2.8,58.5,,30.7,55.6,,-182.1,-182.1,0.0,-158.6,,1,1,1,1,1,1,,,,PHI,0,161,,,PROJECTION_SOURCE_RANGE_50
fbg:DaviDe01,Derius Davis,WR,LAC,239,Thunder Bowl Consensus,12.9,12.6,-0.3,4.3,2.8,24.1,10.6,10.6,19.8,,-199.8,-199.8,0.0,-193.0,-199.0,1,1,1,1,1,1,,,,LAC,0,230,,,
fbg:MoorSk00,Skyy Moore,WR,GB,240,Thunder Bowl Consensus,7.5,7.2,-0.3,4.1,2.6,18.7,0.0,4.1,18.7,,-205.2,-205.2,0.0,-198.4,-209.6,1,1,1,1,1,1,,,,GB,0,240,,,
fbg:BensMa00,Malik Benson,WR,LV,241,Thunder Bowl Consensus,21.3,20.9,-0.4,19.5,2.3,28.6,15.9,19.5,12.7,,-191.5,-191.5,0.0,-188.5,-193.7,1,1,1,1,1,1,,,,LV,0,198,,,
fbg:CampPa00,Parris Campbell,WR,FA,242,Thunder Bowl Consensus,1.8,1.5,-0.3,3.6,2.1,0.0,,1.8,3.6,,-210.9,-210.9,0.0,-217.1,,1,1,1,1,1,1,,,,FA,0,246,,,
fbg:LawxKe00,Kendrick Law,WR,DET,243,Thunder Bowl Consensus,1.6,1.3,-0.3,3.1,2.1,0.0,,1.6,3.1,,-211.1,-211.1,0.0,-217.1,,1,1,1,1,1,1,,,,DET,0,247,,,
fbg:BoboJa00,Jake Bobo,WR,SEA,244,Thunder Bowl Consensus,28.8,28.6,-0.2,1.8,1.8,56.4,,29.1,54.6,,-183.8,-183.8,0.0,-160.7,,1,1,1,1,1,1,,,,SEA,0,170,,,PROJECTION_SOURCE_RANGE_50
fbg:HodgIs00,Isaiah Hodgins,WR,NYG,245,Thunder Bowl Consensus,14.6,14.3,-0.3,2.4,1.8,27.1,,14.8,24.7,,-198.1,-198.1,0.0,-190.0,,1,1,1,1,1,1,,,,NYG,0,225,,,
fbg:HyatJa00,Jalin Hyatt,WR,NYG,246,Thunder Bowl Consensus,12.2,12.1,-0.1,1.5,0.8,23.2,,12.3,21.7,,-200.3,-200.3,0.0,-193.9,,1,1,1,1,1,1,,,,NYG,0,233,,,
fbg:CowiJa00,Jacob Cowing,WR,SF,247,Thunder Bowl Consensus,12.1,11.8,-0.3,4.6,3.0,32.0,0.0,4.6,32.0,,-200.6,-200.6,0.0,-185.1,-209.6,1,1,1,1,1,1,,,,SF,0,234,,,
fbg:SmitJu00,JuJu Smith-Schuster,WR,NYG,248,Thunder Bowl Consensus,9.9,9.6,-0.3,2.2,1.6,26.4,1.3,2.2,25.1,,-202.8,-202.8,0.0,-190.7,-208.3,1,1,1,1,1,1,,,,NYG,0,236,,,
fbg:BeckOd01,Odell Beckham Jr,WR,NYG,250,Thunder Bowl Consensus,30.5,30.3,-0.2,1.8,1.0,55.2,35.1,35.1,53.4,,-182.1,-182.1,0.0,-161.9,-174.5,1,1,1,1,1,1,,,,NYG,0,160,,,PROJECTION_SOURCE_RANGE_50
fbg:BerrBr00,Braxton Berrios,WR,NYG,249,Thunder Bowl Consensus,0.7,0.4,-0.3,2.1,1.5,0.0,0.0,0.0,2.1,,-212.0,-212.0,0.0,-217.1,-209.6,1,1,1,1,1,1,,,,NYG,0,249,,,
fbg:MendFe00,Fernando Mendoza,QB,LV,33,Thunder Bowl Consensus,180.9,179.2,-1.7,116.4,125.4,214.5,212.8,212.8,98.1,204.1,-165.9,-165.9,0.0,-146.9,-132.5,1,1,1,1,1,1,,,35.27,LV,0,31,,1,PROJECTION_SOURCE_RANGE_50|MARKET_RANK_VS_MFL_12
fbg:SandSh00,Shedeur Sanders,QB,CLE,34,Thunder Bowl Consensus,118.9,118.0,-0.9,109.1,123.5,97.6,149.9,109.1,52.3,89.2,-227.1,-227.1,0.0,-263.8,-195.4,1,1,1,1,1,1,,,1.24,CLE,1,33,,43,FBG_NEGATIVE_WEEK|PROJECTION_SOURCE_RANGE_50
fbg:PeniMi00,Michael Penix Jr.,QB,ATL,35,Thunder Bowl Consensus,76.4,75.3,-1.1,88.2,98.2,46.1,94.3,88.2,48.2,38.2,-269.8,-269.8,0.0,-315.3,-251.0,1,1,1,1,1,1,,,4.24,ATL,1,35,,33,FBG_NEGATIVE_WEEK|CANDIDATE_MODEL_OUTLIER
fbg:BeckCa00,Carson Beck,QB,ARI,36,Thunder Bowl Consensus,25.9,24.3,-1.6,40.1,42.8,10.9,26.5,26.5,29.2,41.0,-320.8,-320.8,0.0,-350.5,-318.8,1,1,1,1,1,1,,,4.45,ARI,0,37,,32,
fbg:FlacJo00,Joe Flacco,QB,CIN,37,Thunder Bowl Consensus,16.0,14.5,-1.5,26.1,25.7,9.6,12.0,12.0,16.5,25.9,-330.6,-330.6,0.0,-351.8,-333.3,1,1,1,1,1,1,,,0.37,CIN,0,43,,47,
fbg:FielJu00,Justin Fields,QB,KC,38,Thunder Bowl Consensus,17.0,15.5,-1.5,25.4,27.1,11.9,13.6,13.6,13.5,27.5,-329.6,-329.6,0.0,-349.5,-331.7,1,1,1,1,1,1,,,2.69,KC,0,41,,36,
fbg:HowaWi01,Will Howard,QB,PIT,39,Thunder Bowl Consensus,14.3,12.8,-1.5,24.4,26.9,10.3,7.9,10.3,16.5,33.1,-332.3,-332.3,0.0,-351.1,-337.4,1,1,1,1,1,1,,,,PIT,1,48,,,FBG_NEGATIVE_WEEK
fbg:LeoaRi00,Riley Leonard,QB,IND,40,Thunder Bowl Consensus,17.5,15.9,-1.6,24.4,28.9,12.5,15.5,15.5,11.9,,-329.2,-329.2,0.0,-348.9,-329.8,1,1,1,1,1,1,,,,IND,0,40,,,
fbg:JoneMa04,Mac Jones,QB,SF,41,Thunder Bowl Consensus,15.7,14.1,-1.6,22.6,23.5,12.5,12.0,12.5,10.6,29.1,-331.0,-331.0,0.0,-348.9,-333.3,1,1,1,1,1,1,,,1.02,SF,0,44,,45,
fbg:TaylTy00,Tyrod Taylor,QB,GB,42,Thunder Bowl Consensus,10.5,8.9,-1.6,20.0,20.5,0.0,11.4,11.4,20.0,,-336.2,-336.2,0.0,-361.4,-333.9,1,1,1,1,1,1,,,,GB,0,69,,,
fbg:McCaJJ00,J.J. McCarthy,QB,MIN,43,Thunder Bowl Consensus,21.2,19.8,-1.4,26.9,21.8,11.7,24.7,24.7,15.2,26.2,-325.3,-325.3,0.0,-349.7,-320.6,1,1,1,1,1,1,,,2.52,MIN,1,39,,37,FBG_NEGATIVE_WEEK
fbg:AlleKy00,Kyle Allen,QB,BUF,44,Thunder Bowl Consensus,13.5,12.0,-1.5,19.5,20.3,10.3,10.5,10.5,9.2,9.1,-333.1,-333.1,0.0,-351.1,-334.8,1,1,1,1,1,1,,,,BUF,1,56,,,FBG_NEGATIVE_WEEK
fbg:MillDa00,Davis Mills,QB,HOU,45,Thunder Bowl Consensus,16.3,14.7,-1.6,19.4,20.4,14.5,14.8,14.8,4.9,21.1,-330.4,-330.4,0.0,-346.9,-330.5,1,1,1,1,1,1,,,,HOU,0,42,,,
fbg:BridTe00,Teddy Bridgewater,QB,DET,46,Thunder Bowl Consensus,8.2,6.6,-1.6,12.2,20.0,0.0,12.4,12.2,12.4,19.6,-338.5,-338.5,0.0,-361.4,-332.9,1,1,1,1,1,1,,,,DET,0,79,,,
fbg:MullNi00,Nick Mullens,QB,JAX,47,Thunder Bowl Consensus,13.6,12.1,-1.5,18.8,19.6,10.3,11.6,11.6,8.5,10.6,-333.0,-333.0,0.0,-351.1,-333.7,1,1,1,1,1,1,,,,JAX,1,54,,,FBG_NEGATIVE_WEEK
fbg:EwerQu00,Quinn Ewers,QB,MIA,48,Thunder Bowl Consensus,15.1,13.6,-1.5,15.9,20.4,16.2,13.1,15.9,3.1,9.8,-331.5,-331.5,0.0,-345.2,-332.2,1,1,1,1,1,1,,,,MIA,0,46,,,
fbg:BageTy00,Tyson Bagent,QB,CHI,49,Thunder Bowl Consensus,15.2,13.7,-1.5,19.6,19.9,12.8,13.0,13.0,6.8,9.4,-331.4,-331.4,0.0,-348.6,-332.3,1,1,1,1,1,1,,,,CHI,0,45,,,
fbg:SimpTy00,Ty Simpson,QB,LAR,50,Thunder Bowl Consensus,29.3,27.9,-1.4,18.5,19.1,42.0,27.6,27.6,23.5,54.5,-317.2,-317.2,0.0,-319.4,-317.7,1,1,1,1,1,1,,,12.98,LAR,0,36,,8,MARKET_RANK_VS_MFL_12
fbg:LancTr00,Trey Lance,QB,LAC,51,Thunder Bowl Consensus,14.1,12.6,-1.5,18.9,18.2,11.9,11.5,11.9,7.4,9.2,-332.5,-332.5,0.0,-349.5,-333.8,1,1,1,1,1,1,,,,LAC,0,49,,,
fbg:DeviTo00,Tommy DeVito,QB,NE,52,Thunder Bowl Consensus,10.2,8.7,-1.5,17.9,18.7,0.0,12.5,12.5,17.9,10.9,-336.4,-336.4,0.0,-361.4,-332.8,1,1,1,1,1,1,,,,NE,0,72,,,
fbg:StidJa00,Jarrett Stidham,QB,DEN,53,Thunder Bowl Consensus,15.0,13.5,-1.5,17.8,18.8,13.9,13.2,13.9,4.6,9.6,-331.6,-331.6,0.0,-347.5,-332.1,1,1,1,1,1,1,,,,DEN,1,47,,,FBG_NEGATIVE_WEEK
fbg:RattSp00,Spencer Rattler,QB,NO,54,Thunder Bowl Consensus,13.5,12.0,-1.5,17.5,19.5,11.9,11.1,11.9,6.4,18.4,-333.1,-333.1,0.0,-349.5,-334.2,1,1,1,1,1,1,,,,NO,0,57,,,
fbg:WinsJa00,Jameis Winston,QB,NYG,55,Thunder Bowl Consensus,13.5,12.0,-1.5,17.7,18.6,9.9,12.9,12.9,7.8,22.1,-333.1,-333.1,0.0,-351.5,-332.4,1,1,1,1,1,1,,,0.59,NYG,1,55,,46,FBG_NEGATIVE_WEEK
fbg:HuntTy00,Tyler Huntley,QB,BAL,56,Thunder Bowl Consensus,13.8,12.2,-1.6,16.5,17.3,13.2,11.7,13.2,4.8,11.3,-332.9,-332.9,0.0,-348.2,-333.6,1,1,1,1,1,1,,,,BAL,0,52,,,
fbg:BrowJa01,Jake Browning,QB,TB,57,Thunder Bowl Consensus,13.4,11.8,-1.6,16.3,17.3,11.9,11.9,11.9,4.4,12.3,-333.3,-333.3,0.0,-349.5,-333.4,1,1,1,1,1,1,,,,TB,0,58,,,
fbg:DaltAn00,Andy Dalton,QB,PHI,58,Thunder Bowl Consensus,13.2,11.7,-1.5,15.8,15.7,11.9,11.9,11.9,3.9,27.9,-333.4,-333.4,0.0,-349.5,-333.4,1,1,1,1,1,1,,,,PHI,0,59,,,
fbg:PickKe00,Kenny Pickett,QB,CAR,59,Thunder Bowl Consensus,12.8,11.3,-1.5,15.7,17.8,11.2,11.5,11.5,4.5,20.4,-333.8,-333.8,0.0,-350.2,-333.8,1,1,1,1,1,1,,,,CAR,0,63,,,
fbg:LockDr00,Drew Lock,QB,SEA,60,Thunder Bowl Consensus,12.8,11.3,-1.5,15.1,15.9,12.5,10.8,12.5,4.3,14.7,-333.8,-333.8,0.0,-348.9,-334.5,1,1,1,1,1,1,,,,SEA,1,61,,,FBG_NEGATIVE_WEEK
fbg:TrubMi00,Mitchell Trubisky,QB,TEN,61,Thunder Bowl Consensus,12.0,10.4,-1.6,14.5,15.4,11.6,9.8,11.6,4.7,,-334.7,-334.7,0.0,-349.8,-335.5,1,1,1,1,1,1,,,,TEN,0,64,,,
cbs:2864759,Desmond Ridder,QB,GB,63,Thunder Bowl Consensus,13.9,12.3,-1.6,,0.0,13.9,,13.9,,19.1,-332.8,-332.8,0.0,-347.5,,1,1,1,1,1,1,,,,FA,0,51,,,TEAM_CONFLICT_FBG
fbg:MiltJo00,Joe Milton III,QB,DAL,64,Thunder Bowl Consensus,12.8,11.2,-1.6,13.4,13.8,15.2,9.8,13.4,5.4,9.2,-333.9,-333.9,0.0,-346.2,-335.5,1,1,1,1,1,1,,,,DAL,1,62,,,FBG_NEGATIVE_WEEK
fbg:MariMa01,Marcus Mariota,QB,WAS,65,Thunder Bowl Consensus,21.6,20.1,-1.5,13.4,14.9,30.3,21.3,21.3,16.9,28.4,-325.0,-325.0,0.0,-331.1,-324.0,1,1,1,1,1,1,,,1.46,WAS,0,38,,41,
cbs:2261701,Chris Oladokun,QB,KC,67,Thunder Bowl Consensus,11.8,10.2,-1.6,,,11.9,11.7,11.8,0.2,9.2,-334.9,-334.9,0.0,-349.5,-333.6,1,1,1,1,1,1,,,,,,65,,,
cbs:26696177,Behren Morton,QB,NE,68,Thunder Bowl Consensus,11.7,10.2,-1.5,,,11.6,11.8,11.7,0.2,35.3,-334.9,-334.9,0.0,-349.8,-333.5,1,1,1,1,1,1,,,,,,66,,,
cbs:26701706,Garrett Nussmeier,QB,KC,69,Thunder Bowl Consensus,11.1,9.6,-1.5,,0.0,10.9,11.2,11.1,0.3,34.9,-335.5,-335.5,0.0,-350.5,-334.1,1,1,1,1,1,1,,,,KC,0,68,,,
cbs:26725861,Cole Payton,QB,PHI,70,Thunder Bowl Consensus,11.1,9.6,-1.5,,,10.9,11.2,11.1,0.3,34.1,-335.5,-335.5,0.0,-350.5,-334.1,1,1,1,1,1,1,,,1.41,,,67,,42,
cbs:28876938,Drew Allar,QB,PIT,71,Thunder Bowl Consensus,10.4,8.9,-1.5,,0.0,10.3,10.5,10.4,0.2,34.2,-336.2,-336.2,0.0,-351.1,-334.8,1,1,1,1,1,1,,,3.82,PIT,0,70,,34,MARKET_RANK_VS_MFL_12
fbg:CookBr00,Brady Cook,QB,NYJ,72,Thunder Bowl Consensus,8.6,7.0,-1.6,9.1,11.9,11.2,5.5,9.1,5.7,10.8,-338.1,-338.1,0.0,-350.2,-339.8,1,1,1,1,1,1,,,,NYJ,0,77,,,
fbg:KlubCa00,Cade Klubnik,QB,NYJ,73,Thunder Bowl Consensus,9.1,7.5,-1.6,6.7,10.0,10.3,10.3,10.3,3.6,34.3,-337.6,-337.6,0.0,-351.1,-335.0,1,1,1,1,1,1,,,1.73,NYJ,0,76,,40,
fbg:HoweSa00,Sam Howell,QB,DAL,74,Thunder Bowl Consensus,7.0,5.4,-1.6,8.8,9.0,0.0,12.1,8.8,12.1,,-339.7,-339.7,0.0,-361.4,-333.2,1,1,1,1,1,1,,,,DAL,0,81,,,
fbg:RudoMa00,Mason Rudolph,QB,PIT,75,Thunder Bowl Consensus,9.2,7.7,-1.5,8.5,9.2,12.6,6.5,8.5,6.1,12.2,-337.4,-337.4,0.0,-348.8,-338.8,1,1,1,1,1,1,,,,PIT,1,75,,,FBG_NEGATIVE_WEEK
fbg:MinsGa00,Gardner Minshew II,QB,ARI,76,Thunder Bowl Consensus,10.4,8.8,-1.6,7.6,7.7,12.9,10.8,10.8,5.3,20.3,-336.3,-336.3,0.0,-348.5,-334.5,1,1,1,1,1,1,,,1.02,ARI,0,71,,44,
fbg:RichAn00,Anthony Richardson Sr.,QB,IND,77,Thunder Bowl Consensus,12.8,11.2,-1.6,5.6,5.6,8.8,24.0,8.8,18.4,17.8,-333.9,-333.9,0.0,-352.6,-321.3,1,1,1,1,1,1,,,2.42,IND,0,60,,38,
fbg:McKeTa00,Tanner McKee,QB,PHI,78,Thunder Bowl Consensus,9.6,8.0,-1.6,5.2,5.5,11.6,12.2,11.6,7.0,9.1,-337.1,-337.1,0.0,-349.8,-333.1,1,1,1,1,1,1,,,,PHI,0,74,,,
fbg:BennSt00,Stetson Bennett IV,QB,LAR,79,Thunder Bowl Consensus,0.8,-0.8,-1.6,2.3,2.2,0.0,0.0,0.0,2.3,25.4,-345.9,-345.9,0.0,-361.4,-345.3,1,1,1,1,1,1,,,,LAR,0,83,,,
fbg:KaliAt00,Athan Kaliakmanis,QB,WAS,80,Thunder Bowl Consensus,1.0,-0.6,-1.6,2.0,2.3,0.0,,1.0,2.0,,-345.7,-345.7,0.0,-361.4,,1,1,1,1,1,1,,,,WAS,0,82,,,
fbg:LeviWi00,Will Levis,QB,TEN,81,Thunder Bowl Consensus,9.7,8.1,-1.6,2.0,1.9,13.9,13.3,13.3,11.9,24.7,-337.0,-337.0,0.0,-347.5,-332.0,1,1,1,1,1,1,,,,TEN,0,73,,,
fbg:MartAd00,Adrian Martinez,QB,SF,82,Thunder Bowl Consensus,8.2,6.6,-1.6,2.5,2.0,10.9,11.3,10.9,8.8,9.0,-338.5,-338.5,0.0,-350.5,-334.0,1,1,1,1,1,1,,,,SF,0,78,,,
fbg:MilrJa00,Jalen Milroe,QB,SEA,83,Thunder Bowl Consensus,7.6,6.1,-1.5,1.7,1.7,10.3,11.0,10.3,9.3,8.9,-339.0,-339.0,0.0,-351.1,-334.3,1,1,1,1,1,1,,,,SEA,0,80,,,
fbg:ZappBa00,Bailey Zappe,QB,NYJ,84,Thunder Bowl Consensus,0.4,-1.2,-1.6,0.8,0.7,0.0,,0.4,0.8,,-346.3,-346.3,0.0,-361.4,,1,1,1,1,1,1,,,,NYJ,0,84,,,
