pack_player_id,player_name,position,nfl_team,fbg_id,cbs_id,fantasypros_id,pff_id,gsis_id,model_id,source_as_of,exported_at,scoring_fingerprint,authority,fbg_points,cbs_points,fantasypros_points,pff_points,raw_consensus_points,mean_reversion_delta,within_position_delta,season_context_delta,durability_delta,availability_delta,modified_projection_points,uncertainty_low,uncertainty_high,fallback_reason,wk1,wk2,wk3,wk4,wk5,wk6,wk7,wk8,wk9,wk10,wk11,wk12,wk13,wk14,wk15,wk16,wk17,wk18
fbg:GibbJa00,Jahmyr Gibbs,RB,DET,GibbJa00,,,,,tb-accuracy-consensus-20260809-v1,2026-08-21T14:45:07.709Z,2026-08-21T14:46:47.271Z,tb26-ppr-6pt-pass-td-minus2-int-2pt-sack-50fg-v1,candidate_only,342,386.4,372.7,345.5,361.5,0,0,0,0,0,361.5,342,386.4,,,,,,,,,,,,,,,,,,,
fbg:RobiBi01,Bijan Robinson,RB,ATL,RobiBi01,,,,,tb-accuracy-consensus-20260809-v1,2026-08-21T14:45:07.709Z,2026-08-21T14:46:47.271Z,tb26-ppr-6pt-pass-td-minus2-int-2pt-sack-50fg-v1,candidate_only,334.8,371.4,369.9,339.1,353.7,0,0,0,0,0,353.7,334.8,371.4,,,,,,,,,,,,,,,,,,,
fbg:ChasJa00,Ja'Marr Chase,WR,CIN,ChasJa00,,,,,tb-accuracy-consensus-20260809-v1,2026-08-21T14:45:07.709Z,2026-08-21T14:46:47.271Z,tb26-ppr-6pt-pass-td-minus2-int-2pt-sack-50fg-v1,candidate_only,334,342.6,335.7,324.1,334.1,0,0,0,0,0,334.1,324.1,342.6,,,,,,,,,,,,,,,,,,,
fbg:McCaCh00,Christian McCaffrey,RB,SF,McCaCh00,,,,,tb-accuracy-consensus-20260809-v1,2026-08-21T14:45:07.709Z,2026-08-21T14:46:47.271Z,tb26-ppr-6pt-pass-td-minus2-int-2pt-sack-50fg-v1,candidate_only,325.4,296.9,334.8,326.6,321,0,0,0,0,0,321,296.9,334.8,,,,,,,,,,,,,,,,,,,
fbg:TaylJo02,Jonathan Taylor,RB,IND,TaylJo02,,,,,tb-accuracy-consensus-20260809-v1,2026-08-21T14:45:07.709Z,2026-08-21T14:46:47.271Z,tb26-ppr-6pt-pass-td-minus2-int-2pt-sack-50fg-v1,candidate_only,278.7,317.1,310.5,322.2,307,0,0,0,0,0,307,278.7,322.2,,,,,,,,,,,,,,,,,,,
fbg:JeanAs00,Ashton Jeanty,RB,LV,JeanAs00,,,,,tb-accuracy-consensus-20260809-v1,2026-08-21T14:45:07.709Z,2026-08-21T14:46:47.271Z,tb26-ppr-6pt-pass-td-minus2-int-2pt-sack-50fg-v1,candidate_only,282.3,269.2,276.3,278.7,276.7,0,0,0,0,0,276.7,269.2,282.3,,,,,,,,,,,,,,,,,,,
fbg:NacuPu00,Puka Nacua,WR,LAR,NacuPu00,,,,,tb-accuracy-consensus-20260809-v1,2026-08-21T14:45:07.709Z,2026-08-21T14:46:47.271Z,tb26-ppr-6pt-pass-td-minus2-int-2pt-sack-50fg-v1,candidate_only,311.4,374.6,355.5,324.4,341.3,0,0,0,0,0,341.3,311.4,374.6,,,,,,,,,,,,,,,,,,,
fbg:BoweBr00,Brock Bowers,TE,LV,BoweBr00,,,,,tb-accuracy-consensus-20260809-v1,2026-08-21T14:45:07.709Z,2026-08-21T14:46:47.271Z,tb26-ppr-6pt-pass-td-minus2-int-2pt-sack-50fg-v1,candidate_only,270.9,245.7,243.9,233.9,248.7,0,0,0,0,0,248.7,233.9,270.9,,,,,,,,,,,,,,,,,,,
fbg:AchaDe00,De'Von Achane,RB,MIA,AchaDe00,,,,,tb-accuracy-consensus-20260809-v1,2026-08-21T14:45:07.709Z,2026-08-21T14:46:47.271Z,tb26-ppr-6pt-pass-td-minus2-int-2pt-sack-50fg-v1,candidate_only,261.8,302.1,292.4,292.3,287,0,0,0,0,0,287,261.8,302.1,,,,,,,,,,,,,,,,,,,
fbg:SmitJa02,Jaxon Smith-Njigba,WR,SEA,SmitJa02,,,,,tb-accuracy-consensus-20260809-v1,2026-08-21T14:45:07.709Z,2026-08-21T14:46:47.271Z,tb26-ppr-6pt-pass-td-minus2-int-2pt-sack-50fg-v1,candidate_only,285.3,344.1,324.5,317.6,317.7,0,0,0,0,0,317.7,285.3,344.1,,,,,,,,,,,,,,,,,,,
fbg:StBrAm00,Amon-Ra St. Brown,WR,DET,StBrAm00,,,,,tb-accuracy-consensus-20260809-v1,2026-08-21T14:45:07.709Z,2026-08-21T14:46:47.271Z,tb26-ppr-6pt-pass-td-minus2-int-2pt-sack-50fg-v1,candidate_only,286.4,304.7,319.8,289.8,300.1,0,0,0,0,0,300.1,286.4,319.8,,,,,,,,,,,,,,,,,,,
fbg:BrowAJ00,A.J. Brown,WR,NE,BrowAJ00,,,,,tb-accuracy-consensus-20260809-v1,2026-08-21T14:45:07.709Z,2026-08-21T14:46:47.271Z,tb26-ppr-6pt-pass-td-minus2-int-2pt-sack-50fg-v1,candidate_only,272.1,254.4,255.5,252.3,258.6,0,0,0,0,0,258.6,252.3,272.1,,,,,,,,,,,,,,,,,,,
fbg:CookJa05,James Cook III,RB,BUF,CookJa05,,,,,tb-accuracy-consensus-20260809-v1,2026-08-21T14:45:07.709Z,2026-08-21T14:46:47.271Z,tb26-ppr-6pt-pass-td-minus2-int-2pt-sack-50fg-v1,candidate_only,260.1,263.6,270.5,288.8,270.7,0,0,0,0,0,270.7,260.1,288.8,,,,,,,,,,,,,,,,,,,
fbg:LambCe00,CeeDee Lamb,WR,DAL,LambCe00,,,,,tb-accuracy-consensus-20260809-v1,2026-08-21T14:45:07.709Z,2026-08-21T14:46:47.271Z,tb26-ppr-6pt-pass-td-minus2-int-2pt-sack-50fg-v1,candidate_only,259.1,258.8,272.7,284.6,268.8,0,0,0,0,0,268.8,258.8,284.6,,,,,,,,,,,,,,,,,,,
fbg:BrowCh06,Chase Brown,RB,CIN,BrowCh06,,,,,tb-accuracy-consensus-20260809-v1,2026-08-21T14:45:07.709Z,2026-08-21T14:46:47.271Z,tb26-ppr-6pt-pass-td-minus2-int-2pt-sack-50fg-v1,candidate_only,257.3,297.9,278.8,275.2,277.2,0,0,0,0,0,277.2,257.3,297.9,,,,,,,,,,,,,,,,,,,
fbg:HampOm00,Omarion Hampton,RB,LAC,HampOm00,,,,,tb-accuracy-consensus-20260809-v1,2026-08-21T14:45:07.709Z,2026-08-21T14:46:47.271Z,tb26-ppr-6pt-pass-td-minus2-int-2pt-sack-50fg-v1,candidate_only,231.8,221.4,254.4,249.4,239.3,0,0,0,0,0,239.3,221.4,254.4,,,,,,,,,,,,,,,,,,,
fbg:LondDr00,Drake London,WR,ATL,LondDr00,,,,,tb-accuracy-consensus-20260809-v1,2026-08-21T14:45:07.709Z,2026-08-21T14:46:47.271Z,tb26-ppr-6pt-pass-td-minus2-int-2pt-sack-50fg-v1,candidate_only,256.7,302.7,287.1,284.7,282.7,0,0,0,0,0,282.7,256.7,302.7,,,,,,,,,,,,,,,,,,,
fbg:AlleJo01,Josh Allen,QB,BUF,AlleJo01,,,,,tb-accuracy-consensus-20260809-v1,2026-08-21T14:45:07.709Z,2026-08-21T14:46:47.271Z,tb26-ppr-6pt-pass-td-minus2-int-2pt-sack-50fg-v1,candidate_only,407.8,390.3,415.9,355.4,392.4,0,0,0,0,0,392.4,355.4,415.9,,,,,,,,,,,,,,,,,,,
fbg:McBrTr01,Trey McBride,TE,ARI,McBrTr01,,,,,tb-accuracy-consensus-20260809-v1,2026-08-21T14:45:07.709Z,2026-08-21T14:46:47.271Z,tb26-ppr-6pt-pass-td-minus2-int-2pt-sack-50fg-v1,candidate_only,233.1,267.6,254.4,246.8,250.4,0,0,0,0,0,250.4,233.1,267.6,,,,,,,,,,,,,,,,,,,
fbg:JeffJu00,Justin Jefferson,WR,MIN,JeffJu00,,,,,tb-accuracy-consensus-20260809-v1,2026-08-21T14:45:07.709Z,2026-08-21T14:46:47.271Z,tb26-ppr-6pt-pass-td-minus2-int-2pt-sack-50fg-v1,candidate_only,251.6,239.7,272.2,290.5,263.5,0,0,0,0,0,263.5,239.7,290.5,,,,,,,,,,,,,,,,,,,
fbg:BarkSa00,Saquon Barkley,RB,PHI,BarkSa00,,,,,tb-accuracy-consensus-20260809-v1,2026-08-21T14:45:07.709Z,2026-08-21T14:46:47.271Z,tb26-ppr-6pt-pass-td-minus2-int-2pt-sack-50fg-v1,candidate_only,249.4,244.7,264.4,248.3,251.7,0,0,0,0,0,251.7,244.7,264.4,,,,,,,,,,,,,,,,,,,
fbg:CollNi00,Nico Collins,WR,HOU,CollNi00,,,,,tb-accuracy-consensus-20260809-v1,2026-08-21T14:45:07.709Z,2026-08-21T14:46:47.271Z,tb26-ppr-6pt-pass-td-minus2-int-2pt-sack-50fg-v1,candidate_only,255.4,274.8,252.8,250.2,258.2,0,0,0,0,0,258.2,250.2,274.8,,,,,,,,,,,,,,,,,,,
fbg:WalkKe01,Ken Walker III,RB,KC,WalkKe01,,,,,tb-accuracy-consensus-20260809-v1,2026-08-21T14:45:07.709Z,2026-08-21T14:46:47.271Z,tb26-ppr-6pt-pass-td-minus2-int-2pt-sack-50fg-v1,candidate_only,248.3,226.5,,,237.5,0,0,0,0,0,237.5,226.5,248.3,,,,,,,,,,,,,,,,,,,
fbg:HallBr01,Breece Hall,RB,NYJ,HallBr01,,,,,tb-accuracy-consensus-20260809-v1,2026-08-21T14:45:07.709Z,2026-08-21T14:46:47.271Z,tb26-ppr-6pt-pass-td-minus2-int-2pt-sack-50fg-v1,candidate_only,235.7,206,245.8,240.4,232.1,0,0,0,0,0,232.1,206,245.8,,,,,,,,,,,,,,,,,,,
fbg:PickGe00,George Pickens,WR,DAL,PickGe00,,,,,tb-accuracy-consensus-20260809-v1,2026-08-21T14:45:07.709Z,2026-08-21T14:46:47.271Z,tb26-ppr-6pt-pass-td-minus2-int-2pt-sack-50fg-v1,candidate_only,236.3,275.7,252.1,239.5,250.8,0,0,0,0,0,250.8,236.3,275.7,,,,,,,,,,,,,,,,,,,
fbg:MayeDr00,Drake Maye,QB,NE,MayeDr00,,,,,tb-accuracy-consensus-20260809-v1,2026-08-21T14:45:07.709Z,2026-08-21T14:46:47.271Z,tb26-ppr-6pt-pass-td-minus2-int-2pt-sack-50fg-v1,candidate_only,380.1,335.9,368.6,350.8,359,0,0,0,0,0,359,335.9,380.1,,,,,,,,,,,,,,,,,,,
fbg:LoveJe01,Jeremiyah Love,RB,ARI,LoveJe01,,,,,tb-accuracy-consensus-20260809-v1,2026-08-21T14:45:07.709Z,2026-08-21T14:46:47.271Z,tb26-ppr-6pt-pass-td-minus2-int-2pt-sack-50fg-v1,candidate_only,224.9,214.3,255.3,239.6,233.6,0,0,0,0,0,233.6,214.3,255.3,,,,,,,,,,,,,,,,,,,
fbg:HenrDe00,Derrick Henry,RB,BAL,HenrDe00,,,,,tb-accuracy-consensus-20260809-v1,2026-08-21T14:45:07.709Z,2026-08-21T14:46:47.271Z,tb26-ppr-6pt-pass-td-minus2-int-2pt-sack-50fg-v1,candidate_only,240.2,270,273.7,240.6,256,0,0,0,0,0,256,240.2,273.7,,,,,,,,,,,,,,,,,,,
fbg:WarrTy00,Tyler Warren,TE,IND,WarrTy00,,,,,tb-accuracy-consensus-20260809-v1,2026-08-21T14:45:07.709Z,2026-08-21T14:46:47.271Z,tb26-ppr-6pt-pass-td-minus2-int-2pt-sack-50fg-v1,candidate_only,188.3,192.2,199.2,197.3,194.2,0,0,0,0,0,194.2,188.3,199.2,,,,,,,,,,,,,,,,,,,
fbg:JacoJo00,Josh Jacobs,RB,GB,JacoJo00,,,,,tb-accuracy-consensus-20260809-v1,2026-08-21T14:45:07.709Z,2026-08-21T14:46:47.271Z,tb26-ppr-6pt-pass-td-minus2-int-2pt-sack-50fg-v1,candidate_only,226.7,232.1,248.3,240.9,237,0,0,0,0,0,237,226.7,248.3,,,,,,,,,,,,,,,,,,,
fbg:LoveCo00,Colston Loveland,TE,CHI,LoveCo00,,,,,tb-accuracy-consensus-20260809-v1,2026-08-21T14:45:07.709Z,2026-08-21T14:46:47.271Z,tb26-ppr-6pt-pass-td-minus2-int-2pt-sack-50fg-v1,candidate_only,183.9,224.6,211.6,209.8,207.4,0,0,0,0,0,207.4,183.9,224.6,,,,,,,,,,,,,,,,,,,
fbg:RiceRa01,Rashee Rice,WR,KC,RiceRa01,,,,,tb-accuracy-consensus-20260809-v1,2026-08-21T14:45:07.709Z,2026-08-21T14:46:47.271Z,tb26-ppr-6pt-pass-td-minus2-int-2pt-sack-50fg-v1,candidate_only,218.3,295.5,274.1,232.9,255,0,0,0,0,0,255,218.3,295.5,,,,,,,,,,,,,,,,,,,
fbg:SmitDe04,DeVonta Smith,WR,PHI,SmitDe04,,,,,tb-accuracy-consensus-20260809-v1,2026-08-21T14:45:07.709Z,2026-08-21T14:46:47.271Z,tb26-ppr-6pt-pass-td-minus2-int-2pt-sack-50fg-v1,candidate_only,236.9,225.3,236.7,248.4,236.9,0,0,0,0,0,236.9,225.3,248.4,,,,,,,,,,,,,,,,,,,
fbg:WillKy02,Kyren Williams,RB,LAR,WillKy02,,,,,tb-accuracy-consensus-20260809-v1,2026-08-21T14:45:07.709Z,2026-08-21T14:46:47.271Z,tb26-ppr-6pt-pass-td-minus2-int-2pt-sack-50fg-v1,candidate_only,230,232.7,240.4,240.8,236,0,0,0,0,0,236,230,240.8,,,,,,,,,,,,,,,,,,,
fbg:BurrJo01,Joe Burrow,QB,CIN,BurrJo01,,,,,tb-accuracy-consensus-20260809-v1,2026-08-21T14:45:07.709Z,2026-08-21T14:46:47.271Z,tb26-ppr-6pt-pass-td-minus2-int-2pt-sack-50fg-v1,candidate_only,374,348.7,366.1,348.4,359.4,0,0,0,0,0,359.4,348.4,374,,,,,,,,,,,,,,,,,,,
fbg:WillJa08,Javonte Williams,RB,DAL,WillJa08,,,,,tb-accuracy-consensus-20260809-v1,2026-08-21T14:45:07.709Z,2026-08-21T14:46:47.271Z,tb26-ppr-6pt-pass-td-minus2-int-2pt-sack-50fg-v1,candidate_only,225.5,209.2,234.6,236.2,226.4,0,0,0,0,0,226.4,209.2,236.2,,,,,,,,,,,,,,,,,,,
fbg:OlavCh00,Chris Olave,WR,NO,OlavCh00,,,,,tb-accuracy-consensus-20260809-v1,2026-08-21T14:45:07.709Z,2026-08-21T14:46:47.271Z,tb26-ppr-6pt-pass-td-minus2-int-2pt-sack-50fg-v1,candidate_only,224.6,265.9,261.8,241.1,248.2,0,0,0,0,0,248.2,224.6,265.9,,,,,,,,,,,,,,,,,,,
fbg:SkatCa00,Cam Skattebo,RB,NYG,SkatCa00,,,,,tb-accuracy-consensus-20260809-v1,2026-08-21T14:45:07.709Z,2026-08-21T14:46:47.271Z,tb26-ppr-6pt-pass-td-minus2-int-2pt-sack-50fg-v1,candidate_only,197,224.8,235,186.9,210.8,0,0,0,0,0,210.8,186.9,235,,,,,,,,,,,,,,,,,,,
fbg:NabeMa00,Malik Nabers,WR,NYG,NabeMa00,,,,,tb-accuracy-consensus-20260809-v1,2026-08-21T14:45:07.709Z,2026-08-21T14:46:47.271Z,tb26-ppr-6pt-pass-td-minus2-int-2pt-sack-50fg-v1,candidate_only,218.1,248.4,240.4,233.3,235,0,0,0,0,0,235,218.1,248.4,,,,,,,,,,,,,,,,,,,
fbg:McCoLa00,Ladd McConkey,WR,LAC,McCoLa00,,,,,tb-accuracy-consensus-20260809-v1,2026-08-21T14:45:07.709Z,2026-08-21T14:46:47.271Z,tb26-ppr-6pt-pass-td-minus2-int-2pt-sack-50fg-v1,candidate_only,228.7,220.1,220.4,232.1,225.3,0,0,0,0,0,225.3,220.1,232.1,,,,,,,,,,,,,,,,,,,
fbg:JackLa00,Lamar Jackson,QB,BAL,JackLa00,,,,,tb-accuracy-consensus-20260809-v1,2026-08-21T14:45:07.709Z,2026-08-21T14:46:47.271Z,tb26-ppr-6pt-pass-td-minus2-int-2pt-sack-50fg-v1,candidate_only,363.7,379.4,371.5,345,364.9,0,0,0,0,0,364.9,345,379.4,,,,,,,,,,,,,,,,,,,
fbg:EtieTr00,Travis Etienne Jr.,RB,NO,EtieTr00,,,,,tb-accuracy-consensus-20260809-v1,2026-08-21T14:45:07.709Z,2026-08-21T14:46:47.271Z,tb26-ppr-6pt-pass-td-minus2-int-2pt-sack-50fg-v1,candidate_only,216.9,218.6,234.8,201.4,217.9,0,0,0,0,0,217.9,201.4,234.8,,,,,,,,,,,,,,,,,,,
fbg:FlowZa00,Zay Flowers,WR,BAL,FlowZa00,,,,,tb-accuracy-consensus-20260809-v1,2026-08-21T14:45:07.709Z,2026-08-21T14:46:47.271Z,tb26-ppr-6pt-pass-td-minus2-int-2pt-sack-50fg-v1,candidate_only,221.6,236.6,241.8,237.2,234.3,0,0,0,0,0,234.3,221.6,241.8,,,,,,,,,,,,,,,,,,,
fbg:McMiTe00,Tetairoa McMillan,WR,CAR,McMiTe00,,,,,tb-accuracy-consensus-20260809-v1,2026-08-21T14:45:07.709Z,2026-08-21T14:46:47.271Z,tb26-ppr-6pt-pass-td-minus2-int-2pt-sack-50fg-v1,candidate_only,212.9,229.6,233.6,236.1,228,0,0,0,0,0,228,212.9,236.1,,,,,,,,,,,,,,,,,,,
fbg:JudkQu00,Quinshon Judkins,RB,CLE,JudkQu00,,,,,tb-accuracy-consensus-20260809-v1,2026-08-21T14:45:07.709Z,2026-08-21T14:46:47.271Z,tb26-ppr-6pt-pass-td-minus2-int-2pt-sack-50fg-v1,candidate_only,216.1,195,214.1,223.6,212.3,0,0,0,0,0,212.3,195,223.6,,,,,,,,,,,,,,,,,,,
fbg:PittKy00,Kyle Pitts Sr.,TE,ATL,PittKy00,,,,,tb-accuracy-consensus-20260809-v1,2026-08-21T14:45:07.709Z,2026-08-21T14:46:47.271Z,tb26-ppr-6pt-pass-td-minus2-int-2pt-sack-50fg-v1,candidate_only,179.9,201.7,195.6,194,192.7,0,0,0,0,0,192.7,179.9,201.7,,,,,,,,,,,,,,,,,,,
fbg:HiggTe00,Tee Higgins,WR,CIN,HiggTe00,,,,,tb-accuracy-consensus-20260809-v1,2026-08-21T14:45:07.709Z,2026-08-21T14:46:47.271Z,tb26-ppr-6pt-pass-td-minus2-int-2pt-sack-50fg-v1,candidate_only,219.4,230.4,221.5,222.8,223.5,0,0,0,0,0,223.5,219.4,230.4,,,,,,,,,,,,,,,,,,,
fbg:IrviBu00,Bucky Irving,RB,TB,IrviBu00,,,,,tb-accuracy-consensus-20260809-v1,2026-08-21T14:45:07.709Z,2026-08-21T14:46:47.271Z,tb26-ppr-6pt-pass-td-minus2-int-2pt-sack-50fg-v1,candidate_only,199.3,237.8,223.3,219.8,219.9,0,0,0,0,0,219.9,199.3,237.8,,,,,,,,,,,,,,,,,,,
fbg:FannHa00,Harold Fannin Jr.,TE,CLE,FannHa00,,,,,tb-accuracy-consensus-20260809-v1,2026-08-21T14:45:07.709Z,2026-08-21T14:46:47.271Z,tb26-ppr-6pt-pass-td-minus2-int-2pt-sack-50fg-v1,candidate_only,173.5,202.3,191.2,203.6,192.6,0,0,0,0,0,192.6,173.5,203.6,,,,,,,,,,,,,,,,,,,
fbg:DaniJa00,Jayden Daniels,QB,WAS,DaniJa00,,,,,tb-accuracy-consensus-20260809-v1,2026-08-21T14:45:07.709Z,2026-08-21T14:46:47.271Z,tb26-ppr-6pt-pass-td-minus2-int-2pt-sack-50fg-v1,candidate_only,344.2,365.5,359.2,331.9,350.1,0,0,0,0,0,350.1,331.9,365.5,,,,,,,,,,,,,,,,,,,
fbg:BurdLu00,Luther Burden III,WR,CHI,BurdLu00,,,,,tb-accuracy-consensus-20260809-v1,2026-08-21T14:45:07.709Z,2026-08-21T14:46:47.271Z,tb26-ppr-6pt-pass-td-minus2-int-2pt-sack-50fg-v1,candidate_only,215.9,207.2,208,223.9,213.8,0,0,0,0,0,213.8,207.2,223.9,,,,,,,,,,,,,,,,,,,
fbg:SwifDA00,D'Andre Swift,RB,CHI,SwifDA00,,,,,tb-accuracy-consensus-20260809-v1,2026-08-21T14:45:07.709Z,2026-08-21T14:46:47.271Z,tb26-ppr-6pt-pass-td-minus2-int-2pt-sack-50fg-v1,candidate_only,208.1,227.5,222.8,204.7,215.7,0,0,0,0,0,215.7,204.7,227.5,,,,,,,,,,,,,,,,,,,
fbg:WarrJa00,Jaylen Warren,RB,PIT,WarrJa00,,,,,tb-accuracy-consensus-20260809-v1,2026-08-21T14:45:07.709Z,2026-08-21T14:46:47.271Z,tb26-ppr-6pt-pass-td-minus2-int-2pt-sack-50fg-v1,candidate_only,202.3,182.8,197.5,174.5,189.3,0,0,0,0,0,189.3,174.5,202.3,,,,,,,,,,,,,,,,,,,
cbs:1759407,Michael Burton,RB,CLE,,1759407,,,,tb-accuracy-consensus-20260809-v1,2026-08-21T14:45:07.709Z,2026-08-21T14:46:47.271Z,tb26-ppr-6pt-pass-td-minus2-int-2pt-sack-50fg-v1,candidate_only,,,17,,17,0,0,0,0,0,17,17,17,Single-source pass-through; no second premium projection matched this player,,,,,,,,,,,,,,,,,,
fbg:KelcTr00,Travis Kelce,TE,KC,KelcTr00,,,,,tb-accuracy-consensus-20260809-v1,2026-08-21T14:45:07.709Z,2026-08-21T14:46:47.271Z,tb26-ppr-6pt-pass-td-minus2-int-2pt-sack-50fg-v1,candidate_only,178.4,179.7,181.6,188.4,182,0,0,0,0,0,182,178.4,188.4,,,,,,,,,,,,,,,,,,,
fbg:HurtJa00,Jalen Hurts,QB,PHI,HurtJa00,,,,,tb-accuracy-consensus-20260809-v1,2026-08-21T14:45:07.709Z,2026-08-21T14:46:47.271Z,tb26-ppr-6pt-pass-td-minus2-int-2pt-sack-50fg-v1,candidate_only,353.3,348.7,361.7,341.6,351.3,0,0,0,0,0,351.3,341.6,361.7,,,,,,,,,,,,,,,,,,,
fbg:WilsGa00,Garrett Wilson,WR,NYJ,WilsGa00,,,,,tb-accuracy-consensus-20260809-v1,2026-08-21T14:45:07.709Z,2026-08-21T14:46:47.271Z,tb26-ppr-6pt-pass-td-minus2-int-2pt-sack-50fg-v1,candidate_only,221.5,226.6,242.7,238.3,232.3,0,0,0,0,0,232.3,221.5,242.7,,,,,,,,,,,,,,,,,,,
fbg:MoorDJ00,DJ Moore,WR,BUF,MoorDJ00,,,,,tb-accuracy-consensus-20260809-v1,2026-08-21T14:45:07.709Z,2026-08-21T14:46:47.271Z,tb26-ppr-6pt-pass-td-minus2-int-2pt-sack-50fg-v1,candidate_only,213.2,199.5,208.7,215.8,209.3,0,0,0,0,0,209.3,199.5,215.8,,,,,,,,,,,,,,,,,,,
fbg:WaddJa00,Jaylen Waddle,WR,DEN,WaddJa00,,,,,tb-accuracy-consensus-20260809-v1,2026-08-21T14:45:07.709Z,2026-08-21T14:46:47.271Z,tb26-ppr-6pt-pass-td-minus2-int-2pt-sack-50fg-v1,candidate_only,217.2,221.4,210.1,222.1,217.7,0,0,0,0,0,217.7,210.1,222.1,,,,,,,,,,,,,,,,,,,
cbs:1824308,Ameer Abdullah,RB,JAC,,1824308,,,,tb-accuracy-consensus-20260809-v1,2026-08-21T14:45:07.709Z,2026-08-21T14:46:47.271Z,tb26-ppr-6pt-pass-td-minus2-int-2pt-sack-50fg-v1,candidate_only,3.8,,,,3.8,0,0,0,0,0,3.8,3.8,3.8,Single-source pass-through; no second premium projection matched this player,,,,,,,,,,,,,,,,,,
cbs:2010409,Dare Ogunbowale,RB,HOU,,2010409,,,,tb-accuracy-consensus-20260809-v1,2026-08-21T14:45:07.709Z,2026-08-21T14:46:47.271Z,tb26-ppr-6pt-pass-td-minus2-int-2pt-sack-50fg-v1,candidate_only,,22,,,22,0,0,0,0,0,22,22,22,Single-source pass-through; no second premium projection matched this player,,,,,,,,,,,,,,,,,,
fbg:denxxx99,Denver Broncos,DST,DEN,denxxx99,,,,,tb-accuracy-consensus-20260809-v1,2026-08-21T14:45:07.709Z,2026-08-21T14:46:47.271Z,tb26-ppr-6pt-pass-td-minus2-int-2pt-sack-50fg-v1,candidate_only,208.3,,,,208.3,0,0,0,0,0,208.3,208.3,208.3,Single-source pass-through; no second premium projection matched this player,,,,,,,,,,,,,,,,,,
fbg:KrafTu00,Tucker Kraft,TE,GB,KrafTu00,,,,,tb-accuracy-consensus-20260809-v1,2026-08-21T14:45:07.709Z,2026-08-21T14:46:47.271Z,tb26-ppr-6pt-pass-td-minus2-int-2pt-sack-50fg-v1,candidate_only,173.6,186.5,178.7,209.9,187.1,0,0,0,0,0,187.1,173.6,209.9,,,,,,,,,,,,,,,,,,,
fbg:PresDa01,Dak Prescott,QB,DAL,PresDa01,,,,,tb-accuracy-consensus-20260809-v1,2026-08-21T14:45:07.709Z,2026-08-21T14:46:47.271Z,tb26-ppr-6pt-pass-td-minus2-int-2pt-sack-50fg-v1,candidate_only,342.8,350.8,356.4,,350,0,0,0,0,0,350,342.8,356.4,,,,,,,,,,,,,,,,,,,
fbg:EgbuEm00,Emeka Egbuka,WR,TB,EgbuEm00,,,,,tb-accuracy-consensus-20260809-v1,2026-08-21T14:45:07.709Z,2026-08-21T14:46:47.271Z,tb26-ppr-6pt-pass-td-minus2-int-2pt-sack-50fg-v1,candidate_only,204.3,218.6,228.2,222.7,218.4,0,0,0,0,0,218.4,204.3,228.2,,,,,,,,,,,,,,,,,,,
cbs:1620002,Tyler Johnson,WR,DAL,,1620002,,,,tb-accuracy-consensus-20260809-v1,2026-08-21T14:45:07.709Z,2026-08-21T14:46:47.271Z,tb26-ppr-6pt-pass-td-minus2-int-2pt-sack-50fg-v1,candidate_only,,36.7,,,36.7,0,0,0,0,0,36.7,36.7,36.7,Single-source pass-through; no second premium projection matched this player,,,,,,,,,,,,,,,,,,
cbs:2131774,Andrew Beck,RB,NYJ,,2131774,,,,tb-accuracy-consensus-20260809-v1,2026-08-21T14:45:07.709Z,2026-08-21T14:46:47.271Z,tb26-ppr-6pt-pass-td-minus2-int-2pt-sack-50fg-v1,candidate_only,,,14.8,,14.8,0,0,0,0,0,14.8,14.8,14.8,Single-source pass-through; no second premium projection matched this player,,,,,,,,,,,,,,,,,,
cbs:2131579,Nick Chubb,RB,HOU,,2131579,,,,tb-accuracy-consensus-20260809-v1,2026-08-21T14:45:07.709Z,2026-08-21T14:46:47.271Z,tb26-ppr-6pt-pass-td-minus2-int-2pt-sack-50fg-v1,candidate_only,,14.9,,,14.9,0,0,0,0,0,14.9,14.9,14.9,Single-source pass-through; no second premium projection matched this player,,,,,,,,,,,,,,,,,,
cbs:1737078,DeAndre Hopkins,WR,BAL,,1737078,,,,tb-accuracy-consensus-20260809-v1,2026-08-21T14:45:07.709Z,2026-08-21T14:46:47.271Z,tb26-ppr-6pt-pass-td-minus2-int-2pt-sack-50fg-v1,candidate_only,,20.8,,,20.8,0,0,0,0,0,20.8,20.8,20.8,Single-source pass-through; no second premium projection matched this player,,,,,,,,,,,,,,,,,,
cbs:2174957,Raheem Mostert,RB,LV,,2174957,,,,tb-accuracy-consensus-20260809-v1,2026-08-21T14:45:07.709Z,2026-08-21T14:46:47.271Z,tb26-ppr-6pt-pass-td-minus2-int-2pt-sack-50fg-v1,candidate_only,,11.8,,,11.8,0,0,0,0,0,11.8,11.8,11.8,Single-source pass-through; no second premium projection matched this player,,,,,,,,,,,,,,,,,,
fbg:htxxxx99,Houston Texans,DST,HOU,htxxxx99,,,,,tb-accuracy-consensus-20260809-v1,2026-08-21T14:45:07.709Z,2026-08-21T14:46:47.271Z,tb26-ppr-6pt-pass-td-minus2-int-2pt-sack-50fg-v1,candidate_only,204.8,,,,204.8,0,0,0,0,0,204.8,204.8,204.8,Single-source pass-through; no second premium projection matched this player,,,,,,,,,,,,,,,,,,
fbg:StafMa00,Matthew Stafford,QB,LAR,StafMa00,,,,,tb-accuracy-consensus-20260809-v1,2026-08-21T14:45:07.709Z,2026-08-21T14:46:47.271Z,tb26-ppr-6pt-pass-td-minus2-int-2pt-sack-50fg-v1,candidate_only,342.2,334.5,353.4,,343.4,0,0,0,0,0,343.4,334.5,353.4,,,,,,,,,,,,,,,,,,,
cbs:2222046,Trayveon Williams,RB,CLE,,2222046,,,,tb-accuracy-consensus-20260809-v1,2026-08-21T14:45:07.709Z,2026-08-21T14:46:47.271Z,tb26-ppr-6pt-pass-td-minus2-int-2pt-sack-50fg-v1,candidate_only,,,36.5,,36.5,0,0,0,0,0,36.5,36.5,36.5,Single-source pass-through; no second premium projection matched this player,,,,,,,,,,,,,,,,,,
cbs:1860834,Tyler Lockett,WR,LV,,1860834,,,,tb-accuracy-consensus-20260809-v1,2026-08-21T14:45:07.709Z,2026-08-21T14:46:47.271Z,tb26-ppr-6pt-pass-td-minus2-int-2pt-sack-50fg-v1,candidate_only,,24.8,,,24.8,0,0,0,0,0,24.8,24.8,24.8,Single-source pass-through; no second premium projection matched this player,,,,,,,,,,,,,,,,,,
cbs:2188826,Adam Prentice,RB,DEN,,2188826,,,,tb-accuracy-consensus-20260809-v1,2026-08-21T14:45:07.709Z,2026-08-21T14:46:47.271Z,tb26-ppr-6pt-pass-td-minus2-int-2pt-sack-50fg-v1,candidate_only,,,10.6,,10.6,0,0,0,0,0,10.6,10.6,10.6,Single-source pass-through; no second premium projection matched this player,,,,,,,,,,,,,,,,,,
fbg:seaxxx99,Seattle Seahawks,DST,SEA,seaxxx99,,,,,tb-accuracy-consensus-20260809-v1,2026-08-21T14:45:07.709Z,2026-08-21T14:46:47.271Z,tb26-ppr-6pt-pass-td-minus2-int-2pt-sack-50fg-v1,candidate_only,186.6,,,,186.6,0,0,0,0,0,186.6,186.6,186.6,Single-source pass-through; no second premium projection matched this player,,,,,,,,,,,,,,,,,,
fbg:ramxxx99,Los Angeles Rams,DST,LAR,ramxxx99,,,,,tb-accuracy-consensus-20260809-v1,2026-08-21T14:45:07.709Z,2026-08-21T14:46:47.271Z,tb26-ppr-6pt-pass-td-minus2-int-2pt-sack-50fg-v1,candidate_only,167.7,,,,167.7,0,0,0,0,0,167.7,167.7,167.7,Single-source pass-through; no second premium projection matched this player,,,,,,,,,,,,,,,,,,
fbg:phixxx99,Philadelphia Eagles,DST,PHI,phixxx99,,,,,tb-accuracy-consensus-20260809-v1,2026-08-21T14:45:07.709Z,2026-08-21T14:46:47.271Z,tb26-ppr-6pt-pass-td-minus2-int-2pt-sack-50fg-v1,candidate_only,165.1,,,,165.1,0,0,0,0,0,165.1,165.1,165.1,Single-source pass-through; no second premium projection matched this player,,,,,,,,,,,,,,,,,,
fbg:MyerJa44,Jason Myers,K,SEA,MyerJa44,,,,,tb-accuracy-consensus-20260809-v1,2026-08-21T14:45:07.709Z,2026-08-21T14:46:47.271Z,tb26-ppr-6pt-pass-td-minus2-int-2pt-sack-50fg-v1,candidate_only,140.6,,,,140.6,0,0,0,0,0,140.6,140.6,140.6,Single-source pass-through; no second premium projection matched this player,,,,,,,,,,,,,,,,,,
fbg:FairKa99,Ka'imi Fairbairn,K,HOU,FairKa99,,,,,tb-accuracy-consensus-20260809-v1,2026-08-21T14:45:07.709Z,2026-08-21T14:46:47.271Z,tb26-ppr-6pt-pass-td-minus2-int-2pt-sack-50fg-v1,candidate_only,138.8,,,,138.8,0,0,0,0,0,138.8,138.8,138.8,Single-source pass-through; no second premium projection matched this player,,,,,,,,,,,,,,,,,,
fbg:AndrMa00,Mark Andrews,TE,BAL,AndrMa00,,,,,tb-accuracy-consensus-20260809-v1,2026-08-21T14:45:07.709Z,2026-08-21T14:46:47.271Z,tb26-ppr-6pt-pass-td-minus2-int-2pt-sack-50fg-v1,candidate_only,156.9,170.1,167.2,175.7,167.4,0,0,0,0,0,167.4,156.9,175.7,,,,,,,,,,,,,,,,,,,
fbg:HerbJu00,Justin Herbert,QB,LAC,HerbJu00,,,,,tb-accuracy-consensus-20260809-v1,2026-08-21T14:45:07.709Z,2026-08-21T14:46:47.271Z,tb26-ppr-6pt-pass-td-minus2-int-2pt-sack-50fg-v1,candidate_only,337.9,337.1,340.1,322.4,334.4,0,0,0,0,0,334.4,322.4,340.1,,,,,,,,,,,,,,,,,,,
fbg:WillCa01,Caleb Williams,QB,CHI,WillCa01,,,,,tb-accuracy-consensus-20260809-v1,2026-08-21T14:45:07.709Z,2026-08-21T14:46:47.271Z,tb26-ppr-6pt-pass-td-minus2-int-2pt-sack-50fg-v1,candidate_only,338.4,346.5,346.9,,343.9,0,0,0,0,0,343.9,338.4,346.9,,,,,,,,,,,,,,,,,,,
fbg:LapoSa00,Sam LaPorta,TE,DET,LapoSa00,,,,,tb-accuracy-consensus-20260809-v1,2026-08-21T14:45:07.709Z,2026-08-21T14:46:47.271Z,tb26-ppr-6pt-pass-td-minus2-int-2pt-sack-50fg-v1,candidate_only,166.5,188.4,179.8,203.7,184.5,0,0,0,0,0,184.5,166.5,203.7,,,,,,,,,,,,,,,,,,,
fbg:LawrTr00,Trevor Lawrence,QB,JAX,LawrTr00,,,,,tb-accuracy-consensus-20260809-v1,2026-08-21T14:45:07.709Z,2026-08-21T14:46:47.271Z,tb26-ppr-6pt-pass-td-minus2-int-2pt-sack-50fg-v1,candidate_only,335.1,348.3,347.1,,343.5,0,0,0,0,0,343.5,335.1,348.3,,,,,,,,,,,,,,,,,,,
fbg:LikeIs00,Isaiah Likely,TE,NYG,LikeIs00,,,,,tb-accuracy-consensus-20260809-v1,2026-08-21T14:45:07.709Z,2026-08-21T14:46:47.271Z,tb26-ppr-6pt-pass-td-minus2-int-2pt-sack-50fg-v1,candidate_only,158.9,187.9,164.8,175.1,171.6,0,0,0,0,0,171.6,158.9,187.9,,,,,,,,,,,,,,,,,,,
cbs:2071540,Marquez Valdes-Scantling,WR,DAL,,2071540,,,,tb-accuracy-consensus-20260809-v1,2026-08-21T14:45:07.709Z,2026-08-21T14:46:47.271Z,tb26-ppr-6pt-pass-td-minus2-int-2pt-sack-50fg-v1,candidate_only,,40,,,40,0,0,0,0,0,40,40,40,Single-source pass-through; no second premium projection matched this player,,,,,,,,,,,,,,,,,,
cbs:2080270,Zay Jones,WR,ARI,,2080270,,,,tb-accuracy-consensus-20260809-v1,2026-08-21T14:45:07.709Z,2026-08-21T14:46:47.271Z,tb26-ppr-6pt-pass-td-minus2-int-2pt-sack-50fg-v1,candidate_only,,33.3,,,33.3,0,0,0,0,0,33.3,33.3,33.3,Single-source pass-through; no second premium projection matched this player,,,,,,,,,,,,,,,,,,
cbs:1871375,Chris Moore,WR,BAL,,1871375,,,,tb-accuracy-consensus-20260809-v1,2026-08-21T14:45:07.709Z,2026-08-21T14:46:47.271Z,tb26-ppr-6pt-pass-td-minus2-int-2pt-sack-50fg-v1,candidate_only,,30,,,30,0,0,0,0,0,30,30,30,Single-source pass-through; no second premium projection matched this player,,,,,,,,,,,,,,,,,,
cbs:1880880,Brandin Cooks,WR,BUF,,1880880,,,,tb-accuracy-consensus-20260809-v1,2026-08-21T14:45:07.709Z,2026-08-21T14:46:47.271Z,tb26-ppr-6pt-pass-td-minus2-int-2pt-sack-50fg-v1,candidate_only,,29.7,,,29.7,0,0,0,0,0,29.7,29.7,29.7,Single-source pass-through; no second premium projection matched this player,,,,,,,,,,,,,,,,,,
cbs:2256736,Patrick Taylor,RB,SF,,2256736,,,,tb-accuracy-consensus-20260809-v1,2026-08-21T14:45:07.709Z,2026-08-21T14:46:47.271Z,tb26-ppr-6pt-pass-td-minus2-int-2pt-sack-50fg-v1,candidate_only,,19.1,,,19.1,0,0,0,0,0,19.1,19.1,19.1,Single-source pass-through; no second premium projection matched this player,,,,,,,,,,,,,,,,,,
cbs:1996786,Sterling Shepard,WR,TB,,1996786,,,,tb-accuracy-consensus-20260809-v1,2026-08-21T14:45:07.709Z,2026-08-21T14:46:47.271Z,tb26-ppr-6pt-pass-td-minus2-int-2pt-sack-50fg-v1,candidate_only,,27.7,,,27.7,0,0,0,0,0,27.7,27.7,27.7,Single-source pass-through; no second premium projection matched this player,,,,,,,,,,,,,,,,,,
cbs:2261254,Kene Nwangwu,RB,NYJ,,2261254,,,,tb-accuracy-consensus-20260809-v1,2026-08-21T14:45:07.709Z,2026-08-21T14:46:47.271Z,tb26-ppr-6pt-pass-td-minus2-int-2pt-sack-50fg-v1,candidate_only,1.2,,,,1.2,0,0,0,0,0,1.2,1.2,1.2,Single-source pass-through; no second premium projection matched this player,,,,,,,,,,,,,,,,,,
cbs:2131796,Josh Reynolds,WR,NYJ,,2131796,,,,tb-accuracy-consensus-20260809-v1,2026-08-21T14:45:07.709Z,2026-08-21T14:46:47.271Z,tb26-ppr-6pt-pass-td-minus2-int-2pt-sack-50fg-v1,candidate_only,,23.8,,,23.8,0,0,0,0,0,23.8,23.8,23.8,Single-source pass-through; no second premium projection matched this player,,,,,,,,,,,,,,,,,,
cbs:2251305,Miles Sanders,RB,DAL,,2251305,,,,tb-accuracy-consensus-20260809-v1,2026-08-21T14:45:07.709Z,2026-08-21T14:46:47.271Z,tb26-ppr-6pt-pass-td-minus2-int-2pt-sack-50fg-v1,candidate_only,,9.9,,,9.9,0,0,0,0,0,9.9,9.9,9.9,Single-source pass-through; no second premium projection matched this player,,,,,,,,,,,,,,,,,,
cbs:2249831,Travis Homer,RB,PIT,,2249831,,,,tb-accuracy-consensus-20260809-v1,2026-08-21T14:45:07.709Z,2026-08-21T14:46:47.271Z,tb26-ppr-6pt-pass-td-minus2-int-2pt-sack-50fg-v1,candidate_only,3.8,,,,3.8,0,0,0,0,0,3.8,3.8,3.8,Single-source pass-through; no second premium projection matched this player,,,,,,,,,,,,,,,,,,
fbg:minxxx99,Minnesota Vikings,DST,MIN,minxxx99,,,,,tb-accuracy-consensus-20260809-v1,2026-08-21T14:45:07.709Z,2026-08-21T14:46:47.271Z,tb26-ppr-6pt-pass-td-minus2-int-2pt-sack-50fg-v1,candidate_only,171.7,,,,171.7,0,0,0,0,0,171.7,171.7,171.7,Single-source pass-through; no second premium projection matched this player,,,,,,,,,,,,,,,,,,
fbg:atlxxx99,Atlanta Falcons,DST,ATL,atlxxx99,,,,,tb-accuracy-consensus-20260809-v1,2026-08-21T14:45:07.709Z,2026-08-21T14:46:47.271Z,tb26-ppr-6pt-pass-td-minus2-int-2pt-sack-50fg-v1,candidate_only,172.8,,,,172.8,0,0,0,0,0,172.8,172.8,172.8,Single-source pass-through; no second premium projection matched this player,,,,,,,,,,,,,,,,,,
fbg:detxxx99,Detroit Lions,DST,DET,detxxx99,,,,,tb-accuracy-consensus-20260809-v1,2026-08-21T14:45:07.709Z,2026-08-21T14:46:47.271Z,tb26-ppr-6pt-pass-td-minus2-int-2pt-sack-50fg-v1,candidate_only,167,,,,167,0,0,0,0,0,167,167,167,Single-source pass-through; no second premium projection matched this player,,,,,,,,,,,,,,,,,,
fbg:sdgxxx99,Los Angeles Chargers,DST,LAC,sdgxxx99,,,,,tb-accuracy-consensus-20260809-v1,2026-08-21T14:45:07.709Z,2026-08-21T14:46:47.271Z,tb26-ppr-6pt-pass-td-minus2-int-2pt-sack-50fg-v1,candidate_only,160.8,,,,160.8,0,0,0,0,0,160.8,160.8,160.8,Single-source pass-through; no second premium projection matched this player,,,,,,,,,,,,,,,,,,
fbg:AubrBr00,Brandon Aubrey,K,DAL,AubrBr00,,,,,tb-accuracy-consensus-20260809-v1,2026-08-21T14:45:07.709Z,2026-08-21T14:46:47.271Z,tb26-ppr-6pt-pass-td-minus2-int-2pt-sack-50fg-v1,candidate_only,146.2,,,,146.2,0,0,0,0,0,146.2,146.2,146.2,Single-source pass-through; no second premium projection matched this player,,,,,,,,,,,,,,,,,,
fbg:GrupBl00,Blake Grupe,K,IND,GrupBl00,,,,,tb-accuracy-consensus-20260809-v1,2026-08-21T14:45:07.709Z,2026-08-21T14:46:47.271Z,tb26-ppr-6pt-pass-td-minus2-int-2pt-sack-50fg-v1,candidate_only,66.2,,,,66.2,0,0,0,0,0,66.2,66.2,66.2,Single-source pass-through; no second premium projection matched this player,,,,,,,,,,,,,,,,,,
fbg:FolkNi44,Nick Folk,K,ATL,FolkNi44,,,,,tb-accuracy-consensus-20260809-v1,2026-08-21T14:45:07.709Z,2026-08-21T14:46:47.271Z,tb26-ppr-6pt-pass-td-minus2-int-2pt-sack-50fg-v1,candidate_only,121.1,,,,121.1,0,0,0,0,0,121.1,121.1,121.1,Single-source pass-through; no second premium projection matched this player,,,,,,,,,,,,,,,,,,
fbg:BateJa00,Jake Bates,K,DET,BateJa00,,,,,tb-accuracy-consensus-20260809-v1,2026-08-21T14:45:07.709Z,2026-08-21T14:46:47.271Z,tb26-ppr-6pt-pass-td-minus2-int-2pt-sack-50fg-v1,candidate_only,132,,,,132,0,0,0,0,0,132,132,132,Single-source pass-through; no second premium projection matched this player,,,,,,,,,,,,,,,,,,
fbg:DickCa44,Cameron Dicker,K,LAC,DickCa44,,,,,tb-accuracy-consensus-20260809-v1,2026-08-21T14:45:07.709Z,2026-08-21T14:46:47.271Z,tb26-ppr-6pt-pass-td-minus2-int-2pt-sack-50fg-v1,candidate_only,140.6,,,,140.6,0,0,0,0,0,140.6,140.6,140.6,Single-source pass-through; no second premium projection matched this player,,,,,,,,,,,,,,,,,,
cbs:1850793,Darren Waller,TE,MIA,,1850793,,,,tb-accuracy-consensus-20260809-v1,2026-08-21T14:45:07.709Z,2026-08-21T14:46:47.271Z,tb26-ppr-6pt-pass-td-minus2-int-2pt-sack-50fg-v1,candidate_only,73.5,117.1,111.6,,100.6,0,0,0,0,0,100.6,73.5,117.1,,,,,,,,,,,,,,,,,,,
cbs:1685963,Zach Ertz,TE,WAS,,1685963,,,,tb-accuracy-consensus-20260809-v1,2026-08-21T14:45:07.709Z,2026-08-21T14:46:47.271Z,tb26-ppr-6pt-pass-td-minus2-int-2pt-sack-50fg-v1,candidate_only,,23.8,,,23.8,0,0,0,0,0,23.8,23.8,23.8,Single-source pass-through; no second premium projection matched this player,,,,,,,,,,,,,,,,,,
cbs:2179491,David Sills,WR,TB,,2179491,,,,tb-accuracy-consensus-20260809-v1,2026-08-21T14:45:07.709Z,2026-08-21T14:46:47.271Z,tb26-ppr-6pt-pass-td-minus2-int-2pt-sack-50fg-v1,candidate_only,,35,,,35,0,0,0,0,0,35,35,35,Single-source pass-through; no second premium projection matched this player,,,,,,,,,,,,,,,,,,
cbs:26697211,Donovan Edwards,RB,MIA,,26697211,,,,tb-accuracy-consensus-20260809-v1,2026-08-21T14:45:07.709Z,2026-08-21T14:46:47.271Z,tb26-ppr-6pt-pass-td-minus2-int-2pt-sack-50fg-v1,candidate_only,,,22.9,,22.9,0,0,0,0,0,22.9,22.9,22.9,Single-source pass-through; no second premium projection matched this player,,,,,,,,,,,,,,,,,,
cbs:2139642,Dante Pettis,WR,NO,,2139642,,,,tb-accuracy-consensus-20260809-v1,2026-08-21T14:45:07.709Z,2026-08-21T14:46:47.271Z,tb26-ppr-6pt-pass-td-minus2-int-2pt-sack-50fg-v1,candidate_only,,28,,,28,0,0,0,0,0,28,28,28,Single-source pass-through; no second premium projection matched this player,,,,,,,,,,,,,,,,,,
cbs:2139270,Noah Brown,WR,WAS,,2139270,,,,tb-accuracy-consensus-20260809-v1,2026-08-21T14:45:07.709Z,2026-08-21T14:46:47.271Z,tb26-ppr-6pt-pass-td-minus2-int-2pt-sack-50fg-v1,candidate_only,,27,,,27,0,0,0,0,0,27,27,27,Single-source pass-through; no second premium projection matched this player,,,,,,,,,,,,,,,,,,
cbs:2180075,Scott Miller,WR,CHI,,2180075,,,,tb-accuracy-consensus-20260809-v1,2026-08-21T14:45:07.709Z,2026-08-21T14:46:47.271Z,tb26-ppr-6pt-pass-td-minus2-int-2pt-sack-50fg-v1,candidate_only,,25.5,,,25.5,0,0,0,0,0,25.5,25.5,25.5,Single-source pass-through; no second premium projection matched this player,,,,,,,,,,,,,,,,,,
cbs:26698435,Carson Steele,RB,PHI,,26698435,,,,tb-accuracy-consensus-20260809-v1,2026-08-21T14:45:07.709Z,2026-08-21T14:46:47.271Z,tb26-ppr-6pt-pass-td-minus2-int-2pt-sack-50fg-v1,candidate_only,,14.7,,,14.7,0,0,0,0,0,14.7,14.7,14.7,Single-source pass-through; no second premium projection matched this player,,,,,,,,,,,,,,,,,,
cbs:26698879,Corey Kiner,RB,ARI,,26698879,,,,tb-accuracy-consensus-20260809-v1,2026-08-21T14:45:07.709Z,2026-08-21T14:46:47.271Z,tb26-ppr-6pt-pass-td-minus2-int-2pt-sack-50fg-v1,candidate_only,,14.7,,,14.7,0,0,0,0,0,14.7,14.7,14.7,Single-source pass-through; no second premium projection matched this player,,,,,,,,,,,,,,,,,,
cbs:2804075,Michael Carter,RB,TEN,,2804075,,,,tb-accuracy-consensus-20260809-v1,2026-08-21T14:45:07.709Z,2026-08-21T14:46:47.271Z,tb26-ppr-6pt-pass-td-minus2-int-2pt-sack-50fg-v1,candidate_only,,11.5,,,11.5,0,0,0,0,0,11.5,11.5,11.5,Single-source pass-through; no second premium projection matched this player,,,,,,,,,,,,,,,,,,
cbs:2174795,DeAndre Carter,WR,CLE,,2174795,,,,tb-accuracy-consensus-20260809-v1,2026-08-21T14:45:07.709Z,2026-08-21T14:46:47.271Z,tb26-ppr-6pt-pass-td-minus2-int-2pt-sack-50fg-v1,candidate_only,,18.5,,,18.5,0,0,0,0,0,18.5,18.5,18.5,Single-source pass-through; no second premium projection matched this player,,,,,,,,,,,,,,,,,,
cbs:26728625,Lucas Scott,RB,BAL,,26728625,,,,tb-accuracy-consensus-20260809-v1,2026-08-21T14:45:07.709Z,2026-08-21T14:46:47.271Z,tb26-ppr-6pt-pass-td-minus2-int-2pt-sack-50fg-v1,candidate_only,,4,,,4,0,0,0,0,0,4,4,4,Single-source pass-through; no second premium projection matched this player,,,,,,,,,,,,,,,,,,
cbs:26697728,Robbie Ouzts,RB,SEA,,26697728,,,,tb-accuracy-consensus-20260809-v1,2026-08-21T14:45:07.709Z,2026-08-21T14:46:47.271Z,tb26-ppr-6pt-pass-td-minus2-int-2pt-sack-50fg-v1,candidate_only,,2.4,,,2.4,0,0,0,0,0,2.4,2.4,2.4,Single-source pass-through; no second premium projection matched this player,,,,,,,,,,,,,,,,,,
cbs:2240307,Shane Buechele,QB,BUF,,2240307,,,,tb-accuracy-consensus-20260809-v1,2026-08-21T14:45:07.709Z,2026-08-21T14:46:47.271Z,tb26-ppr-6pt-pass-td-minus2-int-2pt-sack-50fg-v1,candidate_only,,,14,,14,0,0,0,0,0,14,14,14,Single-source pass-through; no second premium projection matched this player,,,,,,,,,,,,,,,,,,
cbs:2071844,Joshua Dobbs,QB,NE,,2071844,,,,tb-accuracy-consensus-20260809-v1,2026-08-21T14:45:07.709Z,2026-08-21T14:46:47.271Z,tb26-ppr-6pt-pass-td-minus2-int-2pt-sack-50fg-v1,candidate_only,6.4,,12,,9.2,0,0,0,0,0,9.2,6.4,12,,,,,,,,,,,,,,,,,,,
fbg:pitxxx99,Pittsburgh Steelers,DST,PIT,pitxxx99,,,,,tb-accuracy-consensus-20260809-v1,2026-08-21T14:45:07.709Z,2026-08-21T14:46:47.271Z,tb26-ppr-6pt-pass-td-minus2-int-2pt-sack-50fg-v1,candidate_only,177.9,,,,177.9,0,0,0,0,0,177.9,177.9,177.9,Single-source pass-through; no second premium projection matched this player,,,,,,,,,,,,,,,,,,
fbg:norxxx99,New Orleans Saints,DST,NO,norxxx99,,,,,tb-accuracy-consensus-20260809-v1,2026-08-21T14:45:07.709Z,2026-08-21T14:46:47.271Z,tb26-ppr-6pt-pass-td-minus2-int-2pt-sack-50fg-v1,candidate_only,148.7,,,,148.7,0,0,0,0,0,148.7,148.7,148.7,Single-source pass-through; no second premium projection matched this player,,,,,,,,,,,,,,,,,,
fbg:MeviHa00,Harrison Mevis,K,LAR,MeviHa00,,,,,tb-accuracy-consensus-20260809-v1,2026-08-21T14:45:07.709Z,2026-08-21T14:46:47.271Z,tb26-ppr-6pt-pass-td-minus2-int-2pt-sack-50fg-v1,candidate_only,122.2,,,,122.2,0,0,0,0,0,122.2,122.2,122.2,Single-source pass-through; no second premium projection matched this player,,,,,,,,,,,,,,,,,,
fbg:SantCa44,Cairo Santos,K,CHI,SantCa44,,,,,tb-accuracy-consensus-20260809-v1,2026-08-21T14:45:07.709Z,2026-08-21T14:46:47.271Z,tb26-ppr-6pt-pass-td-minus2-int-2pt-sack-50fg-v1,candidate_only,127.2,,,,127.2,0,0,0,0,0,127.2,127.2,127.2,Single-source pass-through; no second premium projection matched this player,,,,,,,,,,,,,,,,,,
fbg:McLaCh44,Chase McLaughlin,K,TB,McLaCh44,,,,,tb-accuracy-consensus-20260809-v1,2026-08-21T14:45:07.709Z,2026-08-21T14:46:47.271Z,tb26-ppr-6pt-pass-td-minus2-int-2pt-sack-50fg-v1,candidate_only,132.2,,,,132.2,0,0,0,0,0,132.2,132.2,132.2,Single-source pass-through; no second premium projection matched this player,,,,,,,,,,,,,,,,,,
fbg:ReicWi00,Will Reichard,K,MIN,ReicWi00,,,,,tb-accuracy-consensus-20260809-v1,2026-08-21T14:45:07.709Z,2026-08-21T14:46:47.271Z,tb26-ppr-6pt-pass-td-minus2-int-2pt-sack-50fg-v1,candidate_only,125.8,,,,125.8,0,0,0,0,0,125.8,125.8,125.8,Single-source pass-through; no second premium projection matched this player,,,,,,,,,,,,,,,,,,
fbg:KittGe00,George Kittle,TE,SF,KittGe00,,,,,tb-accuracy-consensus-20260809-v1,2026-08-21T14:45:07.709Z,2026-08-21T14:46:47.271Z,tb26-ppr-6pt-pass-td-minus2-int-2pt-sack-50fg-v1,candidate_only,170.7,204.1,175.4,191.5,185.3,0,0,0,0,0,185.3,170.7,204.1,,,,,,,,,,,,,,,,,,,
fbg:LoopTy00,Tyler Loop,K,BAL,LoopTy00,,,,,tb-accuracy-consensus-20260809-v1,2026-08-21T14:45:07.709Z,2026-08-21T14:46:47.271Z,tb26-ppr-6pt-pass-td-minus2-int-2pt-sack-50fg-v1,candidate_only,136,,,,136,0,0,0,0,0,136,136,136,Single-source pass-through; no second premium projection matched this player,,,,,,,,,,,,,,,,,,
fbg:McLaTe00,Terry McLaurin,WR,WAS,McLaTe00,,,,,tb-accuracy-consensus-20260809-v1,2026-08-21T14:45:07.709Z,2026-08-21T14:46:47.271Z,tb26-ppr-6pt-pass-td-minus2-int-2pt-sack-50fg-v1,candidate_only,205.3,218.7,210.1,221.9,214,0,0,0,0,0,214,205.3,221.9,,,,,,,,,,,,,,,,,,,
fbg:MontDa01,David Montgomery,RB,HOU,MontDa01,,,,,tb-accuracy-consensus-20260809-v1,2026-08-21T14:45:07.709Z,2026-08-21T14:46:47.271Z,tb26-ppr-6pt-pass-td-minus2-int-2pt-sack-50fg-v1,candidate_only,205.1,185.8,196.3,203,197.6,0,0,0,0,0,197.6,185.8,205.1,,,,,,,,,,,,,,,,,,,
fbg:NixxBo00,Bo Nix,QB,DEN,NixxBo00,,,,,tb-accuracy-consensus-20260809-v1,2026-08-21T14:45:07.709Z,2026-08-21T14:46:47.271Z,tb26-ppr-6pt-pass-td-minus2-int-2pt-sack-50fg-v1,candidate_only,332.7,311.8,340.9,,328.5,0,0,0,0,0,328.5,311.8,340.9,,,,,,,,,,,,,,,,,,,
fbg:clexxx99,Cleveland Browns,DST,CLE,clexxx99,,,,,tb-accuracy-consensus-20260809-v1,2026-08-21T14:45:07.709Z,2026-08-21T14:46:47.271Z,tb26-ppr-6pt-pass-td-minus2-int-2pt-sack-50fg-v1,candidate_only,161.6,,,,161.6,0,0,0,0,0,161.6,161.6,161.6,Single-source pass-through; no second premium projection matched this player,,,,,,,,,,,,,,,,,,
fbg:WillJa09,Jameson Williams,WR,DET,WillJa09,,,,,tb-accuracy-consensus-20260809-v1,2026-08-21T14:45:07.709Z,2026-08-21T14:46:47.271Z,tb26-ppr-6pt-pass-td-minus2-int-2pt-sack-50fg-v1,candidate_only,216.5,206.4,217.3,218.2,214.6,0,0,0,0,0,214.6,206.4,218.2,,,,,,,,,,,,,,,,,,,
fbg:bufxxx99,Buffalo Bills,DST,BUF,bufxxx99,,,,,tb-accuracy-consensus-20260809-v1,2026-08-21T14:45:07.709Z,2026-08-21T14:46:47.271Z,tb26-ppr-6pt-pass-td-minus2-int-2pt-sack-50fg-v1,candidate_only,166.9,,,,166.9,0,0,0,0,0,166.9,166.9,166.9,Single-source pass-through; no second premium projection matched this player,,,,,,,,,,,,,,,,,,
fbg:miaxxx99,Miami Dolphins,DST,MIA,miaxxx99,,,,,tb-accuracy-consensus-20260809-v1,2026-08-21T14:45:07.709Z,2026-08-21T14:46:47.271Z,tb26-ppr-6pt-pass-td-minus2-int-2pt-sack-50fg-v1,candidate_only,148.2,,,,148.2,0,0,0,0,0,148.2,148.2,148.2,Single-source pass-through; no second premium projection matched this player,,,,,,,,,,,,,,,,,,
fbg:ravxxx99,Baltimore Ravens,DST,BAL,ravxxx99,,,,,tb-accuracy-consensus-20260809-v1,2026-08-21T14:45:07.709Z,2026-08-21T14:46:47.271Z,tb26-ppr-6pt-pass-td-minus2-int-2pt-sack-50fg-v1,candidate_only,154.2,,,,154.2,0,0,0,0,0,154.2,154.2,154.2,Single-source pass-through; no second premium projection matched this player,,,,,,,,,,,,,,,,,,
fbg:otixxx99,Tennessee Titans,DST,TEN,otixxx99,,,,,tb-accuracy-consensus-20260809-v1,2026-08-21T14:45:07.709Z,2026-08-21T14:46:47.271Z,tb26-ppr-6pt-pass-td-minus2-int-2pt-sack-50fg-v1,candidate_only,136.2,,,,136.2,0,0,0,0,0,136.2,136.2,136.2,Single-source pass-through; no second premium projection matched this player,,,,,,,,,,,,,,,,,,
fbg:PurdBr00,Brock Purdy,QB,SF,PurdBr00,,,,,tb-accuracy-consensus-20260809-v1,2026-08-21T14:45:07.709Z,2026-08-21T14:46:47.271Z,tb26-ppr-6pt-pass-td-minus2-int-2pt-sack-50fg-v1,candidate_only,330.9,336.8,348.5,,338.7,0,0,0,0,0,338.7,330.9,348.5,,,,,,,,,,,,,,,,,,,
fbg:MahoPa00,Patrick Mahomes II,QB,KC,MahoPa00,,,,,tb-accuracy-consensus-20260809-v1,2026-08-21T14:45:07.709Z,2026-08-21T14:46:47.271Z,tb26-ppr-6pt-pass-td-minus2-int-2pt-sack-50fg-v1,candidate_only,329.1,339.9,345.3,,338.1,0,0,0,0,0,338.1,329.1,345.3,,,,,,,,,,,,,,,,,,,
fbg:ButkHa99,Harrison Butker,K,KC,ButkHa99,,,,,tb-accuracy-consensus-20260809-v1,2026-08-21T14:45:07.709Z,2026-08-21T14:46:47.271Z,tb26-ppr-6pt-pass-td-minus2-int-2pt-sack-50fg-v1,candidate_only,124.8,,,,124.8,0,0,0,0,0,124.8,124.8,124.8,Single-source pass-through; no second premium projection matched this player,,,,,,,,,,,,,,,,,,
fbg:LutzWi44,Wil Lutz,K,DEN,LutzWi44,,,,,tb-accuracy-consensus-20260809-v1,2026-08-21T14:45:07.709Z,2026-08-21T14:46:47.271Z,tb26-ppr-6pt-pass-td-minus2-int-2pt-sack-50fg-v1,candidate_only,128.1,,,,128.1,0,0,0,0,0,128.1,128.1,128.1,Single-source pass-through; no second premium projection matched this player,,,,,,,,,,,,,,,,,,
fbg:McPhEv44,Evan McPherson,K,CIN,McPhEv44,,,,,tb-accuracy-consensus-20260809-v1,2026-08-21T14:45:07.709Z,2026-08-21T14:46:47.271Z,tb26-ppr-6pt-pass-td-minus2-int-2pt-sack-50fg-v1,candidate_only,126.4,,,,126.4,0,0,0,0,0,126.4,126.4,126.4,Single-source pass-through; no second premium projection matched this player,,,,,,,,,,,,,,,,,,
fbg:GoedDa00,Dallas Goedert,TE,PHI,GoedDa00,,,,,tb-accuracy-consensus-20260809-v1,2026-08-21T14:45:07.709Z,2026-08-21T14:46:47.271Z,tb26-ppr-6pt-pass-td-minus2-int-2pt-sack-50fg-v1,candidate_only,152.8,194.2,179.6,,175.4,0,0,0,0,0,175.4,152.8,194.2,,,,,,,,,,,,,,,,,,,
fbg:GoffJa00,Jared Goff,QB,DET,GoffJa00,,,,,tb-accuracy-consensus-20260809-v1,2026-08-21T14:45:07.709Z,2026-08-21T14:46:47.271Z,tb26-ppr-6pt-pass-td-minus2-int-2pt-sack-50fg-v1,candidate_only,330.8,332.7,341,,334.8,0,0,0,0,0,334.8,330.8,341,,,,,,,,,,,,,,,,,,,
fbg:cinxxx99,Cincinnati Bengals,DST,CIN,cinxxx99,,,,,tb-accuracy-consensus-20260809-v1,2026-08-21T14:45:07.709Z,2026-08-21T14:46:47.271Z,tb26-ppr-6pt-pass-td-minus2-int-2pt-sack-50fg-v1,candidate_only,149.3,,,,149.3,0,0,0,0,0,149.3,149.3,149.3,Single-source pass-through; no second premium projection matched this player,,,,,,,,,,,,,,,,,,
fbg:PittMi01,Michael Pittman Jr,WR,PIT,PittMi01,,,,,tb-accuracy-consensus-20260809-v1,2026-08-21T14:45:07.709Z,2026-08-21T14:46:47.271Z,tb26-ppr-6pt-pass-td-minus2-int-2pt-sack-50fg-v1,candidate_only,195.5,171,190.5,175.9,183.3,0,0,0,0,0,183.3,171,195.5,,,,,,,,,,,,,,,,,,,
fbg:LittCa00,Cam Little,K,JAX,LittCa00,,,,,tb-accuracy-consensus-20260809-v1,2026-08-21T14:45:07.709Z,2026-08-21T14:46:47.271Z,tb26-ppr-6pt-pass-td-minus2-int-2pt-sack-50fg-v1,candidate_only,131.7,,,,131.7,0,0,0,0,0,131.7,131.7,131.7,Single-source pass-through; no second premium projection matched this player,,,,,,,,,,,,,,,,,,
fbg:PineEd44,Eddy Piñeiro,K,SF,PineEd44,,,,,tb-accuracy-consensus-20260809-v1,2026-08-21T14:45:07.709Z,2026-08-21T14:46:47.271Z,tb26-ppr-6pt-pass-td-minus2-int-2pt-sack-50fg-v1,candidate_only,130.3,,,,130.3,0,0,0,0,0,130.3,130.3,130.3,Single-source pass-through; no second premium projection matched this player,,,,,,,,,,,,,,,,,,
fbg:EvanMi00,Mike Evans,WR,SF,EvanMi00,,,,,tb-accuracy-consensus-20260809-v1,2026-08-21T14:45:07.709Z,2026-08-21T14:46:47.271Z,tb26-ppr-6pt-pass-td-minus2-int-2pt-sack-50fg-v1,candidate_only,196.2,208.2,204.1,206.6,203.7,0,0,0,0,0,203.7,196.2,208.2,,,,,,,,,,,,,,,,,,,
fbg:MurrKy00,Kyler Murray,QB,MIN,MurrKy00,,,,,tb-accuracy-consensus-20260809-v1,2026-08-21T14:45:07.709Z,2026-08-21T14:46:47.271Z,tb26-ppr-6pt-pass-td-minus2-int-2pt-sack-50fg-v1,candidate_only,312.5,308.9,313.4,,311.6,0,0,0,0,0,311.6,308.9,313.4,,,,,,,,,,,,,,,,,,,
fbg:chixxx99,Chicago Bears,DST,CHI,chixxx99,,,,,tb-accuracy-consensus-20260809-v1,2026-08-21T14:45:07.709Z,2026-08-21T14:46:47.271Z,tb26-ppr-6pt-pass-td-minus2-int-2pt-sack-50fg-v1,candidate_only,165.4,,,,165.4,0,0,0,0,0,165.4,165.4,165.4,Single-source pass-through; no second premium projection matched this player,,,,,,,,,,,,,,,,,,
fbg:nwexxx99,New England Patriots,DST,NE,nwexxx99,,,,,tb-accuracy-consensus-20260809-v1,2026-08-21T14:45:07.709Z,2026-08-21T14:46:47.271Z,tb26-ppr-6pt-pass-td-minus2-int-2pt-sack-50fg-v1,candidate_only,154.2,,,,154.2,0,0,0,0,0,154.2,154.2,154.2,Single-source pass-through; no second premium projection matched this player,,,,,,,,,,,,,,,,,,
fbg:DartJa00,Jaxson Dart,QB,NYG,DartJa00,,,,,tb-accuracy-consensus-20260809-v1,2026-08-21T14:45:07.709Z,2026-08-21T14:46:47.271Z,tb26-ppr-6pt-pass-td-minus2-int-2pt-sack-50fg-v1,candidate_only,317.6,348.8,343.4,,336.5,0,0,0,0,0,336.5,317.6,348.8,,,,,,,,,,,,,,,,,,,
fbg:MoodJa44,Jake Moody,K,WAS,MoodJa44,,,,,tb-accuracy-consensus-20260809-v1,2026-08-21T14:45:07.709Z,2026-08-21T14:46:47.271Z,tb26-ppr-6pt-pass-td-minus2-int-2pt-sack-50fg-v1,candidate_only,32,,,,32,0,0,0,0,0,32,32,32,Single-source pass-through; no second premium projection matched this player,,,,,,,,,,,,,,,,,,
fbg:SmytCh00,Charlie Smyth,K,NO,SmytCh00,,,,,tb-accuracy-consensus-20260809-v1,2026-08-21T14:45:07.709Z,2026-08-21T14:46:47.271Z,tb26-ppr-6pt-pass-td-minus2-int-2pt-sack-50fg-v1,candidate_only,104.5,,,,104.5,0,0,0,0,0,104.5,104.5,104.5,Single-source pass-through; no second premium projection matched this player,,,,,,,,,,,,,,,,,,
fbg:FergJa01,Jake Ferguson,TE,DAL,FergJa01,,,,,tb-accuracy-consensus-20260809-v1,2026-08-21T14:45:07.709Z,2026-08-21T14:46:47.271Z,tb26-ppr-6pt-pass-td-minus2-int-2pt-sack-50fg-v1,candidate_only,141.4,170.5,167.1,174.2,163.2,0,0,0,0,0,163.2,141.4,174.2,,,,,,,,,,,,,,,,,,,
fbg:AdamDa01,Davante Adams,WR,LAR,AdamDa01,,,,,tb-accuracy-consensus-20260809-v1,2026-08-21T14:45:07.709Z,2026-08-21T14:46:47.271Z,tb26-ppr-6pt-pass-td-minus2-int-2pt-sack-50fg-v1,candidate_only,201.4,202.4,222.2,213.1,209.8,0,0,0,0,0,209.8,201.4,222.2,,,,,,,,,,,,,,,,,,,
fbg:HendTr00,TreVeyon Henderson,RB,NE,HendTr00,,,,,tb-accuracy-consensus-20260809-v1,2026-08-21T14:45:07.709Z,2026-08-21T14:46:47.271Z,tb26-ppr-6pt-pass-td-minus2-int-2pt-sack-50fg-v1,candidate_only,189.2,173.3,191.8,186,185.1,0,0,0,0,0,185.1,173.3,191.8,,,,,,,,,,,,,,,,,,,
fbg:BorrAn00,Andy Borregales,K,NE,BorrAn00,,,,,tb-accuracy-consensus-20260809-v1,2026-08-21T14:45:07.709Z,2026-08-21T14:46:47.271Z,tb26-ppr-6pt-pass-td-minus2-int-2pt-sack-50fg-v1,candidate_only,125.5,,,,125.5,0,0,0,0,0,125.5,125.5,125.5,Single-source pass-through; no second premium projection matched this player,,,,,,,,,,,,,,,,,,
fbg:TateCa00,Carnell Tate,WR,TEN,TateCa00,,,,,tb-accuracy-consensus-20260809-v1,2026-08-21T14:45:07.709Z,2026-08-21T14:46:47.271Z,tb26-ppr-6pt-pass-td-minus2-int-2pt-sack-50fg-v1,candidate_only,197.8,149.3,178.4,217.9,186,0,0,0,0,0,186,149.3,217.9,,,,,,,,,,,,,,,,,,,
fbg:BassTy44,Tyler Bass,K,BUF,BassTy44,,,,,tb-accuracy-consensus-20260809-v1,2026-08-21T14:45:07.709Z,2026-08-21T14:46:47.271Z,tb26-ppr-6pt-pass-td-minus2-int-2pt-sack-50fg-v1,candidate_only,112.6,,,,112.6,0,0,0,0,0,112.6,112.6,112.6,Single-source pass-through; no second premium projection matched this player,,,,,,,,,,,,,,,,,,
fbg:raixxx99,Las Vegas Raiders,DST,LV,raixxx99,,,,,tb-accuracy-consensus-20260809-v1,2026-08-21T14:45:07.709Z,2026-08-21T14:46:47.271Z,tb26-ppr-6pt-pass-td-minus2-int-2pt-sack-50fg-v1,candidate_only,139.1,,,,139.1,0,0,0,0,0,139.1,139.1,139.1,Single-source pass-through; no second premium projection matched this player,,,,,,,,,,,,,,,,,,
fbg:KincDa00,Dalton Kincaid,TE,BUF,KincDa00,,,,,tb-accuracy-consensus-20260809-v1,2026-08-21T14:45:07.709Z,2026-08-21T14:46:47.271Z,tb26-ppr-6pt-pass-td-minus2-int-2pt-sack-50fg-v1,candidate_only,142.4,166.6,160.4,176.3,161.4,0,0,0,0,0,161.4,142.4,176.3,,,,,,,,,,,,,,,,,,,
fbg:OdunRo00,Rome Odunze,WR,CHI,OdunRo00,,,,,tb-accuracy-consensus-20260809-v1,2026-08-21T14:45:07.709Z,2026-08-21T14:46:47.271Z,tb26-ppr-6pt-pass-td-minus2-int-2pt-sack-50fg-v1,candidate_only,190.5,194.8,205.1,208.5,199.7,0,0,0,0,0,199.7,190.5,208.5,,,,,,,,,,,,,,,,,,,
fbg:SmacTr00,Trey Smack,K,GB,SmacTr00,,,,,tb-accuracy-consensus-20260809-v1,2026-08-21T14:45:07.709Z,2026-08-21T14:46:47.271Z,tb26-ppr-6pt-pass-td-minus2-int-2pt-sack-50fg-v1,candidate_only,114.8,,,,114.8,0,0,0,0,0,114.8,114.8,114.8,Single-source pass-through; no second premium projection matched this player,,,,,,,,,,,,,,,,,,
fbg:MetcDK00,DK Metcalf,WR,PIT,MetcDK00,,,,,tb-accuracy-consensus-20260809-v1,2026-08-21T14:45:07.709Z,2026-08-21T14:46:47.271Z,tb26-ppr-6pt-pass-td-minus2-int-2pt-sack-50fg-v1,candidate_only,200.4,180.8,195.3,191.2,192,0,0,0,0,0,192,180.8,200.4,,,,,,,,,,,,,,,,,,,
fbg:SandJa44,Jason Sanders,K,NYJ,SandJa44,,,,,tb-accuracy-consensus-20260809-v1,2026-08-21T14:45:07.709Z,2026-08-21T14:46:47.271Z,tb26-ppr-6pt-pass-td-minus2-int-2pt-sack-50fg-v1,candidate_only,80,,,,80,0,0,0,0,0,80,80,80,Single-source pass-through; no second premium projection matched this player,,,,,,,,,,,,,,,,,,
fbg:SlyeJo44,Joey Slye,K,TEN,SlyeJo44,,,,,tb-accuracy-consensus-20260809-v1,2026-08-21T14:45:07.709Z,2026-08-21T14:46:47.271Z,tb26-ppr-6pt-pass-td-minus2-int-2pt-sack-50fg-v1,candidate_only,94.7,,,,94.7,0,0,0,0,0,94.7,94.7,94.7,Single-source pass-through; no second premium projection matched this player,,,,,,,,,,,,,,,,,,
fbg:MayfBa00,Baker Mayfield,QB,TB,MayfBa00,,,,,tb-accuracy-consensus-20260809-v1,2026-08-21T14:45:07.709Z,2026-08-21T14:46:47.271Z,tb26-ppr-6pt-pass-td-minus2-int-2pt-sack-50fg-v1,candidate_only,315.4,327.7,321.1,,321.4,0,0,0,0,0,321.4,315.4,327.7,,,,,,,,,,,,,,,,,,,
fbg:PierAl00,Alec Pierce,WR,IND,PierAl00,,,,,tb-accuracy-consensus-20260809-v1,2026-08-21T14:45:07.709Z,2026-08-21T14:46:47.271Z,tb26-ppr-6pt-pass-td-minus2-int-2pt-sack-50fg-v1,candidate_only,181.3,195.1,192,,189.4,0,0,0,0,0,189.4,181.3,195.1,,,,,,,,,,,,,,,,,,,
fbg:ElliJa98,Jake Elliott,K,PHI,ElliJa98,,,,,tb-accuracy-consensus-20260809-v1,2026-08-21T14:45:07.709Z,2026-08-21T14:46:47.271Z,tb26-ppr-6pt-pass-td-minus2-int-2pt-sack-50fg-v1,candidate_only,121.8,,,,121.8,0,0,0,0,0,121.8,121.8,121.8,Single-source pass-through; no second premium projection matched this player,,,,,,,,,,,,,,,,,,
fbg:PattRi44,Riley Patterson,K,MIA,PattRi44,,,,,tb-accuracy-consensus-20260809-v1,2026-08-21T14:45:07.709Z,2026-08-21T14:46:47.271Z,tb26-ppr-6pt-pass-td-minus2-int-2pt-sack-50fg-v1,candidate_only,90.5,,,,90.5,0,0,0,0,0,90.5,90.5,90.5,Single-source pass-through; no second premium projection matched this player,,,,,,,,,,,,,,,,,,
fbg:wasxxx99,Washington Commanders,DST,WAS,wasxxx99,,,,,tb-accuracy-consensus-20260809-v1,2026-08-21T14:45:07.709Z,2026-08-21T14:46:47.271Z,tb26-ppr-6pt-pass-td-minus2-int-2pt-sack-50fg-v1,candidate_only,149.5,,,,149.5,0,0,0,0,0,149.5,149.5,149.5,Single-source pass-through; no second premium projection matched this player,,,,,,,,,,,,,,,,,,
fbg:StraBr00,Brenton Strange,TE,JAX,StraBr00,,,,,tb-accuracy-consensus-20260809-v1,2026-08-21T14:45:07.709Z,2026-08-21T14:46:47.271Z,tb26-ppr-6pt-pass-td-minus2-int-2pt-sack-50fg-v1,candidate_only,136.7,171.2,151.5,,153,0,0,0,0,0,153,136.7,171.2,,,,,,,,,,,,,,,,,,,
fbg:StevRh00,Rhamondre Stevenson,RB,NE,StevRh00,,,,,tb-accuracy-consensus-20260809-v1,2026-08-21T14:45:07.709Z,2026-08-21T14:46:47.271Z,tb26-ppr-6pt-pass-td-minus2-int-2pt-sack-50fg-v1,candidate_only,185.5,166.8,190.8,199.8,185.8,0,0,0,0,0,185.8,166.8,199.8,,,,,,,,,,,,,,,,,,,
fbg:GonzZa99,Zane Gonzalez,K,MIA,GonzZa99,,,,,tb-accuracy-consensus-20260809-v1,2026-08-21T14:45:07.709Z,2026-08-21T14:46:47.271Z,tb26-ppr-6pt-pass-td-minus2-int-2pt-sack-50fg-v1,candidate_only,2.4,,,,2.4,0,0,0,0,0,2.4,2.4,2.4,Single-source pass-through; no second premium projection matched this player,,,,,,,,,,,,,,,,,,
fbg:tamxxx99,Tampa Bay Buccaneers,DST,TB,tamxxx99,,,,,tb-accuracy-consensus-20260809-v1,2026-08-21T14:45:07.709Z,2026-08-21T14:46:47.271Z,tb26-ppr-6pt-pass-td-minus2-int-2pt-sack-50fg-v1,candidate_only,154.5,,,,154.5,0,0,0,0,0,154.5,154.5,154.5,Single-source pass-through; no second premium projection matched this player,,,,,,,,,,,,,,,,,,
fbg:TuteBh00,Bhayshul Tuten,RB,JAX,TuteBh00,,,,,tb-accuracy-consensus-20260809-v1,2026-08-21T14:45:07.709Z,2026-08-21T14:46:47.271Z,tb26-ppr-6pt-pass-td-minus2-int-2pt-sack-50fg-v1,candidate_only,171.4,187.4,206.8,186,187.9,0,0,0,0,0,187.9,171.4,206.8,,,,,,,,,,,,,,,,,,,
fbg:kanxxx99,Kansas City Chiefs,DST,KC,kanxxx99,,,,,tb-accuracy-consensus-20260809-v1,2026-08-21T14:45:07.709Z,2026-08-21T14:46:47.271Z,tb26-ppr-6pt-pass-td-minus2-int-2pt-sack-50fg-v1,candidate_only,142.2,,,,142.2,0,0,0,0,0,142.2,142.2,142.2,Single-source pass-through; no second premium projection matched this player,,,,,,,,,,,,,,,,,,
fbg:RylaCh00,Chad Ryland,K,ARI,RylaCh00,,,,,tb-accuracy-consensus-20260809-v1,2026-08-21T14:45:07.709Z,2026-08-21T14:46:47.271Z,tb26-ppr-6pt-pass-td-minus2-int-2pt-sack-50fg-v1,candidate_only,110.2,,,,110.2,0,0,0,0,0,110.2,110.2,110.2,Single-source pass-through; no second premium projection matched this player,,,,,,,,,,,,,,,,,,
fbg:JohnJu00,Juwan Johnson,TE,NO,JohnJu00,,,,,tb-accuracy-consensus-20260809-v1,2026-08-21T14:45:07.709Z,2026-08-21T14:46:47.271Z,tb26-ppr-6pt-pass-td-minus2-int-2pt-sack-50fg-v1,candidate_only,143.8,165.1,154.9,,154.5,0,0,0,0,0,154.5,143.8,165.1,,,,,,,,,,,,,,,,,,,
fbg:gnbxxx99,Green Bay Packers,DST,GB,gnbxxx99,,,,,tb-accuracy-consensus-20260809-v1,2026-08-21T14:45:07.709Z,2026-08-21T14:46:47.271Z,tb26-ppr-6pt-pass-td-minus2-int-2pt-sack-50fg-v1,candidate_only,156.1,,,,156.1,0,0,0,0,0,156.1,156.1,156.1,Single-source pass-through; no second premium projection matched this player,,,,,,,,,,,,,,,,,,
fbg:cltxxx99,Indianapolis Colts,DST,IND,cltxxx99,,,,,tb-accuracy-consensus-20260809-v1,2026-08-21T14:45:07.709Z,2026-08-21T14:46:47.271Z,tb26-ppr-6pt-pass-td-minus2-int-2pt-sack-50fg-v1,candidate_only,149.6,,,,149.6,0,0,0,0,0,149.6,149.6,149.6,Single-source pass-through; no second premium projection matched this player,,,,,,,,,,,,,,,,,,
fbg:HenrHu00,Hunter Henry,TE,NE,HenrHu00,,,,,tb-accuracy-consensus-20260809-v1,2026-08-21T14:45:07.709Z,2026-08-21T14:46:47.271Z,tb26-ppr-6pt-pass-td-minus2-int-2pt-sack-50fg-v1,candidate_only,131.9,146.6,150.5,,142.9,0,0,0,0,0,142.9,131.9,150.5,,,,,,,,,,,,,,,,,,,
fbg:BoswCh44,Chris Boswell,K,PIT,BoswCh44,,,,,tb-accuracy-consensus-20260809-v1,2026-08-21T14:45:07.709Z,2026-08-21T14:46:47.271Z,tb26-ppr-6pt-pass-td-minus2-int-2pt-sack-50fg-v1,candidate_only,125.5,,,,125.5,0,0,0,0,0,125.5,125.5,125.5,Single-source pass-through; no second premium projection matched this player,,,,,,,,,,,,,,,,,,
fbg:PricJa00,Jadarian Price,RB,SEA,PricJa00,,,,,tb-accuracy-consensus-20260809-v1,2026-08-21T14:45:07.709Z,2026-08-21T14:46:47.271Z,tb26-ppr-6pt-pass-td-minus2-int-2pt-sack-50fg-v1,candidate_only,172.5,185.4,189.9,178.1,181.4,0,0,0,0,0,181.4,172.5,189.9,,,,,,,,,,,,,,,,,,,
fbg:ThomBr01,Brian Thomas Jr.,WR,JAX,ThomBr01,,,,,tb-accuracy-consensus-20260809-v1,2026-08-21T14:45:07.709Z,2026-08-21T14:46:47.271Z,tb26-ppr-6pt-pass-td-minus2-int-2pt-sack-50fg-v1,candidate_only,182.9,187.9,181.3,178.4,182.6,0,0,0,0,0,182.6,178.4,187.9,,,,,,,,,,,,,,,,,,,
fbg:LoveJo01,Jordan Love,QB,GB,LoveJo01,,,,,tb-accuracy-consensus-20260809-v1,2026-08-21T14:45:07.709Z,2026-08-21T14:46:47.271Z,tb26-ppr-6pt-pass-td-minus2-int-2pt-sack-50fg-v1,candidate_only,309.8,297.2,310.7,,305.9,0,0,0,0,0,305.9,297.2,310.7,,,,,,,,,,,,,,,,,,,
fbg:carxxx99,Carolina Panthers,DST,CAR,carxxx99,,,,,tb-accuracy-consensus-20260809-v1,2026-08-21T14:45:07.709Z,2026-08-21T14:46:47.271Z,tb26-ppr-6pt-pass-td-minus2-int-2pt-sack-50fg-v1,candidate_only,140.9,,,,140.9,0,0,0,0,0,140.9,140.9,140.9,Single-source pass-through; no second premium projection matched this player,,,,,,,,,,,,,,,,,,
fbg:HockTJ00,T.J. Hockenson,TE,MIN,HockTJ00,,,,,tb-accuracy-consensus-20260809-v1,2026-08-21T14:45:07.709Z,2026-08-21T14:46:47.271Z,tb26-ppr-6pt-pass-td-minus2-int-2pt-sack-50fg-v1,candidate_only,129.5,119.9,140.7,,130.1,0,0,0,0,0,130.1,119.9,140.7,,,,,,,,,,,,,,,,,,,
fbg:PollTo01,Tony Pollard,RB,TEN,PollTo01,,,,,tb-accuracy-consensus-20260809-v1,2026-08-21T14:45:07.709Z,2026-08-21T14:46:47.271Z,tb26-ppr-6pt-pass-td-minus2-int-2pt-sack-50fg-v1,candidate_only,167,178.2,187.9,182.3,178.8,0,0,0,0,0,178.8,167,187.9,,,,,,,,,,,,,,,,,,,
fbg:SadiKe00,Kenyon Sadiq,TE,NYJ,SadiKe00,,,,,tb-accuracy-consensus-20260809-v1,2026-08-21T14:45:07.709Z,2026-08-21T14:46:47.271Z,tb26-ppr-6pt-pass-td-minus2-int-2pt-sack-50fg-v1,candidate_only,126.4,126.8,127.6,,126.9,0,0,0,0,0,126.9,126.4,127.6,,,,,,,,,,,,,,,,,,,
fbg:SchuDa00,Dalton Schultz,TE,HOU,SchuDa00,,,,,tb-accuracy-consensus-20260809-v1,2026-08-21T14:45:07.709Z,2026-08-21T14:46:47.271Z,tb26-ppr-6pt-pass-td-minus2-int-2pt-sack-50fg-v1,candidate_only,128.4,156.1,149.9,,144.7,0,0,0,0,0,144.7,128.4,156.1,,,,,,,,,,,,,,,,,,,
fbg:dalxxx99,Dallas Cowboys,DST,DAL,dalxxx99,,,,,tb-accuracy-consensus-20260809-v1,2026-08-21T14:45:07.709Z,2026-08-21T14:46:47.271Z,tb26-ppr-6pt-pass-td-minus2-int-2pt-sack-50fg-v1,candidate_only,152.6,,,,152.6,0,0,0,0,0,152.6,152.6,152.6,Single-source pass-through; no second premium projection matched this player,,,,,,,,,,,,,,,,,,
fbg:nygxxx99,New York Giants,DST,NYG,nygxxx99,,,,,tb-accuracy-consensus-20260809-v1,2026-08-21T14:45:07.709Z,2026-08-21T14:46:47.271Z,tb26-ppr-6pt-pass-td-minus2-int-2pt-sack-50fg-v1,candidate_only,161.7,,,,161.7,0,0,0,0,0,161.7,161.7,161.7,Single-source pass-through; no second premium projection matched this player,,,,,,,,,,,,,,,,,,
fbg:SuttCo00,Courtland Sutton,WR,DEN,SuttCo00,,,,,tb-accuracy-consensus-20260809-v1,2026-08-21T14:45:07.709Z,2026-08-21T14:46:47.271Z,tb26-ppr-6pt-pass-td-minus2-int-2pt-sack-50fg-v1,candidate_only,179.9,205.1,198.7,,194.5,0,0,0,0,0,194.5,179.9,205.1,,,,,,,,,,,,,,,,,,,
fbg:WatsCh00,Christian Watson,WR,GB,WatsCh00,,,,,tb-accuracy-consensus-20260809-v1,2026-08-21T14:45:07.709Z,2026-08-21T14:46:47.271Z,tb26-ppr-6pt-pass-td-minus2-int-2pt-sack-50fg-v1,candidate_only,182.5,188.8,194.6,213.2,194.8,0,0,0,0,0,194.8,182.5,213.2,,,,,,,,,,,,,,,,,,,
fbg:OkonCh00,Chig Okonkwo,TE,WAS,OkonCh00,,,,,tb-accuracy-consensus-20260809-v1,2026-08-21T14:45:07.709Z,2026-08-21T14:46:47.271Z,tb26-ppr-6pt-pass-td-minus2-int-2pt-sack-50fg-v1,candidate_only,122,126.1,126.4,,124.8,0,0,0,0,0,124.8,122,126.4,,,,,,,,,,,,,,,,,,,
fbg:DowdDa00,Rico Dowdle,RB,PIT,DowdDa00,,,,,tb-accuracy-consensus-20260809-v1,2026-08-21T14:45:07.709Z,2026-08-21T14:46:47.271Z,tb26-ppr-6pt-pass-td-minus2-int-2pt-sack-50fg-v1,candidate_only,176,181.1,179.7,181.2,179.5,0,0,0,0,0,179.5,176,181.2,,,,,,,,,,,,,,,,,,,
fbg:WashPa01,Parker Washington,WR,JAX,WashPa01,,,,,tb-accuracy-consensus-20260809-v1,2026-08-21T14:45:07.709Z,2026-08-21T14:46:47.271Z,tb26-ppr-6pt-pass-td-minus2-int-2pt-sack-50fg-v1,candidate_only,191.5,184.8,184.3,209.1,192.4,0,0,0,0,0,192.4,184.3,209.1,,,,,,,,,,,,,,,,,,,
fbg:StroCJ00,C.J. Stroud,QB,HOU,StroCJ00,,,,,tb-accuracy-consensus-20260809-v1,2026-08-21T14:45:07.709Z,2026-08-21T14:46:47.271Z,tb26-ppr-6pt-pass-td-minus2-int-2pt-sack-50fg-v1,candidate_only,295.6,324.7,296.2,,305.4,0,0,0,0,0,305.4,295.6,324.7,,,,,,,,,,,,,,,,,,,
fbg:HarrMa05,Marvin Harrison Jr.,WR,ARI,HarrMa05,,,,,tb-accuracy-consensus-20260809-v1,2026-08-21T14:45:07.709Z,2026-08-21T14:46:47.271Z,tb26-ppr-6pt-pass-td-minus2-int-2pt-sack-50fg-v1,candidate_only,176.4,192.8,197.2,181.8,187,0,0,0,0,0,187,176.4,197.2,,,,,,,,,,,,,,,,,,,
fbg:ShouTy00,Tyler Shough,QB,NO,ShouTy00,,,,,tb-accuracy-consensus-20260809-v1,2026-08-21T14:45:07.709Z,2026-08-21T14:46:47.271Z,tb26-ppr-6pt-pass-td-minus2-int-2pt-sack-50fg-v1,candidate_only,297.8,306.2,318.2,,307.4,0,0,0,0,0,307.4,297.8,318.2,,,,,,,,,,,,,,,,,,,
fbg:jaxxxx99,Jacksonville Jaguars,DST,JAX,jaxxxx99,,,,,tb-accuracy-consensus-20260809-v1,2026-08-21T14:45:07.709Z,2026-08-21T14:46:47.271Z,tb26-ppr-6pt-pass-td-minus2-int-2pt-sack-50fg-v1,candidate_only,164.6,,,,164.6,0,0,0,0,0,164.6,164.6,164.6,Single-source pass-through; no second premium projection matched this player,,,,,,,,,,,,,,,,,,
fbg:FitzRy01,Ryan Fitzgerald,K,CAR,FitzRy01,,,,,tb-accuracy-consensus-20260809-v1,2026-08-21T14:45:07.709Z,2026-08-21T14:46:47.271Z,tb26-ppr-6pt-pass-td-minus2-int-2pt-sack-50fg-v1,candidate_only,110,,,,110,0,0,0,0,0,110,110,110,Single-source pass-through; no second premium projection matched this player,,,,,,,,,,,,,,,,,,
fbg:GayxMa44,Matt Gay,K,LV,GayxMa44,,,,,tb-accuracy-consensus-20260809-v1,2026-08-21T14:45:07.709Z,2026-08-21T14:46:47.271Z,tb26-ppr-6pt-pass-td-minus2-int-2pt-sack-50fg-v1,candidate_only,97.9,,,,97.9,0,0,0,0,0,97.9,97.9,97.9,Single-source pass-through; no second premium projection matched this player,,,,,,,,,,,,,,,,,,
fbg:crdxxx99,Arizona Cardinals,DST,ARI,crdxxx99,,,,,tb-accuracy-consensus-20260809-v1,2026-08-21T14:45:07.709Z,2026-08-21T14:46:47.271Z,tb26-ppr-6pt-pass-td-minus2-int-2pt-sack-50fg-v1,candidate_only,129.3,,,,129.3,0,0,0,0,0,129.3,129.3,129.3,Single-source pass-through; no second premium projection matched this player,,,,,,,,,,,,,,,,,,
fbg:RobiWa00,Wan'Dale Robinson,WR,TEN,RobiWa00,,,,,tb-accuracy-consensus-20260809-v1,2026-08-21T14:45:07.709Z,2026-08-21T14:46:47.271Z,tb26-ppr-6pt-pass-td-minus2-int-2pt-sack-50fg-v1,candidate_only,169.9,181.5,179.4,176.3,176.7,0,0,0,0,0,176.7,169.9,181.5,,,,,,,,,,,,,,,,,,,
fbg:BarnAJ00,AJ Barner,TE,SEA,BarnAJ00,,,,,tb-accuracy-consensus-20260809-v1,2026-08-21T14:45:07.709Z,2026-08-21T14:46:47.271Z,tb26-ppr-6pt-pass-td-minus2-int-2pt-sack-50fg-v1,candidate_only,119.6,135.6,124.6,,126.5,0,0,0,0,0,126.5,119.6,135.6,,,,,,,,,,,,,,,,,,,
fbg:SzmyAn44,Andre Szmyt,K,CLE,SzmyAn44,,,,,tb-accuracy-consensus-20260809-v1,2026-08-21T14:45:07.709Z,2026-08-21T14:46:47.271Z,tb26-ppr-6pt-pass-td-minus2-int-2pt-sack-50fg-v1,candidate_only,111.1,,,,111.1,0,0,0,0,0,111.1,111.1,111.1,Single-source pass-through; no second premium projection matched this player,,,,,,,,,,,,,,,,,,
fbg:WilsMi01,Michael Wilson,WR,ARI,WilsMi01,,,,,tb-accuracy-consensus-20260809-v1,2026-08-21T14:45:07.709Z,2026-08-21T14:46:47.271Z,tb26-ppr-6pt-pass-td-minus2-int-2pt-sack-50fg-v1,candidate_only,171,169.4,176.8,184.2,175.4,0,0,0,0,0,175.4,169.4,184.2,,,,,,,,,,,,,,,,,,,
fbg:WhitRa00,Rachaad White,RB,WAS,WhitRa00,,,,,tb-accuracy-consensus-20260809-v1,2026-08-21T14:45:07.709Z,2026-08-21T14:46:47.271Z,tb26-ppr-6pt-pass-td-minus2-int-2pt-sack-50fg-v1,candidate_only,146.4,142,161.5,127.5,144.4,0,0,0,0,0,144.4,127.5,161.5,,,,,,,,,,,,,,,,,,,
fbg:nyjxxx99,New York Jets,DST,NYJ,nyjxxx99,,,,,tb-accuracy-consensus-20260809-v1,2026-08-21T14:45:07.709Z,2026-08-21T14:46:47.271Z,tb26-ppr-6pt-pass-td-minus2-int-2pt-sack-50fg-v1,candidate_only,130.1,,,,130.1,0,0,0,0,0,130.1,130.1,130.1,Single-source pass-through; no second premium projection matched this player,,,,,,,,,,,,,,,,,,
fbg:GainKe00,Kenny Gainwell,RB,TB,GainKe00,,,,,tb-accuracy-consensus-20260809-v1,2026-08-21T14:45:07.709Z,2026-08-21T14:46:47.271Z,tb26-ppr-6pt-pass-td-minus2-int-2pt-sack-50fg-v1,candidate_only,169.6,177,168.3,,171.6,0,0,0,0,0,171.6,168.3,177,,,,,,,,,,,,,,,,,,,
fbg:FreiPa00,Pat Freiermuth,TE,PIT,FreiPa00,,,,,tb-accuracy-consensus-20260809-v1,2026-08-21T14:45:07.709Z,2026-08-21T14:46:47.271Z,tb26-ppr-6pt-pass-td-minus2-int-2pt-sack-50fg-v1,candidate_only,115.7,119.5,134.4,,123.2,0,0,0,0,0,123.2,115.7,134.4,,,,,,,,,,,,,,,,,,,
fbg:JoneAa00,Aaron Jones Sr.,RB,MIN,JoneAa00,,,,,tb-accuracy-consensus-20260809-v1,2026-08-21T14:45:07.709Z,2026-08-21T14:46:47.271Z,tb26-ppr-6pt-pass-td-minus2-int-2pt-sack-50fg-v1,candidate_only,151.7,149.7,161.4,145.4,152.1,0,0,0,0,0,152.1,145.4,161.4,,,,,,,,,,,,,,,,,,,
fbg:JoneDa05,Daniel Jones,QB,IND,JoneDa05,,,,,tb-accuracy-consensus-20260809-v1,2026-08-21T14:45:07.709Z,2026-08-21T14:46:47.271Z,tb26-ppr-6pt-pass-td-minus2-int-2pt-sack-50fg-v1,candidate_only,296.1,319.7,310.1,,308.5,0,0,0,0,0,308.5,296.1,319.7,,,,,,,,,,,,,,,,,,,
fbg:GadsOr01,Oronde Gadsden,TE,LAC,GadsOr01,,,,,tb-accuracy-consensus-20260809-v1,2026-08-21T14:45:07.709Z,2026-08-21T14:46:47.271Z,tb26-ppr-6pt-pass-td-minus2-int-2pt-sack-50fg-v1,candidate_only,101.6,128.2,100.9,,110.1,0,0,0,0,0,110.1,100.9,128.2,,,,,,,,,,,,,,,,,,,
fbg:HelmGu00,Gunnar Helm,TE,TEN,HelmGu00,,,,,tb-accuracy-consensus-20260809-v1,2026-08-21T14:45:07.709Z,2026-08-21T14:46:47.271Z,tb26-ppr-6pt-pass-td-minus2-int-2pt-sack-50fg-v1,candidate_only,99.6,99.3,111.5,,103.5,0,0,0,0,0,103.5,99.3,111.5,,,,,,,,,,,,,,,,,,,
fbg:GodwCh00,Chris Godwin Jr.,WR,TB,GodwCh00,,,,,tb-accuracy-consensus-20260809-v1,2026-08-21T14:45:07.709Z,2026-08-21T14:46:47.271Z,tb26-ppr-6pt-pass-td-minus2-int-2pt-sack-50fg-v1,candidate_only,178.3,183.3,175.8,175.2,178.1,0,0,0,0,0,178.1,175.2,183.3,,,,,,,,,,,,,,,,,,,
fbg:TysoJo00,Jordyn Tyson,WR,NO,TysoJo00,,,,,tb-accuracy-consensus-20260809-v1,2026-08-21T14:45:07.709Z,2026-08-21T14:46:47.271Z,tb26-ppr-6pt-pass-td-minus2-int-2pt-sack-50fg-v1,candidate_only,108,137.7,107.1,,117.5,0,0,0,0,0,117.5,107.1,137.7,,,,,,,,,,,,,,,,,,,
fbg:JohnQu01,Quentin Johnston,WR,LAC,JohnQu01,,,,,tb-accuracy-consensus-20260809-v1,2026-08-21T14:45:07.709Z,2026-08-21T14:46:47.271Z,tb26-ppr-6pt-pass-td-minus2-int-2pt-sack-50fg-v1,candidate_only,169,179.3,169.9,,172.7,0,0,0,0,0,172.7,169,179.3,,,,,,,,,,,,,,,,,,,
fbg:OttoCa00,Cade Otton,TE,TB,OttoCa00,,,,,tb-accuracy-consensus-20260809-v1,2026-08-21T14:45:07.709Z,2026-08-21T14:46:47.271Z,tb26-ppr-6pt-pass-td-minus2-int-2pt-sack-50fg-v1,candidate_only,117.7,152.5,129.4,,133.1,0,0,0,0,0,133.1,117.7,152.5,,,,,,,,,,,,,,,,,,,
fbg:sfoxxx99,San Francisco 49ers,DST,SF,sfoxxx99,,,,,tb-accuracy-consensus-20260809-v1,2026-08-21T14:45:07.709Z,2026-08-21T14:46:47.271Z,tb26-ppr-6pt-pass-td-minus2-int-2pt-sack-50fg-v1,candidate_only,117.1,,,,117.1,0,0,0,0,0,117.1,117.1,117.1,Single-source pass-through; no second premium projection matched this player,,,,,,,,,,,,,,,,,,
fbg:GoldMa00,Matthew Golden,WR,GB,GoldMa00,,,,,tb-accuracy-consensus-20260809-v1,2026-08-21T14:45:07.709Z,2026-08-21T14:46:47.271Z,tb26-ppr-6pt-pass-td-minus2-int-2pt-sack-50fg-v1,candidate_only,170.6,137.7,161.9,,156.9,0,0,0,0,0,156.9,137.7,170.6,,,,,,,,,,,,,,,,,,,
fbg:HarvRj00,RJ Harvey,RB,DEN,HarvRj00,,,,,tb-accuracy-consensus-20260809-v1,2026-08-21T14:45:07.709Z,2026-08-21T14:46:47.271Z,tb26-ppr-6pt-pass-td-minus2-int-2pt-sack-50fg-v1,candidate_only,145.2,174.8,162.5,154.9,159.3,0,0,0,0,0,159.3,145.2,174.8,,,,,,,,,,,,,,,,,,,
fbg:ReedJa01,Jayden Reed,WR,GB,ReedJa01,,,,,tb-accuracy-consensus-20260809-v1,2026-08-21T14:45:07.709Z,2026-08-21T14:46:47.271Z,tb26-ppr-6pt-pass-td-minus2-int-2pt-sack-50fg-v1,candidate_only,164.3,166.4,176.2,,169,0,0,0,0,0,169,164.3,176.2,,,,,,,,,,,,,,,,,,,
fbg:MonaKy00,Kyle Monangai,RB,CHI,MonaKy00,,,,,tb-accuracy-consensus-20260809-v1,2026-08-21T14:45:07.709Z,2026-08-21T14:46:47.271Z,tb26-ppr-6pt-pass-td-minus2-int-2pt-sack-50fg-v1,candidate_only,151.9,147.6,156.3,144.8,150.2,0,0,0,0,0,150.2,144.8,156.3,,,,,,,,,,,,,,,,,,,
fbg:DownJo00,Josh Downs,WR,IND,DownJo00,,,,,tb-accuracy-consensus-20260809-v1,2026-08-21T14:45:07.709Z,2026-08-21T14:46:47.271Z,tb26-ppr-6pt-pass-td-minus2-int-2pt-sack-50fg-v1,candidate_only,165.9,165.8,163.3,,165,0,0,0,0,0,165,163.3,165.9,,,,,,,,,,,,,,,,,,,
fbg:DobbJ.00,J.K. Dobbins,RB,DEN,DobbJ.00,,,,,tb-accuracy-consensus-20260809-v1,2026-08-21T14:45:07.709Z,2026-08-21T14:46:47.271Z,tb26-ppr-6pt-pass-td-minus2-int-2pt-sack-50fg-v1,candidate_only,153.6,167.8,176.3,158.7,164.1,0,0,0,0,0,164.1,153.6,176.3,,,,,,,,,,,,,,,,,,,
fbg:AddiJo00,Jordan Addison,WR,MIN,AddiJo00,,,,,tb-accuracy-consensus-20260809-v1,2026-08-21T14:45:07.709Z,2026-08-21T14:46:47.271Z,tb26-ppr-6pt-pass-td-minus2-int-2pt-sack-50fg-v1,candidate_only,160.4,167.5,169.1,,165.6,0,0,0,0,0,165.6,160.4,169.1,,,,,,,,,,,,,,,,,,,
fbg:HubbCh00,Chuba Hubbard,RB,CAR,HubbCh00,,,,,tb-accuracy-consensus-20260809-v1,2026-08-21T14:45:07.709Z,2026-08-21T14:46:47.271Z,tb26-ppr-6pt-pass-td-minus2-int-2pt-sack-50fg-v1,candidate_only,154.1,157.8,173.5,158.5,161,0,0,0,0,0,161,154.1,173.5,,,,,,,,,,,,,,,,,,,
fbg:DulcGr00,Greg Dulcich,TE,MIA,DulcGr00,,,,,tb-accuracy-consensus-20260809-v1,2026-08-21T14:45:07.709Z,2026-08-21T14:46:47.271Z,tb26-ppr-6pt-pass-td-minus2-int-2pt-sack-50fg-v1,candidate_only,94.9,134.3,133.4,,120.7,0,0,0,0,0,120.7,94.9,134.3,,,,,,,,,,,,,,,,,,,
fbg:HiggJa00,Jayden Higgins,WR,HOU,HiggJa00,,,,,tb-accuracy-consensus-20260809-v1,2026-08-21T14:45:07.709Z,2026-08-21T14:46:47.271Z,tb26-ppr-6pt-pass-td-minus2-int-2pt-sack-50fg-v1,candidate_only,162.1,150.5,137.9,,150.2,0,0,0,0,0,150.2,137.9,162.1,,,,,,,,,,,,,,,,,,,
fbg:MeyeJa00,Jakobi Meyers,WR,JAX,MeyeJa00,,,,,tb-accuracy-consensus-20260809-v1,2026-08-21T14:45:07.709Z,2026-08-21T14:46:47.271Z,tb26-ppr-6pt-pass-td-minus2-int-2pt-sack-50fg-v1,candidate_only,149,170.4,178.9,,166,0,0,0,0,0,166,149,178.9,,,,,,,,,,,,,,,,,,,
fbg:FergTe00,Terrance Ferguson,TE,LAR,FergTe00,,,,,tb-accuracy-consensus-20260809-v1,2026-08-21T14:45:07.709Z,2026-08-21T14:46:47.271Z,tb26-ppr-6pt-pass-td-minus2-int-2pt-sack-50fg-v1,candidate_only,107.7,110,121.2,,113,0,0,0,0,0,113,107.7,121.2,,,,,,,,,,,,,,,,,,,
fbg:SaulBe00,Ben Sauls,K,NYG,SaulBe00,,,,,tb-accuracy-consensus-20260809-v1,2026-08-21T14:45:07.709Z,2026-08-21T14:46:47.271Z,tb26-ppr-6pt-pass-td-minus2-int-2pt-sack-50fg-v1,candidate_only,20.5,,,,20.5,0,0,0,0,0,20.5,20.5,20.5,Single-source pass-through; no second premium projection matched this player,,,,,,,,,,,,,,,,,,
fbg:BrooJo00,Jonathon Brooks,RB,CAR,BrooJo00,,,,,tb-accuracy-consensus-20260809-v1,2026-08-21T14:45:07.709Z,2026-08-21T14:46:47.271Z,tb26-ppr-6pt-pass-td-minus2-int-2pt-sack-50fg-v1,candidate_only,153,165.8,163.9,170.5,163.3,0,0,0,0,0,163.3,153,170.5,,,,,,,,,,,,,,,,,,,
fbg:NjokDa00,David Njoku,TE,LAC,NjokDa00,,,,,tb-accuracy-consensus-20260809-v1,2026-08-21T14:45:07.709Z,2026-08-21T14:46:47.271Z,tb26-ppr-6pt-pass-td-minus2-int-2pt-sack-50fg-v1,candidate_only,63.9,110,107.6,,93.7,0,0,0,0,0,93.7,63.9,110,,,,,,,,,,,,,,,,,,,
fbg:ShakKh00,Khalil Shakir,WR,BUF,ShakKh00,,,,,tb-accuracy-consensus-20260809-v1,2026-08-21T14:45:07.709Z,2026-08-21T14:46:47.271Z,tb26-ppr-6pt-pass-td-minus2-int-2pt-sack-50fg-v1,candidate_only,144.1,148.3,164.7,,152.4,0,0,0,0,0,152.4,144.1,164.7,,,,,,,,,,,,,,,,,,,
fbg:WillMa05,Malik Willis,QB,MIA,WillMa05,,,,,tb-accuracy-consensus-20260809-v1,2026-08-21T14:45:07.709Z,2026-08-21T14:46:47.271Z,tb26-ppr-6pt-pass-td-minus2-int-2pt-sack-50fg-v1,candidate_only,276.5,317.8,292.7,,295.5,0,0,0,0,0,295.5,276.5,317.8,,,,,,,,,,,,,,,,,,,
fbg:RodgAa00,Aaron Rodgers,QB,PIT,RodgAa00,,,,,tb-accuracy-consensus-20260809-v1,2026-08-21T14:45:07.709Z,2026-08-21T14:46:47.271Z,tb26-ppr-6pt-pass-td-minus2-int-2pt-sack-50fg-v1,candidate_only,275.1,233,257.3,,255.3,0,0,0,0,0,255.3,233,275.1,,,,,,,,,,,,,,,,,,,
fbg:GesiMi00,Mike Gesicki,TE,CIN,GesiMi00,,,,,tb-accuracy-consensus-20260809-v1,2026-08-21T14:45:07.709Z,2026-08-21T14:46:47.271Z,tb26-ppr-6pt-pass-td-minus2-int-2pt-sack-50fg-v1,candidate_only,86.2,115.2,106.2,,102.4,0,0,0,0,0,102.4,86.2,115.2,,,,,,,,,,,,,,,,,,,
fbg:WortXa00,Xavier Worthy,WR,KC,WortXa00,,,,,tb-accuracy-consensus-20260809-v1,2026-08-21T14:45:07.709Z,2026-08-21T14:46:47.271Z,tb26-ppr-6pt-pass-td-minus2-int-2pt-sack-50fg-v1,candidate_only,146,152.3,167.6,,155.3,0,0,0,0,0,155.3,146,167.6,,,,,,,,,,,,,,,,,,,
fbg:DarnSa00,Sam Darnold,QB,SEA,DarnSa00,,,,,tb-accuracy-consensus-20260809-v1,2026-08-21T14:45:07.709Z,2026-08-21T14:46:47.271Z,tb26-ppr-6pt-pass-td-minus2-int-2pt-sack-50fg-v1,candidate_only,271.3,315.9,307.4,,298,0,0,0,0,0,298,271.3,315.9,,,,,,,,,,,,,,,,,,,
fbg:ConcKC00,KC Concepcion,WR,CLE,ConcKC00,,,,,tb-accuracy-consensus-20260809-v1,2026-08-21T14:45:07.709Z,2026-08-21T14:46:47.271Z,tb26-ppr-6pt-pass-td-minus2-int-2pt-sack-50fg-v1,candidate_only,145,156.7,159.8,,153.8,0,0,0,0,0,153.8,145,159.8,,,,,,,,,,,,,,,,,,,
fbg:DoubRo00,Romeo Doubs,WR,NE,DoubRo00,,,,,tb-accuracy-consensus-20260809-v1,2026-08-21T14:45:07.709Z,2026-08-21T14:46:47.271Z,tb26-ppr-6pt-pass-td-minus2-int-2pt-sack-50fg-v1,candidate_only,149.6,147.2,156.4,,151.1,0,0,0,0,0,151.1,147.2,156.4,,,,,,,,,,,,,,,,,,,
fbg:EngrEv00,Evan Engram,TE,DEN,EngrEv00,,,,,tb-accuracy-consensus-20260809-v1,2026-08-21T14:45:07.709Z,2026-08-21T14:46:47.271Z,tb26-ppr-6pt-pass-td-minus2-int-2pt-sack-50fg-v1,candidate_only,92.7,115.1,117,,108.2,0,0,0,0,0,108.2,92.7,117,,,,,,,,,,,,,,,,,,,
fbg:LemoMa00,Makai Lemon,WR,PHI,LemoMa00,,,,,tb-accuracy-consensus-20260809-v1,2026-08-21T14:45:07.709Z,2026-08-21T14:46:47.271Z,tb26-ppr-6pt-pass-td-minus2-int-2pt-sack-50fg-v1,candidate_only,133.9,139.9,151.1,,141.6,0,0,0,0,0,141.6,133.9,151.1,,,,,,,,,,,,,,,,,,,
fbg:CrosJa00,Jacory Croskey-Merritt,RB,WAS,CrosJa00,,,,,tb-accuracy-consensus-20260809-v1,2026-08-21T14:45:07.709Z,2026-08-21T14:46:47.271Z,tb26-ppr-6pt-pass-td-minus2-int-2pt-sack-50fg-v1,candidate_only,140.4,135.8,147.3,149,143.1,0,0,0,0,0,143.1,135.8,149,,,,,,,,,,,,,,,,,,,
cbs:3124276,Theo Wease Jr.,WR,MIA,,3124276,,,,tb-accuracy-consensus-20260809-v1,2026-08-21T14:45:07.709Z,2026-08-21T14:46:47.271Z,tb26-ppr-6pt-pass-td-minus2-int-2pt-sack-50fg-v1,candidate_only,,144.7,145.3,,145,0,0,0,0,0,145,144.7,145.3,,,,,,,,,,,,,,,,,,,
fbg:YounBr01,Bryce Young,QB,CAR,YounBr01,,,,,tb-accuracy-consensus-20260809-v1,2026-08-21T14:45:07.709Z,2026-08-21T14:46:47.271Z,tb26-ppr-6pt-pass-td-minus2-int-2pt-sack-50fg-v1,candidate_only,268.1,292.9,289.2,,283.3,0,0,0,0,0,283.3,268.1,292.9,,,,,,,,,,,,,,,,,,,
fbg:CoruBl00,Blake Corum,RB,LAR,CoruBl00,,,,,tb-accuracy-consensus-20260809-v1,2026-08-21T14:45:07.709Z,2026-08-21T14:46:47.271Z,tb26-ppr-6pt-pass-td-minus2-int-2pt-sack-50fg-v1,candidate_only,134.4,123.2,138.3,148.3,136.1,0,0,0,0,0,136.1,123.2,148.3,,,,,,,,,,,,,,,,,,,
fbg:CokeJa01,Jalen Coker,WR,CAR,CokeJa01,,,,,tb-accuracy-consensus-20260809-v1,2026-08-21T14:45:07.709Z,2026-08-21T14:46:47.271Z,tb26-ppr-6pt-pass-td-minus2-int-2pt-sack-50fg-v1,candidate_only,141.5,158.9,157.9,,152.7,0,0,0,0,0,152.7,141.5,158.9,,,,,,,,,,,,,,,,,,,
fbg:MasoJo00,Jordan Mason,RB,MIN,MasoJo00,,,,,tb-accuracy-consensus-20260809-v1,2026-08-21T14:45:07.709Z,2026-08-21T14:46:47.271Z,tb26-ppr-6pt-pass-td-minus2-int-2pt-sack-50fg-v1,candidate_only,146.1,142.9,144.9,157.6,147.9,0,0,0,0,0,147.9,142.9,157.6,,,,,,,,,,,,,,,,,,,
fbg:CarlDa44,Daniel Carlson,K,FA,CarlDa44,,,,,tb-accuracy-consensus-20260809-v1,2026-08-21T14:45:07.709Z,2026-08-21T14:46:47.271Z,tb26-ppr-6pt-pass-td-minus2-int-2pt-sack-50fg-v1,candidate_only,4.4,,,,4.4,0,0,0,0,0,4.4,4.4,4.4,Single-source pass-through; no second premium projection matched this player,,,,,,,,,,,,,,,,,,
fbg:WardCa00,Cam Ward,QB,TEN,WardCa00,,,,,tb-accuracy-consensus-20260809-v1,2026-08-21T14:45:07.709Z,2026-08-21T14:46:47.271Z,tb26-ppr-6pt-pass-td-minus2-int-2pt-sack-50fg-v1,candidate_only,256.3,263.7,261.8,,260.6,0,0,0,0,0,260.6,256.3,263.7,,,,,,,,,,,,,,,,,,,
fbg:McMaBr44,Brandon McManus,K,FA,McMaBr44,,,,,tb-accuracy-consensus-20260809-v1,2026-08-21T14:45:07.709Z,2026-08-21T14:46:47.271Z,tb26-ppr-6pt-pass-td-minus2-int-2pt-sack-50fg-v1,candidate_only,2,,,,2,0,0,0,0,0,2,2,2,Single-source pass-through; no second premium projection matched this player,,,,,,,,,,,,,,,,,,
fbg:SpeaTy00,Tyjae Spears,RB,TEN,SpeaTy00,,,,,tb-accuracy-consensus-20260809-v1,2026-08-21T14:45:07.709Z,2026-08-21T14:46:47.271Z,tb26-ppr-6pt-pass-td-minus2-int-2pt-sack-50fg-v1,candidate_only,137.7,131.5,138.3,,135.9,0,0,0,0,0,135.9,131.5,138.3,,,,,,,,,,,,,,,,,,,
fbg:GrayNo00,Noah Gray,TE,KC,GrayNo00,,,,,tb-accuracy-consensus-20260809-v1,2026-08-21T14:45:07.709Z,2026-08-21T14:46:47.271Z,tb26-ppr-6pt-pass-td-minus2-int-2pt-sack-50fg-v1,candidate_only,79.5,,51,,65.3,0,0,0,0,0,65.3,51,79.5,,,,,,,,,,,,,,,,,,,
fbg:JohnTh00,Theo Johnson,TE,NYG,JohnTh00,,,,,tb-accuracy-consensus-20260809-v1,2026-08-21T14:45:07.709Z,2026-08-21T14:46:47.271Z,tb26-ppr-6pt-pass-td-minus2-int-2pt-sack-50fg-v1,candidate_only,70.4,78.3,76.1,,74.9,0,0,0,0,0,74.9,70.4,78.3,,,,,,,,,,,,,,,,,,,
fbg:ParkCo00,Colby Parkinson,TE,LAR,ParkCo00,,,,,tb-accuracy-consensus-20260809-v1,2026-08-21T14:45:07.709Z,2026-08-21T14:46:47.271Z,tb26-ppr-6pt-pass-td-minus2-int-2pt-sack-50fg-v1,candidate_only,82.8,109.9,91.7,,94.7,0,0,0,0,0,94.7,82.8,109.9,,,,,,,,,,,,,,,,,,,
fbg:NailJa00,Jalen Nailor,WR,LV,NailJa00,,,,,tb-accuracy-consensus-20260809-v1,2026-08-21T14:45:07.709Z,2026-08-21T14:46:47.271Z,tb26-ppr-6pt-pass-td-minus2-int-2pt-sack-50fg-v1,candidate_only,132.4,128.2,130.3,,130.3,0,0,0,0,0,130.3,128.2,132.4,,,,,,,,,,,,,,,,,,,
fbg:BostDe00,Denzel Boston,WR,CLE,BostDe00,,,,,tb-accuracy-consensus-20260809-v1,2026-08-21T14:45:07.709Z,2026-08-21T14:46:47.271Z,tb26-ppr-6pt-pass-td-minus2-int-2pt-sack-50fg-v1,candidate_only,148.7,151.4,150.4,,150.2,0,0,0,0,0,150.2,148.7,151.4,,,,,,,,,,,,,,,,,,,
fbg:TuckTr00,Tre Tucker,WR,LV,TuckTr00,,,,,tb-accuracy-consensus-20260809-v1,2026-08-21T14:45:07.709Z,2026-08-21T14:46:47.271Z,tb26-ppr-6pt-pass-td-minus2-int-2pt-sack-50fg-v1,candidate_only,133.9,139.9,142.8,,138.8,0,0,0,0,0,138.8,133.9,142.8,,,,,,,,,,,,,,,,,,,
cbs:2804128,Marquise Brown,WR,PHI,,2804128,,,,tb-accuracy-consensus-20260809-v1,2026-08-21T14:45:07.709Z,2026-08-21T14:46:47.271Z,tb26-ppr-6pt-pass-td-minus2-int-2pt-sack-50fg-v1,candidate_only,,123.8,,,123.8,0,0,0,0,0,123.8,123.8,123.8,Single-source pass-through; no second premium projection matched this player,,,,,,,,,,,,,,,,,,
fbg:JeudJe00,Jerry Jeudy,WR,CLE,JeudJe00,,,,,tb-accuracy-consensus-20260809-v1,2026-08-21T14:45:07.709Z,2026-08-21T14:46:47.271Z,tb26-ppr-6pt-pass-td-minus2-int-2pt-sack-50fg-v1,candidate_only,121.4,146.5,145.6,,137.7,0,0,0,0,0,137.7,121.4,146.5,,,,,,,,,,,,,,,,,,,
fbg:ShahRa00,Rashid Shaheed,WR,SEA,ShahRa00,,,,,tb-accuracy-consensus-20260809-v1,2026-08-21T14:45:07.709Z,2026-08-21T14:46:47.271Z,tb26-ppr-6pt-pass-td-minus2-int-2pt-sack-50fg-v1,candidate_only,128,163.1,157.4,,149.4,0,0,0,0,0,149.4,128,163.1,,,,,,,,,,,,,,,,,,,
fbg:McMiJa00,Jalen McMillan,WR,TB,McMiJa00,,,,,tb-accuracy-consensus-20260809-v1,2026-08-21T14:45:07.709Z,2026-08-21T14:46:47.271Z,tb26-ppr-6pt-pass-td-minus2-int-2pt-sack-50fg-v1,candidate_only,112,130.3,133.6,,125.2,0,0,0,0,0,125.2,112,133.6,,,,,,,,,,,,,,,,,,,
fbg:SandJa00,Ja'Tavion Sanders,TE,CAR,SandJa00,,,,,tb-accuracy-consensus-20260809-v1,2026-08-21T14:45:07.709Z,2026-08-21T14:46:47.271Z,tb26-ppr-6pt-pass-td-minus2-int-2pt-sack-50fg-v1,candidate_only,35.6,,45.9,,40.7,0,0,0,0,0,40.7,35.6,45.9,,,,,,,,,,,,,,,,,,,
fbg:TracTy00,Tyrone Tracy Jr.,RB,NYG,TracTy00,,,,,tb-accuracy-consensus-20260809-v1,2026-08-21T14:45:07.709Z,2026-08-21T14:46:47.271Z,tb26-ppr-6pt-pass-td-minus2-int-2pt-sack-50fg-v1,candidate_only,110.7,131.9,103.2,,115.2,0,0,0,0,0,115.2,103.2,131.9,,,,,,,,,,,,,,,,,,,
fbg:JennJa00,Jauan Jennings,WR,MIN,JennJa00,,,,,tb-accuracy-consensus-20260809-v1,2026-08-21T14:45:07.709Z,2026-08-21T14:46:47.271Z,tb26-ppr-6pt-pass-td-minus2-int-2pt-sack-50fg-v1,candidate_only,117.3,146.9,134.3,,132.7,0,0,0,0,0,132.7,117.3,146.9,,,,,,,,,,,,,,,,,,,
fbg:PachIs00,Isiah Pacheco,RB,DET,PachIs00,,,,,tb-accuracy-consensus-20260809-v1,2026-08-21T14:45:07.709Z,2026-08-21T14:46:47.271Z,tb26-ppr-6pt-pass-td-minus2-int-2pt-sack-50fg-v1,candidate_only,103.1,126,115.9,,114.9,0,0,0,0,0,114.9,103.1,126,,,,,,,,,,,,,,,,,,,
fbg:TaylMa01,Mason Taylor,TE,NYJ,TaylMa01,,,,,tb-accuracy-consensus-20260809-v1,2026-08-21T14:45:07.709Z,2026-08-21T14:46:47.271Z,tb26-ppr-6pt-pass-td-minus2-int-2pt-sack-50fg-v1,candidate_only,69.3,116.3,100.3,,95.1,0,0,0,0,0,95.1,69.3,116.3,,,,,,,,,,,,,,,,,,,
fbg:SampDy00,Dylan Sampson,RB,CLE,SampDy00,,,,,tb-accuracy-consensus-20260809-v1,2026-08-21T14:45:07.709Z,2026-08-21T14:46:47.271Z,tb26-ppr-6pt-pass-td-minus2-int-2pt-sack-50fg-v1,candidate_only,99.8,116.4,108.4,,108.1,0,0,0,0,0,108.1,99.8,116.4,,,,,,,,,,,,,,,,,,,
fbg:KmetCo00,Cole Kmet,TE,CHI,KmetCo00,,,,,tb-accuracy-consensus-20260809-v1,2026-08-21T14:45:07.709Z,2026-08-21T14:46:47.271Z,tb26-ppr-6pt-pass-td-minus2-int-2pt-sack-50fg-v1,candidate_only,61.8,,66.6,,64.2,0,0,0,0,0,64.2,61.8,66.6,,,,,,,,,,,,,,,,,,,
fbg:MarkWo00,Woody Marks,RB,HOU,MarkWo00,,,,,tb-accuracy-consensus-20260809-v1,2026-08-21T14:45:07.709Z,2026-08-21T14:46:47.271Z,tb26-ppr-6pt-pass-td-minus2-int-2pt-sack-50fg-v1,candidate_only,114.5,123.3,125.1,,120.9,0,0,0,0,0,120.9,114.5,125.1,,,,,,,,,,,,,,,,,,,
fbg:CharZa00,Zach Charbonnet,RB,SEA,CharZa00,,,,,tb-accuracy-consensus-20260809-v1,2026-08-21T14:45:07.709Z,2026-08-21T14:46:47.271Z,tb26-ppr-6pt-pass-td-minus2-int-2pt-sack-50fg-v1,candidate_only,117,136.8,123,,125.5,0,0,0,0,0,125.5,117,136.8,,,,,,,,,,,,,,,,,,,
fbg:BateRa00,Rashod Bateman,WR,BAL,BateRa00,,,,,tb-accuracy-consensus-20260809-v1,2026-08-21T14:45:07.709Z,2026-08-21T14:46:47.271Z,tb26-ppr-6pt-pass-td-minus2-int-2pt-sack-50fg-v1,candidate_only,116.2,137.6,134.3,,129.3,0,0,0,0,0,129.3,116.2,137.6,,,,,,,,,,,,,,,,,,,
fbg:HigbTy01,Tyler Higbee,TE,LAR,HigbTy01,,,,,tb-accuracy-consensus-20260809-v1,2026-08-21T14:45:07.709Z,2026-08-21T14:46:47.271Z,tb26-ppr-6pt-pass-td-minus2-int-2pt-sack-50fg-v1,candidate_only,60.8,92.3,69.1,,73.9,0,0,0,0,0,73.9,60.8,92.3,,,,,,,,,,,,,,,,,,,
fbg:KnoxDa00,Dawson Knox,TE,BUF,KnoxDa00,,,,,tb-accuracy-consensus-20260809-v1,2026-08-21T14:45:07.709Z,2026-08-21T14:46:47.271Z,tb26-ppr-6pt-pass-td-minus2-int-2pt-sack-50fg-v1,candidate_only,60.5,78.7,79,,72.7,0,0,0,0,0,72.7,60.5,79,,,,,,,,,,,,,,,,,,,
fbg:KamaAl00,Alvin Kamara,RB,NO,KamaAl00,,,,,tb-accuracy-consensus-20260809-v1,2026-08-21T14:45:07.709Z,2026-08-21T14:46:47.271Z,tb26-ppr-6pt-pass-td-minus2-int-2pt-sack-50fg-v1,candidate_only,107.1,124.3,121.7,,117.6,0,0,0,0,0,117.6,107.1,124.3,,,,,,,,,,,,,,,,,,,
fbg:BrisJa00,Jacoby Brissett,QB,ARI,BrisJa00,,,,,tb-accuracy-consensus-20260809-v1,2026-08-21T14:45:07.709Z,2026-08-21T14:46:47.271Z,tb26-ppr-6pt-pass-td-minus2-int-2pt-sack-50fg-v1,candidate_only,231,282,260.7,,257.7,0,0,0,0,0,257.7,231,282,,,,,,,,,,,,,,,,,,,
fbg:RodrCh01,Chris Rodriguez Jr.,RB,JAX,RodrCh01,,,,,tb-accuracy-consensus-20260809-v1,2026-08-21T14:45:07.709Z,2026-08-21T14:46:47.271Z,tb26-ppr-6pt-pass-td-minus2-int-2pt-sack-50fg-v1,candidate_only,107.9,116.8,95.8,,106.8,0,0,0,0,0,106.8,95.8,116.8,,,,,,,,,,,,,,,,,,,
fbg:AllxEr00,Erick All Jr.,TE,CIN,AllxEr00,,,,,tb-accuracy-consensus-20260809-v1,2026-08-21T14:45:07.709Z,2026-08-21T14:46:47.271Z,tb26-ppr-6pt-pass-td-minus2-int-2pt-sack-50fg-v1,candidate_only,59.3,65.6,68.6,,64.5,0,0,0,0,0,64.5,59.3,68.6,,,,,,,,,,,,,,,,,,,
fbg:SmitGe01,Geno Smith,QB,NYJ,SmitGe01,,,,,tb-accuracy-consensus-20260809-v1,2026-08-21T14:45:07.709Z,2026-08-21T14:46:47.271Z,tb26-ppr-6pt-pass-td-minus2-int-2pt-sack-50fg-v1,candidate_only,232,250.6,264,,248.8,0,0,0,0,0,248.8,232,264,,,,,,,,,,,,,,,,,,,
fbg:MayeMi00,Michael Mayer,TE,LV,MayeMi00,,,,,tb-accuracy-consensus-20260809-v1,2026-08-21T14:45:07.709Z,2026-08-21T14:46:47.271Z,tb26-ppr-6pt-pass-td-minus2-int-2pt-sack-50fg-v1,candidate_only,56.3,,90.2,,73.2,0,0,0,0,0,73.2,56.3,90.2,,,,,,,,,,,,,,,,,,,
fbg:StowEl00,Eli Stowers,TE,PHI,StowEl00,,,,,tb-accuracy-consensus-20260809-v1,2026-08-21T14:45:07.709Z,2026-08-21T14:46:47.271Z,tb26-ppr-6pt-pass-td-minus2-int-2pt-sack-50fg-v1,candidate_only,31.9,,49.6,,40.7,0,0,0,0,0,40.7,31.9,49.6,,,,,,,,,,,,,,,,,,,
fbg:FantNo00,Noah Fant,TE,NO,FantNo00,,,,,tb-accuracy-consensus-20260809-v1,2026-08-21T14:45:07.709Z,2026-08-21T14:46:47.271Z,tb26-ppr-6pt-pass-td-minus2-int-2pt-sack-50fg-v1,candidate_only,54.6,62.3,63.1,,60,0,0,0,0,0,60,54.6,63.1,,,,,,,,,,,,,,,,,,,
fbg:ShraSp00,Spencer Shrader,K,IND,ShraSp00,,,,,tb-accuracy-consensus-20260809-v1,2026-08-21T14:45:07.709Z,2026-08-21T14:46:47.271Z,tb26-ppr-6pt-pass-td-minus2-int-2pt-sack-50fg-v1,candidate_only,35.7,,,,35.7,0,0,0,0,0,35.7,35.7,35.7,Single-source pass-through; no second premium projection matched this player,,,,,,,,,,,,,,,,,,
fbg:ArroEl00,Elijah Arroyo,TE,SEA,ArroEl00,,,,,tb-accuracy-consensus-20260809-v1,2026-08-21T14:45:07.709Z,2026-08-21T14:46:47.271Z,tb26-ppr-6pt-pass-td-minus2-int-2pt-sack-50fg-v1,candidate_only,62.9,,48.3,,55.6,0,0,0,0,0,55.6,48.3,62.9,,,,,,,,,,,,,,,,,,,
fbg:WashMa01,Malik Washington,WR,MIA,WashMa01,,,,,tb-accuracy-consensus-20260809-v1,2026-08-21T14:45:07.709Z,2026-08-21T14:46:47.271Z,tb26-ppr-6pt-pass-td-minus2-int-2pt-sack-50fg-v1,candidate_only,113.8,109.8,112.1,,111.9,0,0,0,0,0,111.9,109.8,113.8,,,,,,,,,,,,,,,,,,,
fbg:CoopOm00,Omar Cooper Jr.,WR,NYJ,CoopOm00,,,,,tb-accuracy-consensus-20260809-v1,2026-08-21T14:45:07.709Z,2026-08-21T14:46:47.271Z,tb26-ppr-6pt-pass-td-minus2-int-2pt-sack-50fg-v1,candidate_only,78.5,107.6,93.7,,93.2,0,0,0,0,0,93.2,78.5,107.6,,,,,,,,,,,,,,,,,,,
fbg:RidlCa00,Calvin Ridley,WR,TEN,RidlCa00,,,,,tb-accuracy-consensus-20260809-v1,2026-08-21T14:45:07.709Z,2026-08-21T14:46:47.271Z,tb26-ppr-6pt-pass-td-minus2-int-2pt-sack-50fg-v1,candidate_only,106.1,147.8,148.1,,133.8,0,0,0,0,0,133.8,106.1,148.1,,,,,,,,,,,,,,,,,,,
fbg:AllgTy00,Tyler Allgeier,RB,ARI,AllgTy00,,,,,tb-accuracy-consensus-20260809-v1,2026-08-21T14:45:07.709Z,2026-08-21T14:46:47.271Z,tb26-ppr-6pt-pass-td-minus2-int-2pt-sack-50fg-v1,candidate_only,99.4,99.6,98.6,,99.2,0,0,0,0,0,99.2,98.6,99.6,,,,,,,,,,,,,,,,,,,
cbs:3123413,Bub Means,WR,NO,,3123413,,,,tb-accuracy-consensus-20260809-v1,2026-08-21T14:45:07.709Z,2026-08-21T14:46:47.271Z,tb26-ppr-6pt-pass-td-minus2-int-2pt-sack-50fg-v1,candidate_only,3.8,82.2,106.5,,63.9,0,0,0,0,0,63.9,3.8,106.5,,,,,,,,,,,,,,,,,,,
fbg:SamuDe00,Deebo Samuel Sr.,WR,SF,SamuDe00,,,,,tb-accuracy-consensus-20260809-v1,2026-08-21T14:45:07.709Z,2026-08-21T14:46:47.271Z,tb26-ppr-6pt-pass-td-minus2-int-2pt-sack-50fg-v1,candidate_only,141.7,169.2,168.9,,159.8,0,0,0,0,0,159.8,141.7,169.2,,,,,,,,,,,,,,,,,,,
fbg:ZvadDo00,Dominic Zvada,K,NYG,ZvadDo00,,,,,tb-accuracy-consensus-20260809-v1,2026-08-21T14:45:07.709Z,2026-08-21T14:46:47.271Z,tb26-ppr-6pt-pass-td-minus2-int-2pt-sack-50fg-v1,candidate_only,65.8,,,,65.8,0,0,0,0,0,65.8,65.8,65.8,Single-source pass-through; no second premium projection matched this player,,,,,,,,,,,,,,,,,,
fbg:FlouRy00,Ryan Flournoy,WR,DAL,FlouRy00,,,,,tb-accuracy-consensus-20260809-v1,2026-08-21T14:45:07.709Z,2026-08-21T14:46:47.271Z,tb26-ppr-6pt-pass-td-minus2-int-2pt-sack-50fg-v1,candidate_only,116.5,100.6,89.3,,102.2,0,0,0,0,0,102.2,89.3,116.5,,,,,,,,,,,,,,,,,,,
fbg:HillJu00,Justice Hill,RB,BAL,HillJu00,,,,,tb-accuracy-consensus-20260809-v1,2026-08-21T14:45:07.709Z,2026-08-21T14:46:47.271Z,tb26-ppr-6pt-pass-td-minus2-int-2pt-sack-50fg-v1,candidate_only,89,101.4,112,,100.8,0,0,0,0,0,100.8,89,112,,,,,,,,,,,,,,,,,,,
fbg:DellNa00,Tank Dell,WR,HOU,DellNa00,,,,,tb-accuracy-consensus-20260809-v1,2026-08-21T14:45:07.709Z,2026-08-21T14:46:47.271Z,tb26-ppr-6pt-pass-td-minus2-int-2pt-sack-50fg-v1,candidate_only,103.8,136.2,149,,129.5,0,0,0,0,0,129.5,103.8,149,,,,,,,,,,,,,,,,,,,
fbg:RobiBr01,Brian Robinson Jr,RB,ATL,RobiBr01,,,,,tb-accuracy-consensus-20260809-v1,2026-08-21T14:45:07.709Z,2026-08-21T14:46:47.271Z,tb26-ppr-6pt-pass-td-minus2-int-2pt-sack-50fg-v1,candidate_only,90.1,89.4,92.6,,90.7,0,0,0,0,0,90.7,89.4,92.6,,,,,,,,,,,,,,,,,,,
cbs:2867599,Connor Heyward,TE,LV,,2867599,,,,tb-accuracy-consensus-20260809-v1,2026-08-21T14:45:07.709Z,2026-08-21T14:46:47.271Z,tb26-ppr-6pt-pass-td-minus2-int-2pt-sack-50fg-v1,candidate_only,,,36.3,,36.3,0,0,0,0,0,36.3,36.3,36.3,Single-source pass-through; no second premium projection matched this player,,,,,,,,,,,,,,,,,,
fbg:WashDa02,Darnell Washington,TE,PIT,WashDa02,,,,,tb-accuracy-consensus-20260809-v1,2026-08-21T14:45:07.709Z,2026-08-21T14:46:47.271Z,tb26-ppr-6pt-pass-td-minus2-int-2pt-sack-50fg-v1,candidate_only,59.9,,74.4,,67.1,0,0,0,0,0,67.1,59.9,74.4,,,,,,,,,,,,,,,,,,,
fbg:DiggSt00,Stefon Diggs,WR,FA,DiggSt00,,,,,tb-accuracy-consensus-20260809-v1,2026-08-21T14:45:07.709Z,2026-08-21T14:46:47.271Z,tb26-ppr-6pt-pass-td-minus2-int-2pt-sack-50fg-v1,candidate_only,163.5,157.4,166.6,,162.5,0,0,0,0,0,162.5,157.4,166.6,,,,,,,,,,,,,,,,,,,
fbg:StriDe00,De'Zhaun Stribling,WR,SF,StriDe00,,,,,tb-accuracy-consensus-20260809-v1,2026-08-21T14:45:07.709Z,2026-08-21T14:46:47.271Z,tb26-ppr-6pt-pass-td-minus2-int-2pt-sack-50fg-v1,candidate_only,98.2,157.4,151.7,,135.5,0,0,0,0,0,135.5,98.2,157.4,,,,,,,,,,,,,,,,,,,
fbg:HarrTr03,Tre' Harris,WR,LAC,HarrTr03,,,,,tb-accuracy-consensus-20260809-v1,2026-08-21T14:45:07.709Z,2026-08-21T14:46:47.271Z,tb26-ppr-6pt-pass-td-minus2-int-2pt-sack-50fg-v1,candidate_only,116.3,,89.7,,103.1,0,0,0,0,0,103.1,89.7,116.3,,,,,,,,,,,,,,,,,,,
fbg:BoutKa00,Kayshon Boutte,WR,NE,BoutKa00,,,,,tb-accuracy-consensus-20260809-v1,2026-08-21T14:45:07.709Z,2026-08-21T14:46:47.271Z,tb26-ppr-6pt-pass-td-minus2-int-2pt-sack-50fg-v1,candidate_only,67.6,116.5,109,,97.5,0,0,0,0,0,97.5,67.6,116.5,,,,,,,,,,,,,,,,,,,
fbg:BernGe00,Germie Bernard,WR,PIT,BernGe00,,,,,tb-accuracy-consensus-20260809-v1,2026-08-21T14:45:07.709Z,2026-08-21T14:46:47.271Z,tb26-ppr-6pt-pass-td-minus2-int-2pt-sack-50fg-v1,candidate_only,72,102.7,109.1,,94.5,0,0,0,0,0,94.5,72,109.1,,,,,,,,,,,,,,,,,,,
fbg:KuppCo00,Cooper Kupp,WR,SEA,KuppCo00,,,,,tb-accuracy-consensus-20260809-v1,2026-08-21T14:45:07.709Z,2026-08-21T14:46:47.271Z,tb26-ppr-6pt-pass-td-minus2-int-2pt-sack-50fg-v1,candidate_only,96.5,142.6,125,,121.2,0,0,0,0,0,121.2,96.5,142.6,,,,,,,,,,,,,,,,,,,
fbg:KlarMa00,Max Klare,TE,LAR,KlarMa00,,,,,tb-accuracy-consensus-20260809-v1,2026-08-21T14:45:07.709Z,2026-08-21T14:46:47.271Z,tb26-ppr-6pt-pass-td-minus2-int-2pt-sack-50fg-v1,candidate_only,18.8,,20.5,,19.6,0,0,0,0,0,19.6,18.8,20.5,,,,,,,,,,,,,,,,,,,
fbg:TeSlIs00,Isaac TeSlaa,WR,DET,TeSlIs00,,,,,tb-accuracy-consensus-20260809-v1,2026-08-21T14:45:07.709Z,2026-08-21T14:46:47.271Z,tb26-ppr-6pt-pass-td-minus2-int-2pt-sack-50fg-v1,candidate_only,88.6,86.5,85,,86.7,0,0,0,0,0,86.7,85,88.6,,,,,,,,,,,,,,,,,,,
fbg:AlleBr01,Braelon Allen,RB,NYJ,AlleBr01,,,,,tb-accuracy-consensus-20260809-v1,2026-08-21T14:45:07.709Z,2026-08-21T14:46:47.271Z,tb26-ppr-6pt-pass-td-minus2-int-2pt-sack-50fg-v1,candidate_only,85.8,96.7,96.7,,93,0,0,0,0,0,93,85.8,96.7,,,,,,,,,,,,,,,,,,,
fbg:EvanMi01,Mitchell Evans,TE,CAR,EvanMi01,,,,,tb-accuracy-consensus-20260809-v1,2026-08-21T14:45:07.709Z,2026-08-21T14:46:47.271Z,tb26-ppr-6pt-pass-td-minus2-int-2pt-sack-50fg-v1,candidate_only,13.8,,21.1,,17.4,0,0,0,0,0,17.4,13.8,21.1,,,,,,,,,,,,,,,,,,,
fbg:TongJa00,Jake Tonges,TE,SF,TongJa00,,,,,tb-accuracy-consensus-20260809-v1,2026-08-21T14:45:07.709Z,2026-08-21T14:46:47.271Z,tb26-ppr-6pt-pass-td-minus2-int-2pt-sack-50fg-v1,candidate_only,40.6,,41.2,,40.9,0,0,0,0,0,40.9,40.6,41.2,,,,,,,,,,,,,,,,,,,
fbg:MoonDa00,Darnell Mooney,WR,NYG,MoonDa00,,,,,tb-accuracy-consensus-20260809-v1,2026-08-21T14:45:07.709Z,2026-08-21T14:46:47.271Z,tb26-ppr-6pt-pass-td-minus2-int-2pt-sack-50fg-v1,candidate_only,33.8,,63.9,,48.8,0,0,0,0,0,48.8,33.8,63.9,,,,,,,,,,,,,,,,,,,
cbs:2867325,Josh Palmer,WR,BUF,,2867325,,,,tb-accuracy-consensus-20260809-v1,2026-08-21T14:45:07.709Z,2026-08-21T14:46:47.271Z,tb26-ppr-6pt-pass-td-minus2-int-2pt-sack-50fg-v1,candidate_only,,99.4,,,99.4,0,0,0,0,0,99.4,99.4,99.4,Single-source pass-through; no second premium projection matched this player,,,,,,,,,,,,,,,,,,
fbg:TrauAd00,Adam Trautman,TE,DEN,TrauAd00,,,,,tb-accuracy-consensus-20260809-v1,2026-08-21T14:45:07.709Z,2026-08-21T14:46:47.271Z,tb26-ppr-6pt-pass-td-minus2-int-2pt-sack-50fg-v1,candidate_only,40.7,,48.1,,44.4,0,0,0,0,0,44.4,40.7,48.1,,,,,,,,,,,,,,,,,,,
fbg:OlivJo00,Josh Oliver,TE,MIN,OlivJo00,,,,,tb-accuracy-consensus-20260809-v1,2026-08-21T14:45:07.709Z,2026-08-21T14:46:47.271Z,tb26-ppr-6pt-pass-td-minus2-int-2pt-sack-50fg-v1,candidate_only,37.8,,52.2,,45,0,0,0,0,0,45,37.8,52.2,,,,,,,,,,,,,,,,,,,
fbg:WickDo00,Dontayvion Wicks,WR,PHI,WickDo00,,,,,tb-accuracy-consensus-20260809-v1,2026-08-21T14:45:07.709Z,2026-08-21T14:46:47.271Z,tb26-ppr-6pt-pass-td-minus2-int-2pt-sack-50fg-v1,candidate_only,103.7,100.5,107.9,,104,0,0,0,0,0,104,100.5,107.9,,,,,,,,,,,,,,,,,,,
fbg:BellDa03,Daniel Bellinger,TE,TEN,BellDa03,,,,,tb-accuracy-consensus-20260809-v1,2026-08-21T14:45:07.709Z,2026-08-21T14:46:47.271Z,tb26-ppr-6pt-pass-td-minus2-int-2pt-sack-50fg-v1,candidate_only,21.1,,52.3,,36.6,0,0,0,0,0,36.6,21.1,52.3,,,,,,,,,,,,,,,,,,,
fbg:MitcAd00,Adonai Mitchell,WR,NYJ,MitcAd00,,,,,tb-accuracy-consensus-20260809-v1,2026-08-21T14:45:07.709Z,2026-08-21T14:46:47.271Z,tb26-ppr-6pt-pass-td-minus2-int-2pt-sack-50fg-v1,candidate_only,99.2,107.7,114.1,,107,0,0,0,0,0,107,99.2,114.1,,,,,,,,,,,,,,,,,,,
fbg:BigsTa00,Tank Bigsby,RB,PHI,BigsTa00,,,,,tb-accuracy-consensus-20260809-v1,2026-08-21T14:45:07.709Z,2026-08-21T14:46:47.271Z,tb26-ppr-6pt-pass-td-minus2-int-2pt-sack-50fg-v1,candidate_only,87.1,92.9,82.5,,87.5,0,0,0,0,0,87.5,82.5,92.9,,,,,,,,,,,,,,,,,,,
fbg:SampDr00,Drew Sample,TE,CIN,SampDr00,,,,,tb-accuracy-consensus-20260809-v1,2026-08-21T14:45:07.709Z,2026-08-21T14:46:47.271Z,tb26-ppr-6pt-pass-td-minus2-int-2pt-sack-50fg-v1,candidate_only,39.1,,38.9,,39,0,0,0,0,0,39,38.9,39.1,,,,,,,,,,,,,,,,,,,
fbg:TremTo00,Tommy Tremble,TE,CAR,TremTo00,,,,,tb-accuracy-consensus-20260809-v1,2026-08-21T14:45:07.709Z,2026-08-21T14:46:47.271Z,tb26-ppr-6pt-pass-td-minus2-int-2pt-sack-50fg-v1,candidate_only,43.6,,49.1,,46.3,0,0,0,0,0,46.3,43.6,49.1,,,,,,,,,,,,,,,,,,,
fbg:DelpOs00,Oscar Delp,TE,NO,DelpOs00,,,,,tb-accuracy-consensus-20260809-v1,2026-08-21T14:45:07.709Z,2026-08-21T14:46:47.271Z,tb26-ppr-6pt-pass-td-minus2-int-2pt-sack-50fg-v1,candidate_only,31.3,,23.1,,27.2,0,0,0,0,0,27.2,23.1,31.3,,,,,,,,,,,,,,,,,,,
fbg:DotsJa00,Jahan Dotson,WR,ATL,DotsJa00,,,,,tb-accuracy-consensus-20260809-v1,2026-08-21T14:45:07.709Z,2026-08-21T14:46:47.271Z,tb26-ppr-6pt-pass-td-minus2-int-2pt-sack-50fg-v1,candidate_only,84.1,,92.7,,88.4,0,0,0,0,0,88.4,84.1,92.7,,,,,,,,,,,,,,,,,,,
fbg:AiyuBr00,Brandon Aiyuk,WR,SF,AiyuBr00,,,,,tb-accuracy-consensus-20260809-v1,2026-08-21T14:45:07.709Z,2026-08-21T14:46:47.271Z,tb26-ppr-6pt-pass-td-minus2-int-2pt-sack-50fg-v1,candidate_only,33.8,,,,33.8,0,0,0,0,0,33.8,33.8,33.8,Single-source pass-through; no second premium projection matched this player,,,,,,,,,,,,,,,,,,
fbg:DougCa00,Caleb Douglas,WR,MIA,DougCa00,,,,,tb-accuracy-consensus-20260809-v1,2026-08-21T14:45:07.709Z,2026-08-21T14:46:47.271Z,tb26-ppr-6pt-pass-td-minus2-int-2pt-sack-50fg-v1,candidate_only,125.9,113.3,115.5,,118.3,0,0,0,0,0,118.3,113.3,125.9,,,,,,,,,,,,,,,,,,,
fbg:IosiAn00,Andrei Iosivas,WR,CIN,IosiAn00,,,,,tb-accuracy-consensus-20260809-v1,2026-08-21T14:45:07.709Z,2026-08-21T14:46:47.271Z,tb26-ppr-6pt-pass-td-minus2-int-2pt-sack-50fg-v1,candidate_only,80.4,91.3,79.5,,83.7,0,0,0,0,0,83.7,79.5,91.3,,,,,,,,,,,,,,,,,,,
cbs:2969073,Kevin Austin Jr.,WR,NO,,2969073,,,,tb-accuracy-consensus-20260809-v1,2026-08-21T14:45:07.709Z,2026-08-21T14:46:47.271Z,tb26-ppr-6pt-pass-td-minus2-int-2pt-sack-50fg-v1,candidate_only,2.5,,,,2.5,0,0,0,0,0,2.5,2.5,2.5,Single-source pass-through; no second premium projection matched this player,,,,,,,,,,,,,,,,,,
fbg:BrowDy00,Dyami Brown,WR,WAS,BrowDy00,,,,,tb-accuracy-consensus-20260809-v1,2026-08-21T14:45:07.709Z,2026-08-21T14:46:47.271Z,tb26-ppr-6pt-pass-td-minus2-int-2pt-sack-50fg-v1,candidate_only,44.4,,46.8,,45.6,0,0,0,0,0,45.6,44.4,46.8,,,,,,,,,,,,,,,,,,,
fbg:MusgLu00,Luke Musgrave,TE,GB,MusgLu00,,,,,tb-accuracy-consensus-20260809-v1,2026-08-21T14:45:07.709Z,2026-08-21T14:46:47.271Z,tb26-ppr-6pt-pass-td-minus2-int-2pt-sack-50fg-v1,candidate_only,34.5,,47.1,,40.8,0,0,0,0,0,40.8,34.5,47.1,,,,,,,,,,,,,,,,,,,
fbg:HiggEl00,Elijah Higgins,TE,ARI,HiggEl00,,,,,tb-accuracy-consensus-20260809-v1,2026-08-21T14:45:07.709Z,2026-08-21T14:46:47.271Z,tb26-ppr-6pt-pass-td-minus2-int-2pt-sack-50fg-v1,candidate_only,31.1,,45.2,,38.1,0,0,0,0,0,38.1,31.1,45.2,,,,,,,,,,,,,,,,,,,
cbs:1871322,Nick Vannett,TE,LAR,,1871322,,,,tb-accuracy-consensus-20260809-v1,2026-08-21T14:45:07.709Z,2026-08-21T14:46:47.271Z,tb26-ppr-6pt-pass-td-minus2-int-2pt-sack-50fg-v1,candidate_only,,,31.5,,31.5,0,0,0,0,0,31.5,31.5,31.5,Single-source pass-through; no second premium projection matched this player,,,,,,,,,,,,,,,,,,
fbg:BryaPa00,Pat Bryant,WR,DEN,BryaPa00,,,,,tb-accuracy-consensus-20260809-v1,2026-08-21T14:45:07.709Z,2026-08-21T14:46:47.271Z,tb26-ppr-6pt-pass-td-minus2-int-2pt-sack-50fg-v1,candidate_only,102.2,,72.5,,87.4,0,0,0,0,0,87.4,72.5,102.2,,,,,,,,,,,,,,,,,,,
fbg:SinnBe00,Ben Sinnott,TE,WAS,SinnBe00,,,,,tb-accuracy-consensus-20260809-v1,2026-08-21T14:45:07.709Z,2026-08-21T14:46:47.271Z,tb26-ppr-6pt-pass-td-minus2-int-2pt-sack-50fg-v1,candidate_only,32.9,,30.9,,31.9,0,0,0,0,0,31.9,30.9,32.9,,,,,,,,,,,,,,,,,,,
fbg:HoopAu00,Austin Hooper,TE,ATL,HoopAu00,,,,,tb-accuracy-consensus-20260809-v1,2026-08-21T14:45:07.709Z,2026-08-21T14:46:47.271Z,tb26-ppr-6pt-pass-td-minus2-int-2pt-sack-50fg-v1,candidate_only,43.4,,55.5,,49.4,0,0,0,0,0,49.4,43.4,55.5,,,,,,,,,,,,,,,,,,,
cbs:2962073,Will Mallory,TE,IND,,2962073,,,,tb-accuracy-consensus-20260809-v1,2026-08-21T14:45:07.709Z,2026-08-21T14:46:47.271Z,tb26-ppr-6pt-pass-td-minus2-int-2pt-sack-50fg-v1,candidate_only,,,29.5,,29.5,0,0,0,0,0,29.5,29.5,29.5,Single-source pass-through; no second premium projection matched this player,,,,,,,,,,,,,,,,,,
fbg:ThorTy00,Tyquan Thornton,WR,KC,ThorTy00,,,,,tb-accuracy-consensus-20260809-v1,2026-08-21T14:45:07.709Z,2026-08-21T14:46:47.271Z,tb26-ppr-6pt-pass-td-minus2-int-2pt-sack-50fg-v1,candidate_only,105.9,105.2,92.9,,101.3,0,0,0,0,0,101.3,92.9,105.9,,,,,,,,,,,,,,,,,,,
cbs:2818971,Anthony Firkser,TE,WAS,,2818971,,,,tb-accuracy-consensus-20260809-v1,2026-08-21T14:45:07.709Z,2026-08-21T14:46:47.271Z,tb26-ppr-6pt-pass-td-minus2-int-2pt-sack-50fg-v1,candidate_only,,28.4,,,28.4,0,0,0,0,0,28.4,28.4,28.4,Single-source pass-through; no second premium projection matched this player,,,,,,,,,,,,,,,,,,
cbs:2870478,Travis Vokolek,TE,ARI,,2870478,,,,tb-accuracy-consensus-20260809-v1,2026-08-21T14:45:07.709Z,2026-08-21T14:46:47.271Z,tb26-ppr-6pt-pass-td-minus2-int-2pt-sack-50fg-v1,candidate_only,,28.4,,,28.4,0,0,0,0,0,28.4,28.4,28.4,Single-source pass-through; no second premium projection matched this player,,,,,,,,,,,,,,,,,,
cbs:29164633,Dallen Bentley,TE,DEN,,29164633,,,,tb-accuracy-consensus-20260809-v1,2026-08-21T14:45:07.709Z,2026-08-21T14:46:47.271Z,tb26-ppr-6pt-pass-td-minus2-int-2pt-sack-50fg-v1,candidate_only,,,28.5,,28.5,0,0,0,0,0,28.5,28.5,28.5,Single-source pass-through; no second premium projection matched this player,,,,,,,,,,,,,,,,,,
cbs:2965963,Teagan Quitoriano,TE,ARI,,2965963,,,,tb-accuracy-consensus-20260809-v1,2026-08-21T14:45:07.709Z,2026-08-21T14:46:47.271Z,tb26-ppr-6pt-pass-td-minus2-int-2pt-sack-50fg-v1,candidate_only,,,28.9,,28.9,0,0,0,0,0,28.9,28.9,28.9,Single-source pass-through; no second premium projection matched this player,,,,,,,,,,,,,,,,,,
cbs:3131519,Hayden Rucci,TE,SF,,3131519,,,,tb-accuracy-consensus-20260809-v1,2026-08-21T14:45:07.709Z,2026-08-21T14:46:47.271Z,tb26-ppr-6pt-pass-td-minus2-int-2pt-sack-50fg-v1,candidate_only,,,29.8,,29.8,0,0,0,0,0,29.8,29.8,29.8,Single-source pass-through; no second premium projection matched this player,,,,,,,,,,,,,,,,,,
cbs:3165468,Rivaldo Fairweather,TE,ARI,,3165468,,,,tb-accuracy-consensus-20260809-v1,2026-08-21T14:45:07.709Z,2026-08-21T14:46:47.271Z,tb26-ppr-6pt-pass-td-minus2-int-2pt-sack-50fg-v1,candidate_only,,28.4,28.8,,28.6,0,0,0,0,0,28.6,28.4,28.8,,,,,,,,,,,,,,,,,,,
fbg:BechJa00,Jack Bech,WR,LV,BechJa00,,,,,tb-accuracy-consensus-20260809-v1,2026-08-21T14:45:07.709Z,2026-08-21T14:46:47.271Z,tb26-ppr-6pt-pass-td-minus2-int-2pt-sack-50fg-v1,candidate_only,74.8,,65.8,,70.3,0,0,0,0,0,70.3,65.8,74.8,,,,,,,,,,,,,,,,,,,
fbg:VeleDe00,Devaughn Vele,WR,NO,VeleDe00,,,,,tb-accuracy-consensus-20260809-v1,2026-08-21T14:45:07.709Z,2026-08-21T14:46:47.271Z,tb26-ppr-6pt-pass-td-minus2-int-2pt-sack-50fg-v1,candidate_only,84,118.2,125.9,,109.2,0,0,0,0,0,109.2,84,125.9,,,,,,,,,,,,,,,,,,,
cbs:29148608,Cam Grandy,TE,CIN,,29148608,,,,tb-accuracy-consensus-20260809-v1,2026-08-21T14:45:07.709Z,2026-08-21T14:46:47.271Z,tb26-ppr-6pt-pass-td-minus2-int-2pt-sack-50fg-v1,candidate_only,,27.8,29,,28.4,0,0,0,0,0,28.4,27.8,29,,,,,,,,,,,,,,,,,,,
cbs:26695325,Zaire Mitchell-Paden,TE,NO,,26695325,,,,tb-accuracy-consensus-20260809-v1,2026-08-21T14:45:07.709Z,2026-08-21T14:46:47.271Z,tb26-ppr-6pt-pass-td-minus2-int-2pt-sack-50fg-v1,candidate_only,,,27.8,,27.8,0,0,0,0,0,27.8,27.8,27.8,Single-source pass-through; no second premium projection matched this player,,,,,,,,,,,,,,,,,,
fbg:StevDr01,Drew Stevens,K,WAS,StevDr01,,,,,tb-accuracy-consensus-20260809-v1,2026-08-21T14:45:07.709Z,2026-08-21T14:46:47.271Z,tb26-ppr-6pt-pass-td-minus2-int-2pt-sack-50fg-v1,candidate_only,66,,,,66,0,0,0,0,0,66,66,66,Single-source pass-through; no second premium projection matched this player,,,,,,,,,,,,,,,,,,
fbg:JohnTy00,Ty Johnson,RB,BUF,JohnTy00,,,,,tb-accuracy-consensus-20260809-v1,2026-08-21T14:45:07.709Z,2026-08-21T14:46:47.271Z,tb26-ppr-6pt-pass-td-minus2-int-2pt-sack-50fg-v1,candidate_only,59.6,85.7,94.5,,79.8,0,0,0,0,0,79.8,59.6,94.5,,,,,,,,,,,,,,,,,,,
fbg:RariEl00,Eli Raridon,TE,NE,RariEl00,,,,,tb-accuracy-consensus-20260809-v1,2026-08-21T14:45:07.709Z,2026-08-21T14:46:47.271Z,tb26-ppr-6pt-pass-td-minus2-int-2pt-sack-50fg-v1,candidate_only,27.4,,45.9,,36.6,0,0,0,0,0,36.6,27.4,45.9,,,,,,,,,,,,,,,,,,,
cbs:2961761,Lucas Krull,TE,DEN,,2961761,,,,tb-accuracy-consensus-20260809-v1,2026-08-21T14:45:07.709Z,2026-08-21T14:46:47.271Z,tb26-ppr-6pt-pass-td-minus2-int-2pt-sack-50fg-v1,candidate_only,,,13.4,,13.4,0,0,0,0,0,13.4,13.4,13.4,Single-source pass-through; no second premium projection matched this player,,,,,,,,,,,,,,,,,,
fbg:MitcKe01,Keaton Mitchell,RB,LAC,MitcKe01,,,,,tb-accuracy-consensus-20260809-v1,2026-08-21T14:45:07.709Z,2026-08-21T14:46:47.271Z,tb26-ppr-6pt-pass-td-minus2-int-2pt-sack-50fg-v1,candidate_only,95.4,,84.4,,89.9,0,0,0,0,0,89.9,84.4,95.4,,,,,,,,,,,,,,,,,,,
fbg:PeriSa00,Samaje Perine,RB,CIN,PeriSa00,,,,,tb-accuracy-consensus-20260809-v1,2026-08-21T14:45:07.709Z,2026-08-21T14:46:47.271Z,tb26-ppr-6pt-pass-td-minus2-int-2pt-sack-50fg-v1,candidate_only,77.9,86.6,96.4,,86.9,0,0,0,0,0,86.9,77.9,96.4,,,,,,,,,,,,,,,,,,,
cbs:2260697,Tanner Conner,TE,NYG,,2260697,,,,tb-accuracy-consensus-20260809-v1,2026-08-21T14:45:07.709Z,2026-08-21T14:46:47.271Z,tb26-ppr-6pt-pass-td-minus2-int-2pt-sack-50fg-v1,candidate_only,,26.4,27.3,,26.9,0,0,0,0,0,26.9,26.4,27.3,,,,,,,,,,,,,,,,,,,
fbg:YorkCa44,Cade York,K,NYJ,YorkCa44,,,,,tb-accuracy-consensus-20260809-v1,2026-08-21T14:45:07.709Z,2026-08-21T14:46:47.271Z,tb26-ppr-6pt-pass-td-minus2-int-2pt-sack-50fg-v1,candidate_only,6.9,,,,6.9,0,0,0,0,0,6.9,6.9,6.9,Single-source pass-through; no second premium projection matched this player,,,,,,,,,,,,,,,,,,
fbg:WrigBr00,Brock Wright,TE,DET,WrigBr00,,,,,tb-accuracy-consensus-20260809-v1,2026-08-21T14:45:07.709Z,2026-08-21T14:46:47.271Z,tb26-ppr-6pt-pass-td-minus2-int-2pt-sack-50fg-v1,candidate_only,25.6,50.8,53.4,,43.2,0,0,0,0,0,43.2,25.6,53.4,,,,,,,,,,,,,,,,,,,
cbs:2183713,Donald Parham Jr.,TE,PIT,,2183713,,,,tb-accuracy-consensus-20260809-v1,2026-08-21T14:45:07.709Z,2026-08-21T14:46:47.271Z,tb26-ppr-6pt-pass-td-minus2-int-2pt-sack-50fg-v1,candidate_only,,24.8,,,24.8,0,0,0,0,0,24.8,24.8,24.8,Single-source pass-through; no second premium projection matched this player,,,,,,,,,,,,,,,,,,
cbs:2253359,Ian Thomas,TE,LV,,2253359,,,,tb-accuracy-consensus-20260809-v1,2026-08-21T14:45:07.709Z,2026-08-21T14:46:47.271Z,tb26-ppr-6pt-pass-td-minus2-int-2pt-sack-50fg-v1,candidate_only,,,8.6,,8.6,0,0,0,0,0,8.6,8.6,8.6,Single-source pass-through; no second premium projection matched this player,,,,,,,,,,,,,,,,,,
cbs:28875704,Jaren Kanak,TE,TEN,,28875704,,,,tb-accuracy-consensus-20260809-v1,2026-08-21T14:45:07.709Z,2026-08-21T14:46:47.271Z,tb26-ppr-6pt-pass-td-minus2-int-2pt-sack-50fg-v1,candidate_only,,24.8,25.6,,25.2,0,0,0,0,0,25.2,24.8,25.6,,,,,,,,,,,,,,,,,,,
cbs:2963243,Zack Kuntz,TE,MIA,,2963243,,,,tb-accuracy-consensus-20260809-v1,2026-08-21T14:45:07.709Z,2026-08-21T14:46:47.271Z,tb26-ppr-6pt-pass-td-minus2-int-2pt-sack-50fg-v1,candidate_only,,,30.8,,30.8,0,0,0,0,0,30.8,30.8,30.8,Single-source pass-through; no second premium projection matched this player,,,,,,,,,,,,,,,,,,
cbs:3169583,Jaheim Bell,TE,PIT,,3169583,,,,tb-accuracy-consensus-20260809-v1,2026-08-21T14:45:07.709Z,2026-08-21T14:46:47.271Z,tb26-ppr-6pt-pass-td-minus2-int-2pt-sack-50fg-v1,candidate_only,,,25.7,,25.7,0,0,0,0,0,25.7,25.7,25.7,Single-source pass-through; no second premium projection matched this player,,,,,,,,,,,,,,,,,,
fbg:LegeXa00,Xavier Legette,WR,CAR,LegeXa00,,,,,tb-accuracy-consensus-20260809-v1,2026-08-21T14:45:07.709Z,2026-08-21T14:46:47.271Z,tb26-ppr-6pt-pass-td-minus2-int-2pt-sack-50fg-v1,candidate_only,78.6,,94.1,,86.3,0,0,0,0,0,86.3,78.6,94.1,,,,,,,,,,,,,,,,,,,
fbg:SmytDu00,Durham Smythe,TE,BAL,SmytDu00,,,,,tb-accuracy-consensus-20260809-v1,2026-08-21T14:45:07.709Z,2026-08-21T14:46:47.271Z,tb26-ppr-6pt-pass-td-minus2-int-2pt-sack-50fg-v1,candidate_only,25.7,,23.2,,24.5,0,0,0,0,0,24.5,23.2,25.7,,,,,,,,,,,,,,,,,,,
fbg:HuntTr00,Travis Hunter,WR,JAX,HuntTr00,,,,,tb-accuracy-consensus-20260809-v1,2026-08-21T14:45:07.709Z,2026-08-21T14:46:47.271Z,tb26-ppr-6pt-pass-td-minus2-int-2pt-sack-50fg-v1,candidate_only,84.5,,111.9,,98.1,0,0,0,0,0,98.1,84.5,111.9,,,,,,,,,,,,,,,,,,,
fbg:KolaCh00,Charlie Kolar,TE,LAC,KolaCh00,,,,,tb-accuracy-consensus-20260809-v1,2026-08-21T14:45:07.709Z,2026-08-21T14:46:47.271Z,tb26-ppr-6pt-pass-td-minus2-int-2pt-sack-50fg-v1,candidate_only,56,57.3,55,,56.1,0,0,0,0,0,56.1,55,57.3,,,,,,,,,,,,,,,,,,,
fbg:KleiMa00,Marlin Klein,TE,HOU,KleiMa00,,,,,tb-accuracy-consensus-20260809-v1,2026-08-21T14:45:07.709Z,2026-08-21T14:46:47.271Z,tb26-ppr-6pt-pass-td-minus2-int-2pt-sack-50fg-v1,candidate_only,36.2,43.3,45.3,,41.6,0,0,0,0,0,41.6,36.2,45.3,,,,,,,,,,,,,,,,,,,
cbs:2167520,Chris Manhertz,TE,NYG,,2167520,,,,tb-accuracy-consensus-20260809-v1,2026-08-21T14:45:07.709Z,2026-08-21T14:46:47.271Z,tb26-ppr-6pt-pass-td-minus2-int-2pt-sack-50fg-v1,candidate_only,2.1,,4,,3,0,0,0,0,0,3,2.1,4,,,,,,,,,,,,,,,,,,,
cbs:2961855,Cole Turner,TE,MIA,,2961855,,,,tb-accuracy-consensus-20260809-v1,2026-08-21T14:45:07.709Z,2026-08-21T14:46:47.271Z,tb26-ppr-6pt-pass-td-minus2-int-2pt-sack-50fg-v1,candidate_only,,23.8,0,,11.8,0,0,0,0,0,11.8,0,23.8,,,,,,,,,,,,,,,,,,,
cbs:2975736,John FitzPatrick,TE,GB,,2975736,,,,tb-accuracy-consensus-20260809-v1,2026-08-21T14:45:07.709Z,2026-08-21T14:46:47.271Z,tb26-ppr-6pt-pass-td-minus2-int-2pt-sack-50fg-v1,candidate_only,,23.8,,,23.8,0,0,0,0,0,23.8,23.8,23.8,Single-source pass-through; no second premium projection matched this player,,,,,,,,,,,,,,,,,,
cbs:3168310,Drake Dabney,TE,GB,,3168310,,,,tb-accuracy-consensus-20260809-v1,2026-08-21T14:45:07.709Z,2026-08-21T14:46:47.271Z,tb26-ppr-6pt-pass-td-minus2-int-2pt-sack-50fg-v1,candidate_only,,23.8,24.4,,24.1,0,0,0,0,0,24.1,23.8,24.4,,,,,,,,,,,,,,,,,,,
fbg:AlieMo00,Mo Alie-Cox,TE,IND,AlieMo00,,,,,tb-accuracy-consensus-20260809-v1,2026-08-21T14:45:07.709Z,2026-08-21T14:46:47.271Z,tb26-ppr-6pt-pass-td-minus2-int-2pt-sack-50fg-v1,candidate_only,23,,27.3,,25.1,0,0,0,0,0,25.1,23,27.3,,,,,,,,,,,,,,,,,,,
cbs:29184228,Carter Runyon,TE,LV,,29184228,,,,tb-accuracy-consensus-20260809-v1,2026-08-21T14:45:07.709Z,2026-08-21T14:46:47.271Z,tb26-ppr-6pt-pass-td-minus2-int-2pt-sack-50fg-v1,candidate_only,,23.2,,,23.2,0,0,0,0,0,23.2,23.2,23.2,Single-source pass-through; no second premium projection matched this player,,,,,,,,,,,,,,,,,,
fbg:WestNi00,Nick Westbrook-Ikhine,WR,IND,WestNi00,,,,,tb-accuracy-consensus-20260809-v1,2026-08-21T14:45:07.709Z,2026-08-21T14:46:47.271Z,tb26-ppr-6pt-pass-td-minus2-int-2pt-sack-50fg-v1,candidate_only,46.9,,17.2,,32.1,0,0,0,0,0,32.1,17.2,46.9,,,,,,,,,,,,,,,,,,,
fbg:MatsKa00,Kansei Matsuzawa,K,LV,MatsKa00,,,,,tb-accuracy-consensus-20260809-v1,2026-08-21T14:45:07.709Z,2026-08-21T14:46:47.271Z,tb26-ppr-6pt-pass-td-minus2-int-2pt-sack-50fg-v1,candidate_only,2,,,,2,0,0,0,0,0,2,2,2,Single-source pass-through; no second premium projection matched this player,,,,,,,,,,,,,,,,,,
cbs:2239763,Ko Kieft,TE,TB,,2239763,,,,tb-accuracy-consensus-20260809-v1,2026-08-21T14:45:07.709Z,2026-08-21T14:46:47.271Z,tb26-ppr-6pt-pass-td-minus2-int-2pt-sack-50fg-v1,candidate_only,,,9.1,,9.1,0,0,0,0,0,9.1,9.1,9.1,Single-source pass-through; no second premium projection matched this player,,,,,,,,,,,,,,,,,,
cbs:26725942,Andrew Ogletree,TE,IND,,26725942,,,,tb-accuracy-consensus-20260809-v1,2026-08-21T14:45:07.709Z,2026-08-21T14:46:47.271Z,tb26-ppr-6pt-pass-td-minus2-int-2pt-sack-50fg-v1,candidate_only,,21.2,9,,15.1,0,0,0,0,0,15.1,9,21.2,,,,,,,,,,,,,,,,,,,
fbg:HavrLu44,Lucas Havrisik,K,FA,HavrLu44,,,,,tb-accuracy-consensus-20260809-v1,2026-08-21T14:45:07.709Z,2026-08-21T14:46:47.271Z,tb26-ppr-6pt-pass-td-minus2-int-2pt-sack-50fg-v1,candidate_only,1.4,,,,1.4,0,0,0,0,0,1.4,1.4,1.4,Single-source pass-through; no second premium projection matched this player,,,,,,,,,,,,,,,,,,
fbg:ColeKE02,Kevin Coleman Jr.,WR,MIA,ColeKE02,,,,,tb-accuracy-consensus-20260809-v1,2026-08-21T14:45:07.709Z,2026-08-21T14:46:47.271Z,tb26-ppr-6pt-pass-td-minus2-int-2pt-sack-50fg-v1,candidate_only,47.8,,32.7,,40.3,0,0,0,0,0,40.3,32.7,47.8,,,,,,,,,,,,,,,,,,,
fbg:SchoLu00,Luke Schoonmaker,TE,DAL,SchoLu00,,,,,tb-accuracy-consensus-20260809-v1,2026-08-21T14:45:07.709Z,2026-08-21T14:46:47.271Z,tb26-ppr-6pt-pass-td-minus2-int-2pt-sack-50fg-v1,candidate_only,8.9,,30.8,,19.8,0,0,0,0,0,19.8,8.9,30.8,,,,,,,,,,,,,,,,,,,
fbg:KartJo00,Joshua Karty,K,FA,KartJo00,,,,,tb-accuracy-consensus-20260809-v1,2026-08-21T14:45:07.709Z,2026-08-21T14:46:47.271Z,tb26-ppr-6pt-pass-td-minus2-int-2pt-sack-50fg-v1,candidate_only,0.6,,,,0.6,0,0,0,0,0,0.6,0.6,0.6,Single-source pass-through; no second premium projection matched this player,,,,,,,,,,,,,,,,,,
fbg:PratMa44,Matt Prater,K,FA,PratMa44,,,,,tb-accuracy-consensus-20260809-v1,2026-08-21T14:45:07.709Z,2026-08-21T14:46:47.271Z,tb26-ppr-6pt-pass-td-minus2-int-2pt-sack-50fg-v1,candidate_only,0.6,,,,0.6,0,0,0,0,0,0.6,0.6,0.6,Single-source pass-through; no second premium projection matched this player,,,,,,,,,,,,,,,,,,
fbg:GanoGr44,Graham Gano,K,FA,GanoGr44,,,,,tb-accuracy-consensus-20260809-v1,2026-08-21T14:45:07.709Z,2026-08-21T14:46:47.271Z,tb26-ppr-6pt-pass-td-minus2-int-2pt-sack-50fg-v1,candidate_only,0.4,,,,0.4,0,0,0,0,0,0.4,0.4,0.4,Single-source pass-through; no second premium projection matched this player,,,,,,,,,,,,,,,,,,
fbg:JohnEm00,Emmett Johnson,RB,KC,JohnEm00,,,,,tb-accuracy-consensus-20260809-v1,2026-08-21T14:45:07.709Z,2026-08-21T14:46:47.271Z,tb26-ppr-6pt-pass-td-minus2-int-2pt-sack-50fg-v1,candidate_only,48.8,,35.2,,42,0,0,0,0,0,42,35.2,48.8,,,,,,,,,,,,,,,,,,,
fbg:HibnMa00,Matt Hibner,TE,BAL,HibnMa00,,,,,tb-accuracy-consensus-20260809-v1,2026-08-21T14:45:07.709Z,2026-08-21T14:46:47.271Z,tb26-ppr-6pt-pass-td-minus2-int-2pt-sack-50fg-v1,candidate_only,15,,,,15,0,0,0,0,0,15,15,15,Single-source pass-through; no second premium projection matched this player,,,,,,,,,,,,,,,,,,
fbg:ZaccOl00,Olamide Zaccheaus,WR,ATL,ZaccOl00,,,,,tb-accuracy-consensus-20260809-v1,2026-08-21T14:45:07.709Z,2026-08-21T14:46:47.271Z,tb26-ppr-6pt-pass-td-minus2-int-2pt-sack-50fg-v1,candidate_only,51.6,86.2,69.3,,68.9,0,0,0,0,0,68.9,51.6,86.2,,,,,,,,,,,,,,,,,,,
fbg:SimsBe00,Ben Sims,TE,MIA,SimsBe00,,,,,tb-accuracy-consensus-20260809-v1,2026-08-21T14:45:07.709Z,2026-08-21T14:46:47.271Z,tb26-ppr-6pt-pass-td-minus2-int-2pt-sack-50fg-v1,candidate_only,11.2,,45.2,,28.1,0,0,0,0,0,28.1,11.2,45.2,,,,,,,,,,,,,,,,,,,
fbg:TolbJa00,Jalen Tolbert,WR,MIA,TolbJa00,,,,,tb-accuracy-consensus-20260809-v1,2026-08-21T14:45:07.709Z,2026-08-21T14:46:47.271Z,tb26-ppr-6pt-pass-td-minus2-int-2pt-sack-50fg-v1,candidate_only,65.2,,85.5,,75.3,0,0,0,0,0,75.3,65.2,85.5,,,,,,,,,,,,,,,,,,,
fbg:BourKe00,Kendrick Bourne,WR,ARI,BourKe00,,,,,tb-accuracy-consensus-20260809-v1,2026-08-21T14:45:07.709Z,2026-08-21T14:46:47.271Z,tb26-ppr-6pt-pass-td-minus2-int-2pt-sack-50fg-v1,candidate_only,75,63.7,50.5,,63.1,0,0,0,0,0,63.1,50.5,75,,,,,,,,,,,,,,,,,,,
fbg:HillTy00,Tyreek Hill,WR,FA,HillTy00,,,,,tb-accuracy-consensus-20260809-v1,2026-08-21T14:45:07.709Z,2026-08-21T14:46:47.271Z,tb26-ppr-6pt-pass-td-minus2-int-2pt-sack-50fg-v1,candidate_only,31,,,,31,0,0,0,0,0,31,31,31,Single-source pass-through; no second premium projection matched this player,,,,,,,,,,,,,,,,,,
fbg:NoelJa00,Jaylin Noel,WR,HOU,NoelJa00,,,,,tb-accuracy-consensus-20260809-v1,2026-08-21T14:45:07.709Z,2026-08-21T14:46:47.271Z,tb26-ppr-6pt-pass-td-minus2-int-2pt-sack-50fg-v1,candidate_only,79.2,103,112.4,,98.1,0,0,0,0,0,98.1,79.2,112.4,,,,,,,,,,,,,,,,,,,
fbg:BoerNa00,Nate Boerkircher,TE,JAX,BoerNa00,,,,,tb-accuracy-consensus-20260809-v1,2026-08-21T14:45:07.709Z,2026-08-21T14:46:47.271Z,tb26-ppr-6pt-pass-td-minus2-int-2pt-sack-50fg-v1,candidate_only,20.2,,37.4,,28.8,0,0,0,0,0,28.8,20.2,37.4,,,,,,,,,,,,,,,,,,,
cbs:3117113,Tom Kennedy,WR,DET,,3117113,,,,tb-accuracy-consensus-20260809-v1,2026-08-21T14:45:07.709Z,2026-08-21T14:46:47.271Z,tb26-ppr-6pt-pass-td-minus2-int-2pt-sack-50fg-v1,candidate_only,,71.4,,,71.4,0,0,0,0,0,71.4,71.4,71.4,Single-source pass-through; no second premium projection matched this player,,,,,,,,,,,,,,,,,,
fbg:SpanBr00,Brevyn Spann-Ford,TE,DAL,SpanBr00,,,,,tb-accuracy-consensus-20260809-v1,2026-08-21T14:45:07.709Z,2026-08-21T14:46:47.271Z,tb26-ppr-6pt-pass-td-minus2-int-2pt-sack-50fg-v1,candidate_only,24,,9.4,,16.7,0,0,0,0,0,16.7,9.4,24,,,,,,,,,,,,,,,,,,,
fbg:DurhPa00,Payne Durham,TE,TB,DurhPa00,,,,,tb-accuracy-consensus-20260809-v1,2026-08-21T14:45:07.709Z,2026-08-21T14:46:47.271Z,tb26-ppr-6pt-pass-td-minus2-int-2pt-sack-50fg-v1,candidate_only,19,,17.7,,18.4,0,0,0,0,0,18.4,17.7,19,,,,,,,,,,,,,,,,,,,
fbg:StovCa00,Cade Stover,TE,HOU,StovCa00,,,,,tb-accuracy-consensus-20260809-v1,2026-08-21T14:45:07.709Z,2026-08-21T14:46:47.271Z,tb26-ppr-6pt-pass-td-minus2-int-2pt-sack-50fg-v1,candidate_only,9.7,,33.6,,21.6,0,0,0,0,0,21.6,9.7,33.6,,,,,,,,,,,,,,,,,,,
fbg:StolJa00,Jack Stoll,TE,CLE,StolJa00,,,,,tb-accuracy-consensus-20260809-v1,2026-08-21T14:45:07.709Z,2026-08-21T14:46:47.271Z,tb26-ppr-6pt-pass-td-minus2-int-2pt-sack-50fg-v1,candidate_only,8.2,,17.7,,12.9,0,0,0,0,0,12.9,8.2,17.7,,,,,,,,,,,,,,,,,,,
fbg:BlueJa01,Jaydon Blue,RB,DAL,BlueJa01,,,,,tb-accuracy-consensus-20260809-v1,2026-08-21T14:45:07.709Z,2026-08-21T14:46:47.271Z,tb26-ppr-6pt-pass-td-minus2-int-2pt-sack-50fg-v1,candidate_only,71.5,,54.4,,63,0,0,0,0,0,63,54.4,71.5,,,,,,,,,,,,,,,,,,,
fbg:TagoTu00,Tua Tagovailoa,QB,ATL,TagoTu00,,,,,tb-accuracy-consensus-20260809-v1,2026-08-21T14:45:07.709Z,2026-08-21T14:46:47.271Z,tb26-ppr-6pt-pass-td-minus2-int-2pt-sack-50fg-v1,candidate_only,143.1,247.8,187.8,,192.5,0,0,0,0,0,192.5,143.1,247.8,,,,,,,,,,,,,,,,,,,
cbs:2787078,Jelani Woods,TE,NYJ,,2787078,,,,tb-accuracy-consensus-20260809-v1,2026-08-21T14:45:07.709Z,2026-08-21T14:46:47.271Z,tb26-ppr-6pt-pass-td-minus2-int-2pt-sack-50fg-v1,candidate_only,3,,,,3,0,0,0,0,0,3,3,3,Single-source pass-through; no second premium projection matched this player,,,,,,,,,,,,,,,,,,
cbs:2964419,Blake Whiteheart,TE,CLE,,2964419,,,,tb-accuracy-consensus-20260809-v1,2026-08-21T14:45:07.709Z,2026-08-21T14:46:47.271Z,tb26-ppr-6pt-pass-td-minus2-int-2pt-sack-50fg-v1,candidate_only,5.2,,,,5.2,0,0,0,0,0,5.2,5.2,5.2,Single-source pass-through; no second premium projection matched this player,,,,,,,,,,,,,,,,,,
fbg:ColeKe01,Keon Coleman,WR,BUF,ColeKe01,,,,,tb-accuracy-consensus-20260809-v1,2026-08-21T14:45:07.709Z,2026-08-21T14:46:47.271Z,tb26-ppr-6pt-pass-td-minus2-int-2pt-sack-50fg-v1,candidate_only,74.9,,74.6,,74.8,0,0,0,0,0,74.8,74.6,74.9,,,,,,,,,,,,,,,,,,,
fbg:JolyJu00,Justin Joly,TE,DEN,JolyJu00,,,,,tb-accuracy-consensus-20260809-v1,2026-08-21T14:45:07.709Z,2026-08-21T14:46:47.271Z,tb26-ppr-6pt-pass-td-minus2-int-2pt-sack-50fg-v1,candidate_only,11.3,,9.6,,10.5,0,0,0,0,0,10.5,9.6,11.3,,,,,,,,,,,,,,,,,,,
fbg:WhylJo00,Josh Whyle,TE,GB,WhylJo00,,,,,tb-accuracy-consensus-20260809-v1,2026-08-21T14:45:07.709Z,2026-08-21T14:46:47.271Z,tb26-ppr-6pt-pass-td-minus2-int-2pt-sack-50fg-v1,candidate_only,18.4,,17,,17.7,0,0,0,0,0,17.7,17,18.4,,,,,,,,,,,,,,,,,,,
fbg:AtweTu00,Tutu Atwell,WR,MIA,AtweTu00,,,,,tb-accuracy-consensus-20260809-v1,2026-08-21T14:45:07.709Z,2026-08-21T14:46:47.271Z,tb26-ppr-6pt-pass-td-minus2-int-2pt-sack-50fg-v1,candidate_only,51.3,,57.3,,54.3,0,0,0,0,0,54.3,51.3,57.3,,,,,,,,,,,,,,,,,,,
fbg:HaweJa00,Jackson Hawes,TE,BUF,HaweJa00,,,,,tb-accuracy-consensus-20260809-v1,2026-08-21T14:45:07.709Z,2026-08-21T14:46:47.271Z,tb26-ppr-6pt-pass-td-minus2-int-2pt-sack-50fg-v1,candidate_only,15.3,,30.4,,22.8,0,0,0,0,0,22.8,15.3,30.4,,,,,,,,,,,,,,,,,,,
fbg:MoreFo00,Foster Moreau,TE,HOU,MoreFo00,,,,,tb-accuracy-consensus-20260809-v1,2026-08-21T14:45:07.709Z,2026-08-21T14:46:47.271Z,tb26-ppr-6pt-pass-td-minus2-int-2pt-sack-50fg-v1,candidate_only,29.3,,27.7,,28.5,0,0,0,0,0,28.5,27.7,29.3,,,,,,,,,,,,,,,,,,,
fbg:WalkDe01,Devontez Walker,WR,BAL,WalkDe01,,,,,tb-accuracy-consensus-20260809-v1,2026-08-21T14:45:07.709Z,2026-08-21T14:46:47.271Z,tb26-ppr-6pt-pass-td-minus2-int-2pt-sack-50fg-v1,candidate_only,57.1,,44,,50.6,0,0,0,0,0,50.6,44,57.1,,,,,,,,,,,,,,,,,,,
fbg:LloyMa00,MarShawn Lloyd,RB,GB,LloyMa00,,,,,tb-accuracy-consensus-20260809-v1,2026-08-21T14:45:07.709Z,2026-08-21T14:46:47.271Z,tb26-ppr-6pt-pass-td-minus2-int-2pt-sack-50fg-v1,candidate_only,67.7,,54.1,,60.9,0,0,0,0,0,60.9,54.1,67.7,,,,,,,,,,,,,,,,,,,
fbg:RuckJe00,Jeremy Ruckert,TE,NYJ,RuckJe00,,,,,tb-accuracy-consensus-20260809-v1,2026-08-21T14:45:07.709Z,2026-08-21T14:46:47.271Z,tb26-ppr-6pt-pass-td-minus2-int-2pt-sack-50fg-v1,candidate_only,8.6,,42.1,,25.3,0,0,0,0,0,25.3,8.6,42.1,,,,,,,,,,,,,,,,,,,
fbg:RousSa00,Sam Roush,TE,CHI,RousSa00,,,,,tb-accuracy-consensus-20260809-v1,2026-08-21T14:45:07.709Z,2026-08-21T14:46:47.271Z,tb26-ppr-6pt-pass-td-minus2-int-2pt-sack-50fg-v1,candidate_only,14.1,,8.9,,11.5,0,0,0,0,0,11.5,8.9,14.1,,,,,,,,,,,,,,,,,,,
fbg:KacmWi00,Will Kacmarek,TE,MIA,KacmWi00,,,,,tb-accuracy-consensus-20260809-v1,2026-08-21T14:45:07.709Z,2026-08-21T14:46:47.271Z,tb26-ppr-6pt-pass-td-minus2-int-2pt-sack-50fg-v1,candidate_only,25.9,,61.9,,43.8,0,0,0,0,0,43.8,25.9,61.9,,,,,,,,,,,,,,,,,,,
fbg:FarrLu00,Luke Farrell,TE,SF,FarrLu00,,,,,tb-accuracy-consensus-20260809-v1,2026-08-21T14:45:07.709Z,2026-08-21T14:46:47.271Z,tb26-ppr-6pt-pass-td-minus2-int-2pt-sack-50fg-v1,candidate_only,12.6,,10.1,,11.4,0,0,0,0,0,11.4,10.1,12.6,,,,,,,,,,,,,,,,,,,
fbg:BrooCh01,Chris Brooks,RB,GB,BrooCh01,,,,,tb-accuracy-consensus-20260809-v1,2026-08-21T14:45:07.709Z,2026-08-21T14:46:47.271Z,tb26-ppr-6pt-pass-td-minus2-int-2pt-sack-50fg-v1,candidate_only,58.3,,62.9,,60.6,0,0,0,0,0,60.6,58.3,62.9,,,,,,,,,,,,,,,,,,,
fbg:DaviRa02,Ray Davis,RB,BUF,DaviRa02,,,,,tb-accuracy-consensus-20260809-v1,2026-08-21T14:45:07.709Z,2026-08-21T14:46:47.271Z,tb26-ppr-6pt-pass-td-minus2-int-2pt-sack-50fg-v1,candidate_only,69.5,,36.2,,52.9,0,0,0,0,0,52.9,36.2,69.5,,,,,,,,,,,,,,,,,,,
fbg:WashMi00,Mike Washington Jr.,RB,LV,WashMi00,,,,,tb-accuracy-consensus-20260809-v1,2026-08-21T14:45:07.709Z,2026-08-21T14:46:47.271Z,tb26-ppr-6pt-pass-td-minus2-int-2pt-sack-50fg-v1,candidate_only,58.3,92.8,83.2,,78,0,0,0,0,0,78,58.3,92.8,,,,,,,,,,,,,,,,,,,
fbg:SaubEr00,Eric Saubert,TE,SEA,SaubEr00,,,,,tb-accuracy-consensus-20260809-v1,2026-08-21T14:45:07.709Z,2026-08-21T14:46:47.271Z,tb26-ppr-6pt-pass-td-minus2-int-2pt-sack-50fg-v1,candidate_only,8.6,,8.6,,8.6,0,0,0,0,0,8.6,8.6,8.6,,,,,,,,,,,,,,,,,,,
fbg:ConkTy00,Tyler Conklin,TE,DET,ConkTy00,,,,,tb-accuracy-consensus-20260809-v1,2026-08-21T14:45:07.709Z,2026-08-21T14:46:47.271Z,tb26-ppr-6pt-pass-td-minus2-int-2pt-sack-50fg-v1,candidate_only,11.1,,9.3,,10.2,0,0,0,0,0,10.2,9.3,11.1,,,,,,,,,,,,,,,,,,,
fbg:HolaGe01,George Holani,RB,SEA,HolaGe01,,,,,tb-accuracy-consensus-20260809-v1,2026-08-21T14:45:07.709Z,2026-08-21T14:46:47.271Z,tb26-ppr-6pt-pass-td-minus2-int-2pt-sack-50fg-v1,candidate_only,63.5,,41,,52.3,0,0,0,0,0,52.3,41,63.5,,,,,,,,,,,,,,,,,,,
fbg:BateJo00,John Bates,TE,WAS,BateJo00,,,,,tb-accuracy-consensus-20260809-v1,2026-08-21T14:45:07.709Z,2026-08-21T14:46:47.271Z,tb26-ppr-6pt-pass-td-minus2-int-2pt-sack-50fg-v1,candidate_only,6.6,,42.5,,24.4,0,0,0,0,0,24.4,6.6,42.5,,,,,,,,,,,,,,,,,,,
cbs:2864800,Stone Smartt,TE,PHI,,2864800,,,,tb-accuracy-consensus-20260809-v1,2026-08-21T14:45:07.709Z,2026-08-21T14:46:47.271Z,tb26-ppr-6pt-pass-td-minus2-int-2pt-sack-50fg-v1,candidate_only,,10.5,,,10.5,0,0,0,0,0,10.5,10.5,10.5,Single-source pass-through; no second premium projection matched this player,,,,,,,,,,,,,,,,,,
fbg:WoerCh00,Charlie Woerner,TE,ATL,WoerCh00,,,,,tb-accuracy-consensus-20260809-v1,2026-08-21T14:45:07.709Z,2026-08-21T14:46:47.271Z,tb26-ppr-6pt-pass-td-minus2-int-2pt-sack-50fg-v1,candidate_only,10.5,,30.8,,20.6,0,0,0,0,0,20.6,10.5,30.8,,,,,,,,,,,,,,,,,,,
fbg:AdkiNa00,Nate Adkins,TE,DEN,AdkiNa00,,,,,tb-accuracy-consensus-20260809-v1,2026-08-21T14:45:07.709Z,2026-08-21T14:46:47.271Z,tb26-ppr-6pt-pass-td-minus2-int-2pt-sack-50fg-v1,candidate_only,8,,31.5,,19.7,0,0,0,0,0,19.7,8,31.5,,,,,,,,,,,,,,,,,,,
fbg:SlayDa00,Darius Slayton,WR,NYG,SlayDa00,,,,,tb-accuracy-consensus-20260809-v1,2026-08-21T14:45:07.709Z,2026-08-21T14:46:47.271Z,tb26-ppr-6pt-pass-td-minus2-int-2pt-sack-50fg-v1,candidate_only,58.6,104.6,99.9,,87.5,0,0,0,0,0,87.5,58.6,104.6,,,,,,,,,,,,,,,,,,,
fbg:FranTr00,Troy Franklin,WR,DEN,FranTr00,,,,,tb-accuracy-consensus-20260809-v1,2026-08-21T14:45:07.709Z,2026-08-21T14:46:47.271Z,tb26-ppr-6pt-pass-td-minus2-int-2pt-sack-50fg-v1,candidate_only,56.2,140.5,97,,97.6,0,0,0,0,0,97.6,56.2,140.5,,,,,,,,,,,,,,,,,,,
cbs:2866424,Tylan Wallace,WR,CLE,,2866424,,,,tb-accuracy-consensus-20260809-v1,2026-08-21T14:45:07.709Z,2026-08-21T14:46:47.271Z,tb26-ppr-6pt-pass-td-minus2-int-2pt-sack-50fg-v1,candidate_only,,61.2,,,61.2,0,0,0,0,0,61.2,61.2,61.2,Single-source pass-through; no second premium projection matched this player,,,,,,,,,,,,,,,,,,
fbg:ReimTi00,Tip Reiman,TE,ARI,ReimTi00,,,,,tb-accuracy-consensus-20260809-v1,2026-08-21T14:45:07.709Z,2026-08-21T14:46:47.271Z,tb26-ppr-6pt-pass-td-minus2-int-2pt-sack-50fg-v1,candidate_only,5.9,,17.7,,11.8,0,0,0,0,0,11.8,5.9,17.7,,,,,,,,,,,,,,,,,,,
fbg:WillAn02,Antonio Williams,WR,WAS,WillAn02,,,,,tb-accuracy-consensus-20260809-v1,2026-08-21T14:45:07.709Z,2026-08-21T14:46:47.271Z,tb26-ppr-6pt-pass-td-minus2-int-2pt-sack-50fg-v1,candidate_only,36.4,114.9,103.9,,84.8,0,0,0,0,0,84.8,36.4,114.9,,,,,,,,,,,,,,,,,,,
fbg:WileJa00,Jared Wiley,TE,KC,WileJa00,,,,,tb-accuracy-consensus-20260809-v1,2026-08-21T14:45:07.709Z,2026-08-21T14:46:47.271Z,tb26-ppr-6pt-pass-td-minus2-int-2pt-sack-50fg-v1,candidate_only,8.3,,26.6,,17.4,0,0,0,0,0,17.4,8.3,26.6,,,,,,,,,,,,,,,,,,,
cbs:26688308,Shane Zylstra,TE,BUF,,26688308,,,,tb-accuracy-consensus-20260809-v1,2026-08-21T14:45:07.709Z,2026-08-21T14:46:47.271Z,tb26-ppr-6pt-pass-td-minus2-int-2pt-sack-50fg-v1,candidate_only,,8.9,,,8.9,0,0,0,0,0,8.9,8.9,8.9,Single-source pass-through; no second premium projection matched this player,,,,,,,,,,,,,,,,,,
fbg:AlleDa01,Davis Allen,TE,LAR,AlleDa01,,,,,tb-accuracy-consensus-20260809-v1,2026-08-21T14:45:07.709Z,2026-08-21T14:46:47.271Z,tb26-ppr-6pt-pass-td-minus2-int-2pt-sack-50fg-v1,candidate_only,25.4,,44,,34.6,0,0,0,0,0,34.6,25.4,44,,,,,,,,,,,,,,,,,,,
fbg:HudsTa00,Tanner Hudson,TE,CIN,HudsTa00,,,,,tb-accuracy-consensus-20260809-v1,2026-08-21T14:45:07.709Z,2026-08-21T14:46:47.271Z,tb26-ppr-6pt-pass-td-minus2-int-2pt-sack-50fg-v1,candidate_only,6.4,,29.3,,17.8,0,0,0,0,0,17.8,6.4,29.3,,,,,,,,,,,,,,,,,,,
fbg:GalbJJ00,JJ Galbreath,TE,PIT,GalbJJ00,,,,,tb-accuracy-consensus-20260809-v1,2026-08-21T14:45:07.709Z,2026-08-21T14:46:47.271Z,tb26-ppr-6pt-pass-td-minus2-int-2pt-sack-50fg-v1,candidate_only,2.6,,,,2.6,0,0,0,0,0,2.6,2.6,2.6,Single-source pass-through; no second premium projection matched this player,,,,,,,,,,,,,,,,,,
fbg:BateBr00,Brenden Bates,TE,CLE,BateBr00,,,,,tb-accuracy-consensus-20260809-v1,2026-08-21T14:45:07.709Z,2026-08-21T14:46:47.271Z,tb26-ppr-6pt-pass-td-minus2-int-2pt-sack-50fg-v1,candidate_only,4.9,,,,4.9,0,0,0,0,0,4.9,4.9,4.9,Single-source pass-through; no second premium projection matched this player,,,,,,,,,,,,,,,,,,
fbg:CalcGr00,Grant Calcaterra,TE,PHI,CalcGr00,,,,,tb-accuracy-consensus-20260809-v1,2026-08-21T14:45:07.709Z,2026-08-21T14:46:47.271Z,tb26-ppr-6pt-pass-td-minus2-int-2pt-sack-50fg-v1,candidate_only,4.7,,28.5,,16.5,0,0,0,0,0,16.5,4.7,28.5,,,,,,,,,,,,,,,,,,,
fbg:JameJo02,Jordan James,RB,SF,JameJo02,,,,,tb-accuracy-consensus-20260809-v1,2026-08-21T14:45:07.709Z,2026-08-21T14:46:47.271Z,tb26-ppr-6pt-pass-td-minus2-int-2pt-sack-50fg-v1,candidate_only,48.3,115.7,75.9,,79.7,0,0,0,0,0,79.7,48.3,115.7,,,,,,,,,,,,,,,,,,,
fbg:KoziTa00,Tanner Koziol,TE,JAX,KoziTa00,,,,,tb-accuracy-consensus-20260809-v1,2026-08-21T14:45:07.709Z,2026-08-21T14:46:47.271Z,tb26-ppr-6pt-pass-td-minus2-int-2pt-sack-50fg-v1,candidate_only,7.4,,18,,12.7,0,0,0,0,0,12.7,7.4,18,,,,,,,,,,,,,,,,,,,
cbs:3162481,Mitchell Tinsley,WR,CIN,,3162481,,,,tb-accuracy-consensus-20260809-v1,2026-08-21T14:45:07.709Z,2026-08-21T14:46:47.271Z,tb26-ppr-6pt-pass-td-minus2-int-2pt-sack-50fg-v1,candidate_only,,61.5,,,61.5,0,0,0,0,0,61.5,61.5,61.5,Single-source pass-through; no second premium projection matched this player,,,,,,,,,,,,,,,,,,
fbg:YuroBe00,Ben Yurosek,TE,MIN,YuroBe00,,,,,tb-accuracy-consensus-20260809-v1,2026-08-21T14:45:07.709Z,2026-08-21T14:46:47.271Z,tb26-ppr-6pt-pass-td-minus2-int-2pt-sack-50fg-v1,candidate_only,7.2,,,,7.2,0,0,0,0,0,7.2,7.2,7.2,Single-source pass-through; no second premium projection matched this player,,,,,,,,,,,,,,,,,,
fbg:AlleLe01,LeQuint Allen Jr.,RB,JAX,AlleLe01,,,,,tb-accuracy-consensus-20260809-v1,2026-08-21T14:45:07.709Z,2026-08-21T14:46:47.271Z,tb26-ppr-6pt-pass-td-minus2-int-2pt-sack-50fg-v1,candidate_only,58.7,,43.6,,51.2,0,0,0,0,0,51.2,43.6,58.7,,,,,,,,,,,,,,,,,,,
fbg:CulpDe00,Devin Culp,TE,TB,CulpDe00,,,,,tb-accuracy-consensus-20260809-v1,2026-08-21T14:45:07.709Z,2026-08-21T14:46:47.271Z,tb26-ppr-6pt-pass-td-minus2-int-2pt-sack-50fg-v1,candidate_only,6.6,,17.4,,12,0,0,0,0,0,12,6.6,17.4,,,,,,,,,,,,,,,,,,,
fbg:MorrQu00,Quintin Morris,TE,JAX,MorrQu00,,,,,tb-accuracy-consensus-20260809-v1,2026-08-21T14:45:07.709Z,2026-08-21T14:46:47.271Z,tb26-ppr-6pt-pass-td-minus2-int-2pt-sack-50fg-v1,candidate_only,6.6,,,,6.6,0,0,0,0,0,6.6,6.6,6.6,Single-source pass-through; no second premium projection matched this player,,,,,,,,,,,,,,,,,,
fbg:BartGa00,Gavin Bartholomew,TE,MIN,BartGa00,,,,,tb-accuracy-consensus-20260809-v1,2026-08-21T14:45:07.709Z,2026-08-21T14:46:47.271Z,tb26-ppr-6pt-pass-td-minus2-int-2pt-sack-50fg-v1,candidate_only,6.3,,,,6.3,0,0,0,0,0,6.3,6.3,6.3,Single-source pass-through; no second premium projection matched this player,,,,,,,,,,,,,,,,,,
fbg:VidaKi00,Kimani Vidal,RB,LAC,VidaKi00,,,,,tb-accuracy-consensus-20260809-v1,2026-08-21T14:45:07.709Z,2026-08-21T14:46:47.271Z,tb26-ppr-6pt-pass-td-minus2-int-2pt-sack-50fg-v1,candidate_only,63.6,62.9,59.4,,62,0,0,0,0,0,62,59.4,63.6,,,,,,,,,,,,,,,,,,,
fbg:MimsMa00,Marvin Mims Jr.,WR,DEN,MimsMa00,,,,,tb-accuracy-consensus-20260809-v1,2026-08-21T14:45:07.709Z,2026-08-21T14:46:47.271Z,tb26-ppr-6pt-pass-td-minus2-int-2pt-sack-50fg-v1,candidate_only,57,,66.5,,61.7,0,0,0,0,0,61.7,57,66.5,,,,,,,,,,,,,,,,,,,
cbs:2961827,Colson Yankoff,TE,WAS,,2961827,,,,tb-accuracy-consensus-20260809-v1,2026-08-21T14:45:07.709Z,2026-08-21T14:46:47.271Z,tb26-ppr-6pt-pass-td-minus2-int-2pt-sack-50fg-v1,candidate_only,,5.3,,,5.3,0,0,0,0,0,5.3,5.3,5.3,Single-source pass-through; no second premium projection matched this player,,,,,,,,,,,,,,,,,,
fbg:WrigJa04,Jaylen Wright,RB,MIA,WrigJa04,,,,,tb-accuracy-consensus-20260809-v1,2026-08-21T14:45:07.709Z,2026-08-21T14:46:47.271Z,tb26-ppr-6pt-pass-td-minus2-int-2pt-sack-50fg-v1,candidate_only,52,,50.5,,51.3,0,0,0,0,0,51.3,50.5,52,,,,,,,,,,,,,,,,,,,
fbg:FidoTh00,Thomas Fidone II,TE,NYG,FidoTh00,,,,,tb-accuracy-consensus-20260809-v1,2026-08-21T14:45:07.709Z,2026-08-21T14:46:47.271Z,tb26-ppr-6pt-pass-td-minus2-int-2pt-sack-50fg-v1,candidate_only,2.4,,26.1,,14.2,0,0,0,0,0,14.2,2.4,26.1,,,,,,,,,,,,,,,,,,,
fbg:McKeSe00,Sean McKeon,TE,IND,McKeSe00,,,,,tb-accuracy-consensus-20260809-v1,2026-08-21T14:45:07.709Z,2026-08-21T14:46:47.271Z,tb26-ppr-6pt-pass-td-minus2-int-2pt-sack-50fg-v1,candidate_only,3,,,,3,0,0,0,0,0,3,3,3,Single-source pass-through; no second premium projection matched this player,,,,,,,,,,,,,,,,,,
fbg:BlacKa00,Kaelon Black,RB,SF,BlacKa00,,,,,tb-accuracy-consensus-20260809-v1,2026-08-21T14:45:07.709Z,2026-08-21T14:46:47.271Z,tb26-ppr-6pt-pass-td-minus2-int-2pt-sack-50fg-v1,candidate_only,52.4,92.3,88.7,,77.6,0,0,0,0,0,77.6,52.4,92.3,,,,,,,,,,,,,,,,,,,
fbg:TurpKa00,KaVontae Turpin,WR,DAL,TurpKa00,,,,,tb-accuracy-consensus-20260809-v1,2026-08-21T14:45:07.709Z,2026-08-21T14:46:47.271Z,tb26-ppr-6pt-pass-td-minus2-int-2pt-sack-50fg-v1,candidate_only,70.4,67.4,63.2,,67,0,0,0,0,0,67,63.2,70.4,,,,,,,,,,,,,,,,,,,
cbs:2964293,Jack Westover,TE,NE,,2964293,,,,tb-accuracy-consensus-20260809-v1,2026-08-21T14:45:07.709Z,2026-08-21T14:46:47.271Z,tb26-ppr-6pt-pass-td-minus2-int-2pt-sack-50fg-v1,candidate_only,,4.4,,,4.4,0,0,0,0,0,4.4,4.4,4.4,Single-source pass-through; no second premium projection matched this player,,,,,,,,,,,,,,,,,,
fbg:RoyeJo00,Joe Royer,TE,CLE,RoyeJo00,,,,,tb-accuracy-consensus-20260809-v1,2026-08-21T14:45:07.709Z,2026-08-21T14:46:47.271Z,tb26-ppr-6pt-pass-td-minus2-int-2pt-sack-50fg-v1,candidate_only,3.7,,15.8,,9.7,0,0,0,0,0,9.7,3.7,15.8,,,,,,,,,,,,,,,,,,,
cbs:3165078,Jalen Brooks,WR,ARI,,3165078,,,,tb-accuracy-consensus-20260809-v1,2026-08-21T14:45:07.709Z,2026-08-21T14:46:47.271Z,tb26-ppr-6pt-pass-td-minus2-int-2pt-sack-50fg-v1,candidate_only,8.5,,,,8.5,0,0,0,0,0,8.5,8.5,8.5,Single-source pass-through; no second premium projection matched this player,,,,,,,,,,,,,,,,,,
cbs:26727130,Max Bredeson,TE,MIN,,26727130,,,,tb-accuracy-consensus-20260809-v1,2026-08-21T14:45:07.709Z,2026-08-21T14:46:47.271Z,tb26-ppr-6pt-pass-td-minus2-int-2pt-sack-50fg-v1,candidate_only,,4,,,4,0,0,0,0,0,4,4,4,Single-source pass-through; no second premium projection matched this player,,,,,,,,,,,,,,,,,,
fbg:GranKy00,Kylen Granson,TE,TEN,GranKy00,,,,,tb-accuracy-consensus-20260809-v1,2026-08-21T14:45:07.709Z,2026-08-21T14:46:47.271Z,tb26-ppr-6pt-pass-td-minus2-int-2pt-sack-50fg-v1,candidate_only,16.9,,,,16.9,0,0,0,0,0,16.9,16.9,16.9,Single-source pass-through; no second premium projection matched this player,,,,,,,,,,,,,,,,,,
fbg:TraoSe00,Seydou Traore,TE,MIA,TraoSe00,,,,,tb-accuracy-consensus-20260809-v1,2026-08-21T14:45:07.709Z,2026-08-21T14:46:47.271Z,tb26-ppr-6pt-pass-td-minus2-int-2pt-sack-50fg-v1,candidate_only,4,,,,4,0,0,0,0,0,4,4,4,Single-source pass-through; no second premium projection matched this player,,,,,,,,,,,,,,,,,,
fbg:EndrJa00,Jack Endries,TE,CIN,EndrJa00,,,,,tb-accuracy-consensus-20260809-v1,2026-08-21T14:45:07.709Z,2026-08-21T14:46:47.271Z,tb26-ppr-6pt-pass-td-minus2-int-2pt-sack-50fg-v1,candidate_only,3.7,,31.3,,17.4,0,0,0,0,0,17.4,3.7,31.3,,,,,,,,,,,,,,,,,,,
fbg:BellCh01,Chris Bell,WR,MIA,BellCh01,,,,,tb-accuracy-consensus-20260809-v1,2026-08-21T14:45:07.709Z,2026-08-21T14:46:47.271Z,tb26-ppr-6pt-pass-td-minus2-int-2pt-sack-50fg-v1,candidate_only,68.8,119.1,94.9,,94.1,0,0,0,0,0,94.1,68.8,119.1,,,,,,,,,,,,,,,,,,,
cbs:3175781,Riley Nowakowski,TE,PIT,,3175781,,,,tb-accuracy-consensus-20260809-v1,2026-08-21T14:45:07.709Z,2026-08-21T14:46:47.271Z,tb26-ppr-6pt-pass-td-minus2-int-2pt-sack-50fg-v1,candidate_only,,3.4,,,3.4,0,0,0,0,0,3.4,3.4,3.4,Single-source pass-through; no second premium projection matched this player,,,,,,,,,,,,,,,,,,
fbg:CuevJo00,Josh Cuevas,TE,BAL,CuevJo00,,,,,tb-accuracy-consensus-20260809-v1,2026-08-21T14:45:07.709Z,2026-08-21T14:46:47.271Z,tb26-ppr-6pt-pass-td-minus2-int-2pt-sack-50fg-v1,candidate_only,3.3,,8.7,,6,0,0,0,0,0,6,3.3,8.7,,,,,,,,,,,,,,,,,,,
fbg:MundJo00,Johnny Mundt,TE,PHI,MundJo00,,,,,tb-accuracy-consensus-20260809-v1,2026-08-21T14:45:07.709Z,2026-08-21T14:46:47.271Z,tb26-ppr-6pt-pass-td-minus2-int-2pt-sack-50fg-v1,candidate_only,18.4,,8.2,,13.3,0,0,0,0,0,13.3,8.2,18.4,,,,,,,,,,,,,,,,,,,
fbg:ArkiTa00,Tanner Arkin,TE,NE,ArkiTa00,,,,,tb-accuracy-consensus-20260809-v1,2026-08-21T14:45:07.709Z,2026-08-21T14:46:47.271Z,tb26-ppr-6pt-pass-td-minus2-int-2pt-sack-50fg-v1,candidate_only,3,,,,3,0,0,0,0,0,3,3,3,Single-source pass-through; no second premium projection matched this player,,,,,,,,,,,,,,,,,,
fbg:KirkCh00,Christian Kirk,WR,SF,KirkCh00,,,,,tb-accuracy-consensus-20260809-v1,2026-08-21T14:45:07.709Z,2026-08-21T14:46:47.271Z,tb26-ppr-6pt-pass-td-minus2-int-2pt-sack-50fg-v1,candidate_only,41.1,135,90.5,,88.5,0,0,0,0,0,88.5,41.1,135,,,,,,,,,,,,,,,,,,,
cbs:2221829,Feleipe Franks,TE,CAR,,2221829,,,,tb-accuracy-consensus-20260809-v1,2026-08-21T14:45:07.709Z,2026-08-21T14:46:47.271Z,tb26-ppr-6pt-pass-td-minus2-int-2pt-sack-50fg-v1,candidate_only,0.7,,,,0.7,0,0,0,0,0,0.7,0.7,0.7,Single-source pass-through; no second premium projection matched this player,,,,,,,,,,,,,,,,,,
fbg:DaviMa02,Malik Davis,RB,DAL,DaviMa02,,,,,tb-accuracy-consensus-20260809-v1,2026-08-21T14:45:07.709Z,2026-08-21T14:46:47.271Z,tb26-ppr-6pt-pass-td-minus2-int-2pt-sack-50fg-v1,candidate_only,27.1,59.9,46.9,,44.5,0,0,0,0,0,44.5,27.1,59.9,,,,,,,,,,,,,,,,,,,
fbg:LongHu00,Hunter Long,TE,JAX,LongHu00,,,,,tb-accuracy-consensus-20260809-v1,2026-08-21T14:45:07.709Z,2026-08-21T14:46:47.271Z,tb26-ppr-6pt-pass-td-minus2-int-2pt-sack-50fg-v1,candidate_only,2.1,,15.5,,8.8,0,0,0,0,0,8.8,2.1,15.5,,,,,,,,,,,,,,,,,,,
cbs:2741208,Tyrell Shavers,WR,BUF,,2741208,,,,tb-accuracy-consensus-20260809-v1,2026-08-21T14:45:07.709Z,2026-08-21T14:46:47.271Z,tb26-ppr-6pt-pass-td-minus2-int-2pt-sack-50fg-v1,candidate_only,1.1,,11,,6,0,0,0,0,0,6,1.1,11,,,,,,,,,,,,,,,,,,,
fbg:SharBa00,Bauer Sharp,TE,TB,SharBa00,,,,,tb-accuracy-consensus-20260809-v1,2026-08-21T14:45:07.709Z,2026-08-21T14:46:47.271Z,tb26-ppr-6pt-pass-td-minus2-int-2pt-sack-50fg-v1,candidate_only,1.2,,28.3,,14.7,0,0,0,0,0,14.7,1.2,28.3,,,,,,,,,,,,,,,,,,,
fbg:GiddDJ00,DJ Giddens,RB,IND,GiddDJ00,,,,,tb-accuracy-consensus-20260809-v1,2026-08-21T14:45:07.709Z,2026-08-21T14:46:47.271Z,tb26-ppr-6pt-pass-td-minus2-int-2pt-sack-50fg-v1,candidate_only,43.7,,35.7,,39.7,0,0,0,0,0,39.7,35.7,43.7,,,,,,,,,,,,,,,,,,,
fbg:BranZa00,Zachariah Branch,WR,ATL,BranZa00,,,,,tb-accuracy-consensus-20260809-v1,2026-08-21T14:45:07.709Z,2026-08-21T14:46:47.271Z,tb26-ppr-6pt-pass-td-minus2-int-2pt-sack-50fg-v1,candidate_only,70.1,77.7,80.4,,76,0,0,0,0,0,76,70.1,80.4,,,,,,,,,,,,,,,,,,,
fbg:ColeJo00,Jonah Coleman,RB,DEN,ColeJo00,,,,,tb-accuracy-consensus-20260809-v1,2026-08-21T14:45:07.709Z,2026-08-21T14:46:47.271Z,tb26-ppr-6pt-pass-td-minus2-int-2pt-sack-50fg-v1,candidate_only,62.2,,74.1,,68.1,0,0,0,0,0,68.1,62.2,74.1,,,,,,,,,,,,,,,,,,,
fbg:DougDe00,DeMario Douglas,WR,NE,DougDe00,,,,,tb-accuracy-consensus-20260809-v1,2026-08-21T14:45:07.709Z,2026-08-21T14:46:47.271Z,tb26-ppr-6pt-pass-td-minus2-int-2pt-sack-50fg-v1,candidate_only,96.2,,61.5,,78.9,0,0,0,0,0,78.9,61.5,96.2,,,,,,,,,,,,,,,,,,,
fbg:HortTo00,Tory Horton,WR,SEA,HortTo00,,,,,tb-accuracy-consensus-20260809-v1,2026-08-21T14:45:07.709Z,2026-08-21T14:46:47.271Z,tb26-ppr-6pt-pass-td-minus2-int-2pt-sack-50fg-v1,candidate_only,48,115.2,94.7,,85.7,0,0,0,0,0,85.7,48,115.2,,,,,,,,,,,,,,,,,,,
fbg:HursTe00,Ted Hurst,WR,TB,HursTe00,,,,,tb-accuracy-consensus-20260809-v1,2026-08-21T14:45:07.709Z,2026-08-21T14:46:47.271Z,tb26-ppr-6pt-pass-td-minus2-int-2pt-sack-50fg-v1,candidate_only,64.8,77.9,83.4,,75.3,0,0,0,0,0,75.3,64.8,83.4,,,,,,,,,,,,,,,,,,,
fbg:JeffVa00,Van Jefferson,WR,WAS,JeffVa00,,,,,tb-accuracy-consensus-20260809-v1,2026-08-21T14:45:07.709Z,2026-08-21T14:46:47.271Z,tb26-ppr-6pt-pass-td-minus2-int-2pt-sack-50fg-v1,candidate_only,2.9,,,,2.9,0,0,0,0,0,2.9,2.9,2.9,Single-source pass-through; no second premium projection matched this player,,,,,,,,,,,,,,,,,,
fbg:LaneJa01,Ja'Kobi Lane,WR,BAL,LaneJa01,,,,,tb-accuracy-consensus-20260809-v1,2026-08-21T14:45:07.709Z,2026-08-21T14:46:47.271Z,tb26-ppr-6pt-pass-td-minus2-int-2pt-sack-50fg-v1,candidate_only,71.7,141.1,125.4,,112.5,0,0,0,0,0,112.5,71.7,141.1,,,,,,,,,,,,,,,,,,,
fbg:JuszKy00,Kyle Juszczyk,RB,SF,JuszKy00,,,,,tb-accuracy-consensus-20260809-v1,2026-08-21T14:45:07.709Z,2026-08-21T14:46:47.271Z,tb26-ppr-6pt-pass-td-minus2-int-2pt-sack-50fg-v1,candidate_only,37.8,,55,,46.4,0,0,0,0,0,46.4,37.8,55,,,,,,,,,,,,,,,,,,,
fbg:WilsEm00,Emanuel Wilson,RB,SEA,WilsEm00,,,,,tb-accuracy-consensus-20260809-v1,2026-08-21T14:45:07.709Z,2026-08-21T14:46:47.271Z,tb26-ppr-6pt-pass-td-minus2-int-2pt-sack-50fg-v1,candidate_only,18.6,54.2,51.2,,41.2,0,0,0,0,0,41.2,18.6,54.2,,,,,,,,,,,,,,,,,,,
fbg:DaviIs00,Isaiah Davis,RB,NYJ,DaviIs00,,,,,tb-accuracy-consensus-20260809-v1,2026-08-21T14:45:07.709Z,2026-08-21T14:46:47.271Z,tb26-ppr-6pt-pass-td-minus2-int-2pt-sack-50fg-v1,candidate_only,40.3,,43.4,,41.8,0,0,0,0,0,41.8,40.3,43.4,,,,,,,,,,,,,,,,,,,
cbs:2867472,Ty Chandler,RB,NO,,2867472,,,,tb-accuracy-consensus-20260809-v1,2026-08-21T14:45:07.709Z,2026-08-21T14:46:47.271Z,tb26-ppr-6pt-pass-td-minus2-int-2pt-sack-50fg-v1,candidate_only,,,37.6,,37.6,0,0,0,0,0,37.6,37.6,37.6,Single-source pass-through; no second premium projection matched this player,,,,,,,,,,,,,,,,,,
fbg:PalmJo01,Joshua Palmer,WR,BUF,PalmJo01,,,,,tb-accuracy-consensus-20260809-v1,2026-08-21T14:45:07.709Z,2026-08-21T14:46:47.271Z,tb26-ppr-6pt-pass-td-minus2-int-2pt-sack-50fg-v1,candidate_only,58.7,,69.6,,64.1,0,0,0,0,0,64.1,58.7,69.6,,,,,,,,,,,,,,,,,,,
fbg:BrooTa00,Tahj Brooks,RB,CIN,BrooTa00,,,,,tb-accuracy-consensus-20260809-v1,2026-08-21T14:45:07.709Z,2026-08-21T14:46:47.271Z,tb26-ppr-6pt-pass-td-minus2-int-2pt-sack-50fg-v1,candidate_only,19.3,,18,,18.7,0,0,0,0,0,18.7,18,19.3,,,,,,,,,,,,,,,,,,,
fbg:RandAd00,Adam Randall,RB,BAL,RandAd00,,,,,tb-accuracy-consensus-20260809-v1,2026-08-21T14:45:07.709Z,2026-08-21T14:46:47.271Z,tb26-ppr-6pt-pass-td-minus2-int-2pt-sack-50fg-v1,candidate_only,41,80.6,67.2,,62.8,0,0,0,0,0,62.8,41,80.6,,,,,,,,,,,,,,,,,,,
cbs:3172189,Frank Gore Jr.,RB,BUF,,3172189,,,,tb-accuracy-consensus-20260809-v1,2026-08-21T14:45:07.709Z,2026-08-21T14:46:47.271Z,tb26-ppr-6pt-pass-td-minus2-int-2pt-sack-50fg-v1,candidate_only,1.9,,35,,18.4,0,0,0,0,0,18.4,1.9,35,,,,,,,,,,,,,,,,,,,
cbs:26694592,Beaux Collins,WR,NYG,,26694592,,,,tb-accuracy-consensus-20260809-v1,2026-08-21T14:45:07.709Z,2026-08-21T14:46:47.271Z,tb26-ppr-6pt-pass-td-minus2-int-2pt-sack-50fg-v1,candidate_only,,0,,,0,0,0,0,0,0,0,0,0,Single-source pass-through; no second premium projection matched this player,,,,,,,,,,,,,,,,,,
fbg:ClaiDe00,Demond Claiborne,RB,MIN,ClaiDe00,,,,,tb-accuracy-consensus-20260809-v1,2026-08-21T14:45:07.709Z,2026-08-21T14:46:47.271Z,tb26-ppr-6pt-pass-td-minus2-int-2pt-sack-50fg-v1,candidate_only,26.9,,20.2,,23.6,0,0,0,0,0,23.6,20.2,26.9,,,,,,,,,,,,,,,,,,,
fbg:SingNi00,Nicholas Singleton,RB,TEN,SingNi00,,,,,tb-accuracy-consensus-20260809-v1,2026-08-21T14:45:07.709Z,2026-08-21T14:46:47.271Z,tb26-ppr-6pt-pass-td-minus2-int-2pt-sack-50fg-v1,candidate_only,33.8,,20.3,,27.1,0,0,0,0,0,27.1,20.3,33.8,,,,,,,,,,,,,,,,,,,
fbg:SmitBr00,Brashard Smith,RB,KC,SmitBr00,,,,,tb-accuracy-consensus-20260809-v1,2026-08-21T14:45:07.709Z,2026-08-21T14:46:47.271Z,tb26-ppr-6pt-pass-td-minus2-int-2pt-sack-50fg-v1,candidate_only,22.4,,32.5,,27.4,0,0,0,0,0,27.4,22.4,32.5,,,,,,,,,,,,,,,,,,,
fbg:MumpKo00,Konata Mumpfield,WR,LAR,MumpKo00,,,,,tb-accuracy-consensus-20260809-v1,2026-08-21T14:45:07.709Z,2026-08-21T14:46:47.271Z,tb26-ppr-6pt-pass-td-minus2-int-2pt-sack-50fg-v1,candidate_only,42.3,,29,,35.7,0,0,0,0,0,35.7,29,42.3,,,,,,,,,,,,,,,,,,,
fbg:EtieTr01,Trevor Etienne,RB,CAR,EtieTr01,,,,,tb-accuracy-consensus-20260809-v1,2026-08-21T14:45:07.709Z,2026-08-21T14:46:47.271Z,tb26-ppr-6pt-pass-td-minus2-int-2pt-sack-50fg-v1,candidate_only,30,,14.5,,22.3,0,0,0,0,0,22.3,14.5,30,,,,,,,,,,,,,,,,,,,
fbg:FordJe00,Jerome Ford,RB,WAS,FordJe00,,,,,tb-accuracy-consensus-20260809-v1,2026-08-21T14:45:07.709Z,2026-08-21T14:46:47.271Z,tb26-ppr-6pt-pass-td-minus2-int-2pt-sack-50fg-v1,candidate_only,11.1,,,,11.1,0,0,0,0,0,11.1,11.1,11.1,Single-source pass-through; no second premium projection matched this player,,,,,,,,,,,,,,,,,,
cbs:2820090,Austin Ekeler,RB,WAS,,2820090,,,,tb-accuracy-consensus-20260809-v1,2026-08-21T14:45:07.709Z,2026-08-21T14:46:47.271Z,tb26-ppr-6pt-pass-td-minus2-int-2pt-sack-50fg-v1,candidate_only,,31.2,,,31.2,0,0,0,0,0,31.2,31.2,31.2,Single-source pass-through; no second premium projection matched this player,,,,,,,,,,,,,,,,,,
cbs:2246849,Devin Duvernay,WR,ARI,,2246849,,,,tb-accuracy-consensus-20260809-v1,2026-08-21T14:45:07.709Z,2026-08-21T14:46:47.271Z,tb26-ppr-6pt-pass-td-minus2-int-2pt-sack-50fg-v1,candidate_only,1.8,,,,1.8,0,0,0,0,0,1.8,1.8,1.8,Single-source pass-through; no second premium projection matched this player,,,,,,,,,,,,,,,,,,
fbg:TillCe00,Cedric Tillman,WR,CLE,TillCe00,,,,,tb-accuracy-consensus-20260809-v1,2026-08-21T14:45:07.709Z,2026-08-21T14:46:47.271Z,tb26-ppr-6pt-pass-td-minus2-int-2pt-sack-50fg-v1,candidate_only,16.1,56.2,54.6,,42.1,0,0,0,0,0,42.1,16.1,56.2,,,,,,,,,,,,,,,,,,,
fbg:SingDe00,Devin Singletary,RB,NYG,SingDe00,,,,,tb-accuracy-consensus-20260809-v1,2026-08-21T14:45:07.709Z,2026-08-21T14:46:47.271Z,tb26-ppr-6pt-pass-td-minus2-int-2pt-sack-50fg-v1,candidate_only,17.9,,,,17.9,0,0,0,0,0,17.9,17.9,17.9,Single-source pass-through; no second premium projection matched this player,,,,,,,,,,,,,,,,,,
fbg:MillKe00,Kendre Miller,RB,NO,MillKe00,,,,,tb-accuracy-consensus-20260809-v1,2026-08-21T14:45:07.709Z,2026-08-21T14:46:47.271Z,tb26-ppr-6pt-pass-td-minus2-int-2pt-sack-50fg-v1,candidate_only,11.9,,22.7,,17.3,0,0,0,0,0,17.3,11.9,22.7,,,,,,,,,,,,,,,,,,,
fbg:BellSk00,Skyler Bell,WR,BUF,BellSk00,,,,,tb-accuracy-consensus-20260809-v1,2026-08-21T14:45:07.709Z,2026-08-21T14:46:47.271Z,tb26-ppr-6pt-pass-td-minus2-int-2pt-sack-50fg-v1,candidate_only,32.6,,28.3,,30.5,0,0,0,0,0,30.5,28.3,32.6,,,,,,,,,,,,,,,,,,,
fbg:McCaLu00,Luke McCaffrey,WR,WAS,McCaLu00,,,,,tb-accuracy-consensus-20260809-v1,2026-08-21T14:45:07.709Z,2026-08-21T14:46:47.271Z,tb26-ppr-6pt-pass-td-minus2-int-2pt-sack-50fg-v1,candidate_only,62.4,59.9,50.3,,57.5,0,0,0,0,0,57.5,50.3,62.4,,,,,,,,,,,,,,,,,,,
fbg:JohnTe01,Tez Johnson,WR,TB,JohnTe01,,,,,tb-accuracy-consensus-20260809-v1,2026-08-21T14:45:07.709Z,2026-08-21T14:46:47.271Z,tb26-ppr-6pt-pass-td-minus2-int-2pt-sack-50fg-v1,candidate_only,34,,21.4,,27.7,0,0,0,0,0,27.7,21.4,34,,,,,,,,,,,,,,,,,,,
fbg:GordOl00,Ollie Gordon II,RB,MIA,GordOl00,,,,,tb-accuracy-consensus-20260809-v1,2026-08-21T14:45:07.709Z,2026-08-21T14:46:47.271Z,tb26-ppr-6pt-pass-td-minus2-int-2pt-sack-50fg-v1,candidate_only,31.3,,34.4,,32.8,0,0,0,0,0,32.8,31.3,34.4,,,,,,,,,,,,,,,,,,,
fbg:LuepHu01,Hunter Luepke,RB,DAL,LuepHu01,,,,,tb-accuracy-consensus-20260809-v1,2026-08-21T14:45:07.709Z,2026-08-21T14:46:47.271Z,tb26-ppr-6pt-pass-td-minus2-int-2pt-sack-50fg-v1,candidate_only,30.3,,25,,27.7,0,0,0,0,0,27.7,25,30.3,,,,,,,,,,,,,,,,,,,
cbs:2967463,Brycen Tremayne,WR,CAR,,2967463,,,,tb-accuracy-consensus-20260809-v1,2026-08-21T14:45:07.709Z,2026-08-21T14:46:47.271Z,tb26-ppr-6pt-pass-td-minus2-int-2pt-sack-50fg-v1,candidate_only,,,8.1,,8.1,0,0,0,0,0,8.1,8.1,8.1,Single-source pass-through; no second premium projection matched this player,,,,,,,,,,,,,,,,,,
fbg:DemeEm00,Emari Demercado,RB,KC,DemeEm00,,,,,tb-accuracy-consensus-20260809-v1,2026-08-21T14:45:07.709Z,2026-08-21T14:46:47.271Z,tb26-ppr-6pt-pass-td-minus2-int-2pt-sack-50fg-v1,candidate_only,38.1,71.5,82.6,,63.9,0,0,0,0,0,63.9,38.1,82.6,,,,,,,,,,,,,,,,,,,
fbg:ShipWi00,Will Shipley,RB,PHI,ShipWi00,,,,,tb-accuracy-consensus-20260809-v1,2026-08-21T14:45:07.709Z,2026-08-21T14:46:47.271Z,tb26-ppr-6pt-pass-td-minus2-int-2pt-sack-50fg-v1,candidate_only,28.5,,27.6,,28.1,0,0,0,0,0,28.1,27.6,28.5,,,,,,,,,,,,,,,,,,,
cbs:2869402,Zavier Scott,RB,MIN,,2869402,,,,tb-accuracy-consensus-20260809-v1,2026-08-21T14:45:07.709Z,2026-08-21T14:46:47.271Z,tb26-ppr-6pt-pass-td-minus2-int-2pt-sack-50fg-v1,candidate_only,,26.3,0,,13.1,0,0,0,0,0,13.1,0,26.3,,,,,,,,,,,,,,,,,,,
fbg:WalkJa01,Jahdae Walker,WR,CHI,WalkJa01,,,,,tb-accuracy-consensus-20260809-v1,2026-08-21T14:45:07.709Z,2026-08-21T14:46:47.271Z,tb26-ppr-6pt-pass-td-minus2-int-2pt-sack-50fg-v1,candidate_only,20.6,72.9,57.5,,50.1,0,0,0,0,0,50.1,20.6,72.9,,,,,,,,,,,,,,,,,,,
cbs:2819876,Elijah Mitchell,RB,PHI,,2819876,,,,tb-accuracy-consensus-20260809-v1,2026-08-21T14:45:07.709Z,2026-08-21T14:46:47.271Z,tb26-ppr-6pt-pass-td-minus2-int-2pt-sack-50fg-v1,candidate_only,,0,26.1,,13.1,0,0,0,0,0,13.1,0,26.1,,,,,,,,,,,,,,,,,,,
cbs:2964863,Nikko Remigio,WR,KC,,2964863,,,,tb-accuracy-consensus-20260809-v1,2026-08-21T14:45:07.709Z,2026-08-21T14:46:47.271Z,tb26-ppr-6pt-pass-td-minus2-int-2pt-sack-50fg-v1,candidate_only,3,,,,3,0,0,0,0,0,3,3,3,Single-source pass-through; no second premium projection matched this player,,,,,,,,,,,,,,,,,,
fbg:ThorDo00,Dont'e Thornton Jr.,WR,LV,ThorDo00,,,,,tb-accuracy-consensus-20260809-v1,2026-08-21T14:45:07.709Z,2026-08-21T14:46:47.271Z,tb26-ppr-6pt-pass-td-minus2-int-2pt-sack-50fg-v1,candidate_only,21.4,,15.9,,18.7,0,0,0,0,0,18.7,15.9,21.4,,,,,,,,,,,,,,,,,,,
fbg:ConnJa00,James Conner,RB,ARI,ConnJa00,,,,,tb-accuracy-consensus-20260809-v1,2026-08-21T14:45:07.709Z,2026-08-21T14:46:47.271Z,tb26-ppr-6pt-pass-td-minus2-int-2pt-sack-50fg-v1,candidate_only,30.8,113.1,61.5,,68.2,0,0,0,0,0,68.2,30.8,113.1,,,,,,,,,,,,,,,,,,,
fbg:AyomEl00,Elic Ayomanor,WR,TEN,AyomEl00,,,,,tb-accuracy-consensus-20260809-v1,2026-08-21T14:45:07.709Z,2026-08-21T14:46:47.271Z,tb26-ppr-6pt-pass-td-minus2-int-2pt-sack-50fg-v1,candidate_only,54.7,128.3,79.5,,87.2,0,0,0,0,0,87.2,54.7,128.3,,,,,,,,,,,,,,,,,,,
fbg:BrowMa05,Hollywood Brown,WR,PHI,BrowMa05,,,,,tb-accuracy-consensus-20260809-v1,2026-08-21T14:45:07.709Z,2026-08-21T14:46:47.271Z,tb26-ppr-6pt-pass-td-minus2-int-2pt-sack-50fg-v1,candidate_only,22.4,,80.9,,51.5,0,0,0,0,0,51.5,22.4,80.9,,,,,,,,,,,,,,,,,,,
fbg:BurkTr00,Treylon Burks,WR,WAS,BurkTr00,,,,,tb-accuracy-consensus-20260809-v1,2026-08-21T14:45:07.709Z,2026-08-21T14:46:47.271Z,tb26-ppr-6pt-pass-td-minus2-int-2pt-sack-50fg-v1,candidate_only,18.4,,45,,31.6,0,0,0,0,0,31.6,18.4,45,,,,,,,,,,,,,,,,,,,
cbs:26696063,Dominic Lovett,WR,DET,,26696063,,,,tb-accuracy-consensus-20260809-v1,2026-08-21T14:45:07.709Z,2026-08-21T14:46:47.271Z,tb26-ppr-6pt-pass-td-minus2-int-2pt-sack-50fg-v1,candidate_only,,34,,,34,0,0,0,0,0,34,34,34,Single-source pass-through; no second premium projection matched this player,,,,,,,,,,,,,,,,,,
cbs:2828751,Colton Dowell,WR,SF,,2828751,,,,tb-accuracy-consensus-20260809-v1,2026-08-21T14:45:07.709Z,2026-08-21T14:46:47.271Z,tb26-ppr-6pt-pass-td-minus2-int-2pt-sack-50fg-v1,candidate_only,,28.7,,,28.7,0,0,0,0,0,28.7,28.7,28.7,Single-source pass-through; no second premium projection matched this player,,,,,,,,,,,,,,,,,,
cbs:3122273,Trey Palmer,WR,NO,,3122273,,,,tb-accuracy-consensus-20260809-v1,2026-08-21T14:45:07.709Z,2026-08-21T14:46:47.271Z,tb26-ppr-6pt-pass-td-minus2-int-2pt-sack-50fg-v1,candidate_only,,34,,,34,0,0,0,0,0,34,34,34,Single-source pass-through; no second premium projection matched this player,,,,,,,,,,,,,,,,,,
fbg:RoyaJa00,Jalen Royals,WR,KC,RoyaJa00,,,,,tb-accuracy-consensus-20260809-v1,2026-08-21T14:45:07.709Z,2026-08-21T14:46:47.271Z,tb26-ppr-6pt-pass-td-minus2-int-2pt-sack-50fg-v1,candidate_only,17.3,,18,,17.6,0,0,0,0,0,17.6,17.3,18,,,,,,,,,,,,,,,,,,,
cbs:2868959,Charlie Jones,WR,CIN,,2868959,,,,tb-accuracy-consensus-20260809-v1,2026-08-21T14:45:07.709Z,2026-08-21T14:46:47.271Z,tb26-ppr-6pt-pass-td-minus2-int-2pt-sack-50fg-v1,candidate_only,3.6,,,,3.6,0,0,0,0,0,3.6,3.6,3.6,Single-source pass-through; no second premium projection matched this player,,,,,,,,,,,,,,,,,,
fbg:DuliAs00,Ashton Dulin,WR,IND,DuliAs00,,,,,tb-accuracy-consensus-20260809-v1,2026-08-21T14:45:07.709Z,2026-08-21T14:46:47.271Z,tb26-ppr-6pt-pass-td-minus2-int-2pt-sack-50fg-v1,candidate_only,19.7,54.8,64.1,,46.1,0,0,0,0,0,46.1,19.7,64.1,,,,,,,,,,,,,,,,,,,
fbg:WilsRo02,Roman Wilson,WR,PIT,WilsRo02,,,,,tb-accuracy-consensus-20260809-v1,2026-08-21T14:45:07.709Z,2026-08-21T14:46:47.271Z,tb26-ppr-6pt-pass-td-minus2-int-2pt-sack-50fg-v1,candidate_only,67,,28.7,,48,0,0,0,0,0,48,28.7,67,,,,,,,,,,,,,,,,,,,
fbg:CousKi00,Kirk Cousins,QB,LV,CousKi00,,,,,tb-accuracy-consensus-20260809-v1,2026-08-21T14:45:07.709Z,2026-08-21T14:46:47.271Z,tb26-ppr-6pt-pass-td-minus2-int-2pt-sack-50fg-v1,candidate_only,154.3,127.1,53.3,,111.7,0,0,0,0,0,111.7,53.3,154.3,,,,,,,,,,,,,,,,,,,
cbs:2865894,Ihmir Smith-Marsette,WR,ARI,,2865894,,,,tb-accuracy-consensus-20260809-v1,2026-08-21T14:45:07.709Z,2026-08-21T14:46:47.271Z,tb26-ppr-6pt-pass-td-minus2-int-2pt-sack-50fg-v1,candidate_only,,32.4,,,32.4,0,0,0,0,0,32.4,32.4,32.4,Single-source pass-through; no second premium projection matched this player,,,,,,,,,,,,,,,,,,
fbg:AlleKa01,Kaytron Allen,RB,WAS,AlleKa01,,,,,tb-accuracy-consensus-20260809-v1,2026-08-21T14:45:07.709Z,2026-08-21T14:46:47.271Z,tb26-ppr-6pt-pass-td-minus2-int-2pt-sack-50fg-v1,candidate_only,44.5,,21.5,,33.1,0,0,0,0,0,33.1,21.5,44.5,,,,,,,,,,,,,,,,,,,
fbg:TuckSe00,Sean Tucker,RB,TB,TuckSe00,,,,,tb-accuracy-consensus-20260809-v1,2026-08-21T14:45:07.709Z,2026-08-21T14:46:47.271Z,tb26-ppr-6pt-pass-td-minus2-int-2pt-sack-50fg-v1,candidate_only,34.5,,31.9,,33.2,0,0,0,0,0,33.2,31.9,34.5,,,,,,,,,,,,,,,,,,,
cbs:26695655,Lewis Bond,WR,HOU,,26695655,,,,tb-accuracy-consensus-20260809-v1,2026-08-21T14:45:07.709Z,2026-08-21T14:46:47.271Z,tb26-ppr-6pt-pass-td-minus2-int-2pt-sack-50fg-v1,candidate_only,10.4,,8.5,,9.5,0,0,0,0,0,9.5,8.5,10.4,,,,,,,,,,,,,,,,,,,
cbs:2804732,Elijah Cooks,WR,NO,,2804732,,,,tb-accuracy-consensus-20260809-v1,2026-08-21T14:45:07.709Z,2026-08-21T14:46:47.271Z,tb26-ppr-6pt-pass-td-minus2-int-2pt-sack-50fg-v1,candidate_only,,28.6,,,28.6,0,0,0,0,0,28.6,28.6,28.6,Single-source pass-through; no second premium projection matched this player,,,,,,,,,,,,,,,,,,
cbs:3171149,Ke'Shawn Williams,WR,CIN,,3171149,,,,tb-accuracy-consensus-20260809-v1,2026-08-21T14:45:07.709Z,2026-08-21T14:46:47.271Z,tb26-ppr-6pt-pass-td-minus2-int-2pt-sack-50fg-v1,candidate_only,1.2,,,,1.2,0,0,0,0,0,1.2,1.2,1.2,Single-source pass-through; no second premium projection matched this player,,,,,,,,,,,,,,,,,,
cbs:2867377,Carlos Washington Jr.,RB,MIA,,2867377,,,,tb-accuracy-consensus-20260809-v1,2026-08-21T14:45:07.709Z,2026-08-21T14:46:47.271Z,tb26-ppr-6pt-pass-td-minus2-int-2pt-sack-50fg-v1,candidate_only,,,22.9,,22.9,0,0,0,0,0,22.9,22.9,22.9,Single-source pass-through; no second premium projection matched this player,,,,,,,,,,,,,,,,,,
fbg:WillKy01,Kyle Williams,WR,NE,WillKy01,,,,,tb-accuracy-consensus-20260809-v1,2026-08-21T14:45:07.709Z,2026-08-21T14:46:47.271Z,tb26-ppr-6pt-pass-td-minus2-int-2pt-sack-50fg-v1,candidate_only,17,,22.4,,19.7,0,0,0,0,0,19.7,17,22.4,,,,,,,,,,,,,,,,,,,
cbs:29380891,Kameron Johnson,WR,TB,,29380891,,,,tb-accuracy-consensus-20260809-v1,2026-08-21T14:45:07.709Z,2026-08-21T14:46:47.271Z,tb26-ppr-6pt-pass-td-minus2-int-2pt-sack-50fg-v1,candidate_only,2.4,,1.8,,2.1,0,0,0,0,0,2.1,1.8,2.4,,,,,,,,,,,,,,,,,,,
fbg:RaymKa00,Kalif Raymond,WR,CHI,RaymKa00,,,,,tb-accuracy-consensus-20260809-v1,2026-08-21T14:45:07.709Z,2026-08-21T14:46:47.271Z,tb26-ppr-6pt-pass-td-minus2-int-2pt-sack-50fg-v1,candidate_only,72.3,,46.8,,59.6,0,0,0,0,0,59.6,46.8,72.3,,,,,,,,,,,,,,,,,,,
cbs:3159102,Andre Baccellia,WR,ARI,,3159102,,,,tb-accuracy-consensus-20260809-v1,2026-08-21T14:45:07.709Z,2026-08-21T14:46:47.271Z,tb26-ppr-6pt-pass-td-minus2-int-2pt-sack-50fg-v1,candidate_only,,30.7,,,30.7,0,0,0,0,0,30.7,30.7,30.7,Single-source pass-through; no second premium projection matched this player,,,,,,,,,,,,,,,,,,
fbg:DikeCh00,Chimere Dike,WR,TEN,DikeCh00,,,,,tb-accuracy-consensus-20260809-v1,2026-08-21T14:45:07.709Z,2026-08-21T14:46:47.271Z,tb26-ppr-6pt-pass-td-minus2-int-2pt-sack-50fg-v1,candidate_only,34,113.6,79.3,,75.3,0,0,0,0,0,75.3,34,113.6,,,,,,,,,,,,,,,,,,,
cbs:26726935,Josh Cameron,WR,JAC,,26726935,,,,tb-accuracy-consensus-20260809-v1,2026-08-21T14:45:07.709Z,2026-08-21T14:46:47.271Z,tb26-ppr-6pt-pass-td-minus2-int-2pt-sack-50fg-v1,candidate_only,,30.4,0,,15.1,0,0,0,0,0,15.1,0,30.4,,,,,,,,,,,,,,,,,,,
cbs:2815163,Salvon Ahmed,RB,CHI,,2815163,,,,tb-accuracy-consensus-20260809-v1,2026-08-21T14:45:07.709Z,2026-08-21T14:46:47.271Z,tb26-ppr-6pt-pass-td-minus2-int-2pt-sack-50fg-v1,candidate_only,2,,,,2,0,0,0,0,0,2,2,2,Single-source pass-through; no second premium projection matched this player,,,,,,,,,,,,,,,,,,
cbs:3163291,Israel Abanikanda,RB,DAL,,3163291,,,,tb-accuracy-consensus-20260809-v1,2026-08-21T14:45:07.709Z,2026-08-21T14:46:47.271Z,tb26-ppr-6pt-pass-td-minus2-int-2pt-sack-50fg-v1,candidate_only,,,23,,23,0,0,0,0,0,23,23,23,Single-source pass-through; no second premium projection matched this player,,,,,,,,,,,,,,,,,,
cbs:3168666,Deuce Vaughn,RB,DEN,,3168666,,,,tb-accuracy-consensus-20260809-v1,2026-08-21T14:45:07.709Z,2026-08-21T14:46:47.271Z,tb26-ppr-6pt-pass-td-minus2-int-2pt-sack-50fg-v1,candidate_only,,21.4,,,21.4,0,0,0,0,0,21.4,21.4,21.4,Single-source pass-through; no second premium projection matched this player,,,,,,,,,,,,,,,,,,
cbs:2964236,Dameon Pierce,RB,PHI,,2964236,,,,tb-accuracy-consensus-20260809-v1,2026-08-21T14:45:07.709Z,2026-08-21T14:46:47.271Z,tb26-ppr-6pt-pass-td-minus2-int-2pt-sack-50fg-v1,candidate_only,,,22.1,,22.1,0,0,0,0,0,22.1,22.1,22.1,Single-source pass-through; no second premium projection matched this player,,,,,,,,,,,,,,,,,,
fbg:HollMa00,Mack Hollins,WR,NE,HollMa00,,,,,tb-accuracy-consensus-20260809-v1,2026-08-21T14:45:07.709Z,2026-08-21T14:46:47.271Z,tb26-ppr-6pt-pass-td-minus2-int-2pt-sack-50fg-v1,candidate_only,28,,28.1,,28,0,0,0,0,0,28,28,28.1,,,,,,,,,,,,,,,,,,,
cbs:2240685,Cedrick Wilson Jr.,WR,DET,,2240685,,,,tb-accuracy-consensus-20260809-v1,2026-08-21T14:45:07.709Z,2026-08-21T14:46:47.271Z,tb26-ppr-6pt-pass-td-minus2-int-2pt-sack-50fg-v1,candidate_only,,30,,,30,0,0,0,0,0,30,30,30,Single-source pass-through; no second premium projection matched this player,,,,,,,,,,,,,,,,,,
fbg:VakiSi99,Sione Vaki,RB,DET,VakiSi99,,,,,tb-accuracy-consensus-20260809-v1,2026-08-21T14:45:07.709Z,2026-08-21T14:46:47.271Z,tb26-ppr-6pt-pass-td-minus2-int-2pt-sack-50fg-v1,candidate_only,27.6,,,,27.6,0,0,0,0,0,27.6,27.6,27.6,Single-source pass-through; no second premium projection matched this player,,,,,,,,,,,,,,,,,,
cbs:28901170,Eli Heidenreich,RB,PIT,,28901170,,,,tb-accuracy-consensus-20260809-v1,2026-08-21T14:45:07.709Z,2026-08-21T14:46:47.271Z,tb26-ppr-6pt-pass-td-minus2-int-2pt-sack-50fg-v1,candidate_only,4.5,,,,4.5,0,0,0,0,0,4.5,4.5,4.5,Single-source pass-through; no second premium projection matched this player,,,,,,,,,,,,,,,,,,
cbs:2968474,Ronnie Bell,WR,NO,,2968474,,,,tb-accuracy-consensus-20260809-v1,2026-08-21T14:45:07.709Z,2026-08-21T14:46:47.271Z,tb26-ppr-6pt-pass-td-minus2-int-2pt-sack-50fg-v1,candidate_only,,29.7,,,29.7,0,0,0,0,0,29.7,29.7,29.7,Single-source pass-through; no second premium projection matched this player,,,,,,,,,,,,,,,,,,
fbg:JohnKa01,Kaleb Johnson,RB,PIT,JohnKa01,,,,,tb-accuracy-consensus-20260809-v1,2026-08-21T14:45:07.709Z,2026-08-21T14:46:47.271Z,tb26-ppr-6pt-pass-td-minus2-int-2pt-sack-50fg-v1,candidate_only,8.4,,4.8,,6.6,0,0,0,0,0,6.6,4.8,8.4,,,,,,,,,,,,,,,,,,,
cbs:3122024,Jakobie Keeney-James,WR,GB,,3122024,,,,tb-accuracy-consensus-20260809-v1,2026-08-21T14:45:07.709Z,2026-08-21T14:46:47.271Z,tb26-ppr-6pt-pass-td-minus2-int-2pt-sack-50fg-v1,candidate_only,,28.7,,,28.7,0,0,0,0,0,28.7,28.7,28.7,Single-source pass-through; no second premium projection matched this player,,,,,,,,,,,,,,,,,,
cbs:3166803,Brenden Rice,WR,GB,,3166803,,,,tb-accuracy-consensus-20260809-v1,2026-08-21T14:45:07.709Z,2026-08-21T14:46:47.271Z,tb26-ppr-6pt-pass-td-minus2-int-2pt-sack-50fg-v1,candidate_only,,29.4,,,29.4,0,0,0,0,0,29.4,29.4,29.4,Single-source pass-through; no second premium projection matched this player,,,,,,,,,,,,,,,,,,
cbs:3121860,Zonovan Knight,RB,ARI,,3121860,,,,tb-accuracy-consensus-20260809-v1,2026-08-21T14:45:07.709Z,2026-08-21T14:46:47.271Z,tb26-ppr-6pt-pass-td-minus2-int-2pt-sack-50fg-v1,candidate_only,,20.1,,,20.1,0,0,0,0,0,20.1,20.1,20.1,Single-source pass-through; no second premium projection matched this player,,,,,,,,,,,,,,,,,,
cbs:3171033,Malik Heath,WR,ATL,,3171033,,,,tb-accuracy-consensus-20260809-v1,2026-08-21T14:45:07.709Z,2026-08-21T14:46:47.271Z,tb26-ppr-6pt-pass-td-minus2-int-2pt-sack-50fg-v1,candidate_only,,29,,,29,0,0,0,0,0,29,29,29,Single-source pass-through; no second premium projection matched this player,,,,,,,,,,,,,,,,,,
fbg:SandRa00,Raheim Sanders,RB,CLE,SandRa00,,,,,tb-accuracy-consensus-20260809-v1,2026-08-21T14:45:07.709Z,2026-08-21T14:46:47.271Z,tb26-ppr-6pt-pass-td-minus2-int-2pt-sack-50fg-v1,candidate_only,20,,,,20,0,0,0,0,0,20,20,20,Single-source pass-through; no second premium projection matched this player,,,,,,,,,,,,,,,,,,
cbs:2818351,David Moore,WR,CAR,,2818351,,,,tb-accuracy-consensus-20260809-v1,2026-08-21T14:45:07.709Z,2026-08-21T14:46:47.271Z,tb26-ppr-6pt-pass-td-minus2-int-2pt-sack-50fg-v1,candidate_only,6.2,,,,6.2,0,0,0,0,0,6.2,6.2,6.2,Single-source pass-through; no second premium projection matched this player,,,,,,,,,,,,,,,,,,
cbs:2865783,Brandon Smith,WR,PIT,,2865783,,,,tb-accuracy-consensus-20260809-v1,2026-08-21T14:45:07.709Z,2026-08-21T14:46:47.271Z,tb26-ppr-6pt-pass-td-minus2-int-2pt-sack-50fg-v1,candidate_only,,28.7,,,28.7,0,0,0,0,0,28.7,28.7,28.7,Single-source pass-through; no second premium projection matched this player,,,,,,,,,,,,,,,,,,
cbs:2963723,Bryce Ford-Wheaton,WR,NYG,,2963723,,,,tb-accuracy-consensus-20260809-v1,2026-08-21T14:45:07.709Z,2026-08-21T14:46:47.271Z,tb26-ppr-6pt-pass-td-minus2-int-2pt-sack-50fg-v1,candidate_only,,28.7,,,28.7,0,0,0,0,0,28.7,28.7,28.7,Single-source pass-through; no second premium projection matched this player,,,,,,,,,,,,,,,,,,
cbs:3126493,Casey Washington,WR,ATL,,3126493,,,,tb-accuracy-consensus-20260809-v1,2026-08-21T14:45:07.709Z,2026-08-21T14:46:47.271Z,tb26-ppr-6pt-pass-td-minus2-int-2pt-sack-50fg-v1,candidate_only,,28.7,,,28.7,0,0,0,0,0,28.7,28.7,28.7,Single-source pass-through; no second premium projection matched this player,,,,,,,,,,,,,,,,,,
cbs:3133899,Terrell Jennings,RB,NE,,3133899,,,,tb-accuracy-consensus-20260809-v1,2026-08-21T14:45:07.709Z,2026-08-21T14:46:47.271Z,tb26-ppr-6pt-pass-td-minus2-int-2pt-sack-50fg-v1,candidate_only,,19.7,,,19.7,0,0,0,0,0,19.7,19.7,19.7,Single-source pass-through; no second premium projection matched this player,,,,,,,,,,,,,,,,,,
cbs:3123569,Eric Gray,RB,NYG,,3123569,,,,tb-accuracy-consensus-20260809-v1,2026-08-21T14:45:07.709Z,2026-08-21T14:46:47.271Z,tb26-ppr-6pt-pass-td-minus2-int-2pt-sack-50fg-v1,candidate_only,2.4,,,,2.4,0,0,0,0,0,2.4,2.4,2.4,Single-source pass-through; no second premium projection matched this player,,,,,,,,,,,,,,,,,,
fbg:LaubDy00,Dylan Laube,RB,LV,LaubDy00,,,,,tb-accuracy-consensus-20260809-v1,2026-08-21T14:45:07.709Z,2026-08-21T14:46:47.271Z,tb26-ppr-6pt-pass-td-minus2-int-2pt-sack-50fg-v1,candidate_only,19.6,,,,19.6,0,0,0,0,0,19.6,19.6,19.6,Single-source pass-through; no second premium projection matched this player,,,,,,,,,,,,,,,,,,
cbs:2963426,Blake Watson,RB,TEN,,2963426,,,,tb-accuracy-consensus-20260809-v1,2026-08-21T14:45:07.709Z,2026-08-21T14:46:47.271Z,tb26-ppr-6pt-pass-td-minus2-int-2pt-sack-50fg-v1,candidate_only,,19.1,,,19.1,0,0,0,0,0,19.1,19.1,19.1,Single-source pass-through; no second premium projection matched this player,,,,,,,,,,,,,,,,,,
cbs:3162613,Malachi Corley,WR,CLE,,3162613,,,,tb-accuracy-consensus-20260809-v1,2026-08-21T14:45:07.709Z,2026-08-21T14:46:47.271Z,tb26-ppr-6pt-pass-td-minus2-int-2pt-sack-50fg-v1,candidate_only,1.2,,9.4,,5.3,0,0,0,0,0,5.3,1.2,9.4,,,,,,,,,,,,,,,,,,,
fbg:BurkDe00,Deion Burks,WR,IND,BurkDe00,,,,,tb-accuracy-consensus-20260809-v1,2026-08-21T14:45:07.709Z,2026-08-21T14:46:47.271Z,tb26-ppr-6pt-pass-td-minus2-int-2pt-sack-50fg-v1,candidate_only,10.6,,,,10.6,0,0,0,0,0,10.6,10.6,10.6,Single-source pass-through; no second premium projection matched this player,,,,,,,,,,,,,,,,,,
cbs:2184383,K.J. Osborn,WR,TEN,,2184383,,,,tb-accuracy-consensus-20260809-v1,2026-08-21T14:45:07.709Z,2026-08-21T14:46:47.271Z,tb26-ppr-6pt-pass-td-minus2-int-2pt-sack-50fg-v1,candidate_only,,27.1,,,27.1,0,0,0,0,0,27.1,27.1,27.1,Single-source pass-through; no second premium projection matched this player,,,,,,,,,,,,,,,,,,
fbg:GoulAn00,Anthony Gould,WR,IND,GoulAn00,,,,,tb-accuracy-consensus-20260809-v1,2026-08-21T14:45:07.709Z,2026-08-21T14:46:47.271Z,tb26-ppr-6pt-pass-td-minus2-int-2pt-sack-50fg-v1,candidate_only,16.5,,,,16.5,0,0,0,0,0,16.5,16.5,16.5,Single-source pass-through; no second premium projection matched this player,,,,,,,,,,,,,,,,,,
cbs:3165205,Darius Cooper,WR,PHI,,3165205,,,,tb-accuracy-consensus-20260809-v1,2026-08-21T14:45:07.709Z,2026-08-21T14:46:47.271Z,tb26-ppr-6pt-pass-td-minus2-int-2pt-sack-50fg-v1,candidate_only,18.5,,8.9,,13.7,0,0,0,0,0,13.7,8.9,18.5,,,,,,,,,,,,,,,,,,,
cbs:2968506,Hassan Haskins,RB,LAC,,2968506,,,,tb-accuracy-consensus-20260809-v1,2026-08-21T14:45:07.709Z,2026-08-21T14:46:47.271Z,tb26-ppr-6pt-pass-td-minus2-int-2pt-sack-50fg-v1,candidate_only,,16.9,,,16.9,0,0,0,0,0,16.9,16.9,16.9,Single-source pass-through; no second premium projection matched this player,,,,,,,,,,,,,,,,,,
fbg:FielMa00,Malachi Fields,WR,NYG,FielMa00,,,,,tb-accuracy-consensus-20260809-v1,2026-08-21T14:45:07.709Z,2026-08-21T14:46:47.271Z,tb26-ppr-6pt-pass-td-minus2-int-2pt-sack-50fg-v1,candidate_only,74.9,69.1,59.6,,67.9,0,0,0,0,0,67.9,59.6,74.9,,,,,,,,,,,,,,,,,,,
fbg:LaneJa00,Jaylin Lane,WR,WAS,LaneJa00,,,,,tb-accuracy-consensus-20260809-v1,2026-08-21T14:45:07.709Z,2026-08-21T14:46:47.271Z,tb26-ppr-6pt-pass-td-minus2-int-2pt-sack-50fg-v1,candidate_only,10.5,,34.7,,22.5,0,0,0,0,0,22.5,10.5,34.7,,,,,,,,,,,,,,,,,,,
cbs:3170389,LaJohntay Wester,WR,BAL,,3170389,,,,tb-accuracy-consensus-20260809-v1,2026-08-21T14:45:07.709Z,2026-08-21T14:46:47.271Z,tb26-ppr-6pt-pass-td-minus2-int-2pt-sack-50fg-v1,candidate_only,1.8,,,,1.8,0,0,0,0,0,1.8,1.8,1.8,Single-source pass-through; no second premium projection matched this player,,,,,,,,,,,,,,,,,,
fbg:ThomZa01,Zavion Thomas,WR,CHI,ThomZa01,,,,,tb-accuracy-consensus-20260809-v1,2026-08-21T14:45:07.709Z,2026-08-21T14:46:47.271Z,tb26-ppr-6pt-pass-td-minus2-int-2pt-sack-50fg-v1,candidate_only,23.1,44.9,34.9,,34.2,0,0,0,0,0,34.2,23.1,44.9,,,,,,,,,,,,,,,,,,,
cbs:2964726,Ryan Miller,WR,NYG,,2964726,,,,tb-accuracy-consensus-20260809-v1,2026-08-21T14:45:07.709Z,2026-08-21T14:46:47.271Z,tb26-ppr-6pt-pass-td-minus2-int-2pt-sack-50fg-v1,candidate_only,,24.4,,,24.4,0,0,0,0,0,24.4,24.4,24.4,Single-source pass-through; no second premium projection matched this player,,,,,,,,,,,,,,,,,,
fbg:WhitJo04,Jordan Whittington,WR,LAR,WhitJo04,,,,,tb-accuracy-consensus-20260809-v1,2026-08-21T14:45:07.709Z,2026-08-21T14:46:47.271Z,tb26-ppr-6pt-pass-td-minus2-int-2pt-sack-50fg-v1,candidate_only,37.8,,31.1,,34.5,0,0,0,0,0,34.5,31.1,37.8,,,,,,,,,,,,,,,,,,,
cbs:3122529,Tahj Washington,WR,MIA,,3122529,,,,tb-accuracy-consensus-20260809-v1,2026-08-21T14:45:07.709Z,2026-08-21T14:46:47.271Z,tb26-ppr-6pt-pass-td-minus2-int-2pt-sack-50fg-v1,candidate_only,,24.1,,,24.1,0,0,0,0,0,24.1,24.1,24.1,Single-source pass-through; no second premium projection matched this player,,,,,,,,,,,,,,,,,,
fbg:WatsDe00,Deshaun Watson,QB,CLE,WatsDe00,,,,,tb-accuracy-consensus-20260809-v1,2026-08-21T14:45:07.709Z,2026-08-21T14:46:47.271Z,tb26-ppr-6pt-pass-td-minus2-int-2pt-sack-50fg-v1,candidate_only,167.2,197.9,166.1,,177,0,0,0,0,0,177,166.1,197.9,,,,,,,,,,,,,,,,,,,
fbg:HutcXa00,Xavier Hutchinson,WR,HOU,HutcXa00,,,,,tb-accuracy-consensus-20260809-v1,2026-08-21T14:45:07.709Z,2026-08-21T14:46:47.271Z,tb26-ppr-6pt-pass-td-minus2-int-2pt-sack-50fg-v1,candidate_only,91.6,108,90.8,,96.7,0,0,0,0,0,96.7,90.8,108,,,,,,,,,,,,,,,,,,,
fbg:HarrNa00,Najee Harris,RB,FA,HarrNa00,,,,,tb-accuracy-consensus-20260809-v1,2026-08-21T14:45:07.709Z,2026-08-21T14:46:47.271Z,tb26-ppr-6pt-pass-td-minus2-int-2pt-sack-50fg-v1,candidate_only,41.8,,56.1,,48.9,0,0,0,0,0,48.9,41.8,56.1,,,,,,,,,,,,,,,,,,,
cbs:3161133,Mason Kinsey,WR,TEN,,3161133,,,,tb-accuracy-consensus-20260809-v1,2026-08-21T14:45:07.709Z,2026-08-21T14:46:47.271Z,tb26-ppr-6pt-pass-td-minus2-int-2pt-sack-50fg-v1,candidate_only,,23.4,0,,11.6,0,0,0,0,0,11.6,0,23.4,,,,,,,,,,,,,,,,,,,
fbg:JordJa00,Jawhar Jordan,RB,HOU,JordJa00,,,,,tb-accuracy-consensus-20260809-v1,2026-08-21T14:45:07.709Z,2026-08-21T14:46:47.271Z,tb26-ppr-6pt-pass-td-minus2-int-2pt-sack-50fg-v1,candidate_only,21.6,43,50.5,,38.3,0,0,0,0,0,38.3,21.6,50.5,,,,,,,,,,,,,,,,,,,
fbg:SarrEl00,Elijah Sarratt,WR,BAL,SarrEl00,,,,,tb-accuracy-consensus-20260809-v1,2026-08-21T14:45:07.709Z,2026-08-21T14:46:47.271Z,tb26-ppr-6pt-pass-td-minus2-int-2pt-sack-50fg-v1,candidate_only,19.7,,33.5,,26.6,0,0,0,0,0,26.6,19.7,33.5,,,,,,,,,,,,,,,,,,,
fbg:AlixRa00,Rasheen Ali,RB,BAL,AlixRa00,,,,,tb-accuracy-consensus-20260809-v1,2026-08-21T14:45:07.709Z,2026-08-21T14:46:47.271Z,tb26-ppr-6pt-pass-td-minus2-int-2pt-sack-50fg-v1,candidate_only,15.7,,,,15.7,0,0,0,0,0,15.7,15.7,15.7,Single-source pass-through; no second premium projection matched this player,,,,,,,,,,,,,,,,,,
cbs:2963569,Elijah Moore,WR,PHI,,2963569,,,,tb-accuracy-consensus-20260809-v1,2026-08-21T14:45:07.709Z,2026-08-21T14:46:47.271Z,tb26-ppr-6pt-pass-td-minus2-int-2pt-sack-50fg-v1,candidate_only,,22.5,,,22.5,0,0,0,0,0,22.5,22.5,22.5,Single-source pass-through; no second premium projection matched this player,,,,,,,,,,,,,,,,,,
fbg:LambKe00,Keandre Lambert-Smith,WR,LAC,LambKe00,,,,,tb-accuracy-consensus-20260809-v1,2026-08-21T14:45:07.709Z,2026-08-21T14:46:47.271Z,tb26-ppr-6pt-pass-td-minus2-int-2pt-sack-50fg-v1,candidate_only,8.1,,17.9,,13,0,0,0,0,0,13,8.1,17.9,,,,,,,,,,,,,,,,,,,
cbs:2961993,British Brooks,RB,HOU,,2961993,,,,tb-accuracy-consensus-20260809-v1,2026-08-21T14:45:07.709Z,2026-08-21T14:46:47.271Z,tb26-ppr-6pt-pass-td-minus2-int-2pt-sack-50fg-v1,candidate_only,,,2.4,,2.4,0,0,0,0,0,2.4,2.4,2.4,Single-source pass-through; no second premium projection matched this player,,,,,,,,,,,,,,,,,,
fbg:BondIs00,Isaiah Bond,WR,CLE,BondIs00,,,,,tb-accuracy-consensus-20260809-v1,2026-08-21T14:45:07.709Z,2026-08-21T14:46:47.271Z,tb26-ppr-6pt-pass-td-minus2-int-2pt-sack-50fg-v1,candidate_only,32.9,,30.5,,31.7,0,0,0,0,0,31.7,30.5,32.9,,,,,,,,,,,,,,,,,,,
cbs:3124679,Evan Hull,RB,HOU,,3124679,,,,tb-accuracy-consensus-20260809-v1,2026-08-21T14:45:07.709Z,2026-08-21T14:46:47.271Z,tb26-ppr-6pt-pass-td-minus2-int-2pt-sack-50fg-v1,candidate_only,,10.5,,,10.5,0,0,0,0,0,10.5,10.5,10.5,Single-source pass-through; no second premium projection matched this player,,,,,,,,,,,,,,,,,,
fbg:HornJi00,Jimmy Horn Jr.,WR,CAR,HornJi00,,,,,tb-accuracy-consensus-20260809-v1,2026-08-21T14:45:07.709Z,2026-08-21T14:46:47.271Z,tb26-ppr-6pt-pass-td-minus2-int-2pt-sack-50fg-v1,candidate_only,29.5,,21.3,,25.4,0,0,0,0,0,25.4,21.3,29.5,,,,,,,,,,,,,,,,,,,
fbg:TinsMi00,Mitch Tinsley,WR,CIN,TinsMi00,,,,,tb-accuracy-consensus-20260809-v1,2026-08-21T14:45:07.709Z,2026-08-21T14:46:47.271Z,tb26-ppr-6pt-pass-td-minus2-int-2pt-sack-50fg-v1,candidate_only,26.4,,9.9,,18.2,0,0,0,0,0,18.2,9.9,26.4,,,,,,,,,,,,,,,,,,,
fbg:YounCo00,Colbie Young,WR,CIN,YounCo00,,,,,tb-accuracy-consensus-20260809-v1,2026-08-21T14:45:07.709Z,2026-08-21T14:46:47.271Z,tb26-ppr-6pt-pass-td-minus2-int-2pt-sack-50fg-v1,candidate_only,40.7,,39.3,,40,0,0,0,0,0,40,39.3,40.7,,,,,,,,,,,,,,,,,,,
fbg:IngoAl00,Alec Ingold,RB,LAC,IngoAl00,,,,,tb-accuracy-consensus-20260809-v1,2026-08-21T14:45:07.709Z,2026-08-21T14:46:47.271Z,tb26-ppr-6pt-pass-td-minus2-int-2pt-sack-50fg-v1,candidate_only,14,,16.2,,15.1,0,0,0,0,0,15.1,14,16.2,,,,,,,,,,,,,,,,,,,
fbg:ThomBr02,Brenen Thompson,WR,LAC,ThomBr02,,,,,tb-accuracy-consensus-20260809-v1,2026-08-21T14:45:07.709Z,2026-08-21T14:46:47.271Z,tb26-ppr-6pt-pass-td-minus2-int-2pt-sack-50fg-v1,candidate_only,25.1,,27.4,,26.2,0,0,0,0,0,26.2,25.1,27.4,,,,,,,,,,,,,,,,,,,
fbg:HuntJa02,Jarquez Hunter,RB,LAR,HuntJa02,,,,,tb-accuracy-consensus-20260809-v1,2026-08-21T14:45:07.709Z,2026-08-21T14:46:47.271Z,tb26-ppr-6pt-pass-td-minus2-int-2pt-sack-50fg-v1,candidate_only,4,,,,4,0,0,0,0,0,4,4,4,Single-source pass-through; no second premium projection matched this player,,,,,,,,,,,,,,,,,,
fbg:McLaJa00,Jaleel McLaughlin,RB,DEN,McLaJa00,,,,,tb-accuracy-consensus-20260809-v1,2026-08-21T14:45:07.709Z,2026-08-21T14:46:47.271Z,tb26-ppr-6pt-pass-td-minus2-int-2pt-sack-50fg-v1,candidate_only,6,,,,6,0,0,0,0,0,6,6,6,Single-source pass-through; no second premium projection matched this player,,,,,,,,,,,,,,,,,,
cbs:2963641,Zamir White,RB,LV,,2963641,,,,tb-accuracy-consensus-20260809-v1,2026-08-21T14:45:07.709Z,2026-08-21T14:46:47.271Z,tb26-ppr-6pt-pass-td-minus2-int-2pt-sack-50fg-v1,candidate_only,,10.9,,,10.9,0,0,0,0,0,10.9,10.9,10.9,Single-source pass-through; no second premium projection matched this player,,,,,,,,,,,,,,,,,,
fbg:NealDe00,Devin Neal,RB,NO,NealDe00,,,,,tb-accuracy-consensus-20260809-v1,2026-08-21T14:45:07.709Z,2026-08-21T14:46:47.271Z,tb26-ppr-6pt-pass-td-minus2-int-2pt-sack-50fg-v1,candidate_only,18.3,,19.2,,18.7,0,0,0,0,0,18.7,18.3,19.2,,,,,,,,,,,,,,,,,,,
fbg:AlleCy00,Cyrus Allen,WR,KC,AlleCy00,,,,,tb-accuracy-consensus-20260809-v1,2026-08-21T14:45:07.709Z,2026-08-21T14:46:47.271Z,tb26-ppr-6pt-pass-td-minus2-int-2pt-sack-50fg-v1,candidate_only,57.2,,43.9,,50.6,0,0,0,0,0,50.6,43.9,57.2,,,,,,,,,,,,,,,,,,,
cbs:26718347,Gage Larvadain,WR,CLE,,26718347,,,,tb-accuracy-consensus-20260809-v1,2026-08-21T14:45:07.709Z,2026-08-21T14:46:47.271Z,tb26-ppr-6pt-pass-td-minus2-int-2pt-sack-50fg-v1,candidate_only,0.6,,,,0.6,0,0,0,0,0,0.6,0.6,0.6,Single-source pass-through; no second premium projection matched this player,,,,,,,,,,,,,,,,,,
fbg:McGoSe00,Seth McGowan,RB,IND,McGoSe00,,,,,tb-accuracy-consensus-20260809-v1,2026-08-21T14:45:07.709Z,2026-08-21T14:46:47.271Z,tb26-ppr-6pt-pass-td-minus2-int-2pt-sack-50fg-v1,candidate_only,22.3,,23.4,,22.8,0,0,0,0,0,22.8,22.3,23.4,,,,,,,,,,,,,,,,,,,
fbg:AustCa00,Calvin Austin III,WR,NYG,AustCa00,,,,,tb-accuracy-consensus-20260809-v1,2026-08-21T14:45:07.709Z,2026-08-21T14:46:47.271Z,tb26-ppr-6pt-pass-td-minus2-int-2pt-sack-50fg-v1,candidate_only,54.6,79.4,59,,64.2,0,0,0,0,0,64.2,54.6,79.4,,,,,,,,,,,,,,,,,,,
fbg:FeltTa00,Tai Felton,WR,MIN,FeltTa00,,,,,tb-accuracy-consensus-20260809-v1,2026-08-21T14:45:07.709Z,2026-08-21T14:46:47.271Z,tb26-ppr-6pt-pass-td-minus2-int-2pt-sack-50fg-v1,candidate_only,25.3,,8.6,,17,0,0,0,0,0,17,8.6,25.3,,,,,,,,,,,,,,,,,,,
fbg:RicaPa00,Patrick Ricard,RB,NYG,RicaPa00,,,,,tb-accuracy-consensus-20260809-v1,2026-08-21T14:45:07.709Z,2026-08-21T14:46:47.271Z,tb26-ppr-6pt-pass-td-minus2-int-2pt-sack-50fg-v1,candidate_only,8.9,,7.2,,8.1,0,0,0,0,0,8.1,7.2,8.9,,,,,,,,,,,,,,,,,,,
fbg:GuerIs00,Isaac Guerendo,RB,SF,GuerIs00,,,,,tb-accuracy-consensus-20260809-v1,2026-08-21T14:45:07.709Z,2026-08-21T14:46:47.271Z,tb26-ppr-6pt-pass-td-minus2-int-2pt-sack-50fg-v1,candidate_only,7.2,,14.9,,11,0,0,0,0,0,11,7.2,14.9,,,,,,,,,,,,,,,,,,,
fbg:AlleKe00,Keenan Allen,WR,FA,AlleKe00,,,,,tb-accuracy-consensus-20260809-v1,2026-08-21T14:45:07.709Z,2026-08-21T14:46:47.271Z,tb26-ppr-6pt-pass-td-minus2-int-2pt-sack-50fg-v1,candidate_only,97.5,155.5,141.5,,131.3,0,0,0,0,0,131.3,97.5,155.5,,,,,,,,,,,,,,,,,,,
fbg:DillA.00,AJ Dillon,RB,CAR,DillA.00,,,,,tb-accuracy-consensus-20260809-v1,2026-08-21T14:45:07.709Z,2026-08-21T14:46:47.271Z,tb26-ppr-6pt-pass-td-minus2-int-2pt-sack-50fg-v1,candidate_only,8.7,72.3,99.5,,59.9,0,0,0,0,0,59.9,8.7,99.5,,,,,,,,,,,,,,,,,,,
fbg:BrazCh01,Chris Brazzell II,WR,CAR,BrazCh01,,,,,tb-accuracy-consensus-20260809-v1,2026-08-21T14:45:07.709Z,2026-08-21T14:46:47.271Z,tb26-ppr-6pt-pass-td-minus2-int-2pt-sack-50fg-v1,candidate_only,16.9,0,,,8.5,0,0,0,0,0,8.5,0,16.9,,,,,,,,,,,,,,,,,,,
cbs:2186388,Alex Bachman,WR,LV,,2186388,,,,tb-accuracy-consensus-20260809-v1,2026-08-21T14:45:07.709Z,2026-08-21T14:46:47.271Z,tb26-ppr-6pt-pass-td-minus2-int-2pt-sack-50fg-v1,candidate_only,,16.9,,,16.9,0,0,0,0,0,16.9,16.9,16.9,Single-source pass-through; no second premium projection matched this player,,,,,,,,,,,,,,,,,,
fbg:SkowBe00,Ben Skowronek,WR,PIT,SkowBe00,,,,,tb-accuracy-consensus-20260809-v1,2026-08-21T14:45:07.709Z,2026-08-21T14:46:47.271Z,tb26-ppr-6pt-pass-td-minus2-int-2pt-sack-50fg-v1,candidate_only,12.3,,4.1,,8.2,0,0,0,0,0,8.2,4.1,12.3,,,,,,,,,,,,,,,,,,,
fbg:StroPi00,Pierre Strong Jr,RB,GB,StroPi00,,,,,tb-accuracy-consensus-20260809-v1,2026-08-21T14:45:07.709Z,2026-08-21T14:46:47.271Z,tb26-ppr-6pt-pass-td-minus2-int-2pt-sack-50fg-v1,candidate_only,2,,,,2,0,0,0,0,0,2,2,2,Single-source pass-through; no second premium projection matched this player,,,,,,,,,,,,,,,,,,
cbs:3161112,Reggie Gilliam,RB,NE,,3161112,,,,tb-accuracy-consensus-20260809-v1,2026-08-21T14:45:07.709Z,2026-08-21T14:46:47.271Z,tb26-ppr-6pt-pass-td-minus2-int-2pt-sack-50fg-v1,candidate_only,,,8.3,,8.3,0,0,0,0,0,8.3,8.3,8.3,Single-source pass-through; no second premium projection matched this player,,,,,,,,,,,,,,,,,,
cbs:2804813,Gabe Davis,WR,BUF,,2804813,,,,tb-accuracy-consensus-20260809-v1,2026-08-21T14:45:07.709Z,2026-08-21T14:46:47.271Z,tb26-ppr-6pt-pass-td-minus2-int-2pt-sack-50fg-v1,candidate_only,,16.5,,,16.5,0,0,0,0,0,16.5,16.5,16.5,Single-source pass-through; no second premium projection matched this player,,,,,,,,,,,,,,,,,,
fbg:JohnRo07,Roschon Johnson,RB,CHI,JohnRo07,,,,,tb-accuracy-consensus-20260809-v1,2026-08-21T14:45:07.709Z,2026-08-21T14:46:47.271Z,tb26-ppr-6pt-pass-td-minus2-int-2pt-sack-50fg-v1,candidate_only,6.1,,34.4,,20.2,0,0,0,0,0,20.2,6.1,34.4,,,,,,,,,,,,,,,,,,,
fbg:DortGr00,Greg Dortch,WR,DET,DortGr00,,,,,tb-accuracy-consensus-20260809-v1,2026-08-21T14:45:07.709Z,2026-08-21T14:46:47.271Z,tb26-ppr-6pt-pass-td-minus2-int-2pt-sack-50fg-v1,candidate_only,23.1,,14.5,,18.8,0,0,0,0,0,18.8,14.5,23.1,,,,,,,,,,,,,,,,,,,
fbg:MillJa01,Jam Miller,RB,NE,MillJa01,,,,,tb-accuracy-consensus-20260809-v1,2026-08-21T14:45:07.709Z,2026-08-21T14:46:47.271Z,tb26-ppr-6pt-pass-td-minus2-int-2pt-sack-50fg-v1,candidate_only,2.8,,25,,13.8,0,0,0,0,0,13.8,2.8,25,,,,,,,,,,,,,,,,,,,
fbg:WillSa00,Savion Williams,WR,GB,WillSa00,,,,,tb-accuracy-consensus-20260809-v1,2026-08-21T14:45:07.709Z,2026-08-21T14:46:47.271Z,tb26-ppr-6pt-pass-td-minus2-int-2pt-sack-50fg-v1,candidate_only,18.3,,59.7,,38.9,0,0,0,0,0,38.9,18.3,59.7,,,,,,,,,,,,,,,,,,,
cbs:2967664,Julius Chestnut,RB,TEN,,2967664,,,,tb-accuracy-consensus-20260809-v1,2026-08-21T14:45:07.709Z,2026-08-21T14:46:47.271Z,tb26-ppr-6pt-pass-td-minus2-int-2pt-sack-50fg-v1,candidate_only,,6.2,,,6.2,0,0,0,0,0,6.2,6.2,6.2,Single-source pass-through; no second premium projection matched this player,,,,,,,,,,,,,,,,,,
cbs:2968491,Ben VanSumeren,RB,BUF,,2968491,,,,tb-accuracy-consensus-20260809-v1,2026-08-21T14:45:07.709Z,2026-08-21T14:46:47.271Z,tb26-ppr-6pt-pass-td-minus2-int-2pt-sack-50fg-v1,candidate_only,,7,,,7,0,0,0,0,0,7,7,7,Single-source pass-through; no second premium projection matched this player,,,,,,,,,,,,,,,,,,
fbg:MullKa00,Kalel Mullings,RB,TEN,MullKa00,,,,,tb-accuracy-consensus-20260809-v1,2026-08-21T14:45:07.709Z,2026-08-21T14:46:47.271Z,tb26-ppr-6pt-pass-td-minus2-int-2pt-sack-50fg-v1,candidate_only,5.7,,,,5.7,0,0,0,0,0,5.7,5.7,5.7,Single-source pass-through; no second premium projection matched this player,,,,,,,,,,,,,,,,,,
cbs:3127427,Xavier Gipson,WR,NYG,,3127427,,,,tb-accuracy-consensus-20260809-v1,2026-08-21T14:45:07.709Z,2026-08-21T14:46:47.271Z,tb26-ppr-6pt-pass-td-minus2-int-2pt-sack-50fg-v1,candidate_only,,13.9,,,13.9,0,0,0,0,0,13.9,13.9,13.9,Single-source pass-through; no second premium projection matched this player,,,,,,,,,,,,,,,,,,
fbg:WeavXa00,Xavier Weaver,WR,ARI,WeavXa00,,,,,tb-accuracy-consensus-20260809-v1,2026-08-21T14:45:07.709Z,2026-08-21T14:46:47.271Z,tb26-ppr-6pt-pass-td-minus2-int-2pt-sack-50fg-v1,candidate_only,6,,,,6,0,0,0,0,0,6,6,6,Single-source pass-through; no second premium projection matched this player,,,,,,,,,,,,,,,,,,
fbg:GoodTy00,Tyler Goodson,RB,ATL,GoodTy00,,,,,tb-accuracy-consensus-20260809-v1,2026-08-21T14:45:07.709Z,2026-08-21T14:46:47.271Z,tb26-ppr-6pt-pass-td-minus2-int-2pt-sack-50fg-v1,candidate_only,6.1,,,,6.1,0,0,0,0,0,6.1,6.1,6.1,Single-source pass-through; no second premium projection matched this player,,,,,,,,,,,,,,,,,,
fbg:SamuCu00,Curtis Samuel,WR,FA,SamuCu00,,,,,tb-accuracy-consensus-20260809-v1,2026-08-21T14:45:07.709Z,2026-08-21T14:46:47.271Z,tb26-ppr-6pt-pass-td-minus2-int-2pt-sack-50fg-v1,candidate_only,10.8,0,,,5.5,0,0,0,0,0,5.5,0,10.8,,,,,,,,,,,,,,,,,,,
fbg:TiptMa00,Mason Tipton,WR,NO,TiptMa00,,,,,tb-accuracy-consensus-20260809-v1,2026-08-21T14:45:07.709Z,2026-08-21T14:46:47.271Z,tb26-ppr-6pt-pass-td-minus2-int-2pt-sack-50fg-v1,candidate_only,12.4,,16.5,,14.4,0,0,0,0,0,14.4,12.4,16.5,,,,,,,,,,,,,,,,,,,
fbg:HuntKa00,Kareem Hunt,RB,FA,HuntKa00,,,,,tb-accuracy-consensus-20260809-v1,2026-08-21T14:45:07.709Z,2026-08-21T14:46:47.271Z,tb26-ppr-6pt-pass-td-minus2-int-2pt-sack-50fg-v1,candidate_only,1.8,,,,1.8,0,0,0,0,0,1.8,1.8,1.8,Single-source pass-through; no second premium projection matched this player,,,,,,,,,,,,,,,,,,
fbg:MixoJo00,Joe Mixon,RB,FA,MixoJo00,,,,,tb-accuracy-consensus-20260809-v1,2026-08-21T14:45:07.709Z,2026-08-21T14:46:47.271Z,tb26-ppr-6pt-pass-td-minus2-int-2pt-sack-50fg-v1,candidate_only,1.8,,,,1.8,0,0,0,0,0,1.8,1.8,1.8,Single-source pass-through; no second premium projection matched this player,,,,,,,,,,,,,,,,,,
fbg:DallDe00,DeeJay Dallas,RB,JAX,DallDe00,,,,,tb-accuracy-consensus-20260809-v1,2026-08-21T14:45:07.709Z,2026-08-21T14:46:47.271Z,tb26-ppr-6pt-pass-td-minus2-int-2pt-sack-50fg-v1,candidate_only,1.6,,,,1.6,0,0,0,0,0,1.6,1.6,1.6,Single-source pass-through; no second premium projection matched this player,,,,,,,,,,,,,,,,,,
fbg:McNiJe00,Jeremy McNichols,RB,WAS,McNiJe00,,,,,tb-accuracy-consensus-20260809-v1,2026-08-21T14:45:07.709Z,2026-08-21T14:46:47.271Z,tb26-ppr-6pt-pass-td-minus2-int-2pt-sack-50fg-v1,candidate_only,8.6,,,,8.6,0,0,0,0,0,8.6,8.6,8.6,Single-source pass-through; no second premium projection matched this player,,,,,,,,,,,,,,,,,,
fbg:RobiDe01,Demarcus Robinson,WR,SF,RobiDe01,,,,,tb-accuracy-consensus-20260809-v1,2026-08-21T14:45:07.709Z,2026-08-21T14:46:47.271Z,tb26-ppr-6pt-pass-td-minus2-int-2pt-sack-50fg-v1,candidate_only,9,59.7,53.4,,40.5,0,0,0,0,0,40.5,9,59.7,,,,,,,,,,,,,,,,,,,
fbg:PattJa00,Jaret Patterson,RB,LAC,PattJa00,,,,,tb-accuracy-consensus-20260809-v1,2026-08-21T14:45:07.709Z,2026-08-21T14:46:47.271Z,tb26-ppr-6pt-pass-td-minus2-int-2pt-sack-50fg-v1,candidate_only,4.9,,,,4.9,0,0,0,0,0,4.9,4.9,4.9,Single-source pass-through; no second premium projection matched this player,,,,,,,,,,,,,,,,,,
fbg:BensTr01,Trey Benson,RB,ARI,BensTr01,,,,,tb-accuracy-consensus-20260809-v1,2026-08-21T14:45:07.709Z,2026-08-21T14:46:47.271Z,tb26-ppr-6pt-pass-td-minus2-int-2pt-sack-50fg-v1,candidate_only,1.4,,,,1.4,0,0,0,0,0,1.4,1.4,1.4,Single-source pass-through; no second premium projection matched this player,,,,,,,,,,,,,,,,,,
fbg:MetcJo00,John Metchie III,WR,CAR,MetcJo00,,,,,tb-accuracy-consensus-20260809-v1,2026-08-21T14:45:07.709Z,2026-08-21T14:46:47.271Z,tb26-ppr-6pt-pass-td-minus2-int-2pt-sack-50fg-v1,candidate_only,16.3,,,,16.3,0,0,0,0,0,16.3,16.3,16.3,Single-source pass-through; no second premium projection matched this player,,,,,,,,,,,,,,,,,,
fbg:MafaPh00,Phil Mafah,RB,DAL,MafaPh00,,,,,tb-accuracy-consensus-20260809-v1,2026-08-21T14:45:07.709Z,2026-08-21T14:46:47.271Z,tb26-ppr-6pt-pass-td-minus2-int-2pt-sack-50fg-v1,candidate_only,10.8,,30.6,,20.6,0,0,0,0,0,20.6,10.8,30.6,,,,,,,,,,,,,,,,,,,
fbg:SmitXa00,Xavier Smith,WR,LAR,SmitXa00,,,,,tb-accuracy-consensus-20260809-v1,2026-08-21T14:45:07.709Z,2026-08-21T14:46:47.271Z,tb26-ppr-6pt-pass-td-minus2-int-2pt-sack-50fg-v1,candidate_only,4.5,,9.8,,7.1,0,0,0,0,0,7.1,4.5,9.8,,,,,,,,,,,,,,,,,,,
fbg:BadiTy00,Tyler Badie,RB,DEN,BadiTy00,,,,,tb-accuracy-consensus-20260809-v1,2026-08-21T14:45:07.709Z,2026-08-21T14:46:47.271Z,tb26-ppr-6pt-pass-td-minus2-int-2pt-sack-50fg-v1,candidate_only,0.9,,,,0.9,0,0,0,0,0,0.9,0.9,0.9,Single-source pass-through; no second premium projection matched this player,,,,,,,,,,,,,,,,,,
fbg:DaniCJ00,CJ Daniels,WR,LAR,DaniCJ00,,,,,tb-accuracy-consensus-20260809-v1,2026-08-21T14:45:07.709Z,2026-08-21T14:46:47.271Z,tb26-ppr-6pt-pass-td-minus2-int-2pt-sack-50fg-v1,candidate_only,15.5,,9.5,,12.5,0,0,0,0,0,12.5,9.5,15.5,,,,,,,,,,,,,,,,,,,
fbg:EstiAu00,Audric Estimé,RB,NO,EstiAu00,,,,,tb-accuracy-consensus-20260809-v1,2026-08-21T14:45:07.709Z,2026-08-21T14:46:47.271Z,tb26-ppr-6pt-pass-td-minus2-int-2pt-sack-50fg-v1,candidate_only,3.8,,,,3.8,0,0,0,0,0,3.8,3.8,3.8,Single-source pass-through; no second premium projection matched this player,,,,,,,,,,,,,,,,,,
fbg:KnigZo00,Bam Knight,RB,ARI,KnigZo00,,,,,tb-accuracy-consensus-20260809-v1,2026-08-21T14:45:07.709Z,2026-08-21T14:46:47.271Z,tb26-ppr-6pt-pass-td-minus2-int-2pt-sack-50fg-v1,candidate_only,0.5,,,,0.5,0,0,0,0,0,0.5,0.5,0.5,Single-source pass-through; no second premium projection matched this player,,,,,,,,,,,,,,,,,,
fbg:WatkJo00,Jordan Watkins,WR,SF,WatkJo00,,,,,tb-accuracy-consensus-20260809-v1,2026-08-21T14:45:07.709Z,2026-08-21T14:46:47.271Z,tb26-ppr-6pt-pass-td-minus2-int-2pt-sack-50fg-v1,candidate_only,7.8,,,,7.8,0,0,0,0,0,7.8,7.8,7.8,Single-source pass-through; no second premium projection matched this player,,,,,,,,,,,,,,,,,,
fbg:VirgRe00,Reggie Virgil,WR,ARI,VirgRe00,,,,,tb-accuracy-consensus-20260809-v1,2026-08-21T14:45:07.709Z,2026-08-21T14:46:47.271Z,tb26-ppr-6pt-pass-td-minus2-int-2pt-sack-50fg-v1,candidate_only,5.3,,7.9,,6.6,0,0,0,0,0,6.6,5.3,7.9,,,,,,,,,,,,,,,,,,,
fbg:MingJo00,Jonathan Mingo,WR,DAL,MingJo00,,,,,tb-accuracy-consensus-20260809-v1,2026-08-21T14:45:07.709Z,2026-08-21T14:46:47.271Z,tb26-ppr-6pt-pass-td-minus2-int-2pt-sack-50fg-v1,candidate_only,12.3,,8.8,,10.6,0,0,0,0,0,10.6,8.8,12.3,,,,,,,,,,,,,,,,,,,
fbg:BrowBa01,Barion Brown,WR,NO,BrowBa01,,,,,tb-accuracy-consensus-20260809-v1,2026-08-21T14:45:07.709Z,2026-08-21T14:46:47.271Z,tb26-ppr-6pt-pass-td-minus2-int-2pt-sack-50fg-v1,candidate_only,46.6,,11.9,,29.3,0,0,0,0,0,29.3,11.9,46.6,,,,,,,,,,,,,,,,,,,
fbg:PricMy00,Myles Price,WR,MIN,PricMy00,,,,,tb-accuracy-consensus-20260809-v1,2026-08-21T14:45:07.709Z,2026-08-21T14:46:47.271Z,tb26-ppr-6pt-pass-td-minus2-int-2pt-sack-50fg-v1,candidate_only,14.3,,,,14.3,0,0,0,0,0,14.3,14.3,14.3,Single-source pass-through; no second premium projection matched this player,,,,,,,,,,,,,,,,,,
fbg:SmitAr01,Arian Smith,WR,NYJ,SmitAr01,,,,,tb-accuracy-consensus-20260809-v1,2026-08-21T14:45:07.709Z,2026-08-21T14:46:47.271Z,tb26-ppr-6pt-pass-td-minus2-int-2pt-sack-50fg-v1,candidate_only,7.6,,3.6,,5.6,0,0,0,0,0,5.6,3.6,7.6,,,,,,,,,,,,,,,,,,,
fbg:WiliIs00,Isaiah Williams,WR,NYJ,WiliIs00,,,,,tb-accuracy-consensus-20260809-v1,2026-08-21T14:45:07.709Z,2026-08-21T14:46:47.271Z,tb26-ppr-6pt-pass-td-minus2-int-2pt-sack-50fg-v1,candidate_only,29.3,,43.1,,36.2,0,0,0,0,0,36.2,29.3,43.1,,,,,,,,,,,,,,,,,,,
fbg:LancBr00,Bryce Lance,WR,NO,LancBr00,,,,,tb-accuracy-consensus-20260809-v1,2026-08-21T14:45:07.709Z,2026-08-21T14:46:47.271Z,tb26-ppr-6pt-pass-td-minus2-int-2pt-sack-50fg-v1,candidate_only,34.9,,39.4,,37.1,0,0,0,0,0,37.1,34.9,39.4,,,,,,,,,,,,,,,,,,,
cbs:27017067,Dareke Young,WR,LV,,27017067,,,,tb-accuracy-consensus-20260809-v1,2026-08-21T14:45:07.709Z,2026-08-21T14:46:47.271Z,tb26-ppr-6pt-pass-td-minus2-int-2pt-sack-50fg-v1,candidate_only,,6.9,0,,3.4,0,0,0,0,0,3.4,0,6.9,,,,,,,,,,,,,,,,,,,
fbg:HumpLi00,Lil'Jordan Humphrey,WR,DEN,HumpLi00,,,,,tb-accuracy-consensus-20260809-v1,2026-08-21T14:45:07.709Z,2026-08-21T14:46:47.271Z,tb26-ppr-6pt-pass-td-minus2-int-2pt-sack-50fg-v1,candidate_only,6.6,,,,6.6,0,0,0,0,0,6.6,6.6,6.6,Single-source pass-through; no second premium projection matched this player,,,,,,,,,,,,,,,,,,
fbg:WetjKa00,Kaden Wetjen,WR,PIT,WetjKa00,,,,,tb-accuracy-consensus-20260809-v1,2026-08-21T14:45:07.709Z,2026-08-21T14:46:47.271Z,tb26-ppr-6pt-pass-td-minus2-int-2pt-sack-50fg-v1,candidate_only,7.6,,1.8,,4.7,0,0,0,0,0,4.7,1.8,7.6,,,,,,,,,,,,,,,,,,,
fbg:MarsTe00,Terrace Marshall Jr,WR,MIA,MarsTe00,,,,,tb-accuracy-consensus-20260809-v1,2026-08-21T14:45:07.709Z,2026-08-21T14:46:47.271Z,tb26-ppr-6pt-pass-td-minus2-int-2pt-sack-50fg-v1,candidate_only,4,,,,4,0,0,0,0,0,4,4,4,Single-source pass-through; no second premium projection matched this player,,,,,,,,,,,,,,,,,,
fbg:TreaLa00,Laquon Treadwell,WR,IND,TreaLa00,,,,,tb-accuracy-consensus-20260809-v1,2026-08-21T14:45:07.709Z,2026-08-21T14:46:47.271Z,tb26-ppr-6pt-pass-td-minus2-int-2pt-sack-50fg-v1,candidate_only,5.6,,,,5.6,0,0,0,0,0,5.6,5.6,5.6,Single-source pass-through; no second premium projection matched this player,,,,,,,,,,,,,,,,,,
fbg:HendEm00,Emmanuel Henderson Jr.,WR,SEA,HendEm00,,,,,tb-accuracy-consensus-20260809-v1,2026-08-21T14:45:07.709Z,2026-08-21T14:46:47.271Z,tb26-ppr-6pt-pass-td-minus2-int-2pt-sack-50fg-v1,candidate_only,5.7,,,,5.7,0,0,0,0,0,5.7,5.7,5.7,Single-source pass-through; no second premium projection matched this player,,,,,,,,,,,,,,,,,,
fbg:PolkJa00,Ja'Lynn Polk,WR,FA,PolkJa00,,,,,tb-accuracy-consensus-20260809-v1,2026-08-21T14:45:07.709Z,2026-08-21T14:46:47.271Z,tb26-ppr-6pt-pass-td-minus2-int-2pt-sack-50fg-v1,candidate_only,1.8,0,,,0.9,0,0,0,0,0,0.9,0,1.8,,,,,,,,,,,,,,,,,,,
fbg:CoveBr00,Britain Covey,WR,PHI,CoveBr00,,,,,tb-accuracy-consensus-20260809-v1,2026-08-21T14:45:07.709Z,2026-08-21T14:46:47.271Z,tb26-ppr-6pt-pass-td-minus2-int-2pt-sack-50fg-v1,candidate_only,5.2,,,,5.2,0,0,0,0,0,5.2,5.2,5.2,Single-source pass-through; no second premium projection matched this player,,,,,,,,,,,,,,,,,,
fbg:PatrTi00,Tim Patrick,WR,NYJ,PatrTi00,,,,,tb-accuracy-consensus-20260809-v1,2026-08-21T14:45:07.709Z,2026-08-21T14:46:47.271Z,tb26-ppr-6pt-pass-td-minus2-int-2pt-sack-50fg-v1,candidate_only,4.7,,,,4.7,0,0,0,0,0,4.7,4.7,4.7,Single-source pass-through; no second premium projection matched this player,,,,,,,,,,,,,,,,,,
fbg:WatsJu01,Justin Watson,WR,HOU,WatsJu01,,,,,tb-accuracy-consensus-20260809-v1,2026-08-21T14:45:07.709Z,2026-08-21T14:46:47.271Z,tb26-ppr-6pt-pass-td-minus2-int-2pt-sack-50fg-v1,candidate_only,28.5,,25.9,,27.2,0,0,0,0,0,27.2,25.9,28.5,,,,,,,,,,,,,,,,,,,
fbg:WilsJo02,Johnny Wilson,WR,PHI,WilsJo02,,,,,tb-accuracy-consensus-20260809-v1,2026-08-21T14:45:07.709Z,2026-08-21T14:46:47.271Z,tb26-ppr-6pt-pass-td-minus2-int-2pt-sack-50fg-v1,candidate_only,2.8,,,,2.8,0,0,0,0,0,2.8,2.8,2.8,Single-source pass-through; no second premium projection matched this player,,,,,,,,,,,,,,,,,,
fbg:DaviDe01,Derius Davis,WR,LAC,DaviDe01,,,,,tb-accuracy-consensus-20260809-v1,2026-08-21T14:45:07.709Z,2026-08-21T14:46:47.271Z,tb26-ppr-6pt-pass-td-minus2-int-2pt-sack-50fg-v1,candidate_only,6.8,,10.6,,8.7,0,0,0,0,0,8.7,6.8,10.6,,,,,,,,,,,,,,,,,,,
fbg:MoorSk00,Skyy Moore,WR,GB,MoorSk00,,,,,tb-accuracy-consensus-20260809-v1,2026-08-21T14:45:07.709Z,2026-08-21T14:46:47.271Z,tb26-ppr-6pt-pass-td-minus2-int-2pt-sack-50fg-v1,candidate_only,4.1,,,,4.1,0,0,0,0,0,4.1,4.1,4.1,Single-source pass-through; no second premium projection matched this player,,,,,,,,,,,,,,,,,,
fbg:BensMa00,Malik Benson,WR,LV,BensMa00,,,,,tb-accuracy-consensus-20260809-v1,2026-08-21T14:45:07.709Z,2026-08-21T14:46:47.271Z,tb26-ppr-6pt-pass-td-minus2-int-2pt-sack-50fg-v1,candidate_only,18.8,102.3,84.4,,68.2,0,0,0,0,0,68.2,18.8,102.3,,,,,,,,,,,,,,,,,,,
fbg:CampPa00,Parris Campbell,WR,FA,CampPa00,,,,,tb-accuracy-consensus-20260809-v1,2026-08-21T14:45:07.709Z,2026-08-21T14:46:47.271Z,tb26-ppr-6pt-pass-td-minus2-int-2pt-sack-50fg-v1,candidate_only,0.8,,,,0.8,0,0,0,0,0,0.8,0.8,0.8,Single-source pass-through; no second premium projection matched this player,,,,,,,,,,,,,,,,,,
fbg:LawxKe00,Kendrick Law,WR,DET,LawxKe00,,,,,tb-accuracy-consensus-20260809-v1,2026-08-21T14:45:07.709Z,2026-08-21T14:46:47.271Z,tb26-ppr-6pt-pass-td-minus2-int-2pt-sack-50fg-v1,candidate_only,2.9,,,,2.9,0,0,0,0,0,2.9,2.9,2.9,Single-source pass-through; no second premium projection matched this player,,,,,,,,,,,,,,,,,,
fbg:BoboJa00,Jake Bobo,WR,SEA,BoboJa00,,,,,tb-accuracy-consensus-20260809-v1,2026-08-21T14:45:07.709Z,2026-08-21T14:46:47.271Z,tb26-ppr-6pt-pass-td-minus2-int-2pt-sack-50fg-v1,candidate_only,1.9,,,,1.9,0,0,0,0,0,1.9,1.9,1.9,Single-source pass-through; no second premium projection matched this player,,,,,,,,,,,,,,,,,,
fbg:HodgIs00,Isaiah Hodgins,WR,NYG,HodgIs00,,,,,tb-accuracy-consensus-20260809-v1,2026-08-21T14:45:07.709Z,2026-08-21T14:46:47.271Z,tb26-ppr-6pt-pass-td-minus2-int-2pt-sack-50fg-v1,candidate_only,2.2,,,,2.2,0,0,0,0,0,2.2,2.2,2.2,Single-source pass-through; no second premium projection matched this player,,,,,,,,,,,,,,,,,,
fbg:HyatJa00,Jalin Hyatt,WR,NYG,HyatJa00,,,,,tb-accuracy-consensus-20260809-v1,2026-08-21T14:45:07.709Z,2026-08-21T14:46:47.271Z,tb26-ppr-6pt-pass-td-minus2-int-2pt-sack-50fg-v1,candidate_only,1.5,,,,1.5,0,0,0,0,0,1.5,1.5,1.5,Single-source pass-through; no second premium projection matched this player,,,,,,,,,,,,,,,,,,
fbg:CowiJa00,Jacob Cowing,WR,SF,CowiJa00,,,,,tb-accuracy-consensus-20260809-v1,2026-08-21T14:45:07.709Z,2026-08-21T14:46:47.271Z,tb26-ppr-6pt-pass-td-minus2-int-2pt-sack-50fg-v1,candidate_only,5.9,,,,5.9,0,0,0,0,0,5.9,5.9,5.9,Single-source pass-through; no second premium projection matched this player,,,,,,,,,,,,,,,,,,
fbg:SmitJu00,JuJu Smith-Schuster,WR,NYG,SmitJu00,,,,,tb-accuracy-consensus-20260809-v1,2026-08-21T14:45:07.709Z,2026-08-21T14:46:47.271Z,tb26-ppr-6pt-pass-td-minus2-int-2pt-sack-50fg-v1,candidate_only,2.2,,,,2.2,0,0,0,0,0,2.2,2.2,2.2,Single-source pass-through; no second premium projection matched this player,,,,,,,,,,,,,,,,,,
fbg:BeckOd01,Odell Beckham Jr,WR,NYG,BeckOd01,,,,,tb-accuracy-consensus-20260809-v1,2026-08-21T14:45:07.709Z,2026-08-21T14:46:47.271Z,tb26-ppr-6pt-pass-td-minus2-int-2pt-sack-50fg-v1,candidate_only,1.8,,23.9,,12.8,0,0,0,0,0,12.8,1.8,23.9,,,,,,,,,,,,,,,,,,,
fbg:BerrBr00,Braxton Berrios,WR,NYG,BerrBr00,,,,,tb-accuracy-consensus-20260809-v1,2026-08-21T14:45:07.709Z,2026-08-21T14:46:47.271Z,tb26-ppr-6pt-pass-td-minus2-int-2pt-sack-50fg-v1,candidate_only,3.3,,,,3.3,0,0,0,0,0,3.3,3.3,3.3,Single-source pass-through; no second premium projection matched this player,,,,,,,,,,,,,,,,,,
fbg:MendFe00,Fernando Mendoza,QB,LV,MendFe00,,,,,tb-accuracy-consensus-20260809-v1,2026-08-21T14:45:07.709Z,2026-08-21T14:46:47.271Z,tb26-ppr-6pt-pass-td-minus2-int-2pt-sack-50fg-v1,candidate_only,116.1,230.8,213,,186.2,0,0,0,0,0,186.2,116.1,230.8,,,,,,,,,,,,,,,,,,,
fbg:SandSh00,Shedeur Sanders,QB,CLE,SandSh00,,,,,tb-accuracy-consensus-20260809-v1,2026-08-21T14:45:07.709Z,2026-08-21T14:46:47.271Z,tb26-ppr-6pt-pass-td-minus2-int-2pt-sack-50fg-v1,candidate_only,87.3,,99,,93.1,0,0,0,0,0,93.1,87.3,99,,,,,,,,,,,,,,,,,,,
fbg:PeniMi00,Michael Penix Jr.,QB,ATL,PeniMi00,,,,,tb-accuracy-consensus-20260809-v1,2026-08-21T14:45:07.709Z,2026-08-21T14:46:47.271Z,tb26-ppr-6pt-pass-td-minus2-int-2pt-sack-50fg-v1,candidate_only,132.6,,94.3,,113.6,0,0,0,0,0,113.6,94.3,132.6,,,,,,,,,,,,,,,,,,,
fbg:BeckCa00,Carson Beck,QB,ARI,BeckCa00,,,,,tb-accuracy-consensus-20260809-v1,2026-08-21T14:45:07.709Z,2026-08-21T14:46:47.271Z,tb26-ppr-6pt-pass-td-minus2-int-2pt-sack-50fg-v1,candidate_only,36.6,,26.5,,31.6,0,0,0,0,0,31.6,26.5,36.6,,,,,,,,,,,,,,,,,,,
fbg:FlacJo00,Joe Flacco,QB,CIN,FlacJo00,,,,,tb-accuracy-consensus-20260809-v1,2026-08-21T14:45:07.709Z,2026-08-21T14:46:47.271Z,tb26-ppr-6pt-pass-td-minus2-int-2pt-sack-50fg-v1,candidate_only,26,,12,,19,0,0,0,0,0,19,12,26,,,,,,,,,,,,,,,,,,,
fbg:FielJu00,Justin Fields,QB,KC,FielJu00,,,,,tb-accuracy-consensus-20260809-v1,2026-08-21T14:45:07.709Z,2026-08-21T14:46:47.271Z,tb26-ppr-6pt-pass-td-minus2-int-2pt-sack-50fg-v1,candidate_only,25.4,,13.6,,19.5,0,0,0,0,0,19.5,13.6,25.4,,,,,,,,,,,,,,,,,,,
fbg:HowaWi01,Will Howard,QB,PIT,HowaWi01,,,,,tb-accuracy-consensus-20260809-v1,2026-08-21T14:45:07.709Z,2026-08-21T14:46:47.271Z,tb26-ppr-6pt-pass-td-minus2-int-2pt-sack-50fg-v1,candidate_only,24.4,,7.9,,16.2,0,0,0,0,0,16.2,7.9,24.4,,,,,,,,,,,,,,,,,,,
fbg:LeoaRi00,Riley Leonard,QB,IND,LeoaRi00,,,,,tb-accuracy-consensus-20260809-v1,2026-08-21T14:45:07.709Z,2026-08-21T14:46:47.271Z,tb26-ppr-6pt-pass-td-minus2-int-2pt-sack-50fg-v1,candidate_only,23.6,,14.5,,19.1,0,0,0,0,0,19.1,14.5,23.6,,,,,,,,,,,,,,,,,,,
fbg:JoneMa04,Mac Jones,QB,SF,JoneMa04,,,,,tb-accuracy-consensus-20260809-v1,2026-08-21T14:45:07.709Z,2026-08-21T14:46:47.271Z,tb26-ppr-6pt-pass-td-minus2-int-2pt-sack-50fg-v1,candidate_only,22.4,,12,,17.2,0,0,0,0,0,17.2,12,22.4,,,,,,,,,,,,,,,,,,,
fbg:TaylTy00,Tyrod Taylor,QB,GB,TaylTy00,,,,,tb-accuracy-consensus-20260809-v1,2026-08-21T14:45:07.709Z,2026-08-21T14:46:47.271Z,tb26-ppr-6pt-pass-td-minus2-int-2pt-sack-50fg-v1,candidate_only,19.5,,11.4,,15.5,0,0,0,0,0,15.5,11.4,19.5,,,,,,,,,,,,,,,,,,,
fbg:McCaJJ00,J.J. McCarthy,QB,MIN,McCaJJ00,,,,,tb-accuracy-consensus-20260809-v1,2026-08-21T14:45:07.709Z,2026-08-21T14:46:47.271Z,tb26-ppr-6pt-pass-td-minus2-int-2pt-sack-50fg-v1,candidate_only,26.9,,24.7,,25.8,0,0,0,0,0,25.8,24.7,26.9,,,,,,,,,,,,,,,,,,,
fbg:AlleKy00,Kyle Allen,QB,BUF,AlleKy00,,,,,tb-accuracy-consensus-20260809-v1,2026-08-21T14:45:07.709Z,2026-08-21T14:46:47.271Z,tb26-ppr-6pt-pass-td-minus2-int-2pt-sack-50fg-v1,candidate_only,19.6,,10.5,,15.1,0,0,0,0,0,15.1,10.5,19.6,,,,,,,,,,,,,,,,,,,
fbg:MillDa00,Davis Mills,QB,HOU,MillDa00,,,,,tb-accuracy-consensus-20260809-v1,2026-08-21T14:45:07.709Z,2026-08-21T14:46:47.271Z,tb26-ppr-6pt-pass-td-minus2-int-2pt-sack-50fg-v1,candidate_only,19.1,,12.1,,15.6,0,0,0,0,0,15.6,12.1,19.1,,,,,,,,,,,,,,,,,,,
fbg:BridTe00,Teddy Bridgewater,QB,DET,BridTe00,,,,,tb-accuracy-consensus-20260809-v1,2026-08-21T14:45:07.709Z,2026-08-21T14:46:47.271Z,tb26-ppr-6pt-pass-td-minus2-int-2pt-sack-50fg-v1,candidate_only,11.3,,,,11.3,0,0,0,0,0,11.3,11.3,11.3,Single-source pass-through; no second premium projection matched this player,,,,,,,,,,,,,,,,,,
fbg:MullNi00,Nick Mullens,QB,JAX,MullNi00,,,,,tb-accuracy-consensus-20260809-v1,2026-08-21T14:45:07.709Z,2026-08-21T14:46:47.271Z,tb26-ppr-6pt-pass-td-minus2-int-2pt-sack-50fg-v1,candidate_only,18.7,,11.6,,15.2,0,0,0,0,0,15.2,11.6,18.7,,,,,,,,,,,,,,,,,,,
fbg:EwerQu00,Quinn Ewers,QB,MIA,EwerQu00,,,,,tb-accuracy-consensus-20260809-v1,2026-08-21T14:45:07.709Z,2026-08-21T14:46:47.271Z,tb26-ppr-6pt-pass-td-minus2-int-2pt-sack-50fg-v1,candidate_only,15.7,,13.1,,14.4,0,0,0,0,0,14.4,13.1,15.7,,,,,,,,,,,,,,,,,,,
fbg:BageTy00,Tyson Bagent,QB,CHI,BageTy00,,,,,tb-accuracy-consensus-20260809-v1,2026-08-21T14:45:07.709Z,2026-08-21T14:46:47.271Z,tb26-ppr-6pt-pass-td-minus2-int-2pt-sack-50fg-v1,candidate_only,19.5,,13,,16.3,0,0,0,0,0,16.3,13,19.5,,,,,,,,,,,,,,,,,,,
fbg:SimpTy00,Ty Simpson,QB,LAR,SimpTy00,,,,,tb-accuracy-consensus-20260809-v1,2026-08-21T14:45:07.709Z,2026-08-21T14:46:47.271Z,tb26-ppr-6pt-pass-td-minus2-int-2pt-sack-50fg-v1,candidate_only,18.5,,27.6,,23,0,0,0,0,0,23,18.5,27.6,,,,,,,,,,,,,,,,,,,
fbg:LancTr00,Trey Lance,QB,LAC,LancTr00,,,,,tb-accuracy-consensus-20260809-v1,2026-08-21T14:45:07.709Z,2026-08-21T14:46:47.271Z,tb26-ppr-6pt-pass-td-minus2-int-2pt-sack-50fg-v1,candidate_only,18.9,,11.4,,15.2,0,0,0,0,0,15.2,11.4,18.9,,,,,,,,,,,,,,,,,,,
fbg:DeviTo00,Tommy DeVito,QB,NE,DeviTo00,,,,,tb-accuracy-consensus-20260809-v1,2026-08-21T14:45:07.709Z,2026-08-21T14:46:47.271Z,tb26-ppr-6pt-pass-td-minus2-int-2pt-sack-50fg-v1,candidate_only,18.1,,12.5,,15.3,0,0,0,0,0,15.3,12.5,18.1,,,,,,,,,,,,,,,,,,,
fbg:StidJa00,Jarrett Stidham,QB,DEN,StidJa00,,,,,tb-accuracy-consensus-20260809-v1,2026-08-21T14:45:07.709Z,2026-08-21T14:46:47.271Z,tb26-ppr-6pt-pass-td-minus2-int-2pt-sack-50fg-v1,candidate_only,18,,13.2,,15.6,0,0,0,0,0,15.6,13.2,18,,,,,,,,,,,,,,,,,,,
fbg:RattSp00,Spencer Rattler,QB,NO,RattSp00,,,,,tb-accuracy-consensus-20260809-v1,2026-08-21T14:45:07.709Z,2026-08-21T14:46:47.271Z,tb26-ppr-6pt-pass-td-minus2-int-2pt-sack-50fg-v1,candidate_only,17,,11.1,,14.1,0,0,0,0,0,14.1,11.1,17,,,,,,,,,,,,,,,,,,,
fbg:WinsJa00,Jameis Winston,QB,NYG,WinsJa00,,,,,tb-accuracy-consensus-20260809-v1,2026-08-21T14:45:07.709Z,2026-08-21T14:46:47.271Z,tb26-ppr-6pt-pass-td-minus2-int-2pt-sack-50fg-v1,candidate_only,19.1,,12.9,,16,0,0,0,0,0,16,12.9,19.1,,,,,,,,,,,,,,,,,,,
fbg:HuntTy00,Tyler Huntley,QB,BAL,HuntTy00,,,,,tb-accuracy-consensus-20260809-v1,2026-08-21T14:45:07.709Z,2026-08-21T14:46:47.271Z,tb26-ppr-6pt-pass-td-minus2-int-2pt-sack-50fg-v1,candidate_only,16.3,,11.7,,14,0,0,0,0,0,14,11.7,16.3,,,,,,,,,,,,,,,,,,,
fbg:BrowJa01,Jake Browning,QB,TB,BrowJa01,,,,,tb-accuracy-consensus-20260809-v1,2026-08-21T14:45:07.709Z,2026-08-21T14:46:47.271Z,tb26-ppr-6pt-pass-td-minus2-int-2pt-sack-50fg-v1,candidate_only,17.2,,11.9,,14.6,0,0,0,0,0,14.6,11.9,17.2,,,,,,,,,,,,,,,,,,,
fbg:DaltAn00,Andy Dalton,QB,PHI,DaltAn00,,,,,tb-accuracy-consensus-20260809-v1,2026-08-21T14:45:07.709Z,2026-08-21T14:46:47.271Z,tb26-ppr-6pt-pass-td-minus2-int-2pt-sack-50fg-v1,candidate_only,16.2,,11.9,,14.1,0,0,0,0,0,14.1,11.9,16.2,,,,,,,,,,,,,,,,,,,
fbg:PickKe00,Kenny Pickett,QB,CAR,PickKe00,,,,,tb-accuracy-consensus-20260809-v1,2026-08-21T14:45:07.709Z,2026-08-21T14:46:47.271Z,tb26-ppr-6pt-pass-td-minus2-int-2pt-sack-50fg-v1,candidate_only,16.5,,11.6,,14.1,0,0,0,0,0,14.1,11.6,16.5,,,,,,,,,,,,,,,,,,,
fbg:LockDr00,Drew Lock,QB,SEA,LockDr00,,,,,tb-accuracy-consensus-20260809-v1,2026-08-21T14:45:07.709Z,2026-08-21T14:46:47.271Z,tb26-ppr-6pt-pass-td-minus2-int-2pt-sack-50fg-v1,candidate_only,15.4,,10.8,,13.1,0,0,0,0,0,13.1,10.8,15.4,,,,,,,,,,,,,,,,,,,
fbg:TrubMi00,Mitchell Trubisky,QB,TEN,TrubMi00,,,,,tb-accuracy-consensus-20260809-v1,2026-08-21T14:45:07.709Z,2026-08-21T14:46:47.271Z,tb26-ppr-6pt-pass-td-minus2-int-2pt-sack-50fg-v1,candidate_only,14.6,,9.8,,12.2,0,0,0,0,0,12.2,9.8,14.6,,,,,,,,,,,,,,,,,,,
cbs:2864759,Desmond Ridder,QB,GB,,2864759,,,,tb-accuracy-consensus-20260809-v1,2026-08-21T14:45:07.709Z,2026-08-21T14:46:47.271Z,tb26-ppr-6pt-pass-td-minus2-int-2pt-sack-50fg-v1,candidate_only,,13.9,,,13.9,0,0,0,0,0,13.9,13.9,13.9,Single-source pass-through; no second premium projection matched this player,,,,,,,,,,,,,,,,,,
fbg:MiltJo00,Joe Milton III,QB,DAL,MiltJo00,,,,,tb-accuracy-consensus-20260809-v1,2026-08-21T14:45:07.709Z,2026-08-21T14:46:47.271Z,tb26-ppr-6pt-pass-td-minus2-int-2pt-sack-50fg-v1,candidate_only,13.4,,9.8,,11.6,0,0,0,0,0,11.6,9.8,13.4,,,,,,,,,,,,,,,,,,,
fbg:MariMa01,Marcus Mariota,QB,WAS,MariMa01,,,,,tb-accuracy-consensus-20260809-v1,2026-08-21T14:45:07.709Z,2026-08-21T14:46:47.271Z,tb26-ppr-6pt-pass-td-minus2-int-2pt-sack-50fg-v1,candidate_only,13.5,,21.2,,17.3,0,0,0,0,0,17.3,13.5,21.2,,,,,,,,,,,,,,,,,,,
cbs:2261701,Chris Oladokun,QB,KC,,2261701,,,,tb-accuracy-consensus-20260809-v1,2026-08-21T14:45:07.709Z,2026-08-21T14:46:47.271Z,tb26-ppr-6pt-pass-td-minus2-int-2pt-sack-50fg-v1,candidate_only,,,11.7,,11.7,0,0,0,0,0,11.7,11.7,11.7,Single-source pass-through; no second premium projection matched this player,,,,,,,,,,,,,,,,,,
cbs:26696177,Behren Morton,QB,NE,,26696177,,,,tb-accuracy-consensus-20260809-v1,2026-08-21T14:45:07.709Z,2026-08-21T14:46:47.271Z,tb26-ppr-6pt-pass-td-minus2-int-2pt-sack-50fg-v1,candidate_only,,,11.6,,11.6,0,0,0,0,0,11.6,11.6,11.6,Single-source pass-through; no second premium projection matched this player,,,,,,,,,,,,,,,,,,
cbs:26701706,Garrett Nussmeier,QB,KC,,26701706,,,,tb-accuracy-consensus-20260809-v1,2026-08-21T14:45:07.709Z,2026-08-21T14:46:47.271Z,tb26-ppr-6pt-pass-td-minus2-int-2pt-sack-50fg-v1,candidate_only,,,11.2,,11.2,0,0,0,0,0,11.2,11.2,11.2,Single-source pass-through; no second premium projection matched this player,,,,,,,,,,,,,,,,,,
cbs:26725861,Cole Payton,QB,PHI,,26725861,,,,tb-accuracy-consensus-20260809-v1,2026-08-21T14:45:07.709Z,2026-08-21T14:46:47.271Z,tb26-ppr-6pt-pass-td-minus2-int-2pt-sack-50fg-v1,candidate_only,,,11.2,,11.2,0,0,0,0,0,11.2,11.2,11.2,Single-source pass-through; no second premium projection matched this player,,,,,,,,,,,,,,,,,,
cbs:28876938,Drew Allar,QB,PIT,,28876938,,,,tb-accuracy-consensus-20260809-v1,2026-08-21T14:45:07.709Z,2026-08-21T14:46:47.271Z,tb26-ppr-6pt-pass-td-minus2-int-2pt-sack-50fg-v1,candidate_only,,,10.5,,10.5,0,0,0,0,0,10.5,10.5,10.5,Single-source pass-through; no second premium projection matched this player,,,,,,,,,,,,,,,,,,
fbg:CookBr00,Brady Cook,QB,NYJ,CookBr00,,,,,tb-accuracy-consensus-20260809-v1,2026-08-21T14:45:07.709Z,2026-08-21T14:46:47.271Z,tb26-ppr-6pt-pass-td-minus2-int-2pt-sack-50fg-v1,candidate_only,2.7,,5.5,,4.1,0,0,0,0,0,4.1,2.7,5.5,,,,,,,,,,,,,,,,,,,
fbg:KlubCa00,Cade Klubnik,QB,NYJ,KlubCa00,,,,,tb-accuracy-consensus-20260809-v1,2026-08-21T14:45:07.709Z,2026-08-21T14:46:47.271Z,tb26-ppr-6pt-pass-td-minus2-int-2pt-sack-50fg-v1,candidate_only,16.2,,10.3,,13.3,0,0,0,0,0,13.3,10.3,16.2,,,,,,,,,,,,,,,,,,,
fbg:HoweSa00,Sam Howell,QB,DAL,HoweSa00,,,,,tb-accuracy-consensus-20260809-v1,2026-08-21T14:45:07.709Z,2026-08-21T14:46:47.271Z,tb26-ppr-6pt-pass-td-minus2-int-2pt-sack-50fg-v1,candidate_only,8.7,,12.1,,10.4,0,0,0,0,0,10.4,8.7,12.1,,,,,,,,,,,,,,,,,,,
fbg:RudoMa00,Mason Rudolph,QB,PIT,RudoMa00,,,,,tb-accuracy-consensus-20260809-v1,2026-08-21T14:45:07.709Z,2026-08-21T14:46:47.271Z,tb26-ppr-6pt-pass-td-minus2-int-2pt-sack-50fg-v1,candidate_only,8.5,,6.5,,7.5,0,0,0,0,0,7.5,6.5,8.5,,,,,,,,,,,,,,,,,,,
fbg:MinsGa00,Gardner Minshew II,QB,ARI,MinsGa00,,,,,tb-accuracy-consensus-20260809-v1,2026-08-21T14:45:07.709Z,2026-08-21T14:46:47.271Z,tb26-ppr-6pt-pass-td-minus2-int-2pt-sack-50fg-v1,candidate_only,7.5,,10.8,,9.1,0,0,0,0,0,9.1,7.5,10.8,,,,,,,,,,,,,,,,,,,
fbg:RichAn00,Anthony Richardson Sr.,QB,IND,RichAn00,,,,,tb-accuracy-consensus-20260809-v1,2026-08-21T14:45:07.709Z,2026-08-21T14:46:47.271Z,tb26-ppr-6pt-pass-td-minus2-int-2pt-sack-50fg-v1,candidate_only,5.9,,12.4,,9.1,0,0,0,0,0,9.1,5.9,12.4,,,,,,,,,,,,,,,,,,,
fbg:McKeTa00,Tanner McKee,QB,PHI,McKeTa00,,,,,tb-accuracy-consensus-20260809-v1,2026-08-21T14:45:07.709Z,2026-08-21T14:46:47.271Z,tb26-ppr-6pt-pass-td-minus2-int-2pt-sack-50fg-v1,candidate_only,5.2,,12.2,,8.7,0,0,0,0,0,8.7,5.2,12.2,,,,,,,,,,,,,,,,,,,
fbg:BennSt00,Stetson Bennett IV,QB,LAR,BennSt00,,,,,tb-accuracy-consensus-20260809-v1,2026-08-21T14:45:07.709Z,2026-08-21T14:46:47.271Z,tb26-ppr-6pt-pass-td-minus2-int-2pt-sack-50fg-v1,candidate_only,2.7,,,,2.7,0,0,0,0,0,2.7,2.7,2.7,Single-source pass-through; no second premium projection matched this player,,,,,,,,,,,,,,,,,,
fbg:KaliAt00,Athan Kaliakmanis,QB,WAS,KaliAt00,,,,,tb-accuracy-consensus-20260809-v1,2026-08-21T14:45:07.709Z,2026-08-21T14:46:47.271Z,tb26-ppr-6pt-pass-td-minus2-int-2pt-sack-50fg-v1,candidate_only,2,,,,2,0,0,0,0,0,2,2,2,Single-source pass-through; no second premium projection matched this player,,,,,,,,,,,,,,,,,,
fbg:LeviWi00,Will Levis,QB,TEN,LeviWi00,,,,,tb-accuracy-consensus-20260809-v1,2026-08-21T14:45:07.709Z,2026-08-21T14:46:47.271Z,tb26-ppr-6pt-pass-td-minus2-int-2pt-sack-50fg-v1,candidate_only,2,,13.3,,7.6,0,0,0,0,0,7.6,2,13.3,,,,,,,,,,,,,,,,,,,
fbg:MartAd00,Adrian Martinez,QB,SF,MartAd00,,,,,tb-accuracy-consensus-20260809-v1,2026-08-21T14:45:07.709Z,2026-08-21T14:46:47.271Z,tb26-ppr-6pt-pass-td-minus2-int-2pt-sack-50fg-v1,candidate_only,2.5,,11.3,,6.9,0,0,0,0,0,6.9,2.5,11.3,,,,,,,,,,,,,,,,,,,
fbg:MilrJa00,Jalen Milroe,QB,SEA,MilrJa00,,,,,tb-accuracy-consensus-20260809-v1,2026-08-21T14:45:07.709Z,2026-08-21T14:46:47.271Z,tb26-ppr-6pt-pass-td-minus2-int-2pt-sack-50fg-v1,candidate_only,1.7,,11.1,,6.4,0,0,0,0,0,6.4,1.7,11.1,,,,,,,,,,,,,,,,,,,
fbg:ZappBa00,Bailey Zappe,QB,NYJ,ZappBa00,,,,,tb-accuracy-consensus-20260809-v1,2026-08-21T14:45:07.709Z,2026-08-21T14:46:47.271Z,tb26-ppr-6pt-pass-td-minus2-int-2pt-sack-50fg-v1,candidate_only,0.8,,,,0.8,0,0,0,0,0,0.8,0.8,0.8,Single-source pass-through; no second premium projection matched this player,,,,,,,,,,,,,,,,,,
