pack_player_id,player_name,position,nfl_team,fbg_id,cbs_id,fantasypros_id,pff_id,gsis_id,model_id,source_as_of,exported_at,scoring_fingerprint,authority,fbg_points,cbs_points,fantasypros_points,pff_points,raw_consensus_points,mean_reversion_delta,within_position_delta,season_context_delta,durability_delta,availability_delta,modified_projection_points,uncertainty_low,uncertainty_high,fallback_reason,wk1,wk2,wk3,wk4,wk5,wk6,wk7,wk8,wk9,wk10,wk11,wk12,wk13,wk14,wk15,wk16,wk17,wk18
fbg:GibbJa00,Jahmyr Gibbs,RB,DET,GibbJa00,,,,,replace-with-immutable-model-id,,,tb26-ppr-6pt-pass-td-minus2-int-2pt-sack-50fg-v1,candidate_only,342.3,386.9,372.8,345.6,361.8,,,,,,,,,,,,,,,,,,,,,,,,,,,
fbg:RobiBi01,Bijan Robinson,RB,ATL,RobiBi01,,,,,replace-with-immutable-model-id,,,tb26-ppr-6pt-pass-td-minus2-int-2pt-sack-50fg-v1,candidate_only,335.1,334.7,357.2,338.5,341.4,,,,,,,,,,,,,,,,,,,,,,,,,,,
fbg:ChasJa00,Ja'Marr Chase,WR,CIN,ChasJa00,,,,,replace-with-immutable-model-id,,,tb26-ppr-6pt-pass-td-minus2-int-2pt-sack-50fg-v1,candidate_only,334.7,342.7,335.6,324.1,334.3,,,,,,,,,,,,,,,,,,,,,,,,,,,
fbg:McCaCh00,Christian McCaffrey,RB,SF,McCaCh00,,,,,replace-with-immutable-model-id,,,tb26-ppr-6pt-pass-td-minus2-int-2pt-sack-50fg-v1,candidate_only,323.6,296.4,334.6,326.3,320.3,,,,,,,,,,,,,,,,,,,,,,,,,,,
fbg:TaylJo02,Jonathan Taylor,RB,IND,TaylJo02,,,,,replace-with-immutable-model-id,,,tb26-ppr-6pt-pass-td-minus2-int-2pt-sack-50fg-v1,candidate_only,279.2,316.5,310.5,301.3,301.8,,,,,,,,,,,,,,,,,,,,,,,,,,,
fbg:JeanAs00,Ashton Jeanty,RB,LV,JeanAs00,,,,,replace-with-immutable-model-id,,,tb26-ppr-6pt-pass-td-minus2-int-2pt-sack-50fg-v1,candidate_only,230.6,225.3,261,260.6,244.4,,,,,,,,,,,,,,,,,,,,,,,,,,,
fbg:NacuPu00,Puka Nacua,WR,LAR,NacuPu00,,,,,replace-with-immutable-model-id,,,tb26-ppr-6pt-pass-td-minus2-int-2pt-sack-50fg-v1,candidate_only,313.7,373.9,339.8,324.2,337.7,,,,,,,,,,,,,,,,,,,,,,,,,,,
fbg:BoweBr00,Brock Bowers,TE,LV,BoweBr00,,,,,replace-with-immutable-model-id,,,tb26-ppr-6pt-pass-td-minus2-int-2pt-sack-50fg-v1,candidate_only,268.1,242.4,243.5,234,247.1,,,,,,,,,,,,,,,,,,,,,,,,,,,
fbg:AchaDe00,De'Von Achane,RB,MIA,AchaDe00,,,,,replace-with-immutable-model-id,,,tb26-ppr-6pt-pass-td-minus2-int-2pt-sack-50fg-v1,candidate_only,255,302.1,292.3,298,286.7,,,,,,,,,,,,,,,,,,,,,,,,,,,
fbg:SmitJa02,Jaxon Smith-Njigba,WR,SEA,SmitJa02,,,,,replace-with-immutable-model-id,,,tb26-ppr-6pt-pass-td-minus2-int-2pt-sack-50fg-v1,candidate_only,286.2,346.2,326.3,317.6,318.9,,,,,,,,,,,,,,,,,,,,,,,,,,,
fbg:StBrAm00,Amon-Ra St. Brown,WR,DET,StBrAm00,,,,,replace-with-immutable-model-id,,,tb26-ppr-6pt-pass-td-minus2-int-2pt-sack-50fg-v1,candidate_only,287.3,304.9,319.9,289.3,300.3,,,,,,,,,,,,,,,,,,,,,,,,,,,
fbg:BrowAJ00,A.J. Brown,WR,NE,BrowAJ00,,,,,replace-with-immutable-model-id,,,tb26-ppr-6pt-pass-td-minus2-int-2pt-sack-50fg-v1,candidate_only,259.9,260.1,256.4,253.3,257.4,,,,,,,,,,,,,,,,,,,,,,,,,,,
fbg:CookJa05,James Cook III,RB,BUF,CookJa05,,,,,replace-with-immutable-model-id,,,tb26-ppr-6pt-pass-td-minus2-int-2pt-sack-50fg-v1,candidate_only,260.4,263.6,270.6,288.9,270.9,,,,,,,,,,,,,,,,,,,,,,,,,,,
fbg:LambCe00,CeeDee Lamb,WR,DAL,LambCe00,,,,,replace-with-immutable-model-id,,,tb26-ppr-6pt-pass-td-minus2-int-2pt-sack-50fg-v1,candidate_only,264.4,259.3,272.7,285.2,270.4,,,,,,,,,,,,,,,,,,,,,,,,,,,
fbg:BrowCh06,Chase Brown,RB,CIN,BrowCh06,,,,,replace-with-immutable-model-id,,,tb26-ppr-6pt-pass-td-minus2-int-2pt-sack-50fg-v1,candidate_only,259.2,298.1,278.9,277.4,278.3,,,,,,,,,,,,,,,,,,,,,,,,,,,
fbg:HampOm00,Omarion Hampton,RB,LAC,HampOm00,,,,,replace-with-immutable-model-id,,,tb26-ppr-6pt-pass-td-minus2-int-2pt-sack-50fg-v1,candidate_only,240.4,221.5,254.4,249.3,241.5,,,,,,,,,,,,,,,,,,,,,,,,,,,
fbg:LondDr00,Drake London,WR,ATL,LondDr00,,,,,replace-with-immutable-model-id,,,tb26-ppr-6pt-pass-td-minus2-int-2pt-sack-50fg-v1,candidate_only,256,270.2,276.5,284.8,271.8,,,,,,,,,,,,,,,,,,,,,,,,,,,
fbg:AlleJo01,Josh Allen,QB,BUF,AlleJo01,,,,,replace-with-immutable-model-id,,,tb26-ppr-6pt-pass-td-minus2-int-2pt-sack-50fg-v1,candidate_only,406.1,390.5,415.9,364.4,394.3,,,,,,,,,,,,,,,,,,,,,,,,,,,
fbg:McBrTr01,Trey McBride,TE,ARI,McBrTr01,,,,,replace-with-immutable-model-id,,,tb26-ppr-6pt-pass-td-minus2-int-2pt-sack-50fg-v1,candidate_only,234,275.2,256.2,246.7,252.9,,,,,,,,,,,,,,,,,,,,,,,,,,,
fbg:JeffJu00,Justin Jefferson,WR,MIN,JeffJu00,,,,,replace-with-immutable-model-id,,,tb26-ppr-6pt-pass-td-minus2-int-2pt-sack-50fg-v1,candidate_only,252.7,239.2,272.5,290.5,263.8,,,,,,,,,,,,,,,,,,,,,,,,,,,
fbg:BarkSa00,Saquon Barkley,RB,PHI,BarkSa00,,,,,replace-with-immutable-model-id,,,tb26-ppr-6pt-pass-td-minus2-int-2pt-sack-50fg-v1,candidate_only,251.3,245.4,264.4,248.3,252.4,,,,,,,,,,,,,,,,,,,,,,,,,,,
fbg:CollNi00,Nico Collins,WR,HOU,CollNi00,,,,,replace-with-immutable-model-id,,,tb26-ppr-6pt-pass-td-minus2-int-2pt-sack-50fg-v1,candidate_only,241.1,265.8,248,247.6,250.6,,,,,,,,,,,,,,,,,,,,,,,,,,,
fbg:WalkKe01,Ken Walker III,RB,KC,WalkKe01,,,,,replace-with-immutable-model-id,,,tb26-ppr-6pt-pass-td-minus2-int-2pt-sack-50fg-v1,candidate_only,248.8,226.1,258,264.5,249.4,,,,,,,,,,,,,,,,,,,,,,,,,,,
fbg:HallBr01,Breece Hall,RB,NYJ,HallBr01,,,,,replace-with-immutable-model-id,,,tb26-ppr-6pt-pass-td-minus2-int-2pt-sack-50fg-v1,candidate_only,229,205.9,245.2,240.3,230.2,,,,,,,,,,,,,,,,,,,,,,,,,,,
fbg:PickGe00,George Pickens,WR,DAL,PickGe00,,,,,replace-with-immutable-model-id,,,tb26-ppr-6pt-pass-td-minus2-int-2pt-sack-50fg-v1,candidate_only,244.9,275.6,252.2,240.1,253.1,,,,,,,,,,,,,,,,,,,,,,,,,,,
fbg:MayeDr00,Drake Maye,QB,NE,MayeDr00,,,,,replace-with-immutable-model-id,,,tb26-ppr-6pt-pass-td-minus2-int-2pt-sack-50fg-v1,candidate_only,380.1,335.9,365.6,362.8,361.2,,,,,,,,,,,,,,,,,,,,,,,,,,,
fbg:LoveJe01,Jeremiyah Love,RB,ARI,LoveJe01,,,,,replace-with-immutable-model-id,,,tb26-ppr-6pt-pass-td-minus2-int-2pt-sack-50fg-v1,candidate_only,203.2,216.6,255.9,239.7,228.8,,,,,,,,,,,,,,,,,,,,,,,,,,,
fbg:HenrDe00,Derrick Henry,RB,BAL,HenrDe00,,,,,replace-with-immutable-model-id,,,tb26-ppr-6pt-pass-td-minus2-int-2pt-sack-50fg-v1,candidate_only,239.3,270.4,273.8,240.7,256,,,,,,,,,,,,,,,,,,,,,,,,,,,
fbg:WarrTy00,Tyler Warren,TE,IND,WarrTy00,,,,,replace-with-immutable-model-id,,,tb26-ppr-6pt-pass-td-minus2-int-2pt-sack-50fg-v1,candidate_only,188,192.3,199.2,197.3,194.2,,,,,,,,,,,,,,,,,,,,,,,,,,,
fbg:JacoJo00,Josh Jacobs,RB,GB,JacoJo00,,,,,replace-with-immutable-model-id,,,tb26-ppr-6pt-pass-td-minus2-int-2pt-sack-50fg-v1,candidate_only,220.5,215.5,242.7,231.4,227.5,,,,,,,,,,,,,,,,,,,,,,,,,,,
fbg:LoveCo00,Colston Loveland,TE,CHI,LoveCo00,,,,,replace-with-immutable-model-id,,,tb26-ppr-6pt-pass-td-minus2-int-2pt-sack-50fg-v1,candidate_only,187,224.4,211.6,209.8,208.1,,,,,,,,,,,,,,,,,,,,,,,,,,,
fbg:RiceRa01,Rashee Rice,WR,KC,RiceRa01,,,,,replace-with-immutable-model-id,,,tb26-ppr-6pt-pass-td-minus2-int-2pt-sack-50fg-v1,candidate_only,221.5,296.1,268.4,233.1,254.6,,,,,,,,,,,,,,,,,,,,,,,,,,,
fbg:SmitDe04,DeVonta Smith,WR,PHI,SmitDe04,,,,,replace-with-immutable-model-id,,,tb26-ppr-6pt-pass-td-minus2-int-2pt-sack-50fg-v1,candidate_only,235.1,226.6,236.7,248.4,236.7,,,,,,,,,,,,,,,,,,,,,,,,,,,
fbg:WillKy02,Kyren Williams,RB,LAR,WillKy02,,,,,replace-with-immutable-model-id,,,tb26-ppr-6pt-pass-td-minus2-int-2pt-sack-50fg-v1,candidate_only,230.7,233.3,240.4,240.8,236.3,,,,,,,,,,,,,,,,,,,,,,,,,,,
fbg:BurrJo01,Joe Burrow,QB,CIN,BurrJo01,,,,,replace-with-immutable-model-id,,,tb26-ppr-6pt-pass-td-minus2-int-2pt-sack-50fg-v1,candidate_only,374.7,348.5,366,352.5,360.5,,,,,,,,,,,,,,,,,,,,,,,,,,,
fbg:WillJa08,Javonte Williams,RB,DAL,WillJa08,,,,,replace-with-immutable-model-id,,,tb26-ppr-6pt-pass-td-minus2-int-2pt-sack-50fg-v1,candidate_only,224.9,209.2,234.6,237.8,226.7,,,,,,,,,,,,,,,,,,,,,,,,,,,
fbg:OlavCh00,Chris Olave,WR,NO,OlavCh00,,,,,replace-with-immutable-model-id,,,tb26-ppr-6pt-pass-td-minus2-int-2pt-sack-50fg-v1,candidate_only,226.5,266.1,262.2,240.5,248.7,,,,,,,,,,,,,,,,,,,,,,,,,,,
fbg:SkatCa00,Cam Skattebo,RB,NYG,SkatCa00,,,,,replace-with-immutable-model-id,,,tb26-ppr-6pt-pass-td-minus2-int-2pt-sack-50fg-v1,candidate_only,192.6,225,233.8,186.9,209.5,,,,,,,,,,,,,,,,,,,,,,,,,,,
fbg:NabeMa00,Malik Nabers,WR,NYG,NabeMa00,,,,,replace-with-immutable-model-id,,,tb26-ppr-6pt-pass-td-minus2-int-2pt-sack-50fg-v1,candidate_only,223,249.3,240.7,233.3,236.5,,,,,,,,,,,,,,,,,,,,,,,,,,,
fbg:McCoLa00,Ladd McConkey,WR,LAC,McCoLa00,,,,,replace-with-immutable-model-id,,,tb26-ppr-6pt-pass-td-minus2-int-2pt-sack-50fg-v1,candidate_only,229.8,220.2,220.4,231.9,225.6,,,,,,,,,,,,,,,,,,,,,,,,,,,
fbg:JackLa00,Lamar Jackson,QB,BAL,JackLa00,,,,,replace-with-immutable-model-id,,,tb26-ppr-6pt-pass-td-minus2-int-2pt-sack-50fg-v1,candidate_only,363.3,379.7,371.5,354,367.1,,,,,,,,,,,,,,,,,,,,,,,,,,,
fbg:EtieTr00,Travis Etienne Jr.,RB,NO,EtieTr00,,,,,replace-with-immutable-model-id,,,tb26-ppr-6pt-pass-td-minus2-int-2pt-sack-50fg-v1,candidate_only,219.3,223.4,236.5,201.2,220.1,,,,,,,,,,,,,,,,,,,,,,,,,,,
fbg:FlowZa00,Zay Flowers,WR,BAL,FlowZa00,,,,,replace-with-immutable-model-id,,,tb26-ppr-6pt-pass-td-minus2-int-2pt-sack-50fg-v1,candidate_only,222.3,236.6,241.8,237.2,234.4,,,,,,,,,,,,,,,,,,,,,,,,,,,
fbg:McMiTe00,Tetairoa McMillan,WR,CAR,McMiTe00,,,,,replace-with-immutable-model-id,,,tb26-ppr-6pt-pass-td-minus2-int-2pt-sack-50fg-v1,candidate_only,213.5,229.7,233.7,236.1,228.2,,,,,,,,,,,,,,,,,,,,,,,,,,,
fbg:JudkQu00,Quinshon Judkins,RB,CLE,JudkQu00,,,,,replace-with-immutable-model-id,,,tb26-ppr-6pt-pass-td-minus2-int-2pt-sack-50fg-v1,candidate_only,216,200.4,216.5,223.4,214.1,,,,,,,,,,,,,,,,,,,,,,,,,,,
fbg:PittKy00,Kyle Pitts Sr.,TE,ATL,PittKy00,,,,,replace-with-immutable-model-id,,,tb26-ppr-6pt-pass-td-minus2-int-2pt-sack-50fg-v1,candidate_only,180.9,179.2,187.9,194,185.5,,,,,,,,,,,,,,,,,,,,,,,,,,,
fbg:HiggTe00,Tee Higgins,WR,CIN,HiggTe00,,,,,replace-with-immutable-model-id,,,tb26-ppr-6pt-pass-td-minus2-int-2pt-sack-50fg-v1,candidate_only,221.1,230.4,221.5,222.6,223.9,,,,,,,,,,,,,,,,,,,,,,,,,,,
fbg:IrviBu00,Bucky Irving,RB,TB,IrviBu00,,,,,replace-with-immutable-model-id,,,tb26-ppr-6pt-pass-td-minus2-int-2pt-sack-50fg-v1,candidate_only,200.4,238.1,219.4,219.7,219.3,,,,,,,,,,,,,,,,,,,,,,,,,,,
fbg:FannHa00,Harold Fannin Jr.,TE,CLE,FannHa00,,,,,replace-with-immutable-model-id,,,tb26-ppr-6pt-pass-td-minus2-int-2pt-sack-50fg-v1,candidate_only,172.3,222.7,198.6,205,199.5,,,,,,,,,,,,,,,,,,,,,,,,,,,
fbg:DaniJa00,Jayden Daniels,QB,WAS,DaniJa00,,,,,replace-with-immutable-model-id,,,tb26-ppr-6pt-pass-td-minus2-int-2pt-sack-50fg-v1,candidate_only,334.9,364.8,359.2,345.1,350.9,,,,,,,,,,,,,,,,,,,,,,,,,,,
fbg:BurdLu00,Luther Burden III,WR,CHI,BurdLu00,,,,,replace-with-immutable-model-id,,,tb26-ppr-6pt-pass-td-minus2-int-2pt-sack-50fg-v1,candidate_only,212.4,207.1,208,223.9,212.9,,,,,,,,,,,,,,,,,,,,,,,,,,,
fbg:SwifDA00,D'Andre Swift,RB,CHI,SwifDA00,,,,,replace-with-immutable-model-id,,,tb26-ppr-6pt-pass-td-minus2-int-2pt-sack-50fg-v1,candidate_only,215.1,227.8,222.9,204.8,217.6,,,,,,,,,,,,,,,,,,,,,,,,,,,
fbg:WarrJa00,Jaylen Warren,RB,PIT,WarrJa00,,,,,replace-with-immutable-model-id,,,tb26-ppr-6pt-pass-td-minus2-int-2pt-sack-50fg-v1,candidate_only,201.5,183,193.4,176.8,188.7,,,,,,,,,,,,,,,,,,,,,,,,,,,
cbs:1759407,Michael Burton,RB,CLE,,1759407,,,,replace-with-immutable-model-id,,,tb26-ppr-6pt-pass-td-minus2-int-2pt-sack-50fg-v1,candidate_only,0.3,,17,,8.6,,,,,,,,,,,,,,,,,,,,,,,,,,,
fbg:KelcTr00,Travis Kelce,TE,KC,KelcTr00,,,,,replace-with-immutable-model-id,,,tb26-ppr-6pt-pass-td-minus2-int-2pt-sack-50fg-v1,candidate_only,177.9,179.9,182.7,188.5,182.2,,,,,,,,,,,,,,,,,,,,,,,,,,,
fbg:HurtJa00,Jalen Hurts,QB,PHI,HurtJa00,,,,,replace-with-immutable-model-id,,,tb26-ppr-6pt-pass-td-minus2-int-2pt-sack-50fg-v1,candidate_only,352.1,348.8,361.7,350,353.2,,,,,,,,,,,,,,,,,,,,,,,,,,,
fbg:WilsGa00,Garrett Wilson,WR,NYJ,WilsGa00,,,,,replace-with-immutable-model-id,,,tb26-ppr-6pt-pass-td-minus2-int-2pt-sack-50fg-v1,candidate_only,221.2,226.7,242.7,238.5,232.3,,,,,,,,,,,,,,,,,,,,,,,,,,,
fbg:MoorDJ00,DJ Moore,WR,BUF,MoorDJ00,,,,,replace-with-immutable-model-id,,,tb26-ppr-6pt-pass-td-minus2-int-2pt-sack-50fg-v1,candidate_only,213.7,200.1,208.7,215.8,209.6,,,,,,,,,,,,,,,,,,,,,,,,,,,
fbg:WaddJa00,Jaylen Waddle,WR,DEN,WaddJa00,,,,,replace-with-immutable-model-id,,,tb26-ppr-6pt-pass-td-minus2-int-2pt-sack-50fg-v1,candidate_only,217,221.2,210,221.3,217.4,,,,,,,,,,,,,,,,,,,,,,,,,,,
cbs:1824308,Ameer Abdullah,RB,JAC,,1824308,,,,replace-with-immutable-model-id,,,tb26-ppr-6pt-pass-td-minus2-int-2pt-sack-50fg-v1,candidate_only,3.8,,,,3.8,,,,,,,,,Document the explicit fallback used,,,,,,,,,,,,,,,,,,
cbs:2010409,Dare Ogunbowale,RB,HOU,,2010409,,,,replace-with-immutable-model-id,,,tb26-ppr-6pt-pass-td-minus2-int-2pt-sack-50fg-v1,candidate_only,2.1,,,,2.1,,,,,,,,,Document the explicit fallback used,,,,,,,,,,,,,,,,,,
fbg:denxxx99,Denver Broncos,DST,DEN,denxxx99,,,,,replace-with-immutable-model-id,,,tb26-ppr-6pt-pass-td-minus2-int-2pt-sack-50fg-v1,candidate_only,204.3,,,,204.3,,,,,,,,,Document the explicit fallback used,,,,,,,,,,,,,,,,,,
fbg:KrafTu00,Tucker Kraft,TE,GB,KrafTu00,,,,,replace-with-immutable-model-id,,,tb26-ppr-6pt-pass-td-minus2-int-2pt-sack-50fg-v1,candidate_only,165.3,182.4,176.7,209.7,183.5,,,,,,,,,,,,,,,,,,,,,,,,,,,
fbg:PresDa01,Dak Prescott,QB,DAL,PresDa01,,,,,replace-with-immutable-model-id,,,tb26-ppr-6pt-pass-td-minus2-int-2pt-sack-50fg-v1,candidate_only,342.9,350.9,356.4,,350,,,,,,,,,,,,,,,,,,,,,,,,,,,
fbg:EgbuEm00,Emeka Egbuka,WR,TB,EgbuEm00,,,,,replace-with-immutable-model-id,,,tb26-ppr-6pt-pass-td-minus2-int-2pt-sack-50fg-v1,candidate_only,202.7,217.9,228.1,222.9,217.9,,,,,,,,,,,,,,,,,,,,,,,,,,,
cbs:1620002,Tyler Johnson,WR,DAL,,1620002,,,,replace-with-immutable-model-id,,,tb26-ppr-6pt-pass-td-minus2-int-2pt-sack-50fg-v1,candidate_only,,36.7,,,36.7,,,,,,,,,Document the explicit fallback used,,,,,,,,,,,,,,,,,,
cbs:2131774,Andrew Beck,RB,NYJ,,2131774,,,,replace-with-immutable-model-id,,,tb26-ppr-6pt-pass-td-minus2-int-2pt-sack-50fg-v1,candidate_only,,,14.8,,14.8,,,,,,,,,Document the explicit fallback used,,,,,,,,,,,,,,,,,,
cbs:2131579,Nick Chubb,RB,HOU,,2131579,,,,replace-with-immutable-model-id,,,tb26-ppr-6pt-pass-td-minus2-int-2pt-sack-50fg-v1,candidate_only,,14.9,,,14.9,,,,,,,,,Document the explicit fallback used,,,,,,,,,,,,,,,,,,
cbs:1737078,DeAndre Hopkins,WR,BAL,,1737078,,,,replace-with-immutable-model-id,,,tb26-ppr-6pt-pass-td-minus2-int-2pt-sack-50fg-v1,candidate_only,,20.8,,,20.8,,,,,,,,,Document the explicit fallback used,,,,,,,,,,,,,,,,,,
cbs:2174957,Raheem Mostert,RB,LV,,2174957,,,,replace-with-immutable-model-id,,,tb26-ppr-6pt-pass-td-minus2-int-2pt-sack-50fg-v1,candidate_only,,11.8,,,11.8,,,,,,,,,Document the explicit fallback used,,,,,,,,,,,,,,,,,,
fbg:htxxxx99,Houston Texans,DST,HOU,htxxxx99,,,,,replace-with-immutable-model-id,,,tb26-ppr-6pt-pass-td-minus2-int-2pt-sack-50fg-v1,candidate_only,203.8,,,,203.8,,,,,,,,,Document the explicit fallback used,,,,,,,,,,,,,,,,,,
fbg:StafMa00,Matthew Stafford,QB,LAR,StafMa00,,,,,replace-with-immutable-model-id,,,tb26-ppr-6pt-pass-td-minus2-int-2pt-sack-50fg-v1,candidate_only,341.6,335,353.3,,343.3,,,,,,,,,,,,,,,,,,,,,,,,,,,
cbs:2222046,Trayveon Williams,RB,CLE,,2222046,,,,replace-with-immutable-model-id,,,tb26-ppr-6pt-pass-td-minus2-int-2pt-sack-50fg-v1,candidate_only,,,36.5,,36.5,,,,,,,,,Document the explicit fallback used,,,,,,,,,,,,,,,,,,
cbs:1860834,Tyler Lockett,WR,LV,,1860834,,,,replace-with-immutable-model-id,,,tb26-ppr-6pt-pass-td-minus2-int-2pt-sack-50fg-v1,candidate_only,,24.8,,,24.8,,,,,,,,,Document the explicit fallback used,,,,,,,,,,,,,,,,,,
cbs:2188826,Adam Prentice,RB,DEN,,2188826,,,,replace-with-immutable-model-id,,,tb26-ppr-6pt-pass-td-minus2-int-2pt-sack-50fg-v1,candidate_only,,,10.6,,10.6,,,,,,,,,Document the explicit fallback used,,,,,,,,,,,,,,,,,,
fbg:seaxxx99,Seattle Seahawks,DST,SEA,seaxxx99,,,,,replace-with-immutable-model-id,,,tb26-ppr-6pt-pass-td-minus2-int-2pt-sack-50fg-v1,candidate_only,185.6,,,,185.6,,,,,,,,,Document the explicit fallback used,,,,,,,,,,,,,,,,,,
fbg:ramxxx99,Los Angeles Rams,DST,LAR,ramxxx99,,,,,replace-with-immutable-model-id,,,tb26-ppr-6pt-pass-td-minus2-int-2pt-sack-50fg-v1,candidate_only,169.7,,,,169.7,,,,,,,,,Document the explicit fallback used,,,,,,,,,,,,,,,,,,
fbg:phixxx99,Philadelphia Eagles,DST,PHI,phixxx99,,,,,replace-with-immutable-model-id,,,tb26-ppr-6pt-pass-td-minus2-int-2pt-sack-50fg-v1,candidate_only,163.1,,,,163.1,,,,,,,,,Document the explicit fallback used,,,,,,,,,,,,,,,,,,
fbg:MyerJa44,Jason Myers,K,SEA,MyerJa44,,,,,replace-with-immutable-model-id,,,tb26-ppr-6pt-pass-td-minus2-int-2pt-sack-50fg-v1,candidate_only,140.6,,,,140.6,,,,,,,,,Document the explicit fallback used,,,,,,,,,,,,,,,,,,
fbg:FairKa99,Ka'imi Fairbairn,K,HOU,FairKa99,,,,,replace-with-immutable-model-id,,,tb26-ppr-6pt-pass-td-minus2-int-2pt-sack-50fg-v1,candidate_only,138.8,,,,138.8,,,,,,,,,Document the explicit fallback used,,,,,,,,,,,,,,,,,,
fbg:AndrMa00,Mark Andrews,TE,BAL,AndrMa00,,,,,replace-with-immutable-model-id,,,tb26-ppr-6pt-pass-td-minus2-int-2pt-sack-50fg-v1,candidate_only,157.4,170.1,167.1,175.6,167.5,,,,,,,,,,,,,,,,,,,,,,,,,,,
fbg:HerbJu00,Justin Herbert,QB,LAC,HerbJu00,,,,,replace-with-immutable-model-id,,,tb26-ppr-6pt-pass-td-minus2-int-2pt-sack-50fg-v1,candidate_only,341.9,338,340.1,329.3,337.3,,,,,,,,,,,,,,,,,,,,,,,,,,,
fbg:WillCa01,Caleb Williams,QB,CHI,WillCa01,,,,,replace-with-immutable-model-id,,,tb26-ppr-6pt-pass-td-minus2-int-2pt-sack-50fg-v1,candidate_only,338.9,346.3,346.9,,344,,,,,,,,,,,,,,,,,,,,,,,,,,,
fbg:LapoSa00,Sam LaPorta,TE,DET,LapoSa00,,,,,replace-with-immutable-model-id,,,tb26-ppr-6pt-pass-td-minus2-int-2pt-sack-50fg-v1,candidate_only,157,189.7,184.4,204.1,183.7,,,,,,,,,,,,,,,,,,,,,,,,,,,
fbg:LawrTr00,Trevor Lawrence,QB,JAX,LawrTr00,,,,,replace-with-immutable-model-id,,,tb26-ppr-6pt-pass-td-minus2-int-2pt-sack-50fg-v1,candidate_only,334.7,348.3,347.1,321,337.7,,,,,,,,,,,,,,,,,,,,,,,,,,,
fbg:LikeIs00,Isaiah Likely,TE,NYG,LikeIs00,,,,,replace-with-immutable-model-id,,,tb26-ppr-6pt-pass-td-minus2-int-2pt-sack-50fg-v1,candidate_only,165.8,188.9,165,175.1,173.6,,,,,,,,,,,,,,,,,,,,,,,,,,,
cbs:2071540,Marquez Valdes-Scantling,WR,DAL,,2071540,,,,replace-with-immutable-model-id,,,tb26-ppr-6pt-pass-td-minus2-int-2pt-sack-50fg-v1,candidate_only,,40,,,40,,,,,,,,,Document the explicit fallback used,,,,,,,,,,,,,,,,,,
cbs:2080270,Zay Jones,WR,ARI,,2080270,,,,replace-with-immutable-model-id,,,tb26-ppr-6pt-pass-td-minus2-int-2pt-sack-50fg-v1,candidate_only,,33.3,,,33.3,,,,,,,,,Document the explicit fallback used,,,,,,,,,,,,,,,,,,
cbs:1871375,Chris Moore,WR,BAL,,1871375,,,,replace-with-immutable-model-id,,,tb26-ppr-6pt-pass-td-minus2-int-2pt-sack-50fg-v1,candidate_only,,30,,,30,,,,,,,,,Document the explicit fallback used,,,,,,,,,,,,,,,,,,
cbs:1880880,Brandin Cooks,WR,BUF,,1880880,,,,replace-with-immutable-model-id,,,tb26-ppr-6pt-pass-td-minus2-int-2pt-sack-50fg-v1,candidate_only,,29.7,,,29.7,,,,,,,,,Document the explicit fallback used,,,,,,,,,,,,,,,,,,
cbs:2256736,Patrick Taylor,RB,SF,,2256736,,,,replace-with-immutable-model-id,,,tb26-ppr-6pt-pass-td-minus2-int-2pt-sack-50fg-v1,candidate_only,,19.1,,,19.1,,,,,,,,,Document the explicit fallback used,,,,,,,,,,,,,,,,,,
cbs:1996786,Sterling Shepard,WR,TB,,1996786,,,,replace-with-immutable-model-id,,,tb26-ppr-6pt-pass-td-minus2-int-2pt-sack-50fg-v1,candidate_only,,27.7,,,27.7,,,,,,,,,Document the explicit fallback used,,,,,,,,,,,,,,,,,,
cbs:2261254,Kene Nwangwu,RB,NYJ,,2261254,,,,replace-with-immutable-model-id,,,tb26-ppr-6pt-pass-td-minus2-int-2pt-sack-50fg-v1,candidate_only,1.4,,,,1.4,,,,,,,,,Document the explicit fallback used,,,,,,,,,,,,,,,,,,
cbs:2131796,Josh Reynolds,WR,NYJ,,2131796,,,,replace-with-immutable-model-id,,,tb26-ppr-6pt-pass-td-minus2-int-2pt-sack-50fg-v1,candidate_only,,23.8,,,23.8,,,,,,,,,Document the explicit fallback used,,,,,,,,,,,,,,,,,,
cbs:2251305,Miles Sanders,RB,DAL,,2251305,,,,replace-with-immutable-model-id,,,tb26-ppr-6pt-pass-td-minus2-int-2pt-sack-50fg-v1,candidate_only,,9.9,,,9.9,,,,,,,,,Document the explicit fallback used,,,,,,,,,,,,,,,,,,
cbs:2249831,Travis Homer,RB,PIT,,2249831,,,,replace-with-immutable-model-id,,,tb26-ppr-6pt-pass-td-minus2-int-2pt-sack-50fg-v1,candidate_only,4,,,,4,,,,,,,,,Document the explicit fallback used,,,,,,,,,,,,,,,,,,
fbg:minxxx99,Minnesota Vikings,DST,MIN,minxxx99,,,,,replace-with-immutable-model-id,,,tb26-ppr-6pt-pass-td-minus2-int-2pt-sack-50fg-v1,candidate_only,169.7,,,,169.7,,,,,,,,,Document the explicit fallback used,,,,,,,,,,,,,,,,,,
fbg:atlxxx99,Atlanta Falcons,DST,ATL,atlxxx99,,,,,replace-with-immutable-model-id,,,tb26-ppr-6pt-pass-td-minus2-int-2pt-sack-50fg-v1,candidate_only,167.8,,,,167.8,,,,,,,,,Document the explicit fallback used,,,,,,,,,,,,,,,,,,
fbg:detxxx99,Detroit Lions,DST,DET,detxxx99,,,,,replace-with-immutable-model-id,,,tb26-ppr-6pt-pass-td-minus2-int-2pt-sack-50fg-v1,candidate_only,167,,,,167,,,,,,,,,Document the explicit fallback used,,,,,,,,,,,,,,,,,,
fbg:sdgxxx99,Los Angeles Chargers,DST,LAC,sdgxxx99,,,,,replace-with-immutable-model-id,,,tb26-ppr-6pt-pass-td-minus2-int-2pt-sack-50fg-v1,candidate_only,158.8,,,,158.8,,,,,,,,,Document the explicit fallback used,,,,,,,,,,,,,,,,,,
fbg:AubrBr00,Brandon Aubrey,K,DAL,AubrBr00,,,,,replace-with-immutable-model-id,,,tb26-ppr-6pt-pass-td-minus2-int-2pt-sack-50fg-v1,candidate_only,146.2,,,,146.2,,,,,,,,,Document the explicit fallback used,,,,,,,,,,,,,,,,,,
fbg:GrupBl00,Blake Grupe,K,IND,GrupBl00,,,,,replace-with-immutable-model-id,,,tb26-ppr-6pt-pass-td-minus2-int-2pt-sack-50fg-v1,candidate_only,66.2,,,,66.2,,,,,,,,,Document the explicit fallback used,,,,,,,,,,,,,,,,,,
fbg:FolkNi44,Nick Folk,K,ATL,FolkNi44,,,,,replace-with-immutable-model-id,,,tb26-ppr-6pt-pass-td-minus2-int-2pt-sack-50fg-v1,candidate_only,121.1,,,,121.1,,,,,,,,,Document the explicit fallback used,,,,,,,,,,,,,,,,,,
fbg:BateJa00,Jake Bates,K,DET,BateJa00,,,,,replace-with-immutable-model-id,,,tb26-ppr-6pt-pass-td-minus2-int-2pt-sack-50fg-v1,candidate_only,132,,,,132,,,,,,,,,Document the explicit fallback used,,,,,,,,,,,,,,,,,,
fbg:DickCa44,Cameron Dicker,K,LAC,DickCa44,,,,,replace-with-immutable-model-id,,,tb26-ppr-6pt-pass-td-minus2-int-2pt-sack-50fg-v1,candidate_only,140.6,,,,140.6,,,,,,,,,Document the explicit fallback used,,,,,,,,,,,,,,,,,,
cbs:1850793,Darren Waller,TE,MIA,,1850793,,,,replace-with-immutable-model-id,,,tb26-ppr-6pt-pass-td-minus2-int-2pt-sack-50fg-v1,candidate_only,73.2,117.2,116.1,,102,,,,,,,,,,,,,,,,,,,,,,,,,,,
cbs:1685963,Zach Ertz,TE,WAS,,1685963,,,,replace-with-immutable-model-id,,,tb26-ppr-6pt-pass-td-minus2-int-2pt-sack-50fg-v1,candidate_only,,23.8,,,23.8,,,,,,,,,Document the explicit fallback used,,,,,,,,,,,,,,,,,,
cbs:2179491,David Sills,WR,TB,,2179491,,,,replace-with-immutable-model-id,,,tb26-ppr-6pt-pass-td-minus2-int-2pt-sack-50fg-v1,candidate_only,,35,,,35,,,,,,,,,Document the explicit fallback used,,,,,,,,,,,,,,,,,,
cbs:26697211,Donovan Edwards,RB,MIA,,26697211,,,,replace-with-immutable-model-id,,,tb26-ppr-6pt-pass-td-minus2-int-2pt-sack-50fg-v1,candidate_only,,,22.9,,22.9,,,,,,,,,Document the explicit fallback used,,,,,,,,,,,,,,,,,,
cbs:2139642,Dante Pettis,WR,NO,,2139642,,,,replace-with-immutable-model-id,,,tb26-ppr-6pt-pass-td-minus2-int-2pt-sack-50fg-v1,candidate_only,,28,,,28,,,,,,,,,Document the explicit fallback used,,,,,,,,,,,,,,,,,,
cbs:2139270,Noah Brown,WR,WAS,,2139270,,,,replace-with-immutable-model-id,,,tb26-ppr-6pt-pass-td-minus2-int-2pt-sack-50fg-v1,candidate_only,,27,,,27,,,,,,,,,Document the explicit fallback used,,,,,,,,,,,,,,,,,,
cbs:2180075,Scott Miller,WR,CHI,,2180075,,,,replace-with-immutable-model-id,,,tb26-ppr-6pt-pass-td-minus2-int-2pt-sack-50fg-v1,candidate_only,,25.5,,,25.5,,,,,,,,,Document the explicit fallback used,,,,,,,,,,,,,,,,,,
cbs:26698435,Carson Steele,RB,PHI,,26698435,,,,replace-with-immutable-model-id,,,tb26-ppr-6pt-pass-td-minus2-int-2pt-sack-50fg-v1,candidate_only,,14.7,,,14.7,,,,,,,,,Document the explicit fallback used,,,,,,,,,,,,,,,,,,
cbs:26698879,Corey Kiner,RB,ARI,,26698879,,,,replace-with-immutable-model-id,,,tb26-ppr-6pt-pass-td-minus2-int-2pt-sack-50fg-v1,candidate_only,3.7,,,,3.7,,,,,,,,,Document the explicit fallback used,,,,,,,,,,,,,,,,,,
cbs:2804075,Michael Carter,RB,TEN,,2804075,,,,replace-with-immutable-model-id,,,tb26-ppr-6pt-pass-td-minus2-int-2pt-sack-50fg-v1,candidate_only,,11.5,,,11.5,,,,,,,,,Document the explicit fallback used,,,,,,,,,,,,,,,,,,
cbs:2174795,DeAndre Carter,WR,CLE,,2174795,,,,replace-with-immutable-model-id,,,tb26-ppr-6pt-pass-td-minus2-int-2pt-sack-50fg-v1,candidate_only,,18.5,,,18.5,,,,,,,,,Document the explicit fallback used,,,,,,,,,,,,,,,,,,
cbs:26728625,Lucas Scott,RB,BAL,,26728625,,,,replace-with-immutable-model-id,,,tb26-ppr-6pt-pass-td-minus2-int-2pt-sack-50fg-v1,candidate_only,,4,,,4,,,,,,,,,Document the explicit fallback used,,,,,,,,,,,,,,,,,,
cbs:26697728,Robbie Ouzts,RB,SEA,,26697728,,,,replace-with-immutable-model-id,,,tb26-ppr-6pt-pass-td-minus2-int-2pt-sack-50fg-v1,candidate_only,,2.4,,,2.4,,,,,,,,,Document the explicit fallback used,,,,,,,,,,,,,,,,,,
cbs:2240307,Shane Buechele,QB,BUF,,2240307,,,,replace-with-immutable-model-id,,,tb26-ppr-6pt-pass-td-minus2-int-2pt-sack-50fg-v1,candidate_only,,,14,,14,,,,,,,,,Document the explicit fallback used,,,,,,,,,,,,,,,,,,
cbs:2071844,Joshua Dobbs,QB,NE,,2071844,,,,replace-with-immutable-model-id,,,tb26-ppr-6pt-pass-td-minus2-int-2pt-sack-50fg-v1,candidate_only,16.3,,12.8,,14.6,,,,,,,,,,,,,,,,,,,,,,,,,,,
fbg:pitxxx99,Pittsburgh Steelers,DST,PIT,pitxxx99,,,,,replace-with-immutable-model-id,,,tb26-ppr-6pt-pass-td-minus2-int-2pt-sack-50fg-v1,candidate_only,176.5,,,,176.5,,,,,,,,,Document the explicit fallback used,,,,,,,,,,,,,,,,,,
fbg:norxxx99,New Orleans Saints,DST,NO,norxxx99,,,,,replace-with-immutable-model-id,,,tb26-ppr-6pt-pass-td-minus2-int-2pt-sack-50fg-v1,candidate_only,148.7,,,,148.7,,,,,,,,,Document the explicit fallback used,,,,,,,,,,,,,,,,,,
fbg:MeviHa00,Harrison Mevis,K,LAR,MeviHa00,,,,,replace-with-immutable-model-id,,,tb26-ppr-6pt-pass-td-minus2-int-2pt-sack-50fg-v1,candidate_only,122.2,,,,122.2,,,,,,,,,Document the explicit fallback used,,,,,,,,,,,,,,,,,,
fbg:SantCa44,Cairo Santos,K,CHI,SantCa44,,,,,replace-with-immutable-model-id,,,tb26-ppr-6pt-pass-td-minus2-int-2pt-sack-50fg-v1,candidate_only,127.2,,,,127.2,,,,,,,,,Document the explicit fallback used,,,,,,,,,,,,,,,,,,
fbg:McLaCh44,Chase McLaughlin,K,TB,McLaCh44,,,,,replace-with-immutable-model-id,,,tb26-ppr-6pt-pass-td-minus2-int-2pt-sack-50fg-v1,candidate_only,132.2,,,,132.2,,,,,,,,,Document the explicit fallback used,,,,,,,,,,,,,,,,,,
fbg:ReicWi00,Will Reichard,K,MIN,ReicWi00,,,,,replace-with-immutable-model-id,,,tb26-ppr-6pt-pass-td-minus2-int-2pt-sack-50fg-v1,candidate_only,125.8,,,,125.8,,,,,,,,,Document the explicit fallback used,,,,,,,,,,,,,,,,,,
fbg:KittGe00,George Kittle,TE,SF,KittGe00,,,,,replace-with-immutable-model-id,,,tb26-ppr-6pt-pass-td-minus2-int-2pt-sack-50fg-v1,candidate_only,174,196.8,185,191.1,186.7,,,,,,,,,,,,,,,,,,,,,,,,,,,
fbg:LoopTy00,Tyler Loop,K,BAL,LoopTy00,,,,,replace-with-immutable-model-id,,,tb26-ppr-6pt-pass-td-minus2-int-2pt-sack-50fg-v1,candidate_only,136,,,,136,,,,,,,,,Document the explicit fallback used,,,,,,,,,,,,,,,,,,
fbg:McLaTe00,Terry McLaurin,WR,WAS,McLaTe00,,,,,replace-with-immutable-model-id,,,tb26-ppr-6pt-pass-td-minus2-int-2pt-sack-50fg-v1,candidate_only,201,218.3,210,221.2,212.6,,,,,,,,,,,,,,,,,,,,,,,,,,,
fbg:MontDa01,David Montgomery,RB,HOU,MontDa01,,,,,replace-with-immutable-model-id,,,tb26-ppr-6pt-pass-td-minus2-int-2pt-sack-50fg-v1,candidate_only,198.3,184.7,195.8,202.8,195.4,,,,,,,,,,,,,,,,,,,,,,,,,,,
fbg:NixxBo00,Bo Nix,QB,DEN,NixxBo00,,,,,replace-with-immutable-model-id,,,tb26-ppr-6pt-pass-td-minus2-int-2pt-sack-50fg-v1,candidate_only,333.8,311.7,340.9,,328.9,,,,,,,,,,,,,,,,,,,,,,,,,,,
fbg:clexxx99,Cleveland Browns,DST,CLE,clexxx99,,,,,replace-with-immutable-model-id,,,tb26-ppr-6pt-pass-td-minus2-int-2pt-sack-50fg-v1,candidate_only,159.6,,,,159.6,,,,,,,,,Document the explicit fallback used,,,,,,,,,,,,,,,,,,
fbg:WillJa09,Jameson Williams,WR,DET,WillJa09,,,,,replace-with-immutable-model-id,,,tb26-ppr-6pt-pass-td-minus2-int-2pt-sack-50fg-v1,candidate_only,216.6,206.6,217.3,217.8,214.6,,,,,,,,,,,,,,,,,,,,,,,,,,,
fbg:bufxxx99,Buffalo Bills,DST,BUF,bufxxx99,,,,,replace-with-immutable-model-id,,,tb26-ppr-6pt-pass-td-minus2-int-2pt-sack-50fg-v1,candidate_only,162.9,,,,162.9,,,,,,,,,Document the explicit fallback used,,,,,,,,,,,,,,,,,,
fbg:miaxxx99,Miami Dolphins,DST,MIA,miaxxx99,,,,,replace-with-immutable-model-id,,,tb26-ppr-6pt-pass-td-minus2-int-2pt-sack-50fg-v1,candidate_only,147.2,,,,147.2,,,,,,,,,Document the explicit fallback used,,,,,,,,,,,,,,,,,,
fbg:ravxxx99,Baltimore Ravens,DST,BAL,ravxxx99,,,,,replace-with-immutable-model-id,,,tb26-ppr-6pt-pass-td-minus2-int-2pt-sack-50fg-v1,candidate_only,145.2,,,,145.2,,,,,,,,,Document the explicit fallback used,,,,,,,,,,,,,,,,,,
fbg:otixxx99,Tennessee Titans,DST,TEN,otixxx99,,,,,replace-with-immutable-model-id,,,tb26-ppr-6pt-pass-td-minus2-int-2pt-sack-50fg-v1,candidate_only,137.2,,,,137.2,,,,,,,,,Document the explicit fallback used,,,,,,,,,,,,,,,,,,
fbg:PurdBr00,Brock Purdy,QB,SF,PurdBr00,,,,,replace-with-immutable-model-id,,,tb26-ppr-6pt-pass-td-minus2-int-2pt-sack-50fg-v1,candidate_only,333.3,335.2,348.5,,339,,,,,,,,,,,,,,,,,,,,,,,,,,,
fbg:MahoPa00,Patrick Mahomes II,QB,KC,MahoPa00,,,,,replace-with-immutable-model-id,,,tb26-ppr-6pt-pass-td-minus2-int-2pt-sack-50fg-v1,candidate_only,328.8,340,345.4,,338,,,,,,,,,,,,,,,,,,,,,,,,,,,
fbg:ButkHa99,Harrison Butker,K,KC,ButkHa99,,,,,replace-with-immutable-model-id,,,tb26-ppr-6pt-pass-td-minus2-int-2pt-sack-50fg-v1,candidate_only,124.8,,,,124.8,,,,,,,,,Document the explicit fallback used,,,,,,,,,,,,,,,,,,
fbg:LutzWi44,Wil Lutz,K,DEN,LutzWi44,,,,,replace-with-immutable-model-id,,,tb26-ppr-6pt-pass-td-minus2-int-2pt-sack-50fg-v1,candidate_only,128.1,,,,128.1,,,,,,,,,Document the explicit fallback used,,,,,,,,,,,,,,,,,,
fbg:McPhEv44,Evan McPherson,K,CIN,McPhEv44,,,,,replace-with-immutable-model-id,,,tb26-ppr-6pt-pass-td-minus2-int-2pt-sack-50fg-v1,candidate_only,126.4,,,,126.4,,,,,,,,,Document the explicit fallback used,,,,,,,,,,,,,,,,,,
fbg:GoedDa00,Dallas Goedert,TE,PHI,GoedDa00,,,,,replace-with-immutable-model-id,,,tb26-ppr-6pt-pass-td-minus2-int-2pt-sack-50fg-v1,candidate_only,157.5,199.1,179.6,,178.6,,,,,,,,,,,,,,,,,,,,,,,,,,,
fbg:GoffJa00,Jared Goff,QB,DET,GoffJa00,,,,,replace-with-immutable-model-id,,,tb26-ppr-6pt-pass-td-minus2-int-2pt-sack-50fg-v1,candidate_only,330.2,333.6,341.1,,335,,,,,,,,,,,,,,,,,,,,,,,,,,,
fbg:cinxxx99,Cincinnati Bengals,DST,CIN,cinxxx99,,,,,replace-with-immutable-model-id,,,tb26-ppr-6pt-pass-td-minus2-int-2pt-sack-50fg-v1,candidate_only,150.3,,,,150.3,,,,,,,,,Document the explicit fallback used,,,,,,,,,,,,,,,,,,
fbg:PittMi01,Michael Pittman Jr,WR,PIT,PittMi01,,,,,replace-with-immutable-model-id,,,tb26-ppr-6pt-pass-td-minus2-int-2pt-sack-50fg-v1,candidate_only,195.4,171.2,190.5,175.9,183.3,,,,,,,,,,,,,,,,,,,,,,,,,,,
fbg:LittCa00,Cam Little,K,JAX,LittCa00,,,,,replace-with-immutable-model-id,,,tb26-ppr-6pt-pass-td-minus2-int-2pt-sack-50fg-v1,candidate_only,131.7,,,,131.7,,,,,,,,,Document the explicit fallback used,,,,,,,,,,,,,,,,,,
fbg:PineEd44,Eddy Piñeiro,K,SF,PineEd44,,,,,replace-with-immutable-model-id,,,tb26-ppr-6pt-pass-td-minus2-int-2pt-sack-50fg-v1,candidate_only,130.3,,,,130.3,,,,,,,,,Document the explicit fallback used,,,,,,,,,,,,,,,,,,
fbg:EvanMi00,Mike Evans,WR,SF,EvanMi00,,,,,replace-with-immutable-model-id,,,tb26-ppr-6pt-pass-td-minus2-int-2pt-sack-50fg-v1,candidate_only,195.2,207.2,202.8,206.1,202.8,,,,,,,,,,,,,,,,,,,,,,,,,,,
fbg:MurrKy00,Kyler Murray,QB,MIN,MurrKy00,,,,,replace-with-immutable-model-id,,,tb26-ppr-6pt-pass-td-minus2-int-2pt-sack-50fg-v1,candidate_only,312.3,308.2,313.4,,311.3,,,,,,,,,,,,,,,,,,,,,,,,,,,
fbg:chixxx99,Chicago Bears,DST,CHI,chixxx99,,,,,replace-with-immutable-model-id,,,tb26-ppr-6pt-pass-td-minus2-int-2pt-sack-50fg-v1,candidate_only,163.4,,,,163.4,,,,,,,,,Document the explicit fallback used,,,,,,,,,,,,,,,,,,
fbg:nwexxx99,New England Patriots,DST,NE,nwexxx99,,,,,replace-with-immutable-model-id,,,tb26-ppr-6pt-pass-td-minus2-int-2pt-sack-50fg-v1,candidate_only,153.2,,,,153.2,,,,,,,,,Document the explicit fallback used,,,,,,,,,,,,,,,,,,
fbg:DartJa00,Jaxson Dart,QB,NYG,DartJa00,,,,,replace-with-immutable-model-id,,,tb26-ppr-6pt-pass-td-minus2-int-2pt-sack-50fg-v1,candidate_only,317.3,348.8,343.4,,336.4,,,,,,,,,,,,,,,,,,,,,,,,,,,
fbg:MoodJa44,Jake Moody,K,WAS,MoodJa44,,,,,replace-with-immutable-model-id,,,tb26-ppr-6pt-pass-td-minus2-int-2pt-sack-50fg-v1,candidate_only,32,,,,32,,,,,,,,,Document the explicit fallback used,,,,,,,,,,,,,,,,,,
fbg:SmytCh00,Charlie Smyth,K,NO,SmytCh00,,,,,replace-with-immutable-model-id,,,tb26-ppr-6pt-pass-td-minus2-int-2pt-sack-50fg-v1,candidate_only,47,,,,47,,,,,,,,,Document the explicit fallback used,,,,,,,,,,,,,,,,,,
fbg:FergJa01,Jake Ferguson,TE,DAL,FergJa01,,,,,replace-with-immutable-model-id,,,tb26-ppr-6pt-pass-td-minus2-int-2pt-sack-50fg-v1,candidate_only,141.9,170.3,167.8,174.4,163.5,,,,,,,,,,,,,,,,,,,,,,,,,,,
fbg:AdamDa01,Davante Adams,WR,LAR,AdamDa01,,,,,replace-with-immutable-model-id,,,tb26-ppr-6pt-pass-td-minus2-int-2pt-sack-50fg-v1,candidate_only,207.1,202.2,221.9,212.9,211,,,,,,,,,,,,,,,,,,,,,,,,,,,
fbg:HendTr00,TreVeyon Henderson,RB,NE,HendTr00,,,,,replace-with-immutable-model-id,,,tb26-ppr-6pt-pass-td-minus2-int-2pt-sack-50fg-v1,candidate_only,178.3,176.7,191.8,186.2,183.3,,,,,,,,,,,,,,,,,,,,,,,,,,,
fbg:BorrAn00,Andy Borregales,K,NE,BorrAn00,,,,,replace-with-immutable-model-id,,,tb26-ppr-6pt-pass-td-minus2-int-2pt-sack-50fg-v1,candidate_only,125.5,,,,125.5,,,,,,,,,Document the explicit fallback used,,,,,,,,,,,,,,,,,,
fbg:TateCa00,Carnell Tate,WR,TEN,TateCa00,,,,,replace-with-immutable-model-id,,,tb26-ppr-6pt-pass-td-minus2-int-2pt-sack-50fg-v1,candidate_only,196.8,148.8,178.5,217.8,185.6,,,,,,,,,,,,,,,,,,,,,,,,,,,
fbg:BassTy44,Tyler Bass,K,BUF,BassTy44,,,,,replace-with-immutable-model-id,,,tb26-ppr-6pt-pass-td-minus2-int-2pt-sack-50fg-v1,candidate_only,112.6,,,,112.6,,,,,,,,,Document the explicit fallback used,,,,,,,,,,,,,,,,,,
fbg:raixxx99,Las Vegas Raiders,DST,LV,raixxx99,,,,,replace-with-immutable-model-id,,,tb26-ppr-6pt-pass-td-minus2-int-2pt-sack-50fg-v1,candidate_only,134.1,,,,134.1,,,,,,,,,Document the explicit fallback used,,,,,,,,,,,,,,,,,,
fbg:KincDa00,Dalton Kincaid,TE,BUF,KincDa00,,,,,replace-with-immutable-model-id,,,tb26-ppr-6pt-pass-td-minus2-int-2pt-sack-50fg-v1,candidate_only,148,166.6,160.4,176.3,162.8,,,,,,,,,,,,,,,,,,,,,,,,,,,
fbg:OdunRo00,Rome Odunze,WR,CHI,OdunRo00,,,,,replace-with-immutable-model-id,,,tb26-ppr-6pt-pass-td-minus2-int-2pt-sack-50fg-v1,candidate_only,190.4,194.7,205.1,208.5,199.7,,,,,,,,,,,,,,,,,,,,,,,,,,,
fbg:SmacTr00,Trey Smack,K,GB,SmacTr00,,,,,replace-with-immutable-model-id,,,tb26-ppr-6pt-pass-td-minus2-int-2pt-sack-50fg-v1,candidate_only,114.8,,,,114.8,,,,,,,,,Document the explicit fallback used,,,,,,,,,,,,,,,,,,
fbg:MetcDK00,DK Metcalf,WR,PIT,MetcDK00,,,,,replace-with-immutable-model-id,,,tb26-ppr-6pt-pass-td-minus2-int-2pt-sack-50fg-v1,candidate_only,200.4,181,195.3,191.2,192,,,,,,,,,,,,,,,,,,,,,,,,,,,
fbg:SandJa44,Jason Sanders,K,NYJ,SandJa44,,,,,replace-with-immutable-model-id,,,tb26-ppr-6pt-pass-td-minus2-int-2pt-sack-50fg-v1,candidate_only,80,,,,80,,,,,,,,,Document the explicit fallback used,,,,,,,,,,,,,,,,,,
fbg:SlyeJo44,Joey Slye,K,TEN,SlyeJo44,,,,,replace-with-immutable-model-id,,,tb26-ppr-6pt-pass-td-minus2-int-2pt-sack-50fg-v1,candidate_only,94.7,,,,94.7,,,,,,,,,Document the explicit fallback used,,,,,,,,,,,,,,,,,,
fbg:MayfBa00,Baker Mayfield,QB,TB,MayfBa00,,,,,replace-with-immutable-model-id,,,tb26-ppr-6pt-pass-td-minus2-int-2pt-sack-50fg-v1,candidate_only,316.3,326.9,321.1,,321.4,,,,,,,,,,,,,,,,,,,,,,,,,,,
fbg:PierAl00,Alec Pierce,WR,IND,PierAl00,,,,,replace-with-immutable-model-id,,,tb26-ppr-6pt-pass-td-minus2-int-2pt-sack-50fg-v1,candidate_only,173.1,195.2,192,,186.7,,,,,,,,,,,,,,,,,,,,,,,,,,,
fbg:ElliJa98,Jake Elliott,K,PHI,ElliJa98,,,,,replace-with-immutable-model-id,,,tb26-ppr-6pt-pass-td-minus2-int-2pt-sack-50fg-v1,candidate_only,121.8,,,,121.8,,,,,,,,,Document the explicit fallback used,,,,,,,,,,,,,,,,,,
fbg:PattRi44,Riley Patterson,K,MIA,PattRi44,,,,,replace-with-immutable-model-id,,,tb26-ppr-6pt-pass-td-minus2-int-2pt-sack-50fg-v1,candidate_only,90.5,,,,90.5,,,,,,,,,Document the explicit fallback used,,,,,,,,,,,,,,,,,,
fbg:wasxxx99,Washington Commanders,DST,WAS,wasxxx99,,,,,replace-with-immutable-model-id,,,tb26-ppr-6pt-pass-td-minus2-int-2pt-sack-50fg-v1,candidate_only,151.5,,,,151.5,,,,,,,,,Document the explicit fallback used,,,,,,,,,,,,,,,,,,
fbg:StraBr00,Brenton Strange,TE,JAX,StraBr00,,,,,replace-with-immutable-model-id,,,tb26-ppr-6pt-pass-td-minus2-int-2pt-sack-50fg-v1,candidate_only,135.1,171.2,151.5,,152.5,,,,,,,,,,,,,,,,,,,,,,,,,,,
fbg:StevRh00,Rhamondre Stevenson,RB,NE,StevRh00,,,,,replace-with-immutable-model-id,,,tb26-ppr-6pt-pass-td-minus2-int-2pt-sack-50fg-v1,candidate_only,186.5,168.7,192.7,200,187,,,,,,,,,,,,,,,,,,,,,,,,,,,
fbg:GonzZa99,Zane Gonzalez,K,MIA,GonzZa99,,,,,replace-with-immutable-model-id,,,tb26-ppr-6pt-pass-td-minus2-int-2pt-sack-50fg-v1,candidate_only,2.4,,,,2.4,,,,,,,,,Document the explicit fallback used,,,,,,,,,,,,,,,,,,
fbg:tamxxx99,Tampa Bay Buccaneers,DST,TB,tamxxx99,,,,,replace-with-immutable-model-id,,,tb26-ppr-6pt-pass-td-minus2-int-2pt-sack-50fg-v1,candidate_only,151.5,,,,151.5,,,,,,,,,Document the explicit fallback used,,,,,,,,,,,,,,,,,,
fbg:TuteBh00,Bhayshul Tuten,RB,JAX,TuteBh00,,,,,replace-with-immutable-model-id,,,tb26-ppr-6pt-pass-td-minus2-int-2pt-sack-50fg-v1,candidate_only,171.1,187.4,206.8,186,187.8,,,,,,,,,,,,,,,,,,,,,,,,,,,
fbg:kanxxx99,Kansas City Chiefs,DST,KC,kanxxx99,,,,,replace-with-immutable-model-id,,,tb26-ppr-6pt-pass-td-minus2-int-2pt-sack-50fg-v1,candidate_only,141.2,,,,141.2,,,,,,,,,Document the explicit fallback used,,,,,,,,,,,,,,,,,,
fbg:RylaCh00,Chad Ryland,K,ARI,RylaCh00,,,,,replace-with-immutable-model-id,,,tb26-ppr-6pt-pass-td-minus2-int-2pt-sack-50fg-v1,candidate_only,110.2,,,,110.2,,,,,,,,,Document the explicit fallback used,,,,,,,,,,,,,,,,,,
fbg:JohnJu00,Juwan Johnson,TE,NO,JohnJu00,,,,,replace-with-immutable-model-id,,,tb26-ppr-6pt-pass-td-minus2-int-2pt-sack-50fg-v1,candidate_only,142.6,165.2,154.9,,154.1,,,,,,,,,,,,,,,,,,,,,,,,,,,
fbg:gnbxxx99,Green Bay Packers,DST,GB,gnbxxx99,,,,,replace-with-immutable-model-id,,,tb26-ppr-6pt-pass-td-minus2-int-2pt-sack-50fg-v1,candidate_only,154.1,,,,154.1,,,,,,,,,Document the explicit fallback used,,,,,,,,,,,,,,,,,,
fbg:cltxxx99,Indianapolis Colts,DST,IND,cltxxx99,,,,,replace-with-immutable-model-id,,,tb26-ppr-6pt-pass-td-minus2-int-2pt-sack-50fg-v1,candidate_only,148.6,,,,148.6,,,,,,,,,Document the explicit fallback used,,,,,,,,,,,,,,,,,,
fbg:HenrHu00,Hunter Henry,TE,NE,HenrHu00,,,,,replace-with-immutable-model-id,,,tb26-ppr-6pt-pass-td-minus2-int-2pt-sack-50fg-v1,candidate_only,135.4,148.6,152.8,,145.5,,,,,,,,,,,,,,,,,,,,,,,,,,,
fbg:BoswCh44,Chris Boswell,K,PIT,BoswCh44,,,,,replace-with-immutable-model-id,,,tb26-ppr-6pt-pass-td-minus2-int-2pt-sack-50fg-v1,candidate_only,125.5,,,,125.5,,,,,,,,,Document the explicit fallback used,,,,,,,,,,,,,,,,,,
fbg:PricJa00,Jadarian Price,RB,SEA,PricJa00,,,,,replace-with-immutable-model-id,,,tb26-ppr-6pt-pass-td-minus2-int-2pt-sack-50fg-v1,candidate_only,171.4,185.4,190.3,178,181.2,,,,,,,,,,,,,,,,,,,,,,,,,,,
fbg:ThomBr01,Brian Thomas Jr.,WR,JAX,ThomBr01,,,,,replace-with-immutable-model-id,,,tb26-ppr-6pt-pass-td-minus2-int-2pt-sack-50fg-v1,candidate_only,185.5,187.9,181.3,178.4,183.3,,,,,,,,,,,,,,,,,,,,,,,,,,,
fbg:LoveJo01,Jordan Love,QB,GB,LoveJo01,,,,,replace-with-immutable-model-id,,,tb26-ppr-6pt-pass-td-minus2-int-2pt-sack-50fg-v1,candidate_only,310.4,299.8,314.1,,308.1,,,,,,,,,,,,,,,,,,,,,,,,,,,
fbg:carxxx99,Carolina Panthers,DST,CAR,carxxx99,,,,,replace-with-immutable-model-id,,,tb26-ppr-6pt-pass-td-minus2-int-2pt-sack-50fg-v1,candidate_only,139.9,,,,139.9,,,,,,,,,Document the explicit fallback used,,,,,,,,,,,,,,,,,,
fbg:HockTJ00,T.J. Hockenson,TE,MIN,HockTJ00,,,,,replace-with-immutable-model-id,,,tb26-ppr-6pt-pass-td-minus2-int-2pt-sack-50fg-v1,candidate_only,130,119.3,140.7,,130,,,,,,,,,,,,,,,,,,,,,,,,,,,
fbg:PollTo01,Tony Pollard,RB,TEN,PollTo01,,,,,replace-with-immutable-model-id,,,tb26-ppr-6pt-pass-td-minus2-int-2pt-sack-50fg-v1,candidate_only,167,178.2,187.9,177.8,177.7,,,,,,,,,,,,,,,,,,,,,,,,,,,
fbg:SadiKe00,Kenyon Sadiq,TE,NYJ,SadiKe00,,,,,replace-with-immutable-model-id,,,tb26-ppr-6pt-pass-td-minus2-int-2pt-sack-50fg-v1,candidate_only,124.6,126.6,125.4,,125.5,,,,,,,,,,,,,,,,,,,,,,,,,,,
fbg:SchuDa00,Dalton Schultz,TE,HOU,SchuDa00,,,,,replace-with-immutable-model-id,,,tb26-ppr-6pt-pass-td-minus2-int-2pt-sack-50fg-v1,candidate_only,124.3,152.1,148.5,,141.5,,,,,,,,,,,,,,,,,,,,,,,,,,,
fbg:dalxxx99,Dallas Cowboys,DST,DAL,dalxxx99,,,,,replace-with-immutable-model-id,,,tb26-ppr-6pt-pass-td-minus2-int-2pt-sack-50fg-v1,candidate_only,152.6,,,,152.6,,,,,,,,,Document the explicit fallback used,,,,,,,,,,,,,,,,,,
fbg:nygxxx99,New York Giants,DST,NYG,nygxxx99,,,,,replace-with-immutable-model-id,,,tb26-ppr-6pt-pass-td-minus2-int-2pt-sack-50fg-v1,candidate_only,161.7,,,,161.7,,,,,,,,,Document the explicit fallback used,,,,,,,,,,,,,,,,,,
fbg:SuttCo00,Courtland Sutton,WR,DEN,SuttCo00,,,,,replace-with-immutable-model-id,,,tb26-ppr-6pt-pass-td-minus2-int-2pt-sack-50fg-v1,candidate_only,180.2,205,198.6,,194.5,,,,,,,,,,,,,,,,,,,,,,,,,,,
fbg:WatsCh00,Christian Watson,WR,GB,WatsCh00,,,,,replace-with-immutable-model-id,,,tb26-ppr-6pt-pass-td-minus2-int-2pt-sack-50fg-v1,candidate_only,182.2,183.8,193.2,212.3,192.9,,,,,,,,,,,,,,,,,,,,,,,,,,,
fbg:OkonCh00,Chig Okonkwo,TE,WAS,OkonCh00,,,,,replace-with-immutable-model-id,,,tb26-ppr-6pt-pass-td-minus2-int-2pt-sack-50fg-v1,candidate_only,128.4,125.8,126.4,,126.9,,,,,,,,,,,,,,,,,,,,,,,,,,,
fbg:DowdDa00,Rico Dowdle,RB,PIT,DowdDa00,,,,,replace-with-immutable-model-id,,,tb26-ppr-6pt-pass-td-minus2-int-2pt-sack-50fg-v1,candidate_only,169.1,181.4,179.7,183.5,178.4,,,,,,,,,,,,,,,,,,,,,,,,,,,
fbg:WashPa01,Parker Washington,WR,JAX,WashPa01,,,,,replace-with-immutable-model-id,,,tb26-ppr-6pt-pass-td-minus2-int-2pt-sack-50fg-v1,candidate_only,191.3,186.9,184.3,209.1,192.9,,,,,,,,,,,,,,,,,,,,,,,,,,,
fbg:StroCJ00,C.J. Stroud,QB,HOU,StroCJ00,,,,,replace-with-immutable-model-id,,,tb26-ppr-6pt-pass-td-minus2-int-2pt-sack-50fg-v1,candidate_only,297.1,324.6,296.2,,305.9,,,,,,,,,,,,,,,,,,,,,,,,,,,
fbg:HarrMa05,Marvin Harrison Jr.,WR,ARI,HarrMa05,,,,,replace-with-immutable-model-id,,,tb26-ppr-6pt-pass-td-minus2-int-2pt-sack-50fg-v1,candidate_only,177.6,199.6,198.8,181.8,189.4,,,,,,,,,,,,,,,,,,,,,,,,,,,
fbg:ShouTy00,Tyler Shough,QB,NO,ShouTy00,,,,,replace-with-immutable-model-id,,,tb26-ppr-6pt-pass-td-minus2-int-2pt-sack-50fg-v1,candidate_only,295,306.7,318.2,,306.6,,,,,,,,,,,,,,,,,,,,,,,,,,,
fbg:jaxxxx99,Jacksonville Jaguars,DST,JAX,jaxxxx99,,,,,replace-with-immutable-model-id,,,tb26-ppr-6pt-pass-td-minus2-int-2pt-sack-50fg-v1,candidate_only,165.6,,,,165.6,,,,,,,,,Document the explicit fallback used,,,,,,,,,,,,,,,,,,
fbg:FitzRy01,Ryan Fitzgerald,K,CAR,FitzRy01,,,,,replace-with-immutable-model-id,,,tb26-ppr-6pt-pass-td-minus2-int-2pt-sack-50fg-v1,candidate_only,110,,,,110,,,,,,,,,Document the explicit fallback used,,,,,,,,,,,,,,,,,,
fbg:GayxMa44,Matt Gay,K,LV,GayxMa44,,,,,replace-with-immutable-model-id,,,tb26-ppr-6pt-pass-td-minus2-int-2pt-sack-50fg-v1,candidate_only,97.9,,,,97.9,,,,,,,,,Document the explicit fallback used,,,,,,,,,,,,,,,,,,
fbg:crdxxx99,Arizona Cardinals,DST,ARI,crdxxx99,,,,,replace-with-immutable-model-id,,,tb26-ppr-6pt-pass-td-minus2-int-2pt-sack-50fg-v1,candidate_only,129.3,,,,129.3,,,,,,,,,Document the explicit fallback used,,,,,,,,,,,,,,,,,,
fbg:RobiWa00,Wan'Dale Robinson,WR,TEN,RobiWa00,,,,,replace-with-immutable-model-id,,,tb26-ppr-6pt-pass-td-minus2-int-2pt-sack-50fg-v1,candidate_only,170.4,181,179.4,176.3,176.7,,,,,,,,,,,,,,,,,,,,,,,,,,,
fbg:BarnAJ00,AJ Barner,TE,SEA,BarnAJ00,,,,,replace-with-immutable-model-id,,,tb26-ppr-6pt-pass-td-minus2-int-2pt-sack-50fg-v1,candidate_only,118.5,135.6,124.6,,126.2,,,,,,,,,,,,,,,,,,,,,,,,,,,
fbg:SzmyAn44,Andre Szmyt,K,CLE,SzmyAn44,,,,,replace-with-immutable-model-id,,,tb26-ppr-6pt-pass-td-minus2-int-2pt-sack-50fg-v1,candidate_only,111.1,,,,111.1,,,,,,,,,Document the explicit fallback used,,,,,,,,,,,,,,,,,,
fbg:WilsMi01,Michael Wilson,WR,ARI,WilsMi01,,,,,replace-with-immutable-model-id,,,tb26-ppr-6pt-pass-td-minus2-int-2pt-sack-50fg-v1,candidate_only,171.8,174.9,178.2,184.2,177.3,,,,,,,,,,,,,,,,,,,,,,,,,,,
fbg:WhitRa00,Rachaad White,RB,WAS,WhitRa00,,,,,replace-with-immutable-model-id,,,tb26-ppr-6pt-pass-td-minus2-int-2pt-sack-50fg-v1,candidate_only,143.7,142,161.6,,149.1,,,,,,,,,,,,,,,,,,,,,,,,,,,
fbg:nyjxxx99,New York Jets,DST,NYJ,nyjxxx99,,,,,replace-with-immutable-model-id,,,tb26-ppr-6pt-pass-td-minus2-int-2pt-sack-50fg-v1,candidate_only,131.1,,,,131.1,,,,,,,,,Document the explicit fallback used,,,,,,,,,,,,,,,,,,
fbg:GainKe00,Kenny Gainwell,RB,TB,GainKe00,,,,,replace-with-immutable-model-id,,,tb26-ppr-6pt-pass-td-minus2-int-2pt-sack-50fg-v1,candidate_only,169.3,177.2,171.5,161.7,169.9,,,,,,,,,,,,,,,,,,,,,,,,,,,
fbg:FreiPa00,Pat Freiermuth,TE,PIT,FreiPa00,,,,,replace-with-immutable-model-id,,,tb26-ppr-6pt-pass-td-minus2-int-2pt-sack-50fg-v1,candidate_only,110.8,119.3,134.4,,121.5,,,,,,,,,,,,,,,,,,,,,,,,,,,
fbg:JoneAa00,Aaron Jones Sr.,RB,MIN,JoneAa00,,,,,replace-with-immutable-model-id,,,tb26-ppr-6pt-pass-td-minus2-int-2pt-sack-50fg-v1,candidate_only,152.3,149.8,161.5,136.9,150.1,,,,,,,,,,,,,,,,,,,,,,,,,,,
fbg:JoneDa05,Daniel Jones,QB,IND,JoneDa05,,,,,replace-with-immutable-model-id,,,tb26-ppr-6pt-pass-td-minus2-int-2pt-sack-50fg-v1,candidate_only,295.2,319.1,310.1,,308,,,,,,,,,,,,,,,,,,,,,,,,,,,
fbg:GadsOr01,Oronde Gadsden,TE,LAC,GadsOr01,,,,,replace-with-immutable-model-id,,,tb26-ppr-6pt-pass-td-minus2-int-2pt-sack-50fg-v1,candidate_only,79.3,128.4,100.9,,102.7,,,,,,,,,,,,,,,,,,,,,,,,,,,
fbg:HelmGu00,Gunnar Helm,TE,TEN,HelmGu00,,,,,replace-with-immutable-model-id,,,tb26-ppr-6pt-pass-td-minus2-int-2pt-sack-50fg-v1,candidate_only,101.5,99.9,111.5,,104.3,,,,,,,,,,,,,,,,,,,,,,,,,,,
fbg:GodwCh00,Chris Godwin Jr.,WR,TB,GodwCh00,,,,,replace-with-immutable-model-id,,,tb26-ppr-6pt-pass-td-minus2-int-2pt-sack-50fg-v1,candidate_only,180.2,183.1,175.8,175.3,178.6,,,,,,,,,,,,,,,,,,,,,,,,,,,
fbg:TysoJo00,Jordyn Tyson,WR,NO,TysoJo00,,,,,replace-with-immutable-model-id,,,tb26-ppr-6pt-pass-td-minus2-int-2pt-sack-50fg-v1,candidate_only,107.8,137.7,107.1,,117.4,,,,,,,,,,,,,,,,,,,,,,,,,,,
fbg:JohnQu01,Quentin Johnston,WR,LAC,JohnQu01,,,,,replace-with-immutable-model-id,,,tb26-ppr-6pt-pass-td-minus2-int-2pt-sack-50fg-v1,candidate_only,170,179.4,169.9,,173.1,,,,,,,,,,,,,,,,,,,,,,,,,,,
fbg:OttoCa00,Cade Otton,TE,TB,OttoCa00,,,,,replace-with-immutable-model-id,,,tb26-ppr-6pt-pass-td-minus2-int-2pt-sack-50fg-v1,candidate_only,117.5,152.3,128.9,,132.8,,,,,,,,,,,,,,,,,,,,,,,,,,,
fbg:sfoxxx99,San Francisco 49ers,DST,SF,sfoxxx99,,,,,replace-with-immutable-model-id,,,tb26-ppr-6pt-pass-td-minus2-int-2pt-sack-50fg-v1,candidate_only,120.1,,,,120.1,,,,,,,,,Document the explicit fallback used,,,,,,,,,,,,,,,,,,
fbg:GoldMa00,Matthew Golden,WR,GB,GoldMa00,,,,,replace-with-immutable-model-id,,,tb26-ppr-6pt-pass-td-minus2-int-2pt-sack-50fg-v1,candidate_only,171.8,133.9,160.8,,155.6,,,,,,,,,,,,,,,,,,,,,,,,,,,
fbg:HarvRj00,RJ Harvey,RB,DEN,HarvRj00,,,,,replace-with-immutable-model-id,,,tb26-ppr-6pt-pass-td-minus2-int-2pt-sack-50fg-v1,candidate_only,152.8,174.7,162.5,161.3,162.8,,,,,,,,,,,,,,,,,,,,,,,,,,,
fbg:ReedJa01,Jayden Reed,WR,GB,ReedJa01,,,,,replace-with-immutable-model-id,,,tb26-ppr-6pt-pass-td-minus2-int-2pt-sack-50fg-v1,candidate_only,164,164.1,175.3,,167.8,,,,,,,,,,,,,,,,,,,,,,,,,,,
fbg:MonaKy00,Kyle Monangai,RB,CHI,MonaKy00,,,,,replace-with-immutable-model-id,,,tb26-ppr-6pt-pass-td-minus2-int-2pt-sack-50fg-v1,candidate_only,129,147.8,156.4,130.4,140.8,,,,,,,,,,,,,,,,,,,,,,,,,,,
fbg:DownJo00,Josh Downs,WR,IND,DownJo00,,,,,replace-with-immutable-model-id,,,tb26-ppr-6pt-pass-td-minus2-int-2pt-sack-50fg-v1,candidate_only,163.3,165.8,163.3,,164.1,,,,,,,,,,,,,,,,,,,,,,,,,,,
fbg:DobbJ.00,J.K. Dobbins,RB,DEN,DobbJ.00,,,,,replace-with-immutable-model-id,,,tb26-ppr-6pt-pass-td-minus2-int-2pt-sack-50fg-v1,candidate_only,146.7,167.8,176.3,167,164.4,,,,,,,,,,,,,,,,,,,,,,,,,,,
fbg:AddiJo00,Jordan Addison,WR,MIN,AddiJo00,,,,,replace-with-immutable-model-id,,,tb26-ppr-6pt-pass-td-minus2-int-2pt-sack-50fg-v1,candidate_only,162.4,167.1,169.1,,166.2,,,,,,,,,,,,,,,,,,,,,,,,,,,
fbg:HubbCh00,Chuba Hubbard,RB,CAR,HubbCh00,,,,,replace-with-immutable-model-id,,,tb26-ppr-6pt-pass-td-minus2-int-2pt-sack-50fg-v1,candidate_only,154.1,158,173.9,151.5,159.4,,,,,,,,,,,,,,,,,,,,,,,,,,,
fbg:DulcGr00,Greg Dulcich,TE,MIA,DulcGr00,,,,,replace-with-immutable-model-id,,,tb26-ppr-6pt-pass-td-minus2-int-2pt-sack-50fg-v1,candidate_only,94.9,134.3,133.4,,120.7,,,,,,,,,,,,,,,,,,,,,,,,,,,
fbg:HiggJa00,Jayden Higgins,WR,HOU,HiggJa00,,,,,replace-with-immutable-model-id,,,tb26-ppr-6pt-pass-td-minus2-int-2pt-sack-50fg-v1,candidate_only,162.1,150.5,137.9,,150.2,,,,,,,,,,,,,,,,,,,,,,,,,,,
fbg:MeyeJa00,Jakobi Meyers,WR,JAX,MeyeJa00,,,,,replace-with-immutable-model-id,,,tb26-ppr-6pt-pass-td-minus2-int-2pt-sack-50fg-v1,candidate_only,148.9,170.4,178.9,,166,,,,,,,,,,,,,,,,,,,,,,,,,,,
fbg:FergTe00,Terrance Ferguson,TE,LAR,FergTe00,,,,,replace-with-immutable-model-id,,,tb26-ppr-6pt-pass-td-minus2-int-2pt-sack-50fg-v1,candidate_only,120.4,111.2,122.5,,118.1,,,,,,,,,,,,,,,,,,,,,,,,,,,
fbg:SaulBe00,Ben Sauls,K,NYG,SaulBe00,,,,,replace-with-immutable-model-id,,,tb26-ppr-6pt-pass-td-minus2-int-2pt-sack-50fg-v1,candidate_only,20.5,,,,20.5,,,,,,,,,Document the explicit fallback used,,,,,,,,,,,,,,,,,,
fbg:BrooJo00,Jonathon Brooks,RB,CAR,BrooJo00,,,,,replace-with-immutable-model-id,,,tb26-ppr-6pt-pass-td-minus2-int-2pt-sack-50fg-v1,candidate_only,156.8,166,164.1,182,167.2,,,,,,,,,,,,,,,,,,,,,,,,,,,
fbg:NjokDa00,David Njoku,TE,LAC,NjokDa00,,,,,replace-with-immutable-model-id,,,tb26-ppr-6pt-pass-td-minus2-int-2pt-sack-50fg-v1,candidate_only,69.4,109.9,107.6,,95.5,,,,,,,,,,,,,,,,,,,,,,,,,,,
fbg:ShakKh00,Khalil Shakir,WR,BUF,ShakKh00,,,,,replace-with-immutable-model-id,,,tb26-ppr-6pt-pass-td-minus2-int-2pt-sack-50fg-v1,candidate_only,144.3,148.3,164.7,,152.4,,,,,,,,,,,,,,,,,,,,,,,,,,,
fbg:WillMa05,Malik Willis,QB,MIA,WillMa05,,,,,replace-with-immutable-model-id,,,tb26-ppr-6pt-pass-td-minus2-int-2pt-sack-50fg-v1,candidate_only,275.1,317.7,292.7,,295,,,,,,,,,,,,,,,,,,,,,,,,,,,
fbg:RodgAa00,Aaron Rodgers,QB,PIT,RodgAa00,,,,,replace-with-immutable-model-id,,,tb26-ppr-6pt-pass-td-minus2-int-2pt-sack-50fg-v1,candidate_only,271,233.1,257.3,,253.9,,,,,,,,,,,,,,,,,,,,,,,,,,,
fbg:GesiMi00,Mike Gesicki,TE,CIN,GesiMi00,,,,,replace-with-immutable-model-id,,,tb26-ppr-6pt-pass-td-minus2-int-2pt-sack-50fg-v1,candidate_only,87.3,115.2,106.2,,102.8,,,,,,,,,,,,,,,,,,,,,,,,,,,
fbg:WortXa00,Xavier Worthy,WR,KC,WortXa00,,,,,replace-with-immutable-model-id,,,tb26-ppr-6pt-pass-td-minus2-int-2pt-sack-50fg-v1,candidate_only,143.3,152.5,167.7,,154.5,,,,,,,,,,,,,,,,,,,,,,,,,,,
fbg:DarnSa00,Sam Darnold,QB,SEA,DarnSa00,,,,,replace-with-immutable-model-id,,,tb26-ppr-6pt-pass-td-minus2-int-2pt-sack-50fg-v1,candidate_only,271.8,316,308,,298.4,,,,,,,,,,,,,,,,,,,,,,,,,,,
fbg:ConcKC00,KC Concepcion,WR,CLE,ConcKC00,,,,,replace-with-immutable-model-id,,,tb26-ppr-6pt-pass-td-minus2-int-2pt-sack-50fg-v1,candidate_only,155.5,171.8,170.5,,165.9,,,,,,,,,,,,,,,,,,,,,,,,,,,
fbg:DoubRo00,Romeo Doubs,WR,NE,DoubRo00,,,,,replace-with-immutable-model-id,,,tb26-ppr-6pt-pass-td-minus2-int-2pt-sack-50fg-v1,candidate_only,151.3,165.5,163.4,,160,,,,,,,,,,,,,,,,,,,,,,,,,,,
fbg:EngrEv00,Evan Engram,TE,DEN,EngrEv00,,,,,replace-with-immutable-model-id,,,tb26-ppr-6pt-pass-td-minus2-int-2pt-sack-50fg-v1,candidate_only,104.1,115.8,117,,112.3,,,,,,,,,,,,,,,,,,,,,,,,,,,
fbg:LemoMa00,Makai Lemon,WR,PHI,LemoMa00,,,,,replace-with-immutable-model-id,,,tb26-ppr-6pt-pass-td-minus2-int-2pt-sack-50fg-v1,candidate_only,133.9,140.6,151.1,,141.8,,,,,,,,,,,,,,,,,,,,,,,,,,,
fbg:CrosJa00,Jacory Croskey-Merritt,RB,WAS,CrosJa00,,,,,replace-with-immutable-model-id,,,tb26-ppr-6pt-pass-td-minus2-int-2pt-sack-50fg-v1,candidate_only,138.7,135.9,147.3,159.3,145.3,,,,,,,,,,,,,,,,,,,,,,,,,,,
cbs:3124276,Theo Wease Jr.,WR,MIA,,3124276,,,,replace-with-immutable-model-id,,,tb26-ppr-6pt-pass-td-minus2-int-2pt-sack-50fg-v1,candidate_only,,,47.1,,47.1,,,,,,,,,Document the explicit fallback used,,,,,,,,,,,,,,,,,,
fbg:YounBr01,Bryce Young,QB,CAR,YounBr01,,,,,replace-with-immutable-model-id,,,tb26-ppr-6pt-pass-td-minus2-int-2pt-sack-50fg-v1,candidate_only,270.2,292.8,289.3,,284,,,,,,,,,,,,,,,,,,,,,,,,,,,
fbg:CoruBl00,Blake Corum,RB,LAR,CoruBl00,,,,,replace-with-immutable-model-id,,,tb26-ppr-6pt-pass-td-minus2-int-2pt-sack-50fg-v1,candidate_only,135.8,123.9,138.3,148.4,136.6,,,,,,,,,,,,,,,,,,,,,,,,,,,
fbg:CokeJa01,Jalen Coker,WR,CAR,CokeJa01,,,,,replace-with-immutable-model-id,,,tb26-ppr-6pt-pass-td-minus2-int-2pt-sack-50fg-v1,candidate_only,141.3,158.9,157.9,,152.6,,,,,,,,,,,,,,,,,,,,,,,,,,,
fbg:MasoJo00,Jordan Mason,RB,MIN,MasoJo00,,,,,replace-with-immutable-model-id,,,tb26-ppr-6pt-pass-td-minus2-int-2pt-sack-50fg-v1,candidate_only,144.1,143.1,144.9,158.7,147.7,,,,,,,,,,,,,,,,,,,,,,,,,,,
fbg:CarlDa44,Daniel Carlson,K,FA,CarlDa44,,,,,replace-with-immutable-model-id,,,tb26-ppr-6pt-pass-td-minus2-int-2pt-sack-50fg-v1,candidate_only,62.2,,,,62.2,,,,,,,,,Document the explicit fallback used,,,,,,,,,,,,,,,,,,
fbg:WardCa00,Cam Ward,QB,TEN,WardCa00,,,,,replace-with-immutable-model-id,,,tb26-ppr-6pt-pass-td-minus2-int-2pt-sack-50fg-v1,candidate_only,257.4,263.5,261.8,,260.9,,,,,,,,,,,,,,,,,,,,,,,,,,,
fbg:McMaBr44,Brandon McManus,K,FA,McMaBr44,,,,,replace-with-immutable-model-id,,,tb26-ppr-6pt-pass-td-minus2-int-2pt-sack-50fg-v1,candidate_only,2.1,,,,2.1,,,,,,,,,Document the explicit fallback used,,,,,,,,,,,,,,,,,,
fbg:SpeaTy00,Tyjae Spears,RB,TEN,SpeaTy00,,,,,replace-with-immutable-model-id,,,tb26-ppr-6pt-pass-td-minus2-int-2pt-sack-50fg-v1,candidate_only,120,131.6,138.2,,129.9,,,,,,,,,,,,,,,,,,,,,,,,,,,
fbg:GrayNo00,Noah Gray,TE,KC,GrayNo00,,,,,replace-with-immutable-model-id,,,tb26-ppr-6pt-pass-td-minus2-int-2pt-sack-50fg-v1,candidate_only,75.8,,51.1,,63.5,,,,,,,,,,,,,,,,,,,,,,,,,,,
fbg:JohnTh00,Theo Johnson,TE,NYG,JohnTh00,,,,,replace-with-immutable-model-id,,,tb26-ppr-6pt-pass-td-minus2-int-2pt-sack-50fg-v1,candidate_only,65,76.9,76.4,,72.7,,,,,,,,,,,,,,,,,,,,,,,,,,,
fbg:ParkCo00,Colby Parkinson,TE,LAR,ParkCo00,,,,,replace-with-immutable-model-id,,,tb26-ppr-6pt-pass-td-minus2-int-2pt-sack-50fg-v1,candidate_only,82.6,109.8,90.4,,94.2,,,,,,,,,,,,,,,,,,,,,,,,,,,
fbg:NailJa00,Jalen Nailor,WR,LV,NailJa00,,,,,replace-with-immutable-model-id,,,tb26-ppr-6pt-pass-td-minus2-int-2pt-sack-50fg-v1,candidate_only,130.2,126,127,,127.7,,,,,,,,,,,,,,,,,,,,,,,,,,,
fbg:BostDe00,Denzel Boston,WR,CLE,BostDe00,,,,,replace-with-immutable-model-id,,,tb26-ppr-6pt-pass-td-minus2-int-2pt-sack-50fg-v1,candidate_only,138.8,164.9,158.1,,153.8,,,,,,,,,,,,,,,,,,,,,,,,,,,
fbg:TuckTr00,Tre Tucker,WR,LV,TuckTr00,,,,,replace-with-immutable-model-id,,,tb26-ppr-6pt-pass-td-minus2-int-2pt-sack-50fg-v1,candidate_only,138.6,138.2,142.6,,139.8,,,,,,,,,,,,,,,,,,,,,,,,,,,
cbs:2804128,Marquise Brown,WR,PHI,,2804128,,,,replace-with-immutable-model-id,,,tb26-ppr-6pt-pass-td-minus2-int-2pt-sack-50fg-v1,candidate_only,,126.2,,,126.2,,,,,,,,,Document the explicit fallback used,,,,,,,,,,,,,,,,,,
fbg:JeudJe00,Jerry Jeudy,WR,CLE,JeudJe00,,,,,replace-with-immutable-model-id,,,tb26-ppr-6pt-pass-td-minus2-int-2pt-sack-50fg-v1,candidate_only,119.4,159.7,155.8,,144.8,,,,,,,,,,,,,,,,,,,,,,,,,,,
fbg:ShahRa00,Rashid Shaheed,WR,SEA,ShahRa00,,,,,replace-with-immutable-model-id,,,tb26-ppr-6pt-pass-td-minus2-int-2pt-sack-50fg-v1,candidate_only,127.1,163.8,157.4,,149.3,,,,,,,,,,,,,,,,,,,,,,,,,,,
fbg:McMiJa00,Jalen McMillan,WR,TB,McMiJa00,,,,,replace-with-immutable-model-id,,,tb26-ppr-6pt-pass-td-minus2-int-2pt-sack-50fg-v1,candidate_only,110.4,129.5,133.6,,124.4,,,,,,,,,,,,,,,,,,,,,,,,,,,
fbg:SandJa00,Ja'Tavion Sanders,TE,CAR,SandJa00,,,,,replace-with-immutable-model-id,,,tb26-ppr-6pt-pass-td-minus2-int-2pt-sack-50fg-v1,candidate_only,35.3,,45.9,,40.6,,,,,,,,,,,,,,,,,,,,,,,,,,,
fbg:TracTy00,Tyrone Tracy Jr.,RB,NYG,TracTy00,,,,,replace-with-immutable-model-id,,,tb26-ppr-6pt-pass-td-minus2-int-2pt-sack-50fg-v1,candidate_only,58.8,132.5,94.5,,95,,,,,,,,,,,,,,,,,,,,,,,,,,,
fbg:JennJa00,Jauan Jennings,WR,MIN,JennJa00,,,,,replace-with-immutable-model-id,,,tb26-ppr-6pt-pass-td-minus2-int-2pt-sack-50fg-v1,candidate_only,104.1,146.8,134.3,,128.2,,,,,,,,,,,,,,,,,,,,,,,,,,,
fbg:PachIs00,Isiah Pacheco,RB,DET,PachIs00,,,,,replace-with-immutable-model-id,,,tb26-ppr-6pt-pass-td-minus2-int-2pt-sack-50fg-v1,candidate_only,95.8,126.2,124.6,,115.4,,,,,,,,,,,,,,,,,,,,,,,,,,,
fbg:TaylMa01,Mason Taylor,TE,NYJ,TaylMa01,,,,,replace-with-immutable-model-id,,,tb26-ppr-6pt-pass-td-minus2-int-2pt-sack-50fg-v1,candidate_only,71.4,116.7,101.5,,96.4,,,,,,,,,,,,,,,,,,,,,,,,,,,
fbg:SampDy00,Dylan Sampson,RB,CLE,SampDy00,,,,,replace-with-immutable-model-id,,,tb26-ppr-6pt-pass-td-minus2-int-2pt-sack-50fg-v1,candidate_only,88.6,124.6,111.4,,108.1,,,,,,,,,,,,,,,,,,,,,,,,,,,
fbg:KmetCo00,Cole Kmet,TE,CHI,KmetCo00,,,,,replace-with-immutable-model-id,,,tb26-ppr-6pt-pass-td-minus2-int-2pt-sack-50fg-v1,candidate_only,61,,66.6,,63.8,,,,,,,,,,,,,,,,,,,,,,,,,,,
fbg:MarkWo00,Woody Marks,RB,HOU,MarkWo00,,,,,replace-with-immutable-model-id,,,tb26-ppr-6pt-pass-td-minus2-int-2pt-sack-50fg-v1,candidate_only,119.3,121.8,124.8,,122,,,,,,,,,,,,,,,,,,,,,,,,,,,
fbg:CharZa00,Zach Charbonnet,RB,SEA,CharZa00,,,,,replace-with-immutable-model-id,,,tb26-ppr-6pt-pass-td-minus2-int-2pt-sack-50fg-v1,candidate_only,118,137,123,,125.9,,,,,,,,,,,,,,,,,,,,,,,,,,,
fbg:BateRa00,Rashod Bateman,WR,BAL,BateRa00,,,,,replace-with-immutable-model-id,,,tb26-ppr-6pt-pass-td-minus2-int-2pt-sack-50fg-v1,candidate_only,110.1,137.5,134.3,,127.2,,,,,,,,,,,,,,,,,,,,,,,,,,,
fbg:HigbTy01,Tyler Higbee,TE,LAR,HigbTy01,,,,,replace-with-immutable-model-id,,,tb26-ppr-6pt-pass-td-minus2-int-2pt-sack-50fg-v1,candidate_only,59.8,90.2,69.1,,72.9,,,,,,,,,,,,,,,,,,,,,,,,,,,
fbg:KnoxDa00,Dawson Knox,TE,BUF,KnoxDa00,,,,,replace-with-immutable-model-id,,,tb26-ppr-6pt-pass-td-minus2-int-2pt-sack-50fg-v1,candidate_only,60.3,77.7,79,,72.3,,,,,,,,,,,,,,,,,,,,,,,,,,,
fbg:KamaAl00,Alvin Kamara,RB,NO,KamaAl00,,,,,replace-with-immutable-model-id,,,tb26-ppr-6pt-pass-td-minus2-int-2pt-sack-50fg-v1,candidate_only,81.6,114.5,118.2,,104.6,,,,,,,,,,,,,,,,,,,,,,,,,,,
fbg:BrisJa00,Jacoby Brissett,QB,ARI,BrisJa00,,,,,replace-with-immutable-model-id,,,tb26-ppr-6pt-pass-td-minus2-int-2pt-sack-50fg-v1,candidate_only,232.9,280.7,258.9,,257.3,,,,,,,,,,,,,,,,,,,,,,,,,,,
fbg:RodrCh01,Chris Rodriguez Jr.,RB,JAX,RodrCh01,,,,,replace-with-immutable-model-id,,,tb26-ppr-6pt-pass-td-minus2-int-2pt-sack-50fg-v1,candidate_only,109.6,116.9,95.8,,107.4,,,,,,,,,,,,,,,,,,,,,,,,,,,
fbg:AllxEr00,Erick All Jr.,TE,CIN,AllxEr00,,,,,replace-with-immutable-model-id,,,tb26-ppr-6pt-pass-td-minus2-int-2pt-sack-50fg-v1,candidate_only,60.3,66,68.5,,64.9,,,,,,,,,,,,,,,,,,,,,,,,,,,
fbg:SmitGe01,Geno Smith,QB,NYJ,SmitGe01,,,,,replace-with-immutable-model-id,,,tb26-ppr-6pt-pass-td-minus2-int-2pt-sack-50fg-v1,candidate_only,231.9,250.6,264,,248.8,,,,,,,,,,,,,,,,,,,,,,,,,,,
fbg:MayeMi00,Michael Mayer,TE,LV,MayeMi00,,,,,replace-with-immutable-model-id,,,tb26-ppr-6pt-pass-td-minus2-int-2pt-sack-50fg-v1,candidate_only,58.9,,90,,74.4,,,,,,,,,,,,,,,,,,,,,,,,,,,
fbg:StowEl00,Eli Stowers,TE,PHI,StowEl00,,,,,replace-with-immutable-model-id,,,tb26-ppr-6pt-pass-td-minus2-int-2pt-sack-50fg-v1,candidate_only,27.9,,49.6,,38.7,,,,,,,,,,,,,,,,,,,,,,,,,,,
fbg:FantNo00,Noah Fant,TE,NO,FantNo00,,,,,replace-with-immutable-model-id,,,tb26-ppr-6pt-pass-td-minus2-int-2pt-sack-50fg-v1,candidate_only,53.4,61.8,63.1,,59.4,,,,,,,,,,,,,,,,,,,,,,,,,,,
fbg:ShraSp00,Spencer Shrader,K,IND,ShraSp00,,,,,replace-with-immutable-model-id,,,tb26-ppr-6pt-pass-td-minus2-int-2pt-sack-50fg-v1,candidate_only,35.7,,,,35.7,,,,,,,,,Document the explicit fallback used,,,,,,,,,,,,,,,,,,
fbg:ArroEl00,Elijah Arroyo,TE,SEA,ArroEl00,,,,,replace-with-immutable-model-id,,,tb26-ppr-6pt-pass-td-minus2-int-2pt-sack-50fg-v1,candidate_only,66.9,,48.3,,57.7,,,,,,,,,,,,,,,,,,,,,,,,,,,
fbg:WashMa01,Malik Washington,WR,MIA,WashMa01,,,,,replace-with-immutable-model-id,,,tb26-ppr-6pt-pass-td-minus2-int-2pt-sack-50fg-v1,candidate_only,134,111.6,111.7,,119.2,,,,,,,,,,,,,,,,,,,,,,,,,,,
fbg:CoopOm00,Omar Cooper Jr.,WR,NYJ,CoopOm00,,,,,replace-with-immutable-model-id,,,tb26-ppr-6pt-pass-td-minus2-int-2pt-sack-50fg-v1,candidate_only,81,108.9,103.3,,97.6,,,,,,,,,,,,,,,,,,,,,,,,,,,
fbg:RidlCa00,Calvin Ridley,WR,TEN,RidlCa00,,,,,replace-with-immutable-model-id,,,tb26-ppr-6pt-pass-td-minus2-int-2pt-sack-50fg-v1,candidate_only,105.1,148.4,148.1,,133.7,,,,,,,,,,,,,,,,,,,,,,,,,,,
fbg:AllgTy00,Tyler Allgeier,RB,ARI,AllgTy00,,,,,replace-with-immutable-model-id,,,tb26-ppr-6pt-pass-td-minus2-int-2pt-sack-50fg-v1,candidate_only,105.9,101.8,98.9,,102.2,,,,,,,,,,,,,,,,,,,,,,,,,,,
cbs:3123413,Bub Means,WR,NO,,3123413,,,,replace-with-immutable-model-id,,,tb26-ppr-6pt-pass-td-minus2-int-2pt-sack-50fg-v1,candidate_only,5.5,82.6,106.6,,64.6,,,,,,,,,,,,,,,,,,,,,,,,,,,
fbg:SamuDe00,Deebo Samuel Sr.,WR,SF,SamuDe00,,,,,replace-with-immutable-model-id,,,tb26-ppr-6pt-pass-td-minus2-int-2pt-sack-50fg-v1,candidate_only,139.2,169.1,163.3,,157.1,,,,,,,,,,,,,,,,,,,,,,,,,,,
fbg:ZvadDo00,Dominic Zvada,K,NYG,ZvadDo00,,,,,replace-with-immutable-model-id,,,tb26-ppr-6pt-pass-td-minus2-int-2pt-sack-50fg-v1,candidate_only,65.8,,,,65.8,,,,,,,,,Document the explicit fallback used,,,,,,,,,,,,,,,,,,
fbg:FlouRy00,Ryan Flournoy,WR,DAL,FlouRy00,,,,,replace-with-immutable-model-id,,,tb26-ppr-6pt-pass-td-minus2-int-2pt-sack-50fg-v1,candidate_only,113.7,99.4,89.4,,100.9,,,,,,,,,,,,,,,,,,,,,,,,,,,
fbg:HillJu00,Justice Hill,RB,BAL,HillJu00,,,,,replace-with-immutable-model-id,,,tb26-ppr-6pt-pass-td-minus2-int-2pt-sack-50fg-v1,candidate_only,95.5,102.5,112,,103.3,,,,,,,,,,,,,,,,,,,,,,,,,,,
fbg:DellNa00,Tank Dell,WR,HOU,DellNa00,,,,,replace-with-immutable-model-id,,,tb26-ppr-6pt-pass-td-minus2-int-2pt-sack-50fg-v1,candidate_only,82.2,132.5,119.2,,111.1,,,,,,,,,,,,,,,,,,,,,,,,,,,
fbg:RobiBr01,Brian Robinson Jr,RB,ATL,RobiBr01,,,,,replace-with-immutable-model-id,,,tb26-ppr-6pt-pass-td-minus2-int-2pt-sack-50fg-v1,candidate_only,88.2,,86.3,,87.3,,,,,,,,,,,,,,,,,,,,,,,,,,,
cbs:2867599,Connor Heyward,TE,LV,,2867599,,,,replace-with-immutable-model-id,,,tb26-ppr-6pt-pass-td-minus2-int-2pt-sack-50fg-v1,candidate_only,6.3,,36.2,,21.2,,,,,,,,,,,,,,,,,,,,,,,,,,,
fbg:WashDa02,Darnell Washington,TE,PIT,WashDa02,,,,,replace-with-immutable-model-id,,,tb26-ppr-6pt-pass-td-minus2-int-2pt-sack-50fg-v1,candidate_only,65.6,,74.4,,70,,,,,,,,,,,,,,,,,,,,,,,,,,,
fbg:DiggSt00,Stefon Diggs,WR,FA,DiggSt00,,,,,replace-with-immutable-model-id,,,tb26-ppr-6pt-pass-td-minus2-int-2pt-sack-50fg-v1,candidate_only,155.3,157.2,166.6,,159.7,,,,,,,,,,,,,,,,,,,,,,,,,,,
fbg:StriDe00,De'Zhaun Stribling,WR,SF,StriDe00,,,,,replace-with-immutable-model-id,,,tb26-ppr-6pt-pass-td-minus2-int-2pt-sack-50fg-v1,candidate_only,98.5,156.5,160.2,,138.2,,,,,,,,,,,,,,,,,,,,,,,,,,,
fbg:HarrTr03,Tre' Harris,WR,LAC,HarrTr03,,,,,replace-with-immutable-model-id,,,tb26-ppr-6pt-pass-td-minus2-int-2pt-sack-50fg-v1,candidate_only,121.1,,89.7,,105.5,,,,,,,,,,,,,,,,,,,,,,,,,,,
fbg:BoutKa00,Kayshon Boutte,WR,NE,BoutKa00,,,,,replace-with-immutable-model-id,,,tb26-ppr-6pt-pass-td-minus2-int-2pt-sack-50fg-v1,candidate_only,131.4,122.2,121.5,,125.1,,,,,,,,,,,,,,,,,,,,,,,,,,,
fbg:BernGe00,Germie Bernard,WR,PIT,BernGe00,,,,,replace-with-immutable-model-id,,,tb26-ppr-6pt-pass-td-minus2-int-2pt-sack-50fg-v1,candidate_only,74,103.1,109.1,,95.3,,,,,,,,,,,,,,,,,,,,,,,,,,,
fbg:KuppCo00,Cooper Kupp,WR,SEA,KuppCo00,,,,,replace-with-immutable-model-id,,,tb26-ppr-6pt-pass-td-minus2-int-2pt-sack-50fg-v1,candidate_only,97.9,143.8,125,,122.1,,,,,,,,,,,,,,,,,,,,,,,,,,,
fbg:KlarMa00,Max Klare,TE,LAR,KlarMa00,,,,,replace-with-immutable-model-id,,,tb26-ppr-6pt-pass-td-minus2-int-2pt-sack-50fg-v1,candidate_only,20.9,,20.5,,20.7,,,,,,,,,,,,,,,,,,,,,,,,,,,
fbg:TeSlIs00,Isaac TeSlaa,WR,DET,TeSlIs00,,,,,replace-with-immutable-model-id,,,tb26-ppr-6pt-pass-td-minus2-int-2pt-sack-50fg-v1,candidate_only,83.5,84.7,85,,84.4,,,,,,,,,,,,,,,,,,,,,,,,,,,
fbg:AlleBr01,Braelon Allen,RB,NYJ,AlleBr01,,,,,replace-with-immutable-model-id,,,tb26-ppr-6pt-pass-td-minus2-int-2pt-sack-50fg-v1,candidate_only,90,97.7,96.7,,94.8,,,,,,,,,,,,,,,,,,,,,,,,,,,
fbg:EvanMi01,Mitchell Evans,TE,CAR,EvanMi01,,,,,replace-with-immutable-model-id,,,tb26-ppr-6pt-pass-td-minus2-int-2pt-sack-50fg-v1,candidate_only,13.8,,21.1,,17.4,,,,,,,,,,,,,,,,,,,,,,,,,,,
fbg:TongJa00,Jake Tonges,TE,SF,TongJa00,,,,,replace-with-immutable-model-id,,,tb26-ppr-6pt-pass-td-minus2-int-2pt-sack-50fg-v1,candidate_only,40.5,,44.3,,42.4,,,,,,,,,,,,,,,,,,,,,,,,,,,
fbg:MoonDa00,Darnell Mooney,WR,NYG,MoonDa00,,,,,replace-with-immutable-model-id,,,tb26-ppr-6pt-pass-td-minus2-int-2pt-sack-50fg-v1,candidate_only,45.1,,71.8,,58.4,,,,,,,,,,,,,,,,,,,,,,,,,,,
cbs:2867325,Josh Palmer,WR,BUF,,2867325,,,,replace-with-immutable-model-id,,,tb26-ppr-6pt-pass-td-minus2-int-2pt-sack-50fg-v1,candidate_only,,99.4,,,99.4,,,,,,,,,Document the explicit fallback used,,,,,,,,,,,,,,,,,,
fbg:TrauAd00,Adam Trautman,TE,DEN,TrauAd00,,,,,replace-with-immutable-model-id,,,tb26-ppr-6pt-pass-td-minus2-int-2pt-sack-50fg-v1,candidate_only,33.8,,48,,40.9,,,,,,,,,,,,,,,,,,,,,,,,,,,
fbg:OlivJo00,Josh Oliver,TE,MIN,OlivJo00,,,,,replace-with-immutable-model-id,,,tb26-ppr-6pt-pass-td-minus2-int-2pt-sack-50fg-v1,candidate_only,37.6,,52.2,,44.9,,,,,,,,,,,,,,,,,,,,,,,,,,,
fbg:WickDo00,Dontayvion Wicks,WR,PHI,WickDo00,,,,,replace-with-immutable-model-id,,,tb26-ppr-6pt-pass-td-minus2-int-2pt-sack-50fg-v1,candidate_only,102.1,101.1,107.9,,103.7,,,,,,,,,,,,,,,,,,,,,,,,,,,
fbg:BellDa03,Daniel Bellinger,TE,TEN,BellDa03,,,,,replace-with-immutable-model-id,,,tb26-ppr-6pt-pass-td-minus2-int-2pt-sack-50fg-v1,candidate_only,20.9,,52.3,,36.5,,,,,,,,,,,,,,,,,,,,,,,,,,,
fbg:MitcAd00,Adonai Mitchell,WR,NYJ,MitcAd00,,,,,replace-with-immutable-model-id,,,tb26-ppr-6pt-pass-td-minus2-int-2pt-sack-50fg-v1,candidate_only,100.6,108.1,114.5,,107.7,,,,,,,,,,,,,,,,,,,,,,,,,,,
fbg:BigsTa00,Tank Bigsby,RB,PHI,BigsTa00,,,,,replace-with-immutable-model-id,,,tb26-ppr-6pt-pass-td-minus2-int-2pt-sack-50fg-v1,candidate_only,89,93.5,82.5,,88.3,,,,,,,,,,,,,,,,,,,,,,,,,,,
fbg:SampDr00,Drew Sample,TE,CIN,SampDr00,,,,,replace-with-immutable-model-id,,,tb26-ppr-6pt-pass-td-minus2-int-2pt-sack-50fg-v1,candidate_only,39.2,,38.9,,39.1,,,,,,,,,,,,,,,,,,,,,,,,,,,
fbg:TremTo00,Tommy Tremble,TE,CAR,TremTo00,,,,,replace-with-immutable-model-id,,,tb26-ppr-6pt-pass-td-minus2-int-2pt-sack-50fg-v1,candidate_only,43.6,,51.5,,47.5,,,,,,,,,,,,,,,,,,,,,,,,,,,
fbg:DelpOs00,Oscar Delp,TE,NO,DelpOs00,,,,,replace-with-immutable-model-id,,,tb26-ppr-6pt-pass-td-minus2-int-2pt-sack-50fg-v1,candidate_only,31.3,,23.1,,27.2,,,,,,,,,,,,,,,,,,,,,,,,,,,
fbg:DotsJa00,Jahan Dotson,WR,ATL,DotsJa00,,,,,replace-with-immutable-model-id,,,tb26-ppr-6pt-pass-td-minus2-int-2pt-sack-50fg-v1,candidate_only,84.6,,92.7,,88.6,,,,,,,,,,,,,,,,,,,,,,,,,,,
fbg:AiyuBr00,Brandon Aiyuk,WR,SF,AiyuBr00,,,,,replace-with-immutable-model-id,,,tb26-ppr-6pt-pass-td-minus2-int-2pt-sack-50fg-v1,candidate_only,33.8,,,,33.8,,,,,,,,,Document the explicit fallback used,,,,,,,,,,,,,,,,,,
fbg:DougCa00,Caleb Douglas,WR,MIA,DougCa00,,,,,replace-with-immutable-model-id,,,tb26-ppr-6pt-pass-td-minus2-int-2pt-sack-50fg-v1,candidate_only,128.5,110.3,105.1,,114.7,,,,,,,,,,,,,,,,,,,,,,,,,,,
fbg:IosiAn00,Andrei Iosivas,WR,CIN,IosiAn00,,,,,replace-with-immutable-model-id,,,tb26-ppr-6pt-pass-td-minus2-int-2pt-sack-50fg-v1,candidate_only,87,92.3,79.5,,86.2,,,,,,,,,,,,,,,,,,,,,,,,,,,
cbs:2969073,Kevin Austin Jr.,WR,NO,,2969073,,,,replace-with-immutable-model-id,,,tb26-ppr-6pt-pass-td-minus2-int-2pt-sack-50fg-v1,candidate_only,2.5,,,,2.5,,,,,,,,,Document the explicit fallback used,,,,,,,,,,,,,,,,,,
fbg:BrowDy00,Dyami Brown,WR,WAS,BrowDy00,,,,,replace-with-immutable-model-id,,,tb26-ppr-6pt-pass-td-minus2-int-2pt-sack-50fg-v1,candidate_only,29.1,,46.8,,37.9,,,,,,,,,,,,,,,,,,,,,,,,,,,
fbg:MusgLu00,Luke Musgrave,TE,GB,MusgLu00,,,,,replace-with-immutable-model-id,,,tb26-ppr-6pt-pass-td-minus2-int-2pt-sack-50fg-v1,candidate_only,30.1,,43.4,,36.7,,,,,,,,,,,,,,,,,,,,,,,,,,,
fbg:HiggEl00,Elijah Higgins,TE,ARI,HiggEl00,,,,,replace-with-immutable-model-id,,,tb26-ppr-6pt-pass-td-minus2-int-2pt-sack-50fg-v1,candidate_only,31.1,,45.8,,38.4,,,,,,,,,,,,,,,,,,,,,,,,,,,
cbs:1871322,Nick Vannett,TE,LAR,,1871322,,,,replace-with-immutable-model-id,,,tb26-ppr-6pt-pass-td-minus2-int-2pt-sack-50fg-v1,candidate_only,,,31.5,,31.5,,,,,,,,,Document the explicit fallback used,,,,,,,,,,,,,,,,,,
fbg:BryaPa00,Pat Bryant,WR,DEN,BryaPa00,,,,,replace-with-immutable-model-id,,,tb26-ppr-6pt-pass-td-minus2-int-2pt-sack-50fg-v1,candidate_only,104.8,,72.5,,88.7,,,,,,,,,,,,,,,,,,,,,,,,,,,
fbg:SinnBe00,Ben Sinnott,TE,WAS,SinnBe00,,,,,replace-with-immutable-model-id,,,tb26-ppr-6pt-pass-td-minus2-int-2pt-sack-50fg-v1,candidate_only,32.9,,30.9,,31.9,,,,,,,,,,,,,,,,,,,,,,,,,,,
fbg:HoopAu00,Austin Hooper,TE,ATL,HoopAu00,,,,,replace-with-immutable-model-id,,,tb26-ppr-6pt-pass-td-minus2-int-2pt-sack-50fg-v1,candidate_only,43.4,,52,,47.7,,,,,,,,,,,,,,,,,,,,,,,,,,,
cbs:2962073,Will Mallory,TE,IND,,2962073,,,,replace-with-immutable-model-id,,,tb26-ppr-6pt-pass-td-minus2-int-2pt-sack-50fg-v1,candidate_only,,,29.5,,29.5,,,,,,,,,Document the explicit fallback used,,,,,,,,,,,,,,,,,,
fbg:ThorTy00,Tyquan Thornton,WR,KC,ThorTy00,,,,,replace-with-immutable-model-id,,,tb26-ppr-6pt-pass-td-minus2-int-2pt-sack-50fg-v1,candidate_only,104.3,104.6,93,,100.6,,,,,,,,,,,,,,,,,,,,,,,,,,,
cbs:2818971,Anthony Firkser,TE,WAS,,2818971,,,,replace-with-immutable-model-id,,,tb26-ppr-6pt-pass-td-minus2-int-2pt-sack-50fg-v1,candidate_only,,28.4,,,28.4,,,,,,,,,Document the explicit fallback used,,,,,,,,,,,,,,,,,,
cbs:2870478,Travis Vokolek,TE,ARI,,2870478,,,,replace-with-immutable-model-id,,,tb26-ppr-6pt-pass-td-minus2-int-2pt-sack-50fg-v1,candidate_only,,28.4,,,28.4,,,,,,,,,Document the explicit fallback used,,,,,,,,,,,,,,,,,,
cbs:29164633,Dallen Bentley,TE,DEN,,29164633,,,,replace-with-immutable-model-id,,,tb26-ppr-6pt-pass-td-minus2-int-2pt-sack-50fg-v1,candidate_only,,,28.5,,28.5,,,,,,,,,Document the explicit fallback used,,,,,,,,,,,,,,,,,,
cbs:2965963,Teagan Quitoriano,TE,ARI,,2965963,,,,replace-with-immutable-model-id,,,tb26-ppr-6pt-pass-td-minus2-int-2pt-sack-50fg-v1,candidate_only,1.9,,28.9,,15.3,,,,,,,,,,,,,,,,,,,,,,,,,,,
cbs:3131519,Hayden Rucci,TE,SF,,3131519,,,,replace-with-immutable-model-id,,,tb26-ppr-6pt-pass-td-minus2-int-2pt-sack-50fg-v1,candidate_only,,,29.8,,29.8,,,,,,,,,Document the explicit fallback used,,,,,,,,,,,,,,,,,,
cbs:3165468,Rivaldo Fairweather,TE,ARI,,3165468,,,,replace-with-immutable-model-id,,,tb26-ppr-6pt-pass-td-minus2-int-2pt-sack-50fg-v1,candidate_only,,,28.9,,28.9,,,,,,,,,Document the explicit fallback used,,,,,,,,,,,,,,,,,,
fbg:BechJa00,Jack Bech,WR,LV,BechJa00,,,,,replace-with-immutable-model-id,,,tb26-ppr-6pt-pass-td-minus2-int-2pt-sack-50fg-v1,candidate_only,61.5,,65.8,,63.6,,,,,,,,,,,,,,,,,,,,,,,,,,,
fbg:VeleDe00,Devaughn Vele,WR,NO,VeleDe00,,,,,replace-with-immutable-model-id,,,tb26-ppr-6pt-pass-td-minus2-int-2pt-sack-50fg-v1,candidate_only,87.4,118.4,125.9,,110.4,,,,,,,,,,,,,,,,,,,,,,,,,,,
cbs:29148608,Cam Grandy,TE,CIN,,29148608,,,,replace-with-immutable-model-id,,,tb26-ppr-6pt-pass-td-minus2-int-2pt-sack-50fg-v1,candidate_only,,27.8,29,,28.4,,,,,,,,,,,,,,,,,,,,,,,,,,,
cbs:26695325,Zaire Mitchell-Paden,TE,NO,,26695325,,,,replace-with-immutable-model-id,,,tb26-ppr-6pt-pass-td-minus2-int-2pt-sack-50fg-v1,candidate_only,,,27.8,,27.8,,,,,,,,,Document the explicit fallback used,,,,,,,,,,,,,,,,,,
fbg:StevDr01,Drew Stevens,K,WAS,StevDr01,,,,,replace-with-immutable-model-id,,,tb26-ppr-6pt-pass-td-minus2-int-2pt-sack-50fg-v1,candidate_only,66,,,,66,,,,,,,,,Document the explicit fallback used,,,,,,,,,,,,,,,,,,
fbg:JohnTy00,Ty Johnson,RB,BUF,JohnTy00,,,,,replace-with-immutable-model-id,,,tb26-ppr-6pt-pass-td-minus2-int-2pt-sack-50fg-v1,candidate_only,60,86.4,94.2,,80.1,,,,,,,,,,,,,,,,,,,,,,,,,,,
fbg:RariEl00,Eli Raridon,TE,NE,RariEl00,,,,,replace-with-immutable-model-id,,,tb26-ppr-6pt-pass-td-minus2-int-2pt-sack-50fg-v1,candidate_only,27.4,,46.7,,37,,,,,,,,,,,,,,,,,,,,,,,,,,,
cbs:2961761,Lucas Krull,TE,DEN,,2961761,,,,replace-with-immutable-model-id,,,tb26-ppr-6pt-pass-td-minus2-int-2pt-sack-50fg-v1,candidate_only,,,13.4,,13.4,,,,,,,,,Document the explicit fallback used,,,,,,,,,,,,,,,,,,
fbg:MitcKe01,Keaton Mitchell,RB,LAC,MitcKe01,,,,,replace-with-immutable-model-id,,,tb26-ppr-6pt-pass-td-minus2-int-2pt-sack-50fg-v1,candidate_only,110.5,,84.4,,97.5,,,,,,,,,,,,,,,,,,,,,,,,,,,
fbg:PeriSa00,Samaje Perine,RB,CIN,PeriSa00,,,,,replace-with-immutable-model-id,,,tb26-ppr-6pt-pass-td-minus2-int-2pt-sack-50fg-v1,candidate_only,84,89.2,96.4,,89.8,,,,,,,,,,,,,,,,,,,,,,,,,,,
cbs:2260697,Tanner Conner,TE,NYG,,2260697,,,,replace-with-immutable-model-id,,,tb26-ppr-6pt-pass-td-minus2-int-2pt-sack-50fg-v1,candidate_only,,,27.3,,27.3,,,,,,,,,Document the explicit fallback used,,,,,,,,,,,,,,,,,,
fbg:YorkCa44,Cade York,K,NYJ,YorkCa44,,,,,replace-with-immutable-model-id,,,tb26-ppr-6pt-pass-td-minus2-int-2pt-sack-50fg-v1,candidate_only,6.9,,,,6.9,,,,,,,,,Document the explicit fallback used,,,,,,,,,,,,,,,,,,
fbg:WrigBr00,Brock Wright,TE,DET,WrigBr00,,,,,replace-with-immutable-model-id,,,tb26-ppr-6pt-pass-td-minus2-int-2pt-sack-50fg-v1,candidate_only,27.8,51.9,53.5,,44.3,,,,,,,,,,,,,,,,,,,,,,,,,,,
cbs:2183713,Donald Parham Jr.,TE,PIT,,2183713,,,,replace-with-immutable-model-id,,,tb26-ppr-6pt-pass-td-minus2-int-2pt-sack-50fg-v1,candidate_only,,24.8,,,24.8,,,,,,,,,Document the explicit fallback used,,,,,,,,,,,,,,,,,,
cbs:2253359,Ian Thomas,TE,LV,,2253359,,,,replace-with-immutable-model-id,,,tb26-ppr-6pt-pass-td-minus2-int-2pt-sack-50fg-v1,candidate_only,3.8,,8.6,,6.2,,,,,,,,,,,,,,,,,,,,,,,,,,,
cbs:28875704,Jaren Kanak,TE,TEN,,28875704,,,,replace-with-immutable-model-id,,,tb26-ppr-6pt-pass-td-minus2-int-2pt-sack-50fg-v1,candidate_only,,24.8,25.6,,25.2,,,,,,,,,,,,,,,,,,,,,,,,,,,
cbs:2963243,Zack Kuntz,TE,MIA,,2963243,,,,replace-with-immutable-model-id,,,tb26-ppr-6pt-pass-td-minus2-int-2pt-sack-50fg-v1,candidate_only,,,30.8,,30.8,,,,,,,,,Document the explicit fallback used,,,,,,,,,,,,,,,,,,
cbs:3169583,Jaheim Bell,TE,PIT,,3169583,,,,replace-with-immutable-model-id,,,tb26-ppr-6pt-pass-td-minus2-int-2pt-sack-50fg-v1,candidate_only,,,25.7,,25.7,,,,,,,,,Document the explicit fallback used,,,,,,,,,,,,,,,,,,
fbg:LegeXa00,Xavier Legette,WR,CAR,LegeXa00,,,,,replace-with-immutable-model-id,,,tb26-ppr-6pt-pass-td-minus2-int-2pt-sack-50fg-v1,candidate_only,78.9,,94.1,,86.5,,,,,,,,,,,,,,,,,,,,,,,,,,,
fbg:SmytDu00,Durham Smythe,TE,BAL,SmytDu00,,,,,replace-with-immutable-model-id,,,tb26-ppr-6pt-pass-td-minus2-int-2pt-sack-50fg-v1,candidate_only,28.8,,23.2,,26,,,,,,,,,,,,,,,,,,,,,,,,,,,
fbg:HuntTr00,Travis Hunter,WR,JAX,HuntTr00,,,,,replace-with-immutable-model-id,,,tb26-ppr-6pt-pass-td-minus2-int-2pt-sack-50fg-v1,candidate_only,82.4,,111.9,,97.1,,,,,,,,,,,,,,,,,,,,,,,,,,,
fbg:KolaCh00,Charlie Kolar,TE,LAC,KolaCh00,,,,,replace-with-immutable-model-id,,,tb26-ppr-6pt-pass-td-minus2-int-2pt-sack-50fg-v1,candidate_only,55.7,57.1,55,,55.9,,,,,,,,,,,,,,,,,,,,,,,,,,,
fbg:KleiMa00,Marlin Klein,TE,HOU,KleiMa00,,,,,replace-with-immutable-model-id,,,tb26-ppr-6pt-pass-td-minus2-int-2pt-sack-50fg-v1,candidate_only,31.8,,44.3,,38,,,,,,,,,,,,,,,,,,,,,,,,,,,
cbs:2167520,Chris Manhertz,TE,NYG,,2167520,,,,replace-with-immutable-model-id,,,tb26-ppr-6pt-pass-td-minus2-int-2pt-sack-50fg-v1,candidate_only,2.1,,4,,3,,,,,,,,,,,,,,,,,,,,,,,,,,,
cbs:2961855,Cole Turner,TE,MIA,,2961855,,,,replace-with-immutable-model-id,,,tb26-ppr-6pt-pass-td-minus2-int-2pt-sack-50fg-v1,candidate_only,,23.8,0,,11.8,,,,,,,,,,,,,,,,,,,,,,,,,,,
cbs:2975736,John FitzPatrick,TE,GB,,2975736,,,,replace-with-immutable-model-id,,,tb26-ppr-6pt-pass-td-minus2-int-2pt-sack-50fg-v1,candidate_only,,23.8,,,23.8,,,,,,,,,Document the explicit fallback used,,,,,,,,,,,,,,,,,,
cbs:3168310,Drake Dabney,TE,GB,,3168310,,,,replace-with-immutable-model-id,,,tb26-ppr-6pt-pass-td-minus2-int-2pt-sack-50fg-v1,candidate_only,,,25.5,,25.5,,,,,,,,,Document the explicit fallback used,,,,,,,,,,,,,,,,,,
fbg:AlieMo00,Mo Alie-Cox,TE,IND,AlieMo00,,,,,replace-with-immutable-model-id,,,tb26-ppr-6pt-pass-td-minus2-int-2pt-sack-50fg-v1,candidate_only,23.2,,27.3,,25.2,,,,,,,,,,,,,,,,,,,,,,,,,,,
cbs:29184228,Carter Runyon,TE,LV,,29184228,,,,replace-with-immutable-model-id,,,tb26-ppr-6pt-pass-td-minus2-int-2pt-sack-50fg-v1,candidate_only,,23.2,,,23.2,,,,,,,,,Document the explicit fallback used,,,,,,,,,,,,,,,,,,
fbg:WestNi00,Nick Westbrook-Ikhine,WR,IND,WestNi00,,,,,replace-with-immutable-model-id,,,tb26-ppr-6pt-pass-td-minus2-int-2pt-sack-50fg-v1,candidate_only,32.1,,17.2,,24.7,,,,,,,,,,,,,,,,,,,,,,,,,,,
fbg:MatsKa00,Kansei Matsuzawa,K,LV,MatsKa00,,,,,replace-with-immutable-model-id,,,tb26-ppr-6pt-pass-td-minus2-int-2pt-sack-50fg-v1,candidate_only,2,,,,2,,,,,,,,,Document the explicit fallback used,,,,,,,,,,,,,,,,,,
cbs:2239763,Ko Kieft,TE,TB,,2239763,,,,replace-with-immutable-model-id,,,tb26-ppr-6pt-pass-td-minus2-int-2pt-sack-50fg-v1,candidate_only,2,,9.1,,5.5,,,,,,,,,,,,,,,,,,,,,,,,,,,
cbs:26725942,Andrew Ogletree,TE,IND,,26725942,,,,replace-with-immutable-model-id,,,tb26-ppr-6pt-pass-td-minus2-int-2pt-sack-50fg-v1,candidate_only,,21.2,9,,15.1,,,,,,,,,,,,,,,,,,,,,,,,,,,
fbg:HavrLu44,Lucas Havrisik,K,FA,HavrLu44,,,,,replace-with-immutable-model-id,,,tb26-ppr-6pt-pass-td-minus2-int-2pt-sack-50fg-v1,candidate_only,1.5,,,,1.5,,,,,,,,,Document the explicit fallback used,,,,,,,,,,,,,,,,,,
fbg:ColeKE02,Kevin Coleman Jr.,WR,MIA,ColeKE02,,,,,replace-with-immutable-model-id,,,tb26-ppr-6pt-pass-td-minus2-int-2pt-sack-50fg-v1,candidate_only,60.7,,31.1,,46,,,,,,,,,,,,,,,,,,,,,,,,,,,
fbg:SchoLu00,Luke Schoonmaker,TE,DAL,SchoLu00,,,,,replace-with-immutable-model-id,,,tb26-ppr-6pt-pass-td-minus2-int-2pt-sack-50fg-v1,candidate_only,7.7,,31.4,,19.5,,,,,,,,,,,,,,,,,,,,,,,,,,,
fbg:KartJo00,Joshua Karty,K,FA,KartJo00,,,,,replace-with-immutable-model-id,,,tb26-ppr-6pt-pass-td-minus2-int-2pt-sack-50fg-v1,candidate_only,0.6,,,,0.6,,,,,,,,,Document the explicit fallback used,,,,,,,,,,,,,,,,,,
fbg:PratMa44,Matt Prater,K,FA,PratMa44,,,,,replace-with-immutable-model-id,,,tb26-ppr-6pt-pass-td-minus2-int-2pt-sack-50fg-v1,candidate_only,0.6,,,,0.6,,,,,,,,,Document the explicit fallback used,,,,,,,,,,,,,,,,,,
fbg:GanoGr44,Graham Gano,K,FA,GanoGr44,,,,,replace-with-immutable-model-id,,,tb26-ppr-6pt-pass-td-minus2-int-2pt-sack-50fg-v1,candidate_only,0.4,,,,0.4,,,,,,,,,Document the explicit fallback used,,,,,,,,,,,,,,,,,,
fbg:JohnEm00,Emmett Johnson,RB,KC,JohnEm00,,,,,replace-with-immutable-model-id,,,tb26-ppr-6pt-pass-td-minus2-int-2pt-sack-50fg-v1,candidate_only,55.6,,35.2,,45.5,,,,,,,,,,,,,,,,,,,,,,,,,,,
fbg:HibnMa00,Matt Hibner,TE,BAL,HibnMa00,,,,,replace-with-immutable-model-id,,,tb26-ppr-6pt-pass-td-minus2-int-2pt-sack-50fg-v1,candidate_only,15.4,,,,15.4,,,,,,,,,Document the explicit fallback used,,,,,,,,,,,,,,,,,,
fbg:ZaccOl00,Olamide Zaccheaus,WR,ATL,ZaccOl00,,,,,replace-with-immutable-model-id,,,tb26-ppr-6pt-pass-td-minus2-int-2pt-sack-50fg-v1,candidate_only,54.1,46.3,31.7,,44.1,,,,,,,,,,,,,,,,,,,,,,,,,,,
fbg:SimsBe00,Ben Sims,TE,MIA,SimsBe00,,,,,replace-with-immutable-model-id,,,tb26-ppr-6pt-pass-td-minus2-int-2pt-sack-50fg-v1,candidate_only,11.2,,45.2,,28.1,,,,,,,,,,,,,,,,,,,,,,,,,,,
fbg:TolbJa00,Jalen Tolbert,WR,MIA,TolbJa00,,,,,replace-with-immutable-model-id,,,tb26-ppr-6pt-pass-td-minus2-int-2pt-sack-50fg-v1,candidate_only,55.3,,83.9,,69.5,,,,,,,,,,,,,,,,,,,,,,,,,,,
fbg:BourKe00,Kendrick Bourne,WR,ARI,BourKe00,,,,,replace-with-immutable-model-id,,,tb26-ppr-6pt-pass-td-minus2-int-2pt-sack-50fg-v1,candidate_only,75.4,64.1,50.5,,63.4,,,,,,,,,,,,,,,,,,,,,,,,,,,
fbg:HillTy00,Tyreek Hill,WR,FA,HillTy00,,,,,replace-with-immutable-model-id,,,tb26-ppr-6pt-pass-td-minus2-int-2pt-sack-50fg-v1,candidate_only,31,,,,31,,,,,,,,,Document the explicit fallback used,,,,,,,,,,,,,,,,,,
fbg:NoelJa00,Jaylin Noel,WR,HOU,NoelJa00,,,,,replace-with-immutable-model-id,,,tb26-ppr-6pt-pass-td-minus2-int-2pt-sack-50fg-v1,candidate_only,64.6,97.1,106,,89.1,,,,,,,,,,,,,,,,,,,,,,,,,,,
fbg:BoerNa00,Nate Boerkircher,TE,JAX,BoerNa00,,,,,replace-with-immutable-model-id,,,tb26-ppr-6pt-pass-td-minus2-int-2pt-sack-50fg-v1,candidate_only,21.1,,37.4,,29.2,,,,,,,,,,,,,,,,,,,,,,,,,,,
cbs:3117113,Tom Kennedy,WR,DET,,3117113,,,,replace-with-immutable-model-id,,,tb26-ppr-6pt-pass-td-minus2-int-2pt-sack-50fg-v1,candidate_only,,71.4,,,71.4,,,,,,,,,Document the explicit fallback used,,,,,,,,,,,,,,,,,,
fbg:SpanBr00,Brevyn Spann-Ford,TE,DAL,SpanBr00,,,,,replace-with-immutable-model-id,,,tb26-ppr-6pt-pass-td-minus2-int-2pt-sack-50fg-v1,candidate_only,28,,18.7,,23.4,,,,,,,,,,,,,,,,,,,,,,,,,,,
fbg:DurhPa00,Payne Durham,TE,TB,DurhPa00,,,,,replace-with-immutable-model-id,,,tb26-ppr-6pt-pass-td-minus2-int-2pt-sack-50fg-v1,candidate_only,19,,17.7,,18.4,,,,,,,,,,,,,,,,,,,,,,,,,,,
fbg:StovCa00,Cade Stover,TE,HOU,StovCa00,,,,,replace-with-immutable-model-id,,,tb26-ppr-6pt-pass-td-minus2-int-2pt-sack-50fg-v1,candidate_only,7.3,,33.2,,20.2,,,,,,,,,,,,,,,,,,,,,,,,,,,
fbg:StolJa00,Jack Stoll,TE,CLE,StolJa00,,,,,replace-with-immutable-model-id,,,tb26-ppr-6pt-pass-td-minus2-int-2pt-sack-50fg-v1,candidate_only,8.2,,,,8.2,,,,,,,,,Document the explicit fallback used,,,,,,,,,,,,,,,,,,
fbg:BlueJa01,Jaydon Blue,RB,DAL,BlueJa01,,,,,replace-with-immutable-model-id,,,tb26-ppr-6pt-pass-td-minus2-int-2pt-sack-50fg-v1,candidate_only,56.5,,55,,55.8,,,,,,,,,,,,,,,,,,,,,,,,,,,
fbg:TagoTu00,Tua Tagovailoa,QB,ATL,TagoTu00,,,,,replace-with-immutable-model-id,,,tb26-ppr-6pt-pass-td-minus2-int-2pt-sack-50fg-v1,candidate_only,119.5,115.8,136.7,,124,,,,,,,,,,,,,,,,,,,,,,,,,,,
cbs:2787078,Jelani Woods,TE,NYJ,,2787078,,,,replace-with-immutable-model-id,,,tb26-ppr-6pt-pass-td-minus2-int-2pt-sack-50fg-v1,candidate_only,3,,,,3,,,,,,,,,Document the explicit fallback used,,,,,,,,,,,,,,,,,,
cbs:2964419,Blake Whiteheart,TE,CLE,,2964419,,,,replace-with-immutable-model-id,,,tb26-ppr-6pt-pass-td-minus2-int-2pt-sack-50fg-v1,candidate_only,5.2,,8,,6.6,,,,,,,,,,,,,,,,,,,,,,,,,,,
fbg:ColeKe01,Keon Coleman,WR,BUF,ColeKe01,,,,,replace-with-immutable-model-id,,,tb26-ppr-6pt-pass-td-minus2-int-2pt-sack-50fg-v1,candidate_only,74.9,,74.6,,74.8,,,,,,,,,,,,,,,,,,,,,,,,,,,
fbg:JolyJu00,Justin Joly,TE,DEN,JolyJu00,,,,,replace-with-immutable-model-id,,,tb26-ppr-6pt-pass-td-minus2-int-2pt-sack-50fg-v1,candidate_only,10.6,,9.6,,10.1,,,,,,,,,,,,,,,,,,,,,,,,,,,
fbg:WhylJo00,Josh Whyle,TE,GB,WhylJo00,,,,,replace-with-immutable-model-id,,,tb26-ppr-6pt-pass-td-minus2-int-2pt-sack-50fg-v1,candidate_only,18.6,,17,,17.8,,,,,,,,,,,,,,,,,,,,,,,,,,,
fbg:AtweTu00,Tutu Atwell,WR,MIA,AtweTu00,,,,,replace-with-immutable-model-id,,,tb26-ppr-6pt-pass-td-minus2-int-2pt-sack-50fg-v1,candidate_only,21.5,,55.6,,38.5,,,,,,,,,,,,,,,,,,,,,,,,,,,
fbg:HaweJa00,Jackson Hawes,TE,BUF,HaweJa00,,,,,replace-with-immutable-model-id,,,tb26-ppr-6pt-pass-td-minus2-int-2pt-sack-50fg-v1,candidate_only,15.2,,30.4,,22.8,,,,,,,,,,,,,,,,,,,,,,,,,,,
fbg:MoreFo00,Foster Moreau,TE,HOU,MoreFo00,,,,,replace-with-immutable-model-id,,,tb26-ppr-6pt-pass-td-minus2-int-2pt-sack-50fg-v1,candidate_only,20.7,,27.6,,24.1,,,,,,,,,,,,,,,,,,,,,,,,,,,
fbg:WalkDe01,Devontez Walker,WR,BAL,WalkDe01,,,,,replace-with-immutable-model-id,,,tb26-ppr-6pt-pass-td-minus2-int-2pt-sack-50fg-v1,candidate_only,49.4,,61.8,,55.6,,,,,,,,,,,,,,,,,,,,,,,,,,,
fbg:LloyMa00,MarShawn Lloyd,RB,GB,LloyMa00,,,,,replace-with-immutable-model-id,,,tb26-ppr-6pt-pass-td-minus2-int-2pt-sack-50fg-v1,candidate_only,86.8,121.7,104.8,,104.3,,,,,,,,,,,,,,,,,,,,,,,,,,,
fbg:RuckJe00,Jeremy Ruckert,TE,NYJ,RuckJe00,,,,,replace-with-immutable-model-id,,,tb26-ppr-6pt-pass-td-minus2-int-2pt-sack-50fg-v1,candidate_only,10.4,,42.1,,26.2,,,,,,,,,,,,,,,,,,,,,,,,,,,
fbg:RousSa00,Sam Roush,TE,CHI,RousSa00,,,,,replace-with-immutable-model-id,,,tb26-ppr-6pt-pass-td-minus2-int-2pt-sack-50fg-v1,candidate_only,13.9,,17.6,,15.7,,,,,,,,,,,,,,,,,,,,,,,,,,,
fbg:KacmWi00,Will Kacmarek,TE,MIA,KacmWi00,,,,,replace-with-immutable-model-id,,,tb26-ppr-6pt-pass-td-minus2-int-2pt-sack-50fg-v1,candidate_only,18.5,,61.9,,40.1,,,,,,,,,,,,,,,,,,,,,,,,,,,
fbg:FarrLu00,Luke Farrell,TE,SF,FarrLu00,,,,,replace-with-immutable-model-id,,,tb26-ppr-6pt-pass-td-minus2-int-2pt-sack-50fg-v1,candidate_only,12.5,,9.6,,11.1,,,,,,,,,,,,,,,,,,,,,,,,,,,
fbg:BrooCh01,Chris Brooks,RB,GB,BrooCh01,,,,,replace-with-immutable-model-id,,,tb26-ppr-6pt-pass-td-minus2-int-2pt-sack-50fg-v1,candidate_only,51.3,,41.9,,46.6,,,,,,,,,,,,,,,,,,,,,,,,,,,
fbg:DaviRa02,Ray Davis,RB,BUF,DaviRa02,,,,,replace-with-immutable-model-id,,,tb26-ppr-6pt-pass-td-minus2-int-2pt-sack-50fg-v1,candidate_only,69.4,,36.2,,52.9,,,,,,,,,,,,,,,,,,,,,,,,,,,
fbg:WashMi00,Mike Washington Jr.,RB,LV,WashMi00,,,,,replace-with-immutable-model-id,,,tb26-ppr-6pt-pass-td-minus2-int-2pt-sack-50fg-v1,candidate_only,97,134.2,100.6,,110.5,,,,,,,,,,,,,,,,,,,,,,,,,,,
fbg:SaubEr00,Eric Saubert,TE,SEA,SaubEr00,,,,,replace-with-immutable-model-id,,,tb26-ppr-6pt-pass-td-minus2-int-2pt-sack-50fg-v1,candidate_only,7,,8.6,,7.8,,,,,,,,,,,,,,,,,,,,,,,,,,,
fbg:ConkTy00,Tyler Conklin,TE,DET,ConkTy00,,,,,replace-with-immutable-model-id,,,tb26-ppr-6pt-pass-td-minus2-int-2pt-sack-50fg-v1,candidate_only,15.9,,9.3,,12.6,,,,,,,,,,,,,,,,,,,,,,,,,,,
fbg:HolaGe01,George Holani,RB,SEA,HolaGe01,,,,,replace-with-immutable-model-id,,,tb26-ppr-6pt-pass-td-minus2-int-2pt-sack-50fg-v1,candidate_only,63.2,,41,,52.2,,,,,,,,,,,,,,,,,,,,,,,,,,,
fbg:BateJo00,John Bates,TE,WAS,BateJo00,,,,,replace-with-immutable-model-id,,,tb26-ppr-6pt-pass-td-minus2-int-2pt-sack-50fg-v1,candidate_only,6.5,,42.5,,24.4,,,,,,,,,,,,,,,,,,,,,,,,,,,
cbs:2864800,Stone Smartt,TE,PHI,,2864800,,,,replace-with-immutable-model-id,,,tb26-ppr-6pt-pass-td-minus2-int-2pt-sack-50fg-v1,candidate_only,,10.5,,,10.5,,,,,,,,,Document the explicit fallback used,,,,,,,,,,,,,,,,,,
fbg:WoerCh00,Charlie Woerner,TE,ATL,WoerCh00,,,,,replace-with-immutable-model-id,,,tb26-ppr-6pt-pass-td-minus2-int-2pt-sack-50fg-v1,candidate_only,10.5,,28.5,,19.4,,,,,,,,,,,,,,,,,,,,,,,,,,,
fbg:AdkiNa00,Nate Adkins,TE,DEN,AdkiNa00,,,,,replace-with-immutable-model-id,,,tb26-ppr-6pt-pass-td-minus2-int-2pt-sack-50fg-v1,candidate_only,6,,31.5,,18.7,,,,,,,,,,,,,,,,,,,,,,,,,,,
fbg:SlayDa00,Darius Slayton,WR,NYG,SlayDa00,,,,,replace-with-immutable-model-id,,,tb26-ppr-6pt-pass-td-minus2-int-2pt-sack-50fg-v1,candidate_only,68.6,106.1,99.9,,91.4,,,,,,,,,,,,,,,,,,,,,,,,,,,
fbg:FranTr00,Troy Franklin,WR,DEN,FranTr00,,,,,replace-with-immutable-model-id,,,tb26-ppr-6pt-pass-td-minus2-int-2pt-sack-50fg-v1,candidate_only,57.6,140.4,100.1,,99.1,,,,,,,,,,,,,,,,,,,,,,,,,,,
cbs:2866424,Tylan Wallace,WR,CLE,,2866424,,,,replace-with-immutable-model-id,,,tb26-ppr-6pt-pass-td-minus2-int-2pt-sack-50fg-v1,candidate_only,3.5,,,,3.5,,,,,,,,,Document the explicit fallback used,,,,,,,,,,,,,,,,,,
fbg:ReimTi00,Tip Reiman,TE,ARI,ReimTi00,,,,,replace-with-immutable-model-id,,,tb26-ppr-6pt-pass-td-minus2-int-2pt-sack-50fg-v1,candidate_only,5.9,,8.4,,7.1,,,,,,,,,,,,,,,,,,,,,,,,,,,
fbg:WillAn02,Antonio Williams,WR,WAS,WillAn02,,,,,replace-with-immutable-model-id,,,tb26-ppr-6pt-pass-td-minus2-int-2pt-sack-50fg-v1,candidate_only,17.3,112.4,103.8,,77.5,,,,,,,,,,,,,,,,,,,,,,,,,,,
fbg:WileJa00,Jared Wiley,TE,KC,WileJa00,,,,,replace-with-immutable-model-id,,,tb26-ppr-6pt-pass-td-minus2-int-2pt-sack-50fg-v1,candidate_only,8.2,,,,8.2,,,,,,,,,Document the explicit fallback used,,,,,,,,,,,,,,,,,,
cbs:26688308,Shane Zylstra,TE,BUF,,26688308,,,,replace-with-immutable-model-id,,,tb26-ppr-6pt-pass-td-minus2-int-2pt-sack-50fg-v1,candidate_only,,8.9,,,8.9,,,,,,,,,Document the explicit fallback used,,,,,,,,,,,,,,,,,,
fbg:AlleDa01,Davis Allen,TE,LAR,AlleDa01,,,,,replace-with-immutable-model-id,,,tb26-ppr-6pt-pass-td-minus2-int-2pt-sack-50fg-v1,candidate_only,15.6,,44,,29.7,,,,,,,,,,,,,,,,,,,,,,,,,,,
fbg:HudsTa00,Tanner Hudson,TE,CIN,HudsTa00,,,,,replace-with-immutable-model-id,,,tb26-ppr-6pt-pass-td-minus2-int-2pt-sack-50fg-v1,candidate_only,6.5,,29.3,,17.8,,,,,,,,,,,,,,,,,,,,,,,,,,,
fbg:GalbJJ00,JJ Galbreath,TE,PIT,GalbJJ00,,,,,replace-with-immutable-model-id,,,tb26-ppr-6pt-pass-td-minus2-int-2pt-sack-50fg-v1,candidate_only,2.6,,,,2.6,,,,,,,,,Document the explicit fallback used,,,,,,,,,,,,,,,,,,
fbg:BateBr00,Brenden Bates,TE,CLE,BateBr00,,,,,replace-with-immutable-model-id,,,tb26-ppr-6pt-pass-td-minus2-int-2pt-sack-50fg-v1,candidate_only,4.7,,,,4.7,,,,,,,,,Document the explicit fallback used,,,,,,,,,,,,,,,,,,
fbg:CalcGr00,Grant Calcaterra,TE,PHI,CalcGr00,,,,,replace-with-immutable-model-id,,,tb26-ppr-6pt-pass-td-minus2-int-2pt-sack-50fg-v1,candidate_only,4.7,,28.5,,16.5,,,,,,,,,,,,,,,,,,,,,,,,,,,
fbg:JameJo02,Jordan James,RB,SF,JameJo02,,,,,replace-with-immutable-model-id,,,tb26-ppr-6pt-pass-td-minus2-int-2pt-sack-50fg-v1,candidate_only,43,115.4,75.8,,77.8,,,,,,,,,,,,,,,,,,,,,,,,,,,
fbg:KoziTa00,Tanner Koziol,TE,JAX,KoziTa00,,,,,replace-with-immutable-model-id,,,tb26-ppr-6pt-pass-td-minus2-int-2pt-sack-50fg-v1,candidate_only,8.5,,18,,13.2,,,,,,,,,,,,,,,,,,,,,,,,,,,
cbs:3162481,Mitchell Tinsley,WR,CIN,,3162481,,,,replace-with-immutable-model-id,,,tb26-ppr-6pt-pass-td-minus2-int-2pt-sack-50fg-v1,candidate_only,,61.5,,,61.5,,,,,,,,,Document the explicit fallback used,,,,,,,,,,,,,,,,,,
fbg:YuroBe00,Ben Yurosek,TE,MIN,YuroBe00,,,,,replace-with-immutable-model-id,,,tb26-ppr-6pt-pass-td-minus2-int-2pt-sack-50fg-v1,candidate_only,7.1,,,,7.1,,,,,,,,,Document the explicit fallback used,,,,,,,,,,,,,,,,,,
fbg:AlleLe01,LeQuint Allen Jr.,RB,JAX,AlleLe01,,,,,replace-with-immutable-model-id,,,tb26-ppr-6pt-pass-td-minus2-int-2pt-sack-50fg-v1,candidate_only,58.2,,43.6,,50.9,,,,,,,,,,,,,,,,,,,,,,,,,,,
fbg:CulpDe00,Devin Culp,TE,TB,CulpDe00,,,,,replace-with-immutable-model-id,,,tb26-ppr-6pt-pass-td-minus2-int-2pt-sack-50fg-v1,candidate_only,4.5,,17.4,,10.9,,,,,,,,,,,,,,,,,,,,,,,,,,,
fbg:MorrQu00,Quintin Morris,TE,JAX,MorrQu00,,,,,replace-with-immutable-model-id,,,tb26-ppr-6pt-pass-td-minus2-int-2pt-sack-50fg-v1,candidate_only,4.6,,,,4.6,,,,,,,,,Document the explicit fallback used,,,,,,,,,,,,,,,,,,
fbg:BartGa00,Gavin Bartholomew,TE,MIN,BartGa00,,,,,replace-with-immutable-model-id,,,tb26-ppr-6pt-pass-td-minus2-int-2pt-sack-50fg-v1,candidate_only,6.4,,,,6.4,,,,,,,,,Document the explicit fallback used,,,,,,,,,,,,,,,,,,
fbg:VidaKi00,Kimani Vidal,RB,LAC,VidaKi00,,,,,replace-with-immutable-model-id,,,tb26-ppr-6pt-pass-td-minus2-int-2pt-sack-50fg-v1,candidate_only,44.3,53.8,59.3,,52.4,,,,,,,,,,,,,,,,,,,,,,,,,,,
fbg:MimsMa00,Marvin Mims Jr.,WR,DEN,MimsMa00,,,,,replace-with-immutable-model-id,,,tb26-ppr-6pt-pass-td-minus2-int-2pt-sack-50fg-v1,candidate_only,56.7,,66.5,,61.6,,,,,,,,,,,,,,,,,,,,,,,,,,,
cbs:2961827,Colson Yankoff,TE,WAS,,2961827,,,,replace-with-immutable-model-id,,,tb26-ppr-6pt-pass-td-minus2-int-2pt-sack-50fg-v1,candidate_only,4.4,,,,4.4,,,,,,,,,Document the explicit fallback used,,,,,,,,,,,,,,,,,,
fbg:WrigJa04,Jaylen Wright,RB,MIA,WrigJa04,,,,,replace-with-immutable-model-id,,,tb26-ppr-6pt-pass-td-minus2-int-2pt-sack-50fg-v1,candidate_only,50.7,,50.5,,50.6,,,,,,,,,,,,,,,,,,,,,,,,,,,
fbg:FidoTh00,Thomas Fidone II,TE,NYG,FidoTh00,,,,,replace-with-immutable-model-id,,,tb26-ppr-6pt-pass-td-minus2-int-2pt-sack-50fg-v1,candidate_only,2.3,,26.1,,14.1,,,,,,,,,,,,,,,,,,,,,,,,,,,
fbg:McKeSe00,Sean McKeon,TE,IND,McKeSe00,,,,,replace-with-immutable-model-id,,,tb26-ppr-6pt-pass-td-minus2-int-2pt-sack-50fg-v1,candidate_only,2.9,,,,2.9,,,,,,,,,Document the explicit fallback used,,,,,,,,,,,,,,,,,,
fbg:BlacKa00,Kaelon Black,RB,SF,BlacKa00,,,,,replace-with-immutable-model-id,,,tb26-ppr-6pt-pass-td-minus2-int-2pt-sack-50fg-v1,candidate_only,54.9,93.1,88.8,,78.8,,,,,,,,,,,,,,,,,,,,,,,,,,,
fbg:TurpKa00,KaVontae Turpin,WR,DAL,TurpKa00,,,,,replace-with-immutable-model-id,,,tb26-ppr-6pt-pass-td-minus2-int-2pt-sack-50fg-v1,candidate_only,67.2,65.9,63.2,,65.4,,,,,,,,,,,,,,,,,,,,,,,,,,,
cbs:2964293,Jack Westover,TE,NE,,2964293,,,,replace-with-immutable-model-id,,,tb26-ppr-6pt-pass-td-minus2-int-2pt-sack-50fg-v1,candidate_only,,4.4,,,4.4,,,,,,,,,Document the explicit fallback used,,,,,,,,,,,,,,,,,,
fbg:RoyeJo00,Joe Royer,TE,CLE,RoyeJo00,,,,,replace-with-immutable-model-id,,,tb26-ppr-6pt-pass-td-minus2-int-2pt-sack-50fg-v1,candidate_only,1.7,,16,,8.8,,,,,,,,,,,,,,,,,,,,,,,,,,,
cbs:3165078,Jalen Brooks,WR,ARI,,3165078,,,,replace-with-immutable-model-id,,,tb26-ppr-6pt-pass-td-minus2-int-2pt-sack-50fg-v1,candidate_only,6,,,,6,,,,,,,,,Document the explicit fallback used,,,,,,,,,,,,,,,,,,
cbs:26727130,Max Bredeson,TE,MIN,,26727130,,,,replace-with-immutable-model-id,,,tb26-ppr-6pt-pass-td-minus2-int-2pt-sack-50fg-v1,candidate_only,,4,,,4,,,,,,,,,Document the explicit fallback used,,,,,,,,,,,,,,,,,,
fbg:GranKy00,Kylen Granson,TE,TEN,GranKy00,,,,,replace-with-immutable-model-id,,,tb26-ppr-6pt-pass-td-minus2-int-2pt-sack-50fg-v1,candidate_only,17,,,,17,,,,,,,,,Document the explicit fallback used,,,,,,,,,,,,,,,,,,
fbg:TraoSe00,Seydou Traore,TE,MIA,TraoSe00,,,,,replace-with-immutable-model-id,,,tb26-ppr-6pt-pass-td-minus2-int-2pt-sack-50fg-v1,candidate_only,6.2,,,,6.2,,,,,,,,,Document the explicit fallback used,,,,,,,,,,,,,,,,,,
fbg:EndrJa00,Jack Endries,TE,CIN,EndrJa00,,,,,replace-with-immutable-model-id,,,tb26-ppr-6pt-pass-td-minus2-int-2pt-sack-50fg-v1,candidate_only,3.5,,31.3,,17.3,,,,,,,,,,,,,,,,,,,,,,,,,,,
fbg:BellCh01,Chris Bell,WR,MIA,BellCh01,,,,,replace-with-immutable-model-id,,,tb26-ppr-6pt-pass-td-minus2-int-2pt-sack-50fg-v1,candidate_only,79.7,120.1,99.7,,99.7,,,,,,,,,,,,,,,,,,,,,,,,,,,
cbs:3175781,Riley Nowakowski,TE,PIT,,3175781,,,,replace-with-immutable-model-id,,,tb26-ppr-6pt-pass-td-minus2-int-2pt-sack-50fg-v1,candidate_only,4.9,,,,4.9,,,,,,,,,Document the explicit fallback used,,,,,,,,,,,,,,,,,,
fbg:CuevJo00,Josh Cuevas,TE,BAL,CuevJo00,,,,,replace-with-immutable-model-id,,,tb26-ppr-6pt-pass-td-minus2-int-2pt-sack-50fg-v1,candidate_only,4.4,,8.7,,6.5,,,,,,,,,,,,,,,,,,,,,,,,,,,
fbg:MundJo00,Johnny Mundt,TE,PHI,MundJo00,,,,,replace-with-immutable-model-id,,,tb26-ppr-6pt-pass-td-minus2-int-2pt-sack-50fg-v1,candidate_only,18.5,,8.2,,13.4,,,,,,,,,,,,,,,,,,,,,,,,,,,
fbg:ArkiTa00,Tanner Arkin,TE,NE,ArkiTa00,,,,,replace-with-immutable-model-id,,,tb26-ppr-6pt-pass-td-minus2-int-2pt-sack-50fg-v1,candidate_only,5,,,,5,,,,,,,,,Document the explicit fallback used,,,,,,,,,,,,,,,,,,
fbg:KirkCh00,Christian Kirk,WR,SF,KirkCh00,,,,,replace-with-immutable-model-id,,,tb26-ppr-6pt-pass-td-minus2-int-2pt-sack-50fg-v1,candidate_only,36.8,134.3,84.9,,85,,,,,,,,,,,,,,,,,,,,,,,,,,,
cbs:2221829,Feleipe Franks,TE,CAR,,2221829,,,,replace-with-immutable-model-id,,,tb26-ppr-6pt-pass-td-minus2-int-2pt-sack-50fg-v1,candidate_only,0.7,,,,0.7,,,,,,,,,Document the explicit fallback used,,,,,,,,,,,,,,,,,,
fbg:DaviMa02,Malik Davis,RB,DAL,DaviMa02,,,,,replace-with-immutable-model-id,,,tb26-ppr-6pt-pass-td-minus2-int-2pt-sack-50fg-v1,candidate_only,50.8,68.1,60.7,,59.8,,,,,,,,,,,,,,,,,,,,,,,,,,,
fbg:LongHu00,Hunter Long,TE,JAX,LongHu00,,,,,replace-with-immutable-model-id,,,tb26-ppr-6pt-pass-td-minus2-int-2pt-sack-50fg-v1,candidate_only,2.3,,15.5,,8.9,,,,,,,,,,,,,,,,,,,,,,,,,,,
cbs:2741208,Tyrell Shavers,WR,BUF,,2741208,,,,replace-with-immutable-model-id,,,tb26-ppr-6pt-pass-td-minus2-int-2pt-sack-50fg-v1,candidate_only,1.1,,11,,6,,,,,,,,,,,,,,,,,,,,,,,,,,,
fbg:SharBa00,Bauer Sharp,TE,TB,SharBa00,,,,,replace-with-immutable-model-id,,,tb26-ppr-6pt-pass-td-minus2-int-2pt-sack-50fg-v1,candidate_only,1.2,,28.3,,14.7,,,,,,,,,,,,,,,,,,,,,,,,,,,
fbg:GiddDJ00,DJ Giddens,RB,IND,GiddDJ00,,,,,replace-with-immutable-model-id,,,tb26-ppr-6pt-pass-td-minus2-int-2pt-sack-50fg-v1,candidate_only,23.8,,35.7,,29.7,,,,,,,,,,,,,,,,,,,,,,,,,,,
fbg:BranZa00,Zachariah Branch,WR,ATL,BranZa00,,,,,replace-with-immutable-model-id,,,tb26-ppr-6pt-pass-td-minus2-int-2pt-sack-50fg-v1,candidate_only,66.5,,80.4,,73.4,,,,,,,,,,,,,,,,,,,,,,,,,,,
fbg:ColeJo00,Jonah Coleman,RB,DEN,ColeJo00,,,,,replace-with-immutable-model-id,,,tb26-ppr-6pt-pass-td-minus2-int-2pt-sack-50fg-v1,candidate_only,83.1,,49.6,,66.4,,,,,,,,,,,,,,,,,,,,,,,,,,,
fbg:DougDe00,DeMario Douglas,WR,NE,DougDe00,,,,,replace-with-immutable-model-id,,,tb26-ppr-6pt-pass-td-minus2-int-2pt-sack-50fg-v1,candidate_only,117.5,,81.3,,99.5,,,,,,,,,,,,,,,,,,,,,,,,,,,
fbg:HortTo00,Tory Horton,WR,SEA,HortTo00,,,,,replace-with-immutable-model-id,,,tb26-ppr-6pt-pass-td-minus2-int-2pt-sack-50fg-v1,candidate_only,50.4,120.6,97.8,,89.3,,,,,,,,,,,,,,,,,,,,,,,,,,,
fbg:HursTe00,Ted Hurst,WR,TB,HursTe00,,,,,replace-with-immutable-model-id,,,tb26-ppr-6pt-pass-td-minus2-int-2pt-sack-50fg-v1,candidate_only,68.8,79.2,82.9,,76.9,,,,,,,,,,,,,,,,,,,,,,,,,,,
fbg:JeffVa00,Van Jefferson,WR,WAS,JeffVa00,,,,,replace-with-immutable-model-id,,,tb26-ppr-6pt-pass-td-minus2-int-2pt-sack-50fg-v1,candidate_only,2.9,,,,2.9,,,,,,,,,Document the explicit fallback used,,,,,,,,,,,,,,,,,,
fbg:LaneJa01,Ja'Kobi Lane,WR,BAL,LaneJa01,,,,,replace-with-immutable-model-id,,,tb26-ppr-6pt-pass-td-minus2-int-2pt-sack-50fg-v1,candidate_only,89.8,141.2,125.4,,118.6,,,,,,,,,,,,,,,,,,,,,,,,,,,
fbg:JuszKy00,Kyle Juszczyk,RB,SF,JuszKy00,,,,,replace-with-immutable-model-id,,,tb26-ppr-6pt-pass-td-minus2-int-2pt-sack-50fg-v1,candidate_only,38.6,,54.9,,46.7,,,,,,,,,,,,,,,,,,,,,,,,,,,
fbg:WilsEm00,Emanuel Wilson,RB,SEA,WilsEm00,,,,,replace-with-immutable-model-id,,,tb26-ppr-6pt-pass-td-minus2-int-2pt-sack-50fg-v1,candidate_only,18,54,51.2,,40.9,,,,,,,,,,,,,,,,,,,,,,,,,,,
fbg:DaviIs00,Isaiah Davis,RB,NYJ,DaviIs00,,,,,replace-with-immutable-model-id,,,tb26-ppr-6pt-pass-td-minus2-int-2pt-sack-50fg-v1,candidate_only,45.2,,43.4,,44.3,,,,,,,,,,,,,,,,,,,,,,,,,,,
cbs:2867472,Ty Chandler,RB,NO,,2867472,,,,replace-with-immutable-model-id,,,tb26-ppr-6pt-pass-td-minus2-int-2pt-sack-50fg-v1,candidate_only,,,37.6,,37.6,,,,,,,,,Document the explicit fallback used,,,,,,,,,,,,,,,,,,
fbg:PalmJo01,Joshua Palmer,WR,BUF,PalmJo01,,,,,replace-with-immutable-model-id,,,tb26-ppr-6pt-pass-td-minus2-int-2pt-sack-50fg-v1,candidate_only,58.3,,69.5,,63.9,,,,,,,,,,,,,,,,,,,,,,,,,,,
fbg:BrooTa00,Tahj Brooks,RB,CIN,BrooTa00,,,,,replace-with-immutable-model-id,,,tb26-ppr-6pt-pass-td-minus2-int-2pt-sack-50fg-v1,candidate_only,19.8,,18,,18.9,,,,,,,,,,,,,,,,,,,,,,,,,,,
fbg:RandAd00,Adam Randall,RB,BAL,RandAd00,,,,,replace-with-immutable-model-id,,,tb26-ppr-6pt-pass-td-minus2-int-2pt-sack-50fg-v1,candidate_only,34.1,79.2,67.3,,60,,,,,,,,,,,,,,,,,,,,,,,,,,,
cbs:3172189,Frank Gore Jr.,RB,BUF,,3172189,,,,replace-with-immutable-model-id,,,tb26-ppr-6pt-pass-td-minus2-int-2pt-sack-50fg-v1,candidate_only,1.9,,35.1,,18.4,,,,,,,,,,,,,,,,,,,,,,,,,,,
cbs:26694592,Beaux Collins,WR,NYG,,26694592,,,,replace-with-immutable-model-id,,,tb26-ppr-6pt-pass-td-minus2-int-2pt-sack-50fg-v1,candidate_only,,0,,,0,,,,,,,,,Document the explicit fallback used,,,,,,,,,,,,,,,,,,
fbg:ClaiDe00,Demond Claiborne,RB,MIN,ClaiDe00,,,,,replace-with-immutable-model-id,,,tb26-ppr-6pt-pass-td-minus2-int-2pt-sack-50fg-v1,candidate_only,28.2,,20.2,,24.2,,,,,,,,,,,,,,,,,,,,,,,,,,,
fbg:SingNi00,Nicholas Singleton,RB,TEN,SingNi00,,,,,replace-with-immutable-model-id,,,tb26-ppr-6pt-pass-td-minus2-int-2pt-sack-50fg-v1,candidate_only,43.5,,20.3,,32,,,,,,,,,,,,,,,,,,,,,,,,,,,
fbg:SmitBr00,Brashard Smith,RB,KC,SmitBr00,,,,,replace-with-immutable-model-id,,,tb26-ppr-6pt-pass-td-minus2-int-2pt-sack-50fg-v1,candidate_only,30.4,,32.6,,31.5,,,,,,,,,,,,,,,,,,,,,,,,,,,
fbg:MumpKo00,Konata Mumpfield,WR,LAR,MumpKo00,,,,,replace-with-immutable-model-id,,,tb26-ppr-6pt-pass-td-minus2-int-2pt-sack-50fg-v1,candidate_only,43.3,,29,,36.2,,,,,,,,,,,,,,,,,,,,,,,,,,,
fbg:EtieTr01,Trevor Etienne,RB,CAR,EtieTr01,,,,,replace-with-immutable-model-id,,,tb26-ppr-6pt-pass-td-minus2-int-2pt-sack-50fg-v1,candidate_only,30.7,,14.5,,22.6,,,,,,,,,,,,,,,,,,,,,,,,,,,
fbg:FordJe00,Jerome Ford,RB,WAS,FordJe00,,,,,replace-with-immutable-model-id,,,tb26-ppr-6pt-pass-td-minus2-int-2pt-sack-50fg-v1,candidate_only,3.1,,38,,20.5,,,,,,,,,,,,,,,,,,,,,,,,,,,
cbs:2820090,Austin Ekeler,RB,WAS,,2820090,,,,replace-with-immutable-model-id,,,tb26-ppr-6pt-pass-td-minus2-int-2pt-sack-50fg-v1,candidate_only,,31.2,,,31.2,,,,,,,,,Document the explicit fallback used,,,,,,,,,,,,,,,,,,
cbs:2246849,Devin Duvernay,WR,ARI,,2246849,,,,replace-with-immutable-model-id,,,tb26-ppr-6pt-pass-td-minus2-int-2pt-sack-50fg-v1,candidate_only,3.9,,,,3.9,,,,,,,,,Document the explicit fallback used,,,,,,,,,,,,,,,,,,
fbg:TillCe00,Cedric Tillman,WR,CLE,TillCe00,,,,,replace-with-immutable-model-id,,,tb26-ppr-6pt-pass-td-minus2-int-2pt-sack-50fg-v1,candidate_only,16.1,,,,16.1,,,,,,,,,Document the explicit fallback used,,,,,,,,,,,,,,,,,,
fbg:SingDe00,Devin Singletary,RB,NYG,SingDe00,,,,,replace-with-immutable-model-id,,,tb26-ppr-6pt-pass-td-minus2-int-2pt-sack-50fg-v1,candidate_only,32.9,,,,32.9,,,,,,,,,Document the explicit fallback used,,,,,,,,,,,,,,,,,,
fbg:MillKe00,Kendre Miller,RB,NO,MillKe00,,,,,replace-with-immutable-model-id,,,tb26-ppr-6pt-pass-td-minus2-int-2pt-sack-50fg-v1,candidate_only,27.4,,22.7,,25.1,,,,,,,,,,,,,,,,,,,,,,,,,,,
fbg:BellSk00,Skyler Bell,WR,BUF,BellSk00,,,,,replace-with-immutable-model-id,,,tb26-ppr-6pt-pass-td-minus2-int-2pt-sack-50fg-v1,candidate_only,32.8,,28.3,,30.6,,,,,,,,,,,,,,,,,,,,,,,,,,,
fbg:McCaLu00,Luke McCaffrey,WR,WAS,McCaLu00,,,,,replace-with-immutable-model-id,,,tb26-ppr-6pt-pass-td-minus2-int-2pt-sack-50fg-v1,candidate_only,53.2,55.9,50.3,,53.1,,,,,,,,,,,,,,,,,,,,,,,,,,,
fbg:JohnTe01,Tez Johnson,WR,TB,JohnTe01,,,,,replace-with-immutable-model-id,,,tb26-ppr-6pt-pass-td-minus2-int-2pt-sack-50fg-v1,candidate_only,34,,21.4,,27.7,,,,,,,,,,,,,,,,,,,,,,,,,,,
fbg:GordOl00,Ollie Gordon II,RB,MIA,GordOl00,,,,,replace-with-immutable-model-id,,,tb26-ppr-6pt-pass-td-minus2-int-2pt-sack-50fg-v1,candidate_only,32.4,,34.4,,33.4,,,,,,,,,,,,,,,,,,,,,,,,,,,
fbg:LuepHu01,Hunter Luepke,RB,DAL,LuepHu01,,,,,replace-with-immutable-model-id,,,tb26-ppr-6pt-pass-td-minus2-int-2pt-sack-50fg-v1,candidate_only,25.8,,25,,25.4,,,,,,,,,,,,,,,,,,,,,,,,,,,
cbs:2967463,Brycen Tremayne,WR,CAR,,2967463,,,,replace-with-immutable-model-id,,,tb26-ppr-6pt-pass-td-minus2-int-2pt-sack-50fg-v1,candidate_only,,,8.1,,8.1,,,,,,,,,Document the explicit fallback used,,,,,,,,,,,,,,,,,,
fbg:DemeEm00,Emari Demercado,RB,KC,DemeEm00,,,,,replace-with-immutable-model-id,,,tb26-ppr-6pt-pass-td-minus2-int-2pt-sack-50fg-v1,candidate_only,39.7,72.2,82.7,,64.7,,,,,,,,,,,,,,,,,,,,,,,,,,,
fbg:ShipWi00,Will Shipley,RB,PHI,ShipWi00,,,,,replace-with-immutable-model-id,,,tb26-ppr-6pt-pass-td-minus2-int-2pt-sack-50fg-v1,candidate_only,31.7,,27.6,,29.7,,,,,,,,,,,,,,,,,,,,,,,,,,,
cbs:2869402,Zavier Scott,RB,MIN,,2869402,,,,replace-with-immutable-model-id,,,tb26-ppr-6pt-pass-td-minus2-int-2pt-sack-50fg-v1,candidate_only,0.5,,,,0.5,,,,,,,,,Document the explicit fallback used,,,,,,,,,,,,,,,,,,
fbg:WalkJa01,Jahdae Walker,WR,CHI,WalkJa01,,,,,replace-with-immutable-model-id,,,tb26-ppr-6pt-pass-td-minus2-int-2pt-sack-50fg-v1,candidate_only,20.6,75.9,57.4,,51.1,,,,,,,,,,,,,,,,,,,,,,,,,,,
cbs:2819876,Elijah Mitchell,RB,PHI,,2819876,,,,replace-with-immutable-model-id,,,tb26-ppr-6pt-pass-td-minus2-int-2pt-sack-50fg-v1,candidate_only,,0,26.1,,13.1,,,,,,,,,,,,,,,,,,,,,,,,,,,
cbs:2964863,Nikko Remigio,WR,KC,,2964863,,,,replace-with-immutable-model-id,,,tb26-ppr-6pt-pass-td-minus2-int-2pt-sack-50fg-v1,candidate_only,3,,,,3,,,,,,,,,Document the explicit fallback used,,,,,,,,,,,,,,,,,,
fbg:ThorDo00,Dont'e Thornton Jr.,WR,LV,ThorDo00,,,,,replace-with-immutable-model-id,,,tb26-ppr-6pt-pass-td-minus2-int-2pt-sack-50fg-v1,candidate_only,21.3,,15.9,,18.6,,,,,,,,,,,,,,,,,,,,,,,,,,,
fbg:ConnJa00,James Conner,RB,ARI,ConnJa00,,,,,replace-with-immutable-model-id,,,tb26-ppr-6pt-pass-td-minus2-int-2pt-sack-50fg-v1,candidate_only,39.9,115.2,62.2,,72.1,,,,,,,,,,,,,,,,,,,,,,,,,,,
fbg:AyomEl00,Elic Ayomanor,WR,TEN,AyomEl00,,,,,replace-with-immutable-model-id,,,tb26-ppr-6pt-pass-td-minus2-int-2pt-sack-50fg-v1,candidate_only,63,128.3,79.5,,90,,,,,,,,,,,,,,,,,,,,,,,,,,,
fbg:BrowMa05,Hollywood Brown,WR,PHI,BrowMa05,,,,,replace-with-immutable-model-id,,,tb26-ppr-6pt-pass-td-minus2-int-2pt-sack-50fg-v1,candidate_only,26.3,,81,,53.5,,,,,,,,,,,,,,,,,,,,,,,,,,,
fbg:BurkTr00,Treylon Burks,WR,WAS,BurkTr00,,,,,replace-with-immutable-model-id,,,tb26-ppr-6pt-pass-td-minus2-int-2pt-sack-50fg-v1,candidate_only,51.8,,45,,48.4,,,,,,,,,,,,,,,,,,,,,,,,,,,
cbs:26696063,Dominic Lovett,WR,DET,,26696063,,,,replace-with-immutable-model-id,,,tb26-ppr-6pt-pass-td-minus2-int-2pt-sack-50fg-v1,candidate_only,2.2,,,,2.2,,,,,,,,,Document the explicit fallback used,,,,,,,,,,,,,,,,,,
cbs:2828751,Colton Dowell,WR,SF,,2828751,,,,replace-with-immutable-model-id,,,tb26-ppr-6pt-pass-td-minus2-int-2pt-sack-50fg-v1,candidate_only,,28.7,,,28.7,,,,,,,,,Document the explicit fallback used,,,,,,,,,,,,,,,,,,
cbs:3122273,Trey Palmer,WR,NO,,3122273,,,,replace-with-immutable-model-id,,,tb26-ppr-6pt-pass-td-minus2-int-2pt-sack-50fg-v1,candidate_only,,34,,,34,,,,,,,,,Document the explicit fallback used,,,,,,,,,,,,,,,,,,
fbg:RoyaJa00,Jalen Royals,WR,KC,RoyaJa00,,,,,replace-with-immutable-model-id,,,tb26-ppr-6pt-pass-td-minus2-int-2pt-sack-50fg-v1,candidate_only,16.7,,18,,17.3,,,,,,,,,,,,,,,,,,,,,,,,,,,
cbs:2868959,Charlie Jones,WR,CIN,,2868959,,,,replace-with-immutable-model-id,,,tb26-ppr-6pt-pass-td-minus2-int-2pt-sack-50fg-v1,candidate_only,3.6,,,,3.6,,,,,,,,,Document the explicit fallback used,,,,,,,,,,,,,,,,,,
fbg:DuliAs00,Ashton Dulin,WR,IND,DuliAs00,,,,,replace-with-immutable-model-id,,,tb26-ppr-6pt-pass-td-minus2-int-2pt-sack-50fg-v1,candidate_only,39.2,64.5,64.1,,55.8,,,,,,,,,,,,,,,,,,,,,,,,,,,
fbg:WilsRo02,Roman Wilson,WR,PIT,WilsRo02,,,,,replace-with-immutable-model-id,,,tb26-ppr-6pt-pass-td-minus2-int-2pt-sack-50fg-v1,candidate_only,46.8,,28.7,,37.8,,,,,,,,,,,,,,,,,,,,,,,,,,,
fbg:CousKi00,Kirk Cousins,QB,LV,CousKi00,,,,,replace-with-immutable-model-id,,,tb26-ppr-6pt-pass-td-minus2-int-2pt-sack-50fg-v1,candidate_only,151.3,124.5,53.1,,109.7,,,,,,,,,,,,,,,,,,,,,,,,,,,
cbs:2865894,Ihmir Smith-Marsette,WR,ARI,,2865894,,,,replace-with-immutable-model-id,,,tb26-ppr-6pt-pass-td-minus2-int-2pt-sack-50fg-v1,candidate_only,,32.4,,,32.4,,,,,,,,,Document the explicit fallback used,,,,,,,,,,,,,,,,,,
fbg:AlleKa01,Kaytron Allen,RB,WAS,AlleKa01,,,,,replace-with-immutable-model-id,,,tb26-ppr-6pt-pass-td-minus2-int-2pt-sack-50fg-v1,candidate_only,46.3,,21.5,,34,,,,,,,,,,,,,,,,,,,,,,,,,,,
fbg:TuckSe00,Sean Tucker,RB,TB,TuckSe00,,,,,replace-with-immutable-model-id,,,tb26-ppr-6pt-pass-td-minus2-int-2pt-sack-50fg-v1,candidate_only,34.2,,31.9,,33.1,,,,,,,,,,,,,,,,,,,,,,,,,,,
cbs:26695655,Lewis Bond,WR,HOU,,26695655,,,,replace-with-immutable-model-id,,,tb26-ppr-6pt-pass-td-minus2-int-2pt-sack-50fg-v1,candidate_only,6.2,,,,6.2,,,,,,,,,Document the explicit fallback used,,,,,,,,,,,,,,,,,,
cbs:2804732,Elijah Cooks,WR,NO,,2804732,,,,replace-with-immutable-model-id,,,tb26-ppr-6pt-pass-td-minus2-int-2pt-sack-50fg-v1,candidate_only,,28.6,,,28.6,,,,,,,,,Document the explicit fallback used,,,,,,,,,,,,,,,,,,
cbs:3171149,Ke'Shawn Williams,WR,CIN,,3171149,,,,replace-with-immutable-model-id,,,tb26-ppr-6pt-pass-td-minus2-int-2pt-sack-50fg-v1,candidate_only,1.2,,,,1.2,,,,,,,,,Document the explicit fallback used,,,,,,,,,,,,,,,,,,
cbs:2867377,Carlos Washington Jr.,RB,MIA,,2867377,,,,replace-with-immutable-model-id,,,tb26-ppr-6pt-pass-td-minus2-int-2pt-sack-50fg-v1,candidate_only,0.4,,,,0.4,,,,,,,,,Document the explicit fallback used,,,,,,,,,,,,,,,,,,
fbg:WillKy01,Kyle Williams,WR,NE,WillKy01,,,,,replace-with-immutable-model-id,,,tb26-ppr-6pt-pass-td-minus2-int-2pt-sack-50fg-v1,candidate_only,41.7,,50.7,,46.2,,,,,,,,,,,,,,,,,,,,,,,,,,,
cbs:29380891,Kameron Johnson,WR,TB,,29380891,,,,replace-with-immutable-model-id,,,tb26-ppr-6pt-pass-td-minus2-int-2pt-sack-50fg-v1,candidate_only,4.7,,1.8,,3.3,,,,,,,,,,,,,,,,,,,,,,,,,,,
fbg:RaymKa00,Kalif Raymond,WR,CHI,RaymKa00,,,,,replace-with-immutable-model-id,,,tb26-ppr-6pt-pass-td-minus2-int-2pt-sack-50fg-v1,candidate_only,77.5,,46.8,,62.2,,,,,,,,,,,,,,,,,,,,,,,,,,,
cbs:3159102,Andre Baccellia,WR,ARI,,3159102,,,,replace-with-immutable-model-id,,,tb26-ppr-6pt-pass-td-minus2-int-2pt-sack-50fg-v1,candidate_only,,30.7,,,30.7,,,,,,,,,Document the explicit fallback used,,,,,,,,,,,,,,,,,,
fbg:DikeCh00,Chimere Dike,WR,TEN,DikeCh00,,,,,replace-with-immutable-model-id,,,tb26-ppr-6pt-pass-td-minus2-int-2pt-sack-50fg-v1,candidate_only,29.3,110.2,79.3,,72.6,,,,,,,,,,,,,,,,,,,,,,,,,,,
cbs:26726935,Josh Cameron,WR,JAC,,26726935,,,,replace-with-immutable-model-id,,,tb26-ppr-6pt-pass-td-minus2-int-2pt-sack-50fg-v1,candidate_only,2.2,,,,2.2,,,,,,,,,Document the explicit fallback used,,,,,,,,,,,,,,,,,,
cbs:2815163,Salvon Ahmed,RB,CHI,,2815163,,,,replace-with-immutable-model-id,,,tb26-ppr-6pt-pass-td-minus2-int-2pt-sack-50fg-v1,candidate_only,0.4,,23.5,,11.9,,,,,,,,,,,,,,,,,,,,,,,,,,,
cbs:3163291,Israel Abanikanda,RB,DAL,,3163291,,,,replace-with-immutable-model-id,,,tb26-ppr-6pt-pass-td-minus2-int-2pt-sack-50fg-v1,candidate_only,,,23,,23,,,,,,,,,Document the explicit fallback used,,,,,,,,,,,,,,,,,,
cbs:3168666,Deuce Vaughn,RB,DEN,,3168666,,,,replace-with-immutable-model-id,,,tb26-ppr-6pt-pass-td-minus2-int-2pt-sack-50fg-v1,candidate_only,,,22.1,,22.1,,,,,,,,,Document the explicit fallback used,,,,,,,,,,,,,,,,,,
cbs:2964236,Dameon Pierce,RB,PHI,,2964236,,,,replace-with-immutable-model-id,,,tb26-ppr-6pt-pass-td-minus2-int-2pt-sack-50fg-v1,candidate_only,,,22.1,,22.1,,,,,,,,,Document the explicit fallback used,,,,,,,,,,,,,,,,,,
fbg:HollMa00,Mack Hollins,WR,NE,HollMa00,,,,,replace-with-immutable-model-id,,,tb26-ppr-6pt-pass-td-minus2-int-2pt-sack-50fg-v1,candidate_only,45.4,,56.5,,50.9,,,,,,,,,,,,,,,,,,,,,,,,,,,
cbs:2240685,Cedrick Wilson Jr.,WR,DET,,2240685,,,,replace-with-immutable-model-id,,,tb26-ppr-6pt-pass-td-minus2-int-2pt-sack-50fg-v1,candidate_only,2.3,,,,2.3,,,,,,,,,Document the explicit fallback used,,,,,,,,,,,,,,,,,,
fbg:VakiSi99,Sione Vaki,RB,DET,VakiSi99,,,,,replace-with-immutable-model-id,,,tb26-ppr-6pt-pass-td-minus2-int-2pt-sack-50fg-v1,candidate_only,29,,,,29,,,,,,,,,Document the explicit fallback used,,,,,,,,,,,,,,,,,,
cbs:28901170,Eli Heidenreich,RB,PIT,,28901170,,,,replace-with-immutable-model-id,,,tb26-ppr-6pt-pass-td-minus2-int-2pt-sack-50fg-v1,candidate_only,4.5,,,,4.5,,,,,,,,,Document the explicit fallback used,,,,,,,,,,,,,,,,,,
cbs:2968474,Ronnie Bell,WR,NO,,2968474,,,,replace-with-immutable-model-id,,,tb26-ppr-6pt-pass-td-minus2-int-2pt-sack-50fg-v1,candidate_only,,29.7,,,29.7,,,,,,,,,Document the explicit fallback used,,,,,,,,,,,,,,,,,,
fbg:JohnKa01,Kaleb Johnson,RB,PIT,JohnKa01,,,,,replace-with-immutable-model-id,,,tb26-ppr-6pt-pass-td-minus2-int-2pt-sack-50fg-v1,candidate_only,8,,4.8,,6.4,,,,,,,,,,,,,,,,,,,,,,,,,,,
cbs:3122024,Jakobie Keeney-James,WR,GB,,3122024,,,,replace-with-immutable-model-id,,,tb26-ppr-6pt-pass-td-minus2-int-2pt-sack-50fg-v1,candidate_only,,28.7,,,28.7,,,,,,,,,Document the explicit fallback used,,,,,,,,,,,,,,,,,,
cbs:3166803,Brenden Rice,WR,GB,,3166803,,,,replace-with-immutable-model-id,,,tb26-ppr-6pt-pass-td-minus2-int-2pt-sack-50fg-v1,candidate_only,,29.4,,,29.4,,,,,,,,,Document the explicit fallback used,,,,,,,,,,,,,,,,,,
cbs:3121860,Zonovan Knight,RB,ARI,,3121860,,,,replace-with-immutable-model-id,,,tb26-ppr-6pt-pass-td-minus2-int-2pt-sack-50fg-v1,candidate_only,,20.1,,,20.1,,,,,,,,,Document the explicit fallback used,,,,,,,,,,,,,,,,,,
cbs:3171033,Malik Heath,WR,ATL,,3171033,,,,replace-with-immutable-model-id,,,tb26-ppr-6pt-pass-td-minus2-int-2pt-sack-50fg-v1,candidate_only,,29,,,29,,,,,,,,,Document the explicit fallback used,,,,,,,,,,,,,,,,,,
fbg:SandRa00,Raheim Sanders,RB,CLE,SandRa00,,,,,replace-with-immutable-model-id,,,tb26-ppr-6pt-pass-td-minus2-int-2pt-sack-50fg-v1,candidate_only,29.8,,,,29.8,,,,,,,,,Document the explicit fallback used,,,,,,,,,,,,,,,,,,
cbs:2818351,David Moore,WR,CAR,,2818351,,,,replace-with-immutable-model-id,,,tb26-ppr-6pt-pass-td-minus2-int-2pt-sack-50fg-v1,candidate_only,6.2,,,,6.2,,,,,,,,,Document the explicit fallback used,,,,,,,,,,,,,,,,,,
cbs:2865783,Brandon Smith,WR,PIT,,2865783,,,,replace-with-immutable-model-id,,,tb26-ppr-6pt-pass-td-minus2-int-2pt-sack-50fg-v1,candidate_only,,28.7,,,28.7,,,,,,,,,Document the explicit fallback used,,,,,,,,,,,,,,,,,,
cbs:2963723,Bryce Ford-Wheaton,WR,NYG,,2963723,,,,replace-with-immutable-model-id,,,tb26-ppr-6pt-pass-td-minus2-int-2pt-sack-50fg-v1,candidate_only,,28.7,,,28.7,,,,,,,,,Document the explicit fallback used,,,,,,,,,,,,,,,,,,
cbs:3126493,Casey Washington,WR,ATL,,3126493,,,,replace-with-immutable-model-id,,,tb26-ppr-6pt-pass-td-minus2-int-2pt-sack-50fg-v1,candidate_only,,28.7,,,28.7,,,,,,,,,Document the explicit fallback used,,,,,,,,,,,,,,,,,,
cbs:3133899,Terrell Jennings,RB,NE,,3133899,,,,replace-with-immutable-model-id,,,tb26-ppr-6pt-pass-td-minus2-int-2pt-sack-50fg-v1,candidate_only,,19.7,,,19.7,,,,,,,,,Document the explicit fallback used,,,,,,,,,,,,,,,,,,
cbs:3123569,Eric Gray,RB,NYG,,3123569,,,,replace-with-immutable-model-id,,,tb26-ppr-6pt-pass-td-minus2-int-2pt-sack-50fg-v1,candidate_only,2.4,,,,2.4,,,,,,,,,Document the explicit fallback used,,,,,,,,,,,,,,,,,,
fbg:LaubDy00,Dylan Laube,RB,LV,LaubDy00,,,,,replace-with-immutable-model-id,,,tb26-ppr-6pt-pass-td-minus2-int-2pt-sack-50fg-v1,candidate_only,20,,,,20,,,,,,,,,Document the explicit fallback used,,,,,,,,,,,,,,,,,,
cbs:2963426,Blake Watson,RB,TEN,,2963426,,,,replace-with-immutable-model-id,,,tb26-ppr-6pt-pass-td-minus2-int-2pt-sack-50fg-v1,candidate_only,,19.1,,,19.1,,,,,,,,,Document the explicit fallback used,,,,,,,,,,,,,,,,,,
cbs:3162613,Malachi Corley,WR,CLE,,3162613,,,,replace-with-immutable-model-id,,,tb26-ppr-6pt-pass-td-minus2-int-2pt-sack-50fg-v1,candidate_only,1.2,,9.4,,5.3,,,,,,,,,,,,,,,,,,,,,,,,,,,
fbg:BurkDe00,Deion Burks,WR,IND,BurkDe00,,,,,replace-with-immutable-model-id,,,tb26-ppr-6pt-pass-td-minus2-int-2pt-sack-50fg-v1,candidate_only,8.8,,,,8.8,,,,,,,,,Document the explicit fallback used,,,,,,,,,,,,,,,,,,
cbs:2184383,K.J. Osborn,WR,TEN,,2184383,,,,replace-with-immutable-model-id,,,tb26-ppr-6pt-pass-td-minus2-int-2pt-sack-50fg-v1,candidate_only,,27.1,,,27.1,,,,,,,,,Document the explicit fallback used,,,,,,,,,,,,,,,,,,
fbg:GoulAn00,Anthony Gould,WR,IND,GoulAn00,,,,,replace-with-immutable-model-id,,,tb26-ppr-6pt-pass-td-minus2-int-2pt-sack-50fg-v1,candidate_only,8.1,,,,8.1,,,,,,,,,Document the explicit fallback used,,,,,,,,,,,,,,,,,,
cbs:3165205,Darius Cooper,WR,PHI,,3165205,,,,replace-with-immutable-model-id,,,tb26-ppr-6pt-pass-td-minus2-int-2pt-sack-50fg-v1,candidate_only,20.5,,8.9,,14.7,,,,,,,,,,,,,,,,,,,,,,,,,,,
cbs:2968506,Hassan Haskins,RB,LAC,,2968506,,,,replace-with-immutable-model-id,,,tb26-ppr-6pt-pass-td-minus2-int-2pt-sack-50fg-v1,candidate_only,,16.9,,,16.9,,,,,,,,,Document the explicit fallback used,,,,,,,,,,,,,,,,,,
fbg:FielMa00,Malachi Fields,WR,NYG,FielMa00,,,,,replace-with-immutable-model-id,,,tb26-ppr-6pt-pass-td-minus2-int-2pt-sack-50fg-v1,candidate_only,97.4,83.9,68.6,,83.4,,,,,,,,,,,,,,,,,,,,,,,,,,,
fbg:LaneJa00,Jaylin Lane,WR,WAS,LaneJa00,,,,,replace-with-immutable-model-id,,,tb26-ppr-6pt-pass-td-minus2-int-2pt-sack-50fg-v1,candidate_only,12.8,,34.7,,23.7,,,,,,,,,,,,,,,,,,,,,,,,,,,
cbs:3170389,LaJohntay Wester,WR,BAL,,3170389,,,,replace-with-immutable-model-id,,,tb26-ppr-6pt-pass-td-minus2-int-2pt-sack-50fg-v1,candidate_only,1.8,,,,1.8,,,,,,,,,Document the explicit fallback used,,,,,,,,,,,,,,,,,,
fbg:ThomZa01,Zavion Thomas,WR,CHI,ThomZa01,,,,,replace-with-immutable-model-id,,,tb26-ppr-6pt-pass-td-minus2-int-2pt-sack-50fg-v1,candidate_only,24.2,56.1,64.7,,48.2,,,,,,,,,,,,,,,,,,,,,,,,,,,
cbs:2964726,Ryan Miller,WR,NYG,,2964726,,,,replace-with-immutable-model-id,,,tb26-ppr-6pt-pass-td-minus2-int-2pt-sack-50fg-v1,candidate_only,,24.4,,,24.4,,,,,,,,,Document the explicit fallback used,,,,,,,,,,,,,,,,,,
fbg:WhitJo04,Jordan Whittington,WR,LAR,WhitJo04,,,,,replace-with-immutable-model-id,,,tb26-ppr-6pt-pass-td-minus2-int-2pt-sack-50fg-v1,candidate_only,37.7,,31.1,,34.4,,,,,,,,,,,,,,,,,,,,,,,,,,,
cbs:3122529,Tahj Washington,WR,MIA,,3122529,,,,replace-with-immutable-model-id,,,tb26-ppr-6pt-pass-td-minus2-int-2pt-sack-50fg-v1,candidate_only,,24.1,,,24.1,,,,,,,,,Document the explicit fallback used,,,,,,,,,,,,,,,,,,
fbg:WatsDe00,Deshaun Watson,QB,CLE,WatsDe00,,,,,replace-with-immutable-model-id,,,tb26-ppr-6pt-pass-td-minus2-int-2pt-sack-50fg-v1,candidate_only,161.1,196.9,149.3,,169,,,,,,,,,,,,,,,,,,,,,,,,,,,
fbg:HutcXa00,Xavier Hutchinson,WR,HOU,HutcXa00,,,,,replace-with-immutable-model-id,,,tb26-ppr-6pt-pass-td-minus2-int-2pt-sack-50fg-v1,candidate_only,65.6,97.8,81.7,,81.6,,,,,,,,,,,,,,,,,,,,,,,,,,,
fbg:HarrNa00,Najee Harris,RB,FA,HarrNa00,,,,,replace-with-immutable-model-id,,,tb26-ppr-6pt-pass-td-minus2-int-2pt-sack-50fg-v1,candidate_only,70.9,,73.6,,72.2,,,,,,,,,,,,,,,,,,,,,,,,,,,
cbs:3161133,Mason Kinsey,WR,TEN,,3161133,,,,replace-with-immutable-model-id,,,tb26-ppr-6pt-pass-td-minus2-int-2pt-sack-50fg-v1,candidate_only,,23.4,0,,11.6,,,,,,,,,,,,,,,,,,,,,,,,,,,
fbg:JordJa00,Jawhar Jordan,RB,HOU,JordJa00,,,,,replace-with-immutable-model-id,,,tb26-ppr-6pt-pass-td-minus2-int-2pt-sack-50fg-v1,candidate_only,20.2,42.1,50,,37.4,,,,,,,,,,,,,,,,,,,,,,,,,,,
fbg:SarrEl00,Elijah Sarratt,WR,BAL,SarrEl00,,,,,replace-with-immutable-model-id,,,tb26-ppr-6pt-pass-td-minus2-int-2pt-sack-50fg-v1,candidate_only,20.4,,33.5,,26.9,,,,,,,,,,,,,,,,,,,,,,,,,,,
fbg:AlixRa00,Rasheen Ali,RB,BAL,AlixRa00,,,,,replace-with-immutable-model-id,,,tb26-ppr-6pt-pass-td-minus2-int-2pt-sack-50fg-v1,candidate_only,13.3,,,,13.3,,,,,,,,,Document the explicit fallback used,,,,,,,,,,,,,,,,,,
cbs:2963569,Elijah Moore,WR,PHI,,2963569,,,,replace-with-immutable-model-id,,,tb26-ppr-6pt-pass-td-minus2-int-2pt-sack-50fg-v1,candidate_only,3.3,,,,3.3,,,,,,,,,Document the explicit fallback used,,,,,,,,,,,,,,,,,,
fbg:LambKe00,Keandre Lambert-Smith,WR,LAC,LambKe00,,,,,replace-with-immutable-model-id,,,tb26-ppr-6pt-pass-td-minus2-int-2pt-sack-50fg-v1,candidate_only,9.5,,17.9,,13.7,,,,,,,,,,,,,,,,,,,,,,,,,,,
cbs:2961993,British Brooks,RB,HOU,,2961993,,,,replace-with-immutable-model-id,,,tb26-ppr-6pt-pass-td-minus2-int-2pt-sack-50fg-v1,candidate_only,,,2.4,,2.4,,,,,,,,,Document the explicit fallback used,,,,,,,,,,,,,,,,,,
fbg:BondIs00,Isaiah Bond,WR,CLE,BondIs00,,,,,replace-with-immutable-model-id,,,tb26-ppr-6pt-pass-td-minus2-int-2pt-sack-50fg-v1,candidate_only,36.3,37.1,30.8,,34.7,,,,,,,,,,,,,,,,,,,,,,,,,,,
cbs:3124679,Evan Hull,RB,HOU,,3124679,,,,replace-with-immutable-model-id,,,tb26-ppr-6pt-pass-td-minus2-int-2pt-sack-50fg-v1,candidate_only,,10.5,,,10.5,,,,,,,,,Document the explicit fallback used,,,,,,,,,,,,,,,,,,
fbg:HornJi00,Jimmy Horn Jr.,WR,CAR,HornJi00,,,,,replace-with-immutable-model-id,,,tb26-ppr-6pt-pass-td-minus2-int-2pt-sack-50fg-v1,candidate_only,29.4,,21.3,,25.4,,,,,,,,,,,,,,,,,,,,,,,,,,,
fbg:TinsMi00,Mitch Tinsley,WR,CIN,TinsMi00,,,,,replace-with-immutable-model-id,,,tb26-ppr-6pt-pass-td-minus2-int-2pt-sack-50fg-v1,candidate_only,20.4,,9.9,,15.2,,,,,,,,,,,,,,,,,,,,,,,,,,,
fbg:YounCo00,Colbie Young,WR,CIN,YounCo00,,,,,replace-with-immutable-model-id,,,tb26-ppr-6pt-pass-td-minus2-int-2pt-sack-50fg-v1,candidate_only,37.4,,39.3,,38.3,,,,,,,,,,,,,,,,,,,,,,,,,,,
fbg:IngoAl00,Alec Ingold,RB,LAC,IngoAl00,,,,,replace-with-immutable-model-id,,,tb26-ppr-6pt-pass-td-minus2-int-2pt-sack-50fg-v1,candidate_only,14.1,,16.2,,15.1,,,,,,,,,,,,,,,,,,,,,,,,,,,
fbg:ThomBr02,Brenen Thompson,WR,LAC,ThomBr02,,,,,replace-with-immutable-model-id,,,tb26-ppr-6pt-pass-td-minus2-int-2pt-sack-50fg-v1,candidate_only,47.9,,27.4,,37.7,,,,,,,,,,,,,,,,,,,,,,,,,,,
fbg:HuntJa02,Jarquez Hunter,RB,LAR,HuntJa02,,,,,replace-with-immutable-model-id,,,tb26-ppr-6pt-pass-td-minus2-int-2pt-sack-50fg-v1,candidate_only,4.2,,,,4.2,,,,,,,,,Document the explicit fallback used,,,,,,,,,,,,,,,,,,
fbg:McLaJa00,Jaleel McLaughlin,RB,DEN,McLaJa00,,,,,replace-with-immutable-model-id,,,tb26-ppr-6pt-pass-td-minus2-int-2pt-sack-50fg-v1,candidate_only,5.8,,,,5.8,,,,,,,,,Document the explicit fallback used,,,,,,,,,,,,,,,,,,
cbs:2963641,Zamir White,RB,LV,,2963641,,,,replace-with-immutable-model-id,,,tb26-ppr-6pt-pass-td-minus2-int-2pt-sack-50fg-v1,candidate_only,14,,,,14,,,,,,,,,Document the explicit fallback used,,,,,,,,,,,,,,,,,,
fbg:NealDe00,Devin Neal,RB,NO,NealDe00,,,,,replace-with-immutable-model-id,,,tb26-ppr-6pt-pass-td-minus2-int-2pt-sack-50fg-v1,candidate_only,13.3,,19.2,,16.2,,,,,,,,,,,,,,,,,,,,,,,,,,,
fbg:AlleCy00,Cyrus Allen,WR,KC,AlleCy00,,,,,replace-with-immutable-model-id,,,tb26-ppr-6pt-pass-td-minus2-int-2pt-sack-50fg-v1,candidate_only,64.9,,53.2,,59.1,,,,,,,,,,,,,,,,,,,,,,,,,,,
cbs:26718347,Gage Larvadain,WR,CLE,,26718347,,,,replace-with-immutable-model-id,,,tb26-ppr-6pt-pass-td-minus2-int-2pt-sack-50fg-v1,candidate_only,0.6,,,,0.6,,,,,,,,,Document the explicit fallback used,,,,,,,,,,,,,,,,,,
fbg:McGoSe00,Seth McGowan,RB,IND,McGoSe00,,,,,replace-with-immutable-model-id,,,tb26-ppr-6pt-pass-td-minus2-int-2pt-sack-50fg-v1,candidate_only,30.9,,23.3,,27.1,,,,,,,,,,,,,,,,,,,,,,,,,,,
fbg:AustCa00,Calvin Austin III,WR,NYG,AustCa00,,,,,replace-with-immutable-model-id,,,tb26-ppr-6pt-pass-td-minus2-int-2pt-sack-50fg-v1,candidate_only,7.4,,,,7.4,,,,,,,,,Document the explicit fallback used,,,,,,,,,,,,,,,,,,
fbg:FeltTa00,Tai Felton,WR,MIN,FeltTa00,,,,,replace-with-immutable-model-id,,,tb26-ppr-6pt-pass-td-minus2-int-2pt-sack-50fg-v1,candidate_only,39.2,,8.6,,24,,,,,,,,,,,,,,,,,,,,,,,,,,,
fbg:RicaPa00,Patrick Ricard,RB,NYG,RicaPa00,,,,,replace-with-immutable-model-id,,,tb26-ppr-6pt-pass-td-minus2-int-2pt-sack-50fg-v1,candidate_only,9.8,,7.2,,8.5,,,,,,,,,,,,,,,,,,,,,,,,,,,
fbg:GuerIs00,Isaac Guerendo,RB,SF,GuerIs00,,,,,replace-with-immutable-model-id,,,tb26-ppr-6pt-pass-td-minus2-int-2pt-sack-50fg-v1,candidate_only,7.2,,14.9,,11,,,,,,,,,,,,,,,,,,,,,,,,,,,
fbg:AlleKe00,Keenan Allen,WR,FA,AlleKe00,,,,,replace-with-immutable-model-id,,,tb26-ppr-6pt-pass-td-minus2-int-2pt-sack-50fg-v1,candidate_only,123,156.3,141.5,,140.1,,,,,,,,,,,,,,,,,,,,,,,,,,,
fbg:DillA.00,AJ Dillon,RB,CAR,DillA.00,,,,,replace-with-immutable-model-id,,,tb26-ppr-6pt-pass-td-minus2-int-2pt-sack-50fg-v1,candidate_only,9.2,70.1,99.8,,59.5,,,,,,,,,,,,,,,,,,,,,,,,,,,
fbg:BrazCh01,Chris Brazzell II,WR,CAR,BrazCh01,,,,,replace-with-immutable-model-id,,,tb26-ppr-6pt-pass-td-minus2-int-2pt-sack-50fg-v1,candidate_only,16.9,0,,,8.5,,,,,,,,,,,,,,,,,,,,,,,,,,,
cbs:2186388,Alex Bachman,WR,LV,,2186388,,,,replace-with-immutable-model-id,,,tb26-ppr-6pt-pass-td-minus2-int-2pt-sack-50fg-v1,candidate_only,,16.9,,,16.9,,,,,,,,,Document the explicit fallback used,,,,,,,,,,,,,,,,,,
fbg:SkowBe00,Ben Skowronek,WR,PIT,SkowBe00,,,,,replace-with-immutable-model-id,,,tb26-ppr-6pt-pass-td-minus2-int-2pt-sack-50fg-v1,candidate_only,20.9,,4.1,,12.5,,,,,,,,,,,,,,,,,,,,,,,,,,,
fbg:StroPi00,Pierre Strong Jr,RB,GB,StroPi00,,,,,replace-with-immutable-model-id,,,tb26-ppr-6pt-pass-td-minus2-int-2pt-sack-50fg-v1,candidate_only,2,,,,2,,,,,,,,,Document the explicit fallback used,,,,,,,,,,,,,,,,,,
cbs:3161112,Reggie Gilliam,RB,NE,,3161112,,,,replace-with-immutable-model-id,,,tb26-ppr-6pt-pass-td-minus2-int-2pt-sack-50fg-v1,candidate_only,,,8.3,,8.3,,,,,,,,,Document the explicit fallback used,,,,,,,,,,,,,,,,,,
cbs:2804813,Gabe Davis,WR,BUF,,2804813,,,,replace-with-immutable-model-id,,,tb26-ppr-6pt-pass-td-minus2-int-2pt-sack-50fg-v1,candidate_only,,16.5,,,16.5,,,,,,,,,Document the explicit fallback used,,,,,,,,,,,,,,,,,,
fbg:JohnRo07,Roschon Johnson,RB,CHI,JohnRo07,,,,,replace-with-immutable-model-id,,,tb26-ppr-6pt-pass-td-minus2-int-2pt-sack-50fg-v1,candidate_only,15.1,,34.4,,24.7,,,,,,,,,,,,,,,,,,,,,,,,,,,
fbg:DortGr00,Greg Dortch,WR,DET,DortGr00,,,,,replace-with-immutable-model-id,,,tb26-ppr-6pt-pass-td-minus2-int-2pt-sack-50fg-v1,candidate_only,28.4,,14.5,,21.5,,,,,,,,,,,,,,,,,,,,,,,,,,,
fbg:MillJa01,Jam Miller,RB,NE,MillJa01,,,,,replace-with-immutable-model-id,,,tb26-ppr-6pt-pass-td-minus2-int-2pt-sack-50fg-v1,candidate_only,2.8,,25,,13.8,,,,,,,,,,,,,,,,,,,,,,,,,,,
fbg:WillSa00,Savion Williams,WR,GB,WillSa00,,,,,replace-with-immutable-model-id,,,tb26-ppr-6pt-pass-td-minus2-int-2pt-sack-50fg-v1,candidate_only,16.7,,59.7,,38.1,,,,,,,,,,,,,,,,,,,,,,,,,,,
cbs:2967664,Julius Chestnut,RB,TEN,,2967664,,,,replace-with-immutable-model-id,,,tb26-ppr-6pt-pass-td-minus2-int-2pt-sack-50fg-v1,candidate_only,,6.2,,,6.2,,,,,,,,,Document the explicit fallback used,,,,,,,,,,,,,,,,,,
cbs:2968491,Ben VanSumeren,RB,BUF,,2968491,,,,replace-with-immutable-model-id,,,tb26-ppr-6pt-pass-td-minus2-int-2pt-sack-50fg-v1,candidate_only,,7,,,7,,,,,,,,,Document the explicit fallback used,,,,,,,,,,,,,,,,,,
fbg:MullKa00,Kalel Mullings,RB,TEN,MullKa00,,,,,replace-with-immutable-model-id,,,tb26-ppr-6pt-pass-td-minus2-int-2pt-sack-50fg-v1,candidate_only,6,,,,6,,,,,,,,,Document the explicit fallback used,,,,,,,,,,,,,,,,,,
cbs:3127427,Xavier Gipson,WR,NYG,,3127427,,,,replace-with-immutable-model-id,,,tb26-ppr-6pt-pass-td-minus2-int-2pt-sack-50fg-v1,candidate_only,,13.9,,,13.9,,,,,,,,,Document the explicit fallback used,,,,,,,,,,,,,,,,,,
fbg:WeavXa00,Xavier Weaver,WR,ARI,WeavXa00,,,,,replace-with-immutable-model-id,,,tb26-ppr-6pt-pass-td-minus2-int-2pt-sack-50fg-v1,candidate_only,6,,,,6,,,,,,,,,Document the explicit fallback used,,,,,,,,,,,,,,,,,,
fbg:GoodTy00,Tyler Goodson,RB,ATL,GoodTy00,,,,,replace-with-immutable-model-id,,,tb26-ppr-6pt-pass-td-minus2-int-2pt-sack-50fg-v1,candidate_only,7.3,,,,7.3,,,,,,,,,Document the explicit fallback used,,,,,,,,,,,,,,,,,,
fbg:SamuCu00,Curtis Samuel,WR,FA,SamuCu00,,,,,replace-with-immutable-model-id,,,tb26-ppr-6pt-pass-td-minus2-int-2pt-sack-50fg-v1,candidate_only,10.8,0,,,5.5,,,,,,,,,,,,,,,,,,,,,,,,,,,
fbg:TiptMa00,Mason Tipton,WR,NO,TiptMa00,,,,,replace-with-immutable-model-id,,,tb26-ppr-6pt-pass-td-minus2-int-2pt-sack-50fg-v1,candidate_only,9.7,,16.5,,13.1,,,,,,,,,,,,,,,,,,,,,,,,,,,
fbg:HuntKa00,Kareem Hunt,RB,FA,HuntKa00,,,,,replace-with-immutable-model-id,,,tb26-ppr-6pt-pass-td-minus2-int-2pt-sack-50fg-v1,candidate_only,1.8,,,,1.8,,,,,,,,,Document the explicit fallback used,,,,,,,,,,,,,,,,,,
fbg:MixoJo00,Joe Mixon,RB,FA,MixoJo00,,,,,replace-with-immutable-model-id,,,tb26-ppr-6pt-pass-td-minus2-int-2pt-sack-50fg-v1,candidate_only,1.8,,,,1.8,,,,,,,,,Document the explicit fallback used,,,,,,,,,,,,,,,,,,
fbg:DallDe00,DeeJay Dallas,RB,JAX,DallDe00,,,,,replace-with-immutable-model-id,,,tb26-ppr-6pt-pass-td-minus2-int-2pt-sack-50fg-v1,candidate_only,1.6,,,,1.6,,,,,,,,,Document the explicit fallback used,,,,,,,,,,,,,,,,,,
fbg:McNiJe00,Jeremy McNichols,RB,WAS,McNiJe00,,,,,replace-with-immutable-model-id,,,tb26-ppr-6pt-pass-td-minus2-int-2pt-sack-50fg-v1,candidate_only,8.5,,,,8.5,,,,,,,,,Document the explicit fallback used,,,,,,,,,,,,,,,,,,
fbg:RobiDe01,Demarcus Robinson,WR,SF,RobiDe01,,,,,replace-with-immutable-model-id,,,tb26-ppr-6pt-pass-td-minus2-int-2pt-sack-50fg-v1,candidate_only,18.3,57.9,53.2,,43,,,,,,,,,,,,,,,,,,,,,,,,,,,
fbg:PattJa00,Jaret Patterson,RB,LAC,PattJa00,,,,,replace-with-immutable-model-id,,,tb26-ppr-6pt-pass-td-minus2-int-2pt-sack-50fg-v1,candidate_only,4.7,,,,4.7,,,,,,,,,Document the explicit fallback used,,,,,,,,,,,,,,,,,,
fbg:BensTr01,Trey Benson,RB,ARI,BensTr01,,,,,replace-with-immutable-model-id,,,tb26-ppr-6pt-pass-td-minus2-int-2pt-sack-50fg-v1,candidate_only,1,,,,1,,,,,,,,,Document the explicit fallback used,,,,,,,,,,,,,,,,,,
fbg:MetcJo00,John Metchie III,WR,CAR,MetcJo00,,,,,replace-with-immutable-model-id,,,tb26-ppr-6pt-pass-td-minus2-int-2pt-sack-50fg-v1,candidate_only,16.1,,,,16.1,,,,,,,,,Document the explicit fallback used,,,,,,,,,,,,,,,,,,
fbg:MafaPh00,Phil Mafah,RB,DAL,MafaPh00,,,,,replace-with-immutable-model-id,,,tb26-ppr-6pt-pass-td-minus2-int-2pt-sack-50fg-v1,candidate_only,2.7,,16.8,,9.7,,,,,,,,,,,,,,,,,,,,,,,,,,,
fbg:SmitXa00,Xavier Smith,WR,LAR,SmitXa00,,,,,replace-with-immutable-model-id,,,tb26-ppr-6pt-pass-td-minus2-int-2pt-sack-50fg-v1,candidate_only,11.6,,9.8,,10.7,,,,,,,,,,,,,,,,,,,,,,,,,,,
fbg:BadiTy00,Tyler Badie,RB,DEN,BadiTy00,,,,,replace-with-immutable-model-id,,,tb26-ppr-6pt-pass-td-minus2-int-2pt-sack-50fg-v1,candidate_only,0.9,,,,0.9,,,,,,,,,Document the explicit fallback used,,,,,,,,,,,,,,,,,,
fbg:DaniCJ00,CJ Daniels,WR,LAR,DaniCJ00,,,,,replace-with-immutable-model-id,,,tb26-ppr-6pt-pass-td-minus2-int-2pt-sack-50fg-v1,candidate_only,13.9,,9.5,,11.7,,,,,,,,,,,,,,,,,,,,,,,,,,,
fbg:EstiAu00,Audric Estimé,RB,NO,EstiAu00,,,,,replace-with-immutable-model-id,,,tb26-ppr-6pt-pass-td-minus2-int-2pt-sack-50fg-v1,candidate_only,4,,,,4,,,,,,,,,Document the explicit fallback used,,,,,,,,,,,,,,,,,,
fbg:KnigZo00,Bam Knight,RB,ARI,KnigZo00,,,,,replace-with-immutable-model-id,,,tb26-ppr-6pt-pass-td-minus2-int-2pt-sack-50fg-v1,candidate_only,7.6,,,,7.6,,,,,,,,,Document the explicit fallback used,,,,,,,,,,,,,,,,,,
fbg:WatkJo00,Jordan Watkins,WR,SF,WatkJo00,,,,,replace-with-immutable-model-id,,,tb26-ppr-6pt-pass-td-minus2-int-2pt-sack-50fg-v1,candidate_only,10,,,,10,,,,,,,,,Document the explicit fallback used,,,,,,,,,,,,,,,,,,
fbg:VirgRe00,Reggie Virgil,WR,ARI,VirgRe00,,,,,replace-with-immutable-model-id,,,tb26-ppr-6pt-pass-td-minus2-int-2pt-sack-50fg-v1,candidate_only,5.3,,7.9,,6.6,,,,,,,,,,,,,,,,,,,,,,,,,,,
fbg:MingJo00,Jonathan Mingo,WR,DAL,MingJo00,,,,,replace-with-immutable-model-id,,,tb26-ppr-6pt-pass-td-minus2-int-2pt-sack-50fg-v1,candidate_only,15.8,,8.8,,12.3,,,,,,,,,,,,,,,,,,,,,,,,,,,
fbg:BrowBa01,Barion Brown,WR,NO,BrowBa01,,,,,replace-with-immutable-model-id,,,tb26-ppr-6pt-pass-td-minus2-int-2pt-sack-50fg-v1,candidate_only,41.6,,11.9,,26.8,,,,,,,,,,,,,,,,,,,,,,,,,,,
fbg:PricMy00,Myles Price,WR,MIN,PricMy00,,,,,replace-with-immutable-model-id,,,tb26-ppr-6pt-pass-td-minus2-int-2pt-sack-50fg-v1,candidate_only,14.2,,,,14.2,,,,,,,,,Document the explicit fallback used,,,,,,,,,,,,,,,,,,
fbg:SmitAr01,Arian Smith,WR,NYJ,SmitAr01,,,,,replace-with-immutable-model-id,,,tb26-ppr-6pt-pass-td-minus2-int-2pt-sack-50fg-v1,candidate_only,10,,3.6,,6.8,,,,,,,,,,,,,,,,,,,,,,,,,,,
fbg:WiliIs00,Isaiah Williams,WR,NYJ,WiliIs00,,,,,replace-with-immutable-model-id,,,tb26-ppr-6pt-pass-td-minus2-int-2pt-sack-50fg-v1,candidate_only,26.2,,27.3,,26.7,,,,,,,,,,,,,,,,,,,,,,,,,,,
fbg:LancBr00,Bryce Lance,WR,NO,LancBr00,,,,,replace-with-immutable-model-id,,,tb26-ppr-6pt-pass-td-minus2-int-2pt-sack-50fg-v1,candidate_only,31.3,,39.4,,35.3,,,,,,,,,,,,,,,,,,,,,,,,,,,
cbs:27017067,Dareke Young,WR,LV,,27017067,,,,replace-with-immutable-model-id,,,tb26-ppr-6pt-pass-td-minus2-int-2pt-sack-50fg-v1,candidate_only,,6.9,0,,3.4,,,,,,,,,,,,,,,,,,,,,,,,,,,
fbg:HumpLi00,Lil'Jordan Humphrey,WR,DEN,HumpLi00,,,,,replace-with-immutable-model-id,,,tb26-ppr-6pt-pass-td-minus2-int-2pt-sack-50fg-v1,candidate_only,4.4,,,,4.4,,,,,,,,,Document the explicit fallback used,,,,,,,,,,,,,,,,,,
fbg:WetjKa00,Kaden Wetjen,WR,PIT,WetjKa00,,,,,replace-with-immutable-model-id,,,tb26-ppr-6pt-pass-td-minus2-int-2pt-sack-50fg-v1,candidate_only,10.6,,1.8,,6.2,,,,,,,,,,,,,,,,,,,,,,,,,,,
fbg:MarsTe00,Terrace Marshall Jr,WR,MIA,MarsTe00,,,,,replace-with-immutable-model-id,,,tb26-ppr-6pt-pass-td-minus2-int-2pt-sack-50fg-v1,candidate_only,3.9,,,,3.9,,,,,,,,,Document the explicit fallback used,,,,,,,,,,,,,,,,,,
fbg:TreaLa00,Laquon Treadwell,WR,IND,TreaLa00,,,,,replace-with-immutable-model-id,,,tb26-ppr-6pt-pass-td-minus2-int-2pt-sack-50fg-v1,candidate_only,8,,,,8,,,,,,,,,Document the explicit fallback used,,,,,,,,,,,,,,,,,,
fbg:HendEm00,Emmanuel Henderson Jr.,WR,SEA,HendEm00,,,,,replace-with-immutable-model-id,,,tb26-ppr-6pt-pass-td-minus2-int-2pt-sack-50fg-v1,candidate_only,2.2,,,,2.2,,,,,,,,,Document the explicit fallback used,,,,,,,,,,,,,,,,,,
fbg:PolkJa00,Ja'Lynn Polk,WR,FA,PolkJa00,,,,,replace-with-immutable-model-id,,,tb26-ppr-6pt-pass-td-minus2-int-2pt-sack-50fg-v1,candidate_only,1.8,0,,,0.9,,,,,,,,,,,,,,,,,,,,,,,,,,,
fbg:CoveBr00,Britain Covey,WR,PHI,CoveBr00,,,,,replace-with-immutable-model-id,,,tb26-ppr-6pt-pass-td-minus2-int-2pt-sack-50fg-v1,candidate_only,5.3,,,,5.3,,,,,,,,,Document the explicit fallback used,,,,,,,,,,,,,,,,,,
fbg:PatrTi00,Tim Patrick,WR,NYJ,PatrTi00,,,,,replace-with-immutable-model-id,,,tb26-ppr-6pt-pass-td-minus2-int-2pt-sack-50fg-v1,candidate_only,7.1,,,,7.1,,,,,,,,,Document the explicit fallback used,,,,,,,,,,,,,,,,,,
fbg:WatsJu01,Justin Watson,WR,HOU,WatsJu01,,,,,replace-with-immutable-model-id,,,tb26-ppr-6pt-pass-td-minus2-int-2pt-sack-50fg-v1,candidate_only,8.2,,8.4,,8.3,,,,,,,,,,,,,,,,,,,,,,,,,,,
fbg:WilsJo02,Johnny Wilson,WR,PHI,WilsJo02,,,,,replace-with-immutable-model-id,,,tb26-ppr-6pt-pass-td-minus2-int-2pt-sack-50fg-v1,candidate_only,2.8,,,,2.8,,,,,,,,,Document the explicit fallback used,,,,,,,,,,,,,,,,,,
fbg:DaviDe01,Derius Davis,WR,LAC,DaviDe01,,,,,replace-with-immutable-model-id,,,tb26-ppr-6pt-pass-td-minus2-int-2pt-sack-50fg-v1,candidate_only,8.5,,10.6,,9.5,,,,,,,,,,,,,,,,,,,,,,,,,,,
fbg:MoorSk00,Skyy Moore,WR,GB,MoorSk00,,,,,replace-with-immutable-model-id,,,tb26-ppr-6pt-pass-td-minus2-int-2pt-sack-50fg-v1,candidate_only,11.4,,,,11.4,,,,,,,,,Document the explicit fallback used,,,,,,,,,,,,,,,,,,
fbg:BensMa00,Malik Benson,WR,LV,BensMa00,,,,,replace-with-immutable-model-id,,,tb26-ppr-6pt-pass-td-minus2-int-2pt-sack-50fg-v1,candidate_only,29,98.2,83.6,,70,,,,,,,,,,,,,,,,,,,,,,,,,,,
fbg:CampPa00,Parris Campbell,WR,FA,CampPa00,,,,,replace-with-immutable-model-id,,,tb26-ppr-6pt-pass-td-minus2-int-2pt-sack-50fg-v1,candidate_only,0.8,,,,0.8,,,,,,,,,Document the explicit fallback used,,,,,,,,,,,,,,,,,,
fbg:LawxKe00,Kendrick Law,WR,DET,LawxKe00,,,,,replace-with-immutable-model-id,,,tb26-ppr-6pt-pass-td-minus2-int-2pt-sack-50fg-v1,candidate_only,3,,,,3,,,,,,,,,Document the explicit fallback used,,,,,,,,,,,,,,,,,,
fbg:BoboJa00,Jake Bobo,WR,SEA,BoboJa00,,,,,replace-with-immutable-model-id,,,tb26-ppr-6pt-pass-td-minus2-int-2pt-sack-50fg-v1,candidate_only,1.9,,,,1.9,,,,,,,,,Document the explicit fallback used,,,,,,,,,,,,,,,,,,
fbg:HodgIs00,Isaiah Hodgins,WR,NYG,HodgIs00,,,,,replace-with-immutable-model-id,,,tb26-ppr-6pt-pass-td-minus2-int-2pt-sack-50fg-v1,candidate_only,2.3,,,,2.3,,,,,,,,,Document the explicit fallback used,,,,,,,,,,,,,,,,,,
fbg:HyatJa00,Jalin Hyatt,WR,NYG,HyatJa00,,,,,replace-with-immutable-model-id,,,tb26-ppr-6pt-pass-td-minus2-int-2pt-sack-50fg-v1,candidate_only,1.5,,,,1.5,,,,,,,,,Document the explicit fallback used,,,,,,,,,,,,,,,,,,
fbg:CowiJa00,Jacob Cowing,WR,SF,CowiJa00,,,,,replace-with-immutable-model-id,,,tb26-ppr-6pt-pass-td-minus2-int-2pt-sack-50fg-v1,candidate_only,5.8,,,,5.8,,,,,,,,,Document the explicit fallback used,,,,,,,,,,,,,,,,,,
fbg:SmitJu00,JuJu Smith-Schuster,WR,NYG,SmitJu00,,,,,replace-with-immutable-model-id,,,tb26-ppr-6pt-pass-td-minus2-int-2pt-sack-50fg-v1,candidate_only,2.2,,,,2.2,,,,,,,,,Document the explicit fallback used,,,,,,,,,,,,,,,,,,
fbg:BeckOd01,Odell Beckham Jr,WR,NYG,BeckOd01,,,,,replace-with-immutable-model-id,,,tb26-ppr-6pt-pass-td-minus2-int-2pt-sack-50fg-v1,candidate_only,5.1,,23.9,,14.4,,,,,,,,,,,,,,,,,,,,,,,,,,,
fbg:BerrBr00,Braxton Berrios,WR,NYG,BerrBr00,,,,,replace-with-immutable-model-id,,,tb26-ppr-6pt-pass-td-minus2-int-2pt-sack-50fg-v1,candidate_only,12.8,,,,12.8,,,,,,,,,Document the explicit fallback used,,,,,,,,,,,,,,,,,,
fbg:MendFe00,Fernando Mendoza,QB,LV,MendFe00,,,,,replace-with-immutable-model-id,,,tb26-ppr-6pt-pass-td-minus2-int-2pt-sack-50fg-v1,candidate_only,119.3,227.1,210.8,,185.3,,,,,,,,,,,,,,,,,,,,,,,,,,,
fbg:SandSh00,Shedeur Sanders,QB,CLE,SandSh00,,,,,replace-with-immutable-model-id,,,tb26-ppr-6pt-pass-td-minus2-int-2pt-sack-50fg-v1,candidate_only,87.6,,115.8,,101.6,,,,,,,,,,,,,,,,,,,,,,,,,,,
fbg:PeniMi00,Michael Penix Jr.,QB,ATL,PeniMi00,,,,,replace-with-immutable-model-id,,,tb26-ppr-6pt-pass-td-minus2-int-2pt-sack-50fg-v1,candidate_only,156.6,163.8,135.3,,151.9,,,,,,,,,,,,,,,,,,,,,,,,,,,
fbg:BeckCa00,Carson Beck,QB,ARI,BeckCa00,,,,,replace-with-immutable-model-id,,,tb26-ppr-6pt-pass-td-minus2-int-2pt-sack-50fg-v1,candidate_only,28.5,,26.5,,27.5,,,,,,,,,,,,,,,,,,,,,,,,,,,
fbg:FlacJo00,Joe Flacco,QB,CIN,FlacJo00,,,,,replace-with-immutable-model-id,,,tb26-ppr-6pt-pass-td-minus2-int-2pt-sack-50fg-v1,candidate_only,25.1,,12,,18.6,,,,,,,,,,,,,,,,,,,,,,,,,,,
fbg:FielJu00,Justin Fields,QB,KC,FielJu00,,,,,replace-with-immutable-model-id,,,tb26-ppr-6pt-pass-td-minus2-int-2pt-sack-50fg-v1,candidate_only,25.5,,13.6,,19.6,,,,,,,,,,,,,,,,,,,,,,,,,,,
fbg:HowaWi01,Will Howard,QB,PIT,HowaWi01,,,,,replace-with-immutable-model-id,,,tb26-ppr-6pt-pass-td-minus2-int-2pt-sack-50fg-v1,candidate_only,24.4,,7.9,,16.2,,,,,,,,,,,,,,,,,,,,,,,,,,,
fbg:LeoaRi00,Riley Leonard,QB,IND,LeoaRi00,,,,,replace-with-immutable-model-id,,,tb26-ppr-6pt-pass-td-minus2-int-2pt-sack-50fg-v1,candidate_only,17.5,,14.5,,16,,,,,,,,,,,,,,,,,,,,,,,,,,,
fbg:JoneMa04,Mac Jones,QB,SF,JoneMa04,,,,,replace-with-immutable-model-id,,,tb26-ppr-6pt-pass-td-minus2-int-2pt-sack-50fg-v1,candidate_only,22.7,,12,,17.4,,,,,,,,,,,,,,,,,,,,,,,,,,,
fbg:TaylTy00,Tyrod Taylor,QB,GB,TaylTy00,,,,,replace-with-immutable-model-id,,,tb26-ppr-6pt-pass-td-minus2-int-2pt-sack-50fg-v1,candidate_only,19.9,,11.4,,15.7,,,,,,,,,,,,,,,,,,,,,,,,,,,
fbg:McCaJJ00,J.J. McCarthy,QB,MIN,McCaJJ00,,,,,replace-with-immutable-model-id,,,tb26-ppr-6pt-pass-td-minus2-int-2pt-sack-50fg-v1,candidate_only,27.1,,24.7,,25.9,,,,,,,,,,,,,,,,,,,,,,,,,,,
fbg:AlleKy00,Kyle Allen,QB,BUF,AlleKy00,,,,,replace-with-immutable-model-id,,,tb26-ppr-6pt-pass-td-minus2-int-2pt-sack-50fg-v1,candidate_only,20.3,,10.5,,15.4,,,,,,,,,,,,,,,,,,,,,,,,,,,
fbg:MillDa00,Davis Mills,QB,HOU,MillDa00,,,,,replace-with-immutable-model-id,,,tb26-ppr-6pt-pass-td-minus2-int-2pt-sack-50fg-v1,candidate_only,19.4,,12.1,,15.8,,,,,,,,,,,,,,,,,,,,,,,,,,,
fbg:BridTe00,Teddy Bridgewater,QB,DET,BridTe00,,,,,replace-with-immutable-model-id,,,tb26-ppr-6pt-pass-td-minus2-int-2pt-sack-50fg-v1,candidate_only,2.8,,,,2.8,,,,,,,,,Document the explicit fallback used,,,,,,,,,,,,,,,,,,
fbg:MullNi00,Nick Mullens,QB,JAX,MullNi00,,,,,replace-with-immutable-model-id,,,tb26-ppr-6pt-pass-td-minus2-int-2pt-sack-50fg-v1,candidate_only,19.3,,11.6,,15.5,,,,,,,,,,,,,,,,,,,,,,,,,,,
fbg:EwerQu00,Quinn Ewers,QB,MIA,EwerQu00,,,,,replace-with-immutable-model-id,,,tb26-ppr-6pt-pass-td-minus2-int-2pt-sack-50fg-v1,candidate_only,16.7,,13.1,,14.9,,,,,,,,,,,,,,,,,,,,,,,,,,,
fbg:BageTy00,Tyson Bagent,QB,CHI,BageTy00,,,,,replace-with-immutable-model-id,,,tb26-ppr-6pt-pass-td-minus2-int-2pt-sack-50fg-v1,candidate_only,19,,13,,16,,,,,,,,,,,,,,,,,,,,,,,,,,,
fbg:SimpTy00,Ty Simpson,QB,LAR,SimpTy00,,,,,replace-with-immutable-model-id,,,tb26-ppr-6pt-pass-td-minus2-int-2pt-sack-50fg-v1,candidate_only,18.2,,27.6,,22.9,,,,,,,,,,,,,,,,,,,,,,,,,,,
fbg:LancTr00,Trey Lance,QB,LAC,LancTr00,,,,,replace-with-immutable-model-id,,,tb26-ppr-6pt-pass-td-minus2-int-2pt-sack-50fg-v1,candidate_only,17.9,,11.4,,14.7,,,,,,,,,,,,,,,,,,,,,,,,,,,
fbg:DeviTo00,Tommy DeVito,QB,NE,DeviTo00,,,,,replace-with-immutable-model-id,,,tb26-ppr-6pt-pass-td-minus2-int-2pt-sack-50fg-v1,candidate_only,17.6,,12.5,,15.1,,,,,,,,,,,,,,,,,,,,,,,,,,,
fbg:StidJa00,Jarrett Stidham,QB,DEN,StidJa00,,,,,replace-with-immutable-model-id,,,tb26-ppr-6pt-pass-td-minus2-int-2pt-sack-50fg-v1,candidate_only,17.2,,13.2,,15.2,,,,,,,,,,,,,,,,,,,,,,,,,,,
fbg:RattSp00,Spencer Rattler,QB,NO,RattSp00,,,,,replace-with-immutable-model-id,,,tb26-ppr-6pt-pass-td-minus2-int-2pt-sack-50fg-v1,candidate_only,16.8,,11.1,,14,,,,,,,,,,,,,,,,,,,,,,,,,,,
fbg:WinsJa00,Jameis Winston,QB,NYG,WinsJa00,,,,,replace-with-immutable-model-id,,,tb26-ppr-6pt-pass-td-minus2-int-2pt-sack-50fg-v1,candidate_only,19.1,,12.9,,16,,,,,,,,,,,,,,,,,,,,,,,,,,,
fbg:HuntTy00,Tyler Huntley,QB,BAL,HuntTy00,,,,,replace-with-immutable-model-id,,,tb26-ppr-6pt-pass-td-minus2-int-2pt-sack-50fg-v1,candidate_only,16.9,,11.7,,14.3,,,,,,,,,,,,,,,,,,,,,,,,,,,
fbg:BrowJa01,Jake Browning,QB,TB,BrowJa01,,,,,replace-with-immutable-model-id,,,tb26-ppr-6pt-pass-td-minus2-int-2pt-sack-50fg-v1,candidate_only,10.2,,11.9,,11,,,,,,,,,,,,,,,,,,,,,,,,,,,
fbg:DaltAn00,Andy Dalton,QB,PHI,DaltAn00,,,,,replace-with-immutable-model-id,,,tb26-ppr-6pt-pass-td-minus2-int-2pt-sack-50fg-v1,candidate_only,5.3,,11.9,,8.6,,,,,,,,,,,,,,,,,,,,,,,,,,,
fbg:PickKe00,Kenny Pickett,QB,CAR,PickKe00,,,,,replace-with-immutable-model-id,,,tb26-ppr-6pt-pass-td-minus2-int-2pt-sack-50fg-v1,candidate_only,15.9,,11.6,,13.8,,,,,,,,,,,,,,,,,,,,,,,,,,,
fbg:LockDr00,Drew Lock,QB,SEA,LockDr00,,,,,replace-with-immutable-model-id,,,tb26-ppr-6pt-pass-td-minus2-int-2pt-sack-50fg-v1,candidate_only,15,,10.8,,12.9,,,,,,,,,,,,,,,,,,,,,,,,,,,
fbg:TrubMi00,Mitchell Trubisky,QB,TEN,TrubMi00,,,,,replace-with-immutable-model-id,,,tb26-ppr-6pt-pass-td-minus2-int-2pt-sack-50fg-v1,candidate_only,13.9,,9.8,,11.9,,,,,,,,,,,,,,,,,,,,,,,,,,,
cbs:2864759,Desmond Ridder,QB,GB,,2864759,,,,replace-with-immutable-model-id,,,tb26-ppr-6pt-pass-td-minus2-int-2pt-sack-50fg-v1,candidate_only,,13.9,,,13.9,,,,,,,,,Document the explicit fallback used,,,,,,,,,,,,,,,,,,
fbg:MiltJo00,Joe Milton III,QB,DAL,MiltJo00,,,,,replace-with-immutable-model-id,,,tb26-ppr-6pt-pass-td-minus2-int-2pt-sack-50fg-v1,candidate_only,13.4,,9.8,,11.6,,,,,,,,,,,,,,,,,,,,,,,,,,,
fbg:MariMa01,Marcus Mariota,QB,WAS,MariMa01,,,,,replace-with-immutable-model-id,,,tb26-ppr-6pt-pass-td-minus2-int-2pt-sack-50fg-v1,candidate_only,13.8,,21.2,,17.5,,,,,,,,,,,,,,,,,,,,,,,,,,,
cbs:2261701,Chris Oladokun,QB,KC,,2261701,,,,replace-with-immutable-model-id,,,tb26-ppr-6pt-pass-td-minus2-int-2pt-sack-50fg-v1,candidate_only,,,11.7,,11.7,,,,,,,,,Document the explicit fallback used,,,,,,,,,,,,,,,,,,
cbs:26696177,Behren Morton,QB,NE,,26696177,,,,replace-with-immutable-model-id,,,tb26-ppr-6pt-pass-td-minus2-int-2pt-sack-50fg-v1,candidate_only,,,11.6,,11.6,,,,,,,,,Document the explicit fallback used,,,,,,,,,,,,,,,,,,
cbs:26701706,Garrett Nussmeier,QB,KC,,26701706,,,,replace-with-immutable-model-id,,,tb26-ppr-6pt-pass-td-minus2-int-2pt-sack-50fg-v1,candidate_only,,,11.2,,11.2,,,,,,,,,Document the explicit fallback used,,,,,,,,,,,,,,,,,,
cbs:26725861,Cole Payton,QB,PHI,,26725861,,,,replace-with-immutable-model-id,,,tb26-ppr-6pt-pass-td-minus2-int-2pt-sack-50fg-v1,candidate_only,,,11.2,,11.2,,,,,,,,,Document the explicit fallback used,,,,,,,,,,,,,,,,,,
cbs:28876938,Drew Allar,QB,PIT,,28876938,,,,replace-with-immutable-model-id,,,tb26-ppr-6pt-pass-td-minus2-int-2pt-sack-50fg-v1,candidate_only,,,10.5,,10.5,,,,,,,,,Document the explicit fallback used,,,,,,,,,,,,,,,,,,
fbg:CookBr00,Brady Cook,QB,NYJ,CookBr00,,,,,replace-with-immutable-model-id,,,tb26-ppr-6pt-pass-td-minus2-int-2pt-sack-50fg-v1,candidate_only,2.4,,5.5,,3.9,,,,,,,,,,,,,,,,,,,,,,,,,,,
fbg:KlubCa00,Cade Klubnik,QB,NYJ,KlubCa00,,,,,replace-with-immutable-model-id,,,tb26-ppr-6pt-pass-td-minus2-int-2pt-sack-50fg-v1,candidate_only,19.9,,10.3,,15.1,,,,,,,,,,,,,,,,,,,,,,,,,,,
fbg:HoweSa00,Sam Howell,QB,DAL,HoweSa00,,,,,replace-with-immutable-model-id,,,tb26-ppr-6pt-pass-td-minus2-int-2pt-sack-50fg-v1,candidate_only,8.5,,12.1,,10.3,,,,,,,,,,,,,,,,,,,,,,,,,,,
fbg:RudoMa00,Mason Rudolph,QB,PIT,RudoMa00,,,,,replace-with-immutable-model-id,,,tb26-ppr-6pt-pass-td-minus2-int-2pt-sack-50fg-v1,candidate_only,8.3,,6.5,,7.4,,,,,,,,,,,,,,,,,,,,,,,,,,,
fbg:MinsGa00,Gardner Minshew II,QB,ARI,MinsGa00,,,,,replace-with-immutable-model-id,,,tb26-ppr-6pt-pass-td-minus2-int-2pt-sack-50fg-v1,candidate_only,15.8,,10.8,,13.3,,,,,,,,,,,,,,,,,,,,,,,,,,,
fbg:RichAn00,Anthony Richardson Sr.,QB,IND,RichAn00,,,,,replace-with-immutable-model-id,,,tb26-ppr-6pt-pass-td-minus2-int-2pt-sack-50fg-v1,candidate_only,16,,12.4,,14.2,,,,,,,,,,,,,,,,,,,,,,,,,,,
fbg:McKeTa00,Tanner McKee,QB,PHI,McKeTa00,,,,,replace-with-immutable-model-id,,,tb26-ppr-6pt-pass-td-minus2-int-2pt-sack-50fg-v1,candidate_only,16.1,,12.2,,14.2,,,,,,,,,,,,,,,,,,,,,,,,,,,
fbg:BennSt00,Stetson Bennett IV,QB,LAR,BennSt00,,,,,replace-with-immutable-model-id,,,tb26-ppr-6pt-pass-td-minus2-int-2pt-sack-50fg-v1,candidate_only,9.1,,,,9.1,,,,,,,,,Document the explicit fallback used,,,,,,,,,,,,,,,,,,
fbg:KaliAt00,Athan Kaliakmanis,QB,WAS,KaliAt00,,,,,replace-with-immutable-model-id,,,tb26-ppr-6pt-pass-td-minus2-int-2pt-sack-50fg-v1,candidate_only,2,,,,2,,,,,,,,,Document the explicit fallback used,,,,,,,,,,,,,,,,,,
fbg:LeviWi00,Will Levis,QB,TEN,LeviWi00,,,,,replace-with-immutable-model-id,,,tb26-ppr-6pt-pass-td-minus2-int-2pt-sack-50fg-v1,candidate_only,1.6,,13.3,,7.4,,,,,,,,,,,,,,,,,,,,,,,,,,,
fbg:MartAd00,Adrian Martinez,QB,SF,MartAd00,,,,,replace-with-immutable-model-id,,,tb26-ppr-6pt-pass-td-minus2-int-2pt-sack-50fg-v1,candidate_only,2.2,,11.3,,6.7,,,,,,,,,,,,,,,,,,,,,,,,,,,
fbg:MilrJa00,Jalen Milroe,QB,SEA,MilrJa00,,,,,replace-with-immutable-model-id,,,tb26-ppr-6pt-pass-td-minus2-int-2pt-sack-50fg-v1,candidate_only,2,,11.1,,6.5,,,,,,,,,,,,,,,,,,,,,,,,,,,
fbg:ZappBa00,Bailey Zappe,QB,NYJ,ZappBa00,,,,,replace-with-immutable-model-id,,,tb26-ppr-6pt-pass-td-minus2-int-2pt-sack-50fg-v1,candidate_only,0.8,,,,0.8,,,,,,,,,Document the explicit fallback used,,,,,,,,,,,,,,,,,,
fbg:SmitJo02,Jonnu Smith,TE,GB,SmitJo02,,,,,replace-with-immutable-model-id,,,tb26-ppr-6pt-pass-td-minus2-int-2pt-sack-50fg-v1,candidate_only,,,71.2,,71.2,,,,,,,,,Document the explicit fallback used,,,,,,,,,,,,,,,,,,
